backend,batch,blas,check_ok,compiler,device,device_type,driver,dtype,epoch_act_ms,epoch_biasgrad_ms,epoch_d2h_ms,epoch_delta_ms,epoch_device_total_ms,epoch_gemm_ms,epoch_h2d_ms,epoch_loss_ms,epoch_other_ms,epoch_reg_ms,epoch_update_ms,epoch_wait_ms,epoch_wall_ms,epochs,gflops_gemm,gflops_total,git_bench,git_lib,gpu_energy_j,gpu_power_w,gpu_util_pct,host,id,intensity,iqr_epoch_s,layers,losses_finite,median_epoch_s,mode,n_samples,options,prof_act_ms,prof_batches,prof_biasgrad_ms,prof_bytes_d2h,prof_bytes_h2d,prof_d2h_ms,prof_delta_ms,prof_device_total_ms,prof_epoch_wall_ms,prof_epochs,prof_gemm_ms,prof_h2d_ms,prof_launches,prof_loss_ms,prof_other_ms,prof_reg_ms,prof_unprofiled,prof_update_ms,prof_wait_ms,prof_wall_ms,samples_per_s,seed,steady_epoch_s,steady_samples_per_s,steps_per_s,tag,threads,threads_effective,timestamp,version,workload
syclnn,40,auto,True,AdaptiveCpp 25.10.0 $HOME/.local/opt/fnn-rocm/acpp/bin/acpp / host Clang 18.1.3 $HOME/.local/opt/fnn-rocm/acpp/bin/acpp,AdaptiveCpp OpenMP host device,cpu,1.2,float,0.08959493333333332,0.0267568,0.0018346666666666665,0.0420154,0.44386166666666665,0.1008718,0.001332,0.08757833333333333,0.0037706666666666665,0.007707333333333333,0.08239973333333334,0.2524050666666667,0.8167432666666666,5,0.044693651567422055,0.05523387192399369,7d2a071c4c34ad3209aec7f92f64895d8344121c,v0.2.0-9-gda3d659,,,,ws-amd,48971343e10b,1.2191103789126854,2.4278098135255212e-05,17-4-1,True,0.0008212352026021108,train,124,"{""profile"": true}",1.343924,60,0.401352,1164,26784,0.02752,0.630231,6.657925,,15,1.513077,0.01998,873,1.313675,0.05656,0.11561,0,1.235996,3.786076,12.251149,150992.0661061556,1,0.000759928,163173.35326504617,4870.7118098759875,,,16,2026-09-06T14:01:16+00:00,0.2.0,monk
syclnn,124,auto,True,AdaptiveCpp 25.10.0 $HOME/.local/opt/fnn-rocm/acpp/bin/acpp / host Clang 18.1.3 $HOME/.local/opt/fnn-rocm/acpp/bin/acpp,AdaptiveCpp OpenMP host device,cpu,1.2,float,0.03582213333333333,0.0,0.001208,0.0,0.05938746666666667,0.019299999999999998,0.0030573333333333333,0.0,0.0,0.0,0.0,0.06999960000000001,0.1276072,5,0.11104436268758176,0.12646719083863478,7d2a071c4c34ad3209aec7f92f64895d8344121c,v0.2.0-9-gda3d659,,,,ws-amd,10c8a827ca64,1.354368932038835,1.5425099991261943e-05,17-4-1,True,0.00016080059867817909,infer,124,"{""profile"": true}",0.537332,0,0.0,7440,126480,0.01812,0.0,0.890812,,0,0.2895,0.04586,90,0.0,0.0,0.0,0,0.0,1.049994,1.914108,771141.4075526511,1,,,6218.882318972994,,,16,2026-09-06T14:01:16+00:00,0.2.0,monk
syclnn,40,auto,True,AdaptiveCpp 25.10.0 $HOME/.local/opt/fnn-rocm/acpp/bin/acpp / host Clang 18.1.3 $HOME/.local/opt/fnn-rocm/acpp/bin/acpp,AdaptiveCpp OpenMP host device,cpu,1.2,float,1.2040877333333335,0.20611886666666665,0.003372666666666667,0.6311072000000001,6.6130998,2.853814733333333,0.007076666666666666,0.4622119333333333,0.003539333333333333,0.011343333333333334,1.2304273333333335,5.436031466666666,8.6589692,5,3.445627861548008,3.7571820113486036,7d2a071c4c34ad3209aec7f92f64895d8344121c,v0.2.0-9-gda3d659,,,,ws-amd,3ddd5348da75,6.563354603463993,0.0004909519004286274,12-64-64-3,True,0.008358418598072603,train,1000,"{""profile"": true}",18.061316,375,3.091783,62484,180000,0.05059,9.466608,99.196497,,15,42.807221,0.10615,7614,6.933179,0.05309,0.17015,0,18.45641,81.540472,129.884538,119639.85630375028,1,0.008354743,119692.49084023292,2990.996407593757,,,16,2026-09-06T14:01:16+00:00,0.2.0,cup
syclnn,1000,auto,True,AdaptiveCpp 25.10.0 $HOME/.local/opt/fnn-rocm/acpp/bin/acpp / host Clang 18.1.3 $HOME/.local/opt/fnn-rocm/acpp/bin/acpp,AdaptiveCpp OpenMP host device,cpu,1.2,float,0.8244625333333333,0.0,0.0047727333333333335,0.0,1.219234,0.36073793333333337,0.0292608,0.0,0.0,0.0,0.0,1.2250188,1.3290150666666667,5,7.48315660100436,7.870930934363368,7d2a071c4c34ad3209aec7f92f64895d8344121c,v0.2.0-9-gda3d659,,,,ws-amd,c50c24072515,9.157562233749674,9.455250110477196e-05,12-64-64-3,True,0.0013513014011550695,infer,1000,"{""profile"": true}",12.366938,0,0.0,180000,720000,0.071591,0.0,18.28851,,0,5.411069,0.438912,120,0.0,0.0,0.0,0,0.0,18.375282,19.935226,740027.3537385642,1,,,740.0273537385641,,,16,2026-09-06T14:01:17+00:00,0.2.0,cup
syclnn,256,auto,True,AdaptiveCpp 25.10.0 $HOME/.local/opt/fnn-rocm/acpp/bin/acpp / host Clang 18.1.3 $HOME/.local/opt/fnn-rocm/acpp/bin/acpp,AdaptiveCpp OpenMP host device,cpu,1.2,float,81.41809606666668,12.086204066666665,0.04871353333333333,36.903090600000006,1210.1189644666667,887.2360744,39.18846006666667,6.559952466666667,0.014724133333333334,0.0,146.66364913333334,1201.9904799333333,1267.3108720666667,5,113.0675115812014,114.54259937809177,7d2a071c4c34ad3209aec7f92f64895d8344121c,v0.2.0-9-gda3d659,,,,ws-amd,bbc00dd21e70,57.89303578299346,0.07993677159829526,784-512-256-10,True,1.2775149818015052,train,60000,"{""profile"": true}",1221.271441,3525,181.293061,6430056,571680000,0.730703,553.546359,18151.784467,,15,13308.541116,587.826901,70554,98.399287,0.220862,0.0,0,2199.954737,18029.857199,19009.663081,46966.18110528158,1,1.193818833,50258.88211967921,183.9508759956862,,,16,2026-09-06T14:01:39+00:00,0.2.0,mnist-512-256
syclnn,4096,auto,True,AdaptiveCpp 25.10.0 $HOME/.local/opt/fnn-rocm/acpp/bin/acpp / host Clang 18.1.3 $HOME/.local/opt/fnn-rocm/acpp/bin/acpp,AdaptiveCpp OpenMP host device,cpu,1.2,float,60.20526806666667,0.0,0.5109966666666667,0.0,551.49942,298.11188913333336,192.67126613333332,0.0,0.0,0.0,0.0,453.71132293333335,553.0879034666667,5,89.33421432732212,89.59401553376148,7d2a071c4c34ad3209aec7f92f64895d8344121c,v0.2.0-9-gda3d659,,,,ws-amd,7d2562e43e6e,108.72034544069088,0.0012652838995563798,784-512-256-10,True,0.7187033599999267,infer,60000,"{""profile"": true}",903.079021,0,0.0,36000000,2822400000,7.66495,0.0,8272.4913,,0,4471.678337,2890.068992,1590,0.0,0.0,0.0,0,0.0,6805.669844,8296.318552,83483.6781617469,1,,,20.870919540436724,,,16,2026-09-06T14:01:52+00:00,0.2.0,mnist-512-256
syclnn,256,auto,True,AdaptiveCpp 25.10.0 $HOME/.local/opt/fnn-rocm/acpp/bin/acpp / host Clang 18.1.3 $HOME/.local/opt/fnn-rocm/acpp/bin/acpp,AdaptiveCpp OpenMP host device,cpu,1.2,float,177.2293498,32.464266466666665,0.17641433333333334,73.87596613333334,3740.9159862666666,3004.205366733333,39.77802486666667,6.1821307999999995,0.014669466666666665,0.0,406.9897976666667,3725.635447933333,3798.025837933333,5,149.48866946984626,151.1150963342182,7d2a071c4c34ad3209aec7f92f64895d8344121c,v0.2.0-9-gda3d659,,,,ws-amd,8ede9afc36b3,75.80495846807432,0.031193875501048574,784-1024-1024-10,True,3.838749799801735,train,60000,"{""profile"": true}",2658.440247,3525,486.963997,22364520,571680000,2.646215,1108.139492,56113.739794,,15,45063.080501,596.670373,70554,92.731962,0.220042,0.0,0,6104.846965,55884.531719,56970.387569,15630.088734384017,1,3.7695183945,15917.152728991678,61.21784754300407,,,16,2026-09-06T14:02:56+00:00,0.2.0,mnist
syclnn,4096,auto,True,AdaptiveCpp 25.10.0 $HOME/.local/opt/fnn-rocm/acpp/bin/acpp / host Clang 18.1.3 $HOME/.local/opt/fnn-rocm/acpp/bin/acpp,AdaptiveCpp OpenMP host device,cpu,1.2,float,136.97542346666665,0.0,0.63085,0.0,1267.0201382666667,944.7132535333333,184.70061126666667,0.0,0.0,0.0,0.0,1173.8167108,1268.7336272666666,5,156.05980073739607,156.40484322690804,7d2a071c4c34ad3209aec7f92f64895d8344121c,v0.2.0-9-gda3d659,,,,ws-amd,845be43c9ca1,174.16334549536907,0.020602973400673408,784-1024-1024-10,True,1.4314758761989652,infer,60000,"{""profile"": true}",2054.631352,0,0.0,36000000,2822400000,9.46275,0.0,19005.302074,,0,14170.698803,2770.509169,1590,0.0,0.0,0.0,0,0.0,17607.250662,19031.004409,41914.78249659334,1,,,10.478695624148335,,,16,2026-09-06T14:03:21+00:00,0.2.0,mnist
syclnn,40,auto,True,Clang 22.1.0 /opt/sycl/bin/clang++,AMD Ryzen Threadripper 2950X 16-Core Processor ,cpu,2026.21.6.0.17_160000,float,0.06111326666666667,0.047931266666666666,0.0014093333333333332,0.032175333333333334,0.5022336,0.19669193333333332,0.03649326666666666,0.023873333333333333,0.0011193333333333333,0.013342666666666668,0.08808386666666666,0.08380526666666667,2.423313466666667,5,0.015113876209854516,0.01867822103528228,7d2a071c4c34ad3209aec7f92f64895d8344121c,v0.2.0-9-gda3d659,,,,06c179eb2eec,48971343e10b,1.2191103789126854,0.00013801379973301612,17-4-1,True,0.0024284967992571184,train,124,"{""profile"": true}",0.916699,60,0.718969,1164,26784,0.02114,0.48263,7.533504,,15,2.950379,0.547399,873,0.3581,0.01679,0.20014,0,1.321258,1.257079,36.349702,51060.39260085985,1,0.002280659,54370.25000230197,1647.1094387374146,,,16,2026-09-06T11:38:33+00:00,0.2.0,monk
syclnn,124,auto,True,Clang 22.1.0 /opt/sycl/bin/clang++,AMD Ryzen Threadripper 2950X 16-Core Processor ,cpu,2026.21.6.0.17_160000,float,0.028494666666666668,0.0,0.0015326666666666668,0.0,0.21584726666666668,0.03138,0.15443993333333333,0.0,0.0,0.0,0.0,0.28510246666666667,0.4368564,5,0.03666350596580144,0.04175565957216275,7d2a071c4c34ad3209aec7f92f64895d8344121c,v0.2.0-9-gda3d659,,,,06c179eb2eec,10c8a827ca64,1.354368932038835,5.339589988579975e-05,17-4-1,True,0.000487023800087627,infer,124,"{""profile"": true}",0.42742,0,0.0,7440,126480,0.02299,0.0,3.237709,,0,0.4707,2.316599,90,0.0,0.0,0.0,0,0.0,4.276537,6.552846,254607.68031806554,1,,,2053.287744500529,,,16,2026-09-06T11:38:33+00:00,0.2.0,monk
syclnn,40,auto,True,Clang 22.1.0 /opt/sycl/bin/clang++,AMD Ryzen Threadripper 2950X 16-Core Processor ,cpu,2026.21.6.0.17_160000,double,0.068646,0.04959926666666667,0.005477333333333333,0.030998666666666667,0.5151272,0.20183133333333333,0.042514,0.024641333333333335,0.0011493333333333332,0.01485,0.07541993333333334,0.0439026,2.5612634666666665,5,0.014063251222467116,0.01737982441834973,7d2a071c4c34ad3209aec7f92f64895d8344121c,v0.2.0-9-gda3d659,,,,06c179eb2eec,e2ee39156285,0.6095551894563427,3.681689995573825e-05,17-4-1,True,0.002609922799456399,train,124,"{""profile"": true}",1.02969,60,0.743989,2088,53568,0.08216,0.46498,7.726908,,15,3.02747,0.63771,873,0.36962,0.01724,0.22275,0,1.131299,0.658539,38.418952,47510.9838596862,1,0.002490059,49798.01683413927,1532.6123825705226,,,16,2026-09-06T11:38:34+00:00,0.2.0,monk
syclnn,124,auto,True,Clang 22.1.0 /opt/sycl/bin/clang++,AMD Ryzen Threadripper 2950X 16-Core Processor ,cpu,2026.21.6.0.17_160000,double,0.027938,0.0,0.02210933333333333,0.0,0.2778139333333333,0.033936,0.1938306,0.0,0.0,0.0,0.0,0.34219926666666667,0.4953805333333333,5,0.031597734818372074,0.03598630909870153,7d2a071c4c34ad3209aec7f92f64895d8344121c,v0.2.0-9-gda3d659,,,,06c179eb2eec,db5621463187,0.6771844660194175,4.0380099380854474e-05,17-4-1,True,0.0005651037994539365,infer,124,"{""profile"": true}",0.41907,0,0.0,14880,252960,0.33164,0.0,4.167209,,0,0.50904,2.907459,90,0.0,0.0,0.0,0,0.0,5.132989,7.430708,219428.71401647275,1,,,1769.5864033586513,,,16,2026-09-06T11:38:34+00:00,0.2.0,monk
syclnn,40,auto,True,Clang 22.1.0 /opt/sycl/bin/clang++,AMD Ryzen Threadripper 2950X 16-Core Processor ,cpu,2026.21.6.0.17_160000,float,1.3556309333333334,0.4505384666666667,0.016073333333333335,0.769057,8.765140266666666,3.986925466666667,0.181398,0.22964526666666665,0.0015626666666666666,0.017776666666666666,1.7565324666666666,4.059202733333334,22.003679266666666,5,1.310994759580913,1.4295350878248247,7d2a071c4c34ad3209aec7f92f64895d8344121c,v0.2.0-9-gda3d659,,,,06c179eb2eec,3ddd5348da75,6.563354603463993,0.000260976800927893,12-64-64-3,True,0.02196805119892815,train,1000,"{""profile"": true}",20.334464,375,6.758077,62484,180000,0.2411,11.535855,131.477104,,15,59.803882,2.72097,7614,3.444679,0.02344,0.26665,0,26.347987,60.888041,330.055189,45520.651374337256,1,0.02156139,46379.19911471385,1138.0162843584314,,,16,2026-09-06T11:38:34+00:00,0.2.0,cup
syclnn,1000,auto,True,Clang 22.1.0 /opt/sycl/bin/clang++,AMD Ryzen Threadripper 2950X 16-Core Processor ,cpu,2026.21.6.0.17_160000,float,0.2703852,0.0,0.07747333333333332,0.0,0.7722056666666667,0.14746793333333336,0.2768792,0.0,0.0,0.0,0.0,0.8520362666666668,1.0404175333333334,5,8.979190688818575,9.444488940493905,7d2a071c4c34ad3209aec7f92f64895d8344121c,v0.2.0-9-gda3d659,,,,06c179eb2eec,c50c24072515,9.157562233749674,5.613899993477415e-05,12-64-64-3,True,0.0011261594001553022,infer,1000,"{""profile"": true}",4.055778,0,0.0,180000,720000,1.1621,0.0,11.583085,,0,2.212019,4.153188,120,0.0,0.0,0.0,0,0.0,12.780544,15.606263,887973.7627391786,1,,,887.9737627391786,,,16,2026-09-06T11:38:34+00:00,0.2.0,cup
syclnn,40,auto,True,Clang 22.1.0 /opt/sycl/bin/clang++,AMD Ryzen Threadripper 2950X 16-Core Processor ,cpu,2026.21.6.0.17_160000,double,1.5728148,0.484209,0.024538666666666667,0.7788881333333334,10.464698333333333,5.2230707333333335,0.13862133333333335,0.22891599999999998,0.0015346666666666666,0.026594,1.985511,7.042491066666667,24.11794413333333,5,1.1927955051766201,1.3006482404207327,7d2a071c4c34ad3209aec7f92f64895d8344121c,v0.2.0-9-gda3d659,,,,06c179eb2eec,6430db22b6e4,3.2816773017319965,0.00019925390006392263,12-64-64-3,True,0.02414496020064689,train,1000,"{""profile"": true}",23.592222,375,7.263135,124728,360000,0.36808,11.683322,156.970475,,15,78.346061,2.07932,7614,3.43374,0.02302,0.39891,0,29.782665,105.637366,361.769162,41416.51059641043,1,0.024014028,41642.32672669491,1035.4127649102606,,,16,2026-09-06T11:38:35+00:00,0.2.0,cup
syclnn,1000,auto,True,Clang 22.1.0 /opt/sycl/bin/clang++,AMD Ryzen Threadripper 2950X 16-Core Processor ,cpu,2026.21.6.0.17_160000,double,0.3757184666666667,0.0,0.13170933333333334,0.0,1.1218107333333334,0.21460593333333333,0.399777,0.0,0.0,0.0,0.0,1.1666521333333333,1.397162,5,6.58684460547713,6.928172391599561,7d2a071c4c34ad3209aec7f92f64895d8344121c,v0.2.0-9-gda3d659,,,,06c179eb2eec,c95193a60563,4.578781116874837,7.230190021800809e-05,12-64-64-3,True,0.0015351811991422438,infer,1000,"{""profile"": true}",5.635777,0,0.0,360000,1440000,1.97564,0.0,16.827161,,0,3.219089,5.996655,120,0.0,0.0,0.0,0,0.0,17.499782,20.95743,651388.9048137985,1,,,651.3889048137985,,,16,2026-09-06T11:38:35+00:00,0.2.0,cup
syclnn,256,auto,True,Clang 22.1.0 /opt/sycl/bin/clang++,AMD Ryzen Threadripper 2950X 16-Core Processor ,cpu,2026.21.6.0.17_160000,float,41.7884678,12.332870133333333,0.06057866666666667,19.425591133333334,1150.7735962666666,721.6382996,22.9914076,5.1015378,0.003923333333333333,0.0,327.4309202,1064.4043658,1141.7323790666667,5,123.43914471428481,125.04954166633814,7d2a071c4c34ad3209aec7f92f64895d8344121c,v0.2.0-9-gda3d659,,,,06c179eb2eec,bbc00dd21e70,57.89303578299346,0.002699673700408578,784-512-256-10,True,1.1701753146000555,train,60000,"{""profile"": true}",626.827017,3525,184.993052,6430056,571680000,0.90868,291.383867,17261.603944,,15,10824.574494,344.871114,70554,76.523067,0.05885,0.0,0,4911.463803,15966.065487,17125.985686,51274.36825182635,1,1.119125956,53613.26817443594,200.82460898631987,,,16,2026-09-06T11:38:55+00:00,0.2.0,mnist-512-256
syclnn,4096,auto,True,Clang 22.1.0 /opt/sycl/bin/clang++,AMD Ryzen Threadripper 2950X 16-Core Processor ,cpu,2026.21.6.0.17_160000,float,28.797880799999998,0.0,7.157547466666667,0.0,403.39838506666666,247.8781328,119.564824,0.0,0.0,0.0,0.0,301.05460166666666,408.63950286666665,5,115.15821007722315,115.49311246747465,7d2a071c4c34ad3209aec7f92f64895d8344121c,v0.2.0-9-gda3d659,,,,06c179eb2eec,7d2562e43e6e,108.72034544069088,0.014412267798616152,784-512-256-10,True,0.5575355848006438,infer,60000,"{""profile"": true}",431.968212,0,0.0,36000000,2822400000,107.363212,0.0,6050.975776,,0,3718.171992,1793.47236,1590,0.0,0.0,0.0,0,0.0,4515.819025,6129.592543,107616.44930960596,1,,,26.904112327401492,,,16,2026-09-06T11:39:06+00:00,0.2.0,mnist-512-256
syclnn,256,auto,True,Clang 22.1.0 /opt/sycl/bin/clang++,AMD Ryzen Threadripper 2950X 16-Core Processor ,cpu,2026.21.6.0.17_160000,double,47.264229533333335,17.11235106666667,0.07432066666666667,30.719075266666668,2183.559207133333,1499.8017058,49.33981966666667,5.2691289333333335,0.005049333333333334,0.0,533.9735268666667,1979.0646732,2097.2928625333334,5,66.69654438660126,67.56667283767959,7d2a071c4c34ad3209aec7f92f64895d8344121c,v0.2.0-9-gda3d659,,,,06c179eb2eec,367d0907ab19,28.94651789149673,0.01691542780026767,784-512-256-10,True,2.165711002398166,train,60000,"{""profile"": true}",708.963443,3525,256.685266,12859872,1143360000,1.11481,460.786129,32753.388107,,15,22497.025587,740.097295,70554,79.036934,0.07574,0.0,0,8009.602903,29685.970098,31459.392938,27704.527489383367,1,2.0426629385,29373.42175702279,108.50939933341819,,,16,2026-09-06T11:39:43+00:00,0.2.0,mnist-512-256
syclnn,4096,auto,True,Clang 22.1.0 /opt/sycl/bin/clang++,AMD Ryzen Threadripper 2950X 16-Core Processor ,cpu,2026.21.6.0.17_160000,double,30.006659333333335,0.0,10.3328018,0.0,891.3906495333334,620.6435293333333,230.40765906666667,0.0,0.0,0.0,0.0,689.3019641333334,897.5805049333334,5,53.90323140853094,54.05999245082998,7d2a071c4c34ad3209aec7f92f64895d8344121c,v0.2.0-9-gda3d659,,,,06c179eb2eec,5e13c36655e6,54.36017272034544,0.00794951409916389,784-512-256-10,True,1.1911122640012763,infer,60000,"{""profile"": true}",450.09989,0,0.0,72000000,5644800000,154.992027,0.0,13370.859743,,0,9309.65294,3456.114886,1590,0.0,0.0,0.0,0,0.0,10339.529462,13463.707574,50373.085571668424,1,,,12.593271392917105,,,16,2026-09-06T11:40:03+00:00,0.2.0,mnist-512-256
syclnn,256,auto,True,Clang 22.1.0 /opt/sycl/bin/clang++,AMD Ryzen Threadripper 2950X 16-Core Processor ,cpu,2026.21.6.0.17_160000,float,85.5499928,32.07729953333333,0.12586793333333332,44.5175424,3816.4300088,2468.9845189999996,25.867613933333335,5.118133333333334,0.005594,0.0,1154.1834458666667,3137.3735368666667,3228.0862142666665,5,175.53506586671844,177.44487580600966,7d2a071c4c34ad3209aec7f92f64895d8344121c,v0.2.0-9-gda3d659,,,,06c179eb2eec,8ede9afc36b3,75.80495846807432,0.022643921898271024,784-1024-1024-10,True,3.269145097400178,train,60000,"{""profile"": true}",1283.249892,3525,481.159493,22364520,571680000,1.888019,667.763136,57246.450132,,15,37034.767785,388.014209,70554,76.772,0.08391,0.0,0,17312.751688,47060.603053,48421.293214,18353.422137094993,1,3.2120557405000003,18679.62602375642,71.88423670362207,,,16,2026-09-06T11:40:58+00:00,0.2.0,mnist
syclnn,4096,auto,True,Clang 22.1.0 /opt/sycl/bin/clang++,AMD Ryzen Threadripper 2950X 16-Core Processor ,cpu,2026.21.6.0.17_160000,float,69.66887633333334,0.0,10.447869733333333,0.0,995.4649254666667,792.6234136666667,122.72476573333333,0.0,0.0,0.0,0.0,891.2886578,1002.2539742,5,194.309824910434,194.73943679899807,7d2a071c4c34ad3209aec7f92f64895d8344121c,v0.2.0-9-gda3d659,,,,06c179eb2eec,845be43c9ca1,174.16334549536907,0.00524720550165525,784-1024-1024-10,True,1.1496888544003014,infer,60000,"{""profile"": true}",1045.033145,0,0.0,36000000,2822400000,156.718046,0.0,14931.973882,,0,11889.351205,1840.871486,1590,0.0,0.0,0.0,0,0.0,13369.329867,15033.809613,52188.033110312346,1,,,13.047008277578087,,,16,2026-09-06T11:41:18+00:00,0.2.0,mnist
syclnn,256,auto,True,Clang 22.1.0 /opt/sycl/bin/clang++,AMD Ryzen Threadripper 2950X 16-Core Processor ,cpu,2026.21.6.0.17_160000,double,135.50977079999998,65.12879673333333,0.21437466666666666,97.3651,7818.698253466666,5626.549650933333,46.330350599999996,6.893943533333333,0.005561333333333333,0.0,1840.7007048666667,6592.027403466666,6703.810739199999,5,84.97205613557533,85.8965465020355,7d2a071c4c34ad3209aec7f92f64895d8344121c,v0.2.0-9-gda3d659,,,,06c179eb2eec,d5477a2120ca,37.90247923403716,0.06813688959955577,784-1024-1024-10,True,6.753391951401136,train,60000,"{""profile"": true}",2032.646562,3525,976.931951,44728800,1143360000,3.21562,1460.4765,117280.473802,,15,84398.244764,694.955259,70554,103.409153,0.08342,0.0,0,27610.510573,98880.411052,100557.161088,8884.424365085417,1,6.679461711,8982.759778559646,34.797328763251215,,,16,2026-09-06T11:43:09+00:00,0.2.0,mnist
syclnn,4096,auto,True,Clang 22.1.0 /opt/sycl/bin/clang++,AMD Ryzen Threadripper 2950X 16-Core Processor ,cpu,2026.21.6.0.17_160000,double,71.6990456,0.0,16.0928374,0.0,2024.4014433333332,1710.3315267333335,226.27803360000001,0.0,0.0,0.0,0.0,1827.5971839333333,2032.2313221333332,5,96.55822150021007,96.7717081826988,7d2a071c4c34ad3209aec7f92f64895d8344121c,v0.2.0-9-gda3d659,,,,06c179eb2eec,53f2223b5f1a,87.08167274768454,0.00776903910009441,784-1024-1024-10,True,2.3135869377991183,infer,60000,"{""profile"": true}",1075.485684,0,0.0,72000000,5644800000,241.392561,0.0,30366.02165,,0,25654.972901,3394.170504,1590,0.0,0.0,0.0,0,0.0,27413.957759,30483.469832,25933.756376182315,1,,,6.483439094045579,,,16,2026-09-06T11:43:48+00:00,0.2.0,mnist
cudann,40,rocblas,True,Clang 22.0.0 /usr/bin/hipcc (hipcc),AMD Radeon RX 7900 XTX,gpu,70253.21,float,0.07651526666666666,0.09012126666666667,0.009144333333333334,0.03732606666666667,0.6459448,0.23589106666666665,0.014864333333333334,0.04120053333333333,0.0106134,0.03776586666666667,0.09250266666666666,0.251138,1.1291577333333334,5,0.03507058074332689,0.04334136722202778,f94918f1451075d9e8653d1b41885c7616530ffd,v0.1.0-8-g4f0277c,,42.0,3.0,ws-amd,4b61e78043ba,1.2191103789126854,0.0002078080025967211,17-4-1,True,0.0010465751984156668,train,124,"{""profile"": true}",1.147729,60,1.351819,1164,27744,0.137165,0.559891,9.689172,,15,3.538366,0.222965,876,0.618008,0.159201,0.566488,0,1.38754,3.76707,16.937366,118481.69170042867,1,0.00095863,129351.26169637921,3821.990054852538,,,32,2026-09-05T07:06:59+00:00,0.1.0,monk
cudann,124,rocblas,True,Clang 22.0.0 /usr/bin/hipcc (hipcc),AMD Radeon RX 7900 XTX,gpu,70253.21,float,0.02408053333333333,0.0,0.0124428,0.0,0.12472173333333333,0.02634713333333333,0.06185126666666666,0.0,0.0,0.0,0.0,0.10903466666666667,0.272789,5,0.043998284573992415,0.05010915743149136,f94918f1451075d9e8653d1b41885c7616530ffd,v0.1.0-8-g4f0277c,,53.0,11.0,ws-amd,62f8cc4e2fea,1.354368932038835,2.139309945050629e-05,17-4-1,True,0.0004058340040501207,infer,124,"{""profile"": true}",0.361208,0,0.0,7440,126480,0.186642,0.0,1.870826,,0,0.395207,0.927769,90,0.0,0.0,0.0,0,0.0,1.63552,4.091835,305543.64287494734,1,,,2464.061636088285,,,32,2026-09-05T07:06:59+00:00,0.1.0,monk
cudann,40,rocblas,True,Clang 22.0.0 /usr/bin/hipcc (hipcc),AMD Radeon RX 7900 XTX,gpu,70253.21,double,0.10438013333333333,0.1016528,0.0099066,0.03966206666666667,0.786083,0.30220146666666664,0.015938533333333334,0.04568613333333334,0.0112188,0.0438674,0.11156906666666666,0.10644106666666667,1.377911,5,0.02763383490959041,0.03415079423220959,f94918f1451075d9e8653d1b41885c7616530ffd,v0.1.0-8-g4f0277c,,56.0,15.0,ws-amd,de0cf74615d1,0.6095551894563427,9.583750215824693e-05,17-4-1,True,0.001328226795885712,train,124,"{""profile"": true}",1.565702,60,1.524792,2088,55488,0.148599,0.594931,11.791245,,15,4.533022,0.239078,876,0.685292,0.168282,0.658011,0,1.673536,1.596616,20.668665,93357.55037023786,1,0.001303131,95155.4371740063,3011.5338829108987,,,32,2026-09-05T07:06:59+00:00,0.1.0,monk
cudann,124,rocblas,True,Clang 22.0.0 /usr/bin/hipcc (hipcc),AMD Radeon RX 7900 XTX,gpu,70253.21,double,0.031493933333333335,0.0,0.0121282,0.0,0.14139666666666667,0.0330674,0.06470713333333333,0.0,0.0,0.0,0.0,0.10342386666666667,0.29274073333333334,5,0.04118480068879436,0.04690491189557136,f94918f1451075d9e8653d1b41885c7616530ffd,v0.1.0-8-g4f0277c,,63.0,10.0,ws-amd,4de867529131,0.6771844660194175,1.304920006077741e-05,17-4-1,True,0.0004335580044426024,infer,124,"{""profile"": true}",0.472409,0,0.0,14880,252960,0.181923,0.0,2.12095,,0,0.496011,0.970607,90,0.0,0.0,0.0,0,0.0,1.551358,4.391111,286005.5603388497,1,,,2306.4964543455626,,,32,2026-09-05T07:06:59+00:00,0.1.0,monk
cudann,40,rocblas,True,Clang 22.0.0 /usr/bin/hipcc (hipcc),AMD Radeon RX 7900 XTX,gpu,70253.21,float,0.5769754666666667,0.6444873999999999,0.007344066666666666,0.3692608,5.9369878,3.408357866666667,0.013547866666666667,0.19875933333333334,0.009005533333333334,0.04290466666666667,0.6663448,0.07694546666666667,10.961602599999999,5,2.6176955451047745,2.8543879398619736,f94918f1451075d9e8653d1b41885c7616530ffd,v0.1.0-8-g4f0277c,,65.0,31.0,ws-amd,b21fd20a6438,6.563354603463993,4.837730084545841e-05,12-64-64-3,True,0.011002043401822448,train,1000,"{""profile"": true}",8.654632,375,9.667311,62484,186000,0.110161,5.538912,89.054817,,15,51.125368,0.203218,7611,2.98139,0.135083,0.64357,0,9.995172,1.154182,164.424039,90892.20642724911,1,0.010888199500000001,91842.54935813766,2272.305160681228,,,32,2026-09-05T07:07:00+00:00,0.1.0,cup
cudann,1000,rocblas,True,Clang 22.0.0 /usr/bin/hipcc (hipcc),AMD Radeon RX 7900 XTX,gpu,70253.21,float,0.035478,0.0,0.013458133333333334,0.0,0.1666628,0.0459656,0.07176106666666666,0.0,0.0,0.0,0.0,0.13046266666666667,0.346601,5,20.379019308043883,21.435052349718624,f94918f1451075d9e8653d1b41885c7616530ffd,v0.1.0-8-g4f0277c,,63.0,11.0,ws-amd,253220a5f26f,9.157562233749674,2.4883102742023723e-05,12-64-64-3,True,0.0004961965954862535,infer,1000,"{""profile"": true}",0.53217,0,0.0,180000,720000,0.201872,0.0,2.499942,,0,0.689484,1.076416,120,0.0,0.0,0.0,0,0.0,1.95694,5.199015,2015330.2322037069,1,,,2015.3302322037068,,,32,2026-09-05T07:07:00+00:00,0.1.0,cup
cudann,40,rocblas,True,Clang 22.0.0 /usr/bin/hipcc (hipcc),AMD Radeon RX 7900 XTX,gpu,70253.21,double,0.7218612,0.7002425333333334,0.007272133333333333,0.37520486666666664,6.851821466666666,3.6713678666666665,0.3687636,0.2046396,0.0091496,0.04470253333333333,0.7486175333333333,0.11482066666666667,11.1971852,5,2.5841429704948378,2.8178015367957268,f94918f1451075d9e8653d1b41885c7616530ffd,v0.1.0-8-g4f0277c,,65.0,31.0,ws-amd,3aa34519e44a,3.2816773017319965,0.00010339450091123581,12-64-64-3,True,0.011144894198514521,train,1000,"{""profile"": true}",10.827918,375,10.503638,124728,372000,0.109082,5.628073,102.777322,,15,55.070518,5.531454,7611,3.069594,0.137244,0.670538,0,11.229263,1.72231,167.957778,89727.1864755152,1,0.0110663205,90364.2723884601,2243.1796618878802,,,32,2026-09-05T07:07:00+00:00,0.1.0,cup
cudann,1000,rocblas,True,Clang 22.0.0 /usr/bin/hipcc (hipcc),AMD Radeon RX 7900 XTX,gpu,70253.21,double,0.11937013333333332,0.0,0.014949666666666667,0.0,0.31511406666666664,0.09303353333333333,0.08776073333333333,0.0,0.0,0.0,0.0,0.2514266,0.4991392,5,15.33781883238214,16.132618779788018,f94918f1451075d9e8653d1b41885c7616530ffd,v0.1.0-8-g4f0277c,,64.0,10.0,ws-amd,dd76cef76dfb,4.578781116874837,1.6595202032476685e-05,12-64-64-3,True,0.000659285398432985,infer,1000,"{""profile"": true}",1.790552,0,0.0,360000,1440000,0.224245,0.0,4.726711,,0,1.395503,1.316411,120,0.0,0.0,0.0,0,0.0,3.771399,7.487088,1516793.7927593098,1,,,1516.7937927593098,,,32,2026-09-05T07:07:00+00:00,0.1.0,cup
cudann,256,rocblas,True,Clang 22.0.0 /usr/bin/hipcc (hipcc),AMD Radeon RX 7900 XTX,gpu,70253.21,float,5.342498866666667,7.107488200000001,0.008277466666666667,3.825326066666667,81.84946346666668,50.552392266666665,5.289431066666666,2.1073696666666666,0.0200836,0.0,7.596596266666666,19.799477200000002,100.53575813333333,5,1234.9266903620637,1251.037642708433,f94918f1451075d9e8653d1b41885c7616530ffd,v0.1.0-8-g4f0277c,255.7463708698051,150.55555555555554,76.22222222222223,ws-amd,c810d482fb11,57.89303578299346,0.0004459532996406862,784-512-256-10,True,0.1169668135989923,train,60000,"{""profile"": true}",80.137483,3525,106.612323,6430056,571736400,0.124162,57.379891,1227.741952,,15,758.285884,79.341466,70551,31.610545,0.301254,0.0,0,113.948944,296.992158,1508.036372,512966.01278464607,1,0.0950003035,631576.9296463353,2009.1168834065304,,,32,2026-09-05T07:07:04+00:00,0.1.0,mnist-512-256
cudann,4096,rocblas,True,Clang 22.0.0 /usr/bin/hipcc (hipcc),AMD Radeon RX 7900 XTX,gpu,70253.21,float,0.7560870000000001,0.0,0.45950206666666665,0.0,90.51332226666666,3.9514092666666665,85.34632393333332,0.0,0.0,0.0,0.0,18.07043313333333,92.80595986666667,5,331.7608020378184,332.7256267387209,f94918f1451075d9e8653d1b41885c7616530ffd,v0.1.0-8-g4f0277c,197.92919802655524,68.4,11.933333333333334,ws-amd,046a51ef4d07,108.72034544069088,0.0023128216998884454,784-512-256-10,True,0.19352738360175864,infer,60000,"{""profile"": true}",11.341305,0,0.0,36000000,2822400000,6.892531,0.0,1357.699834,,0,59.271139,1280.194859,1590,0.0,0.0,0.0,0,0.0,271.056497,1392.089398,310033.64424885844,1,,,77.5084110622146,,,32,2026-09-05T07:07:08+00:00,0.1.0,mnist-512-256
cudann,256,rocblas,True,Clang 22.0.0 /usr/bin/hipcc (hipcc),AMD Radeon RX 7900 XTX,gpu,70253.21,double,6.090183,16.808309533333333,0.007943933333333333,4.6459696,296.67008319999997,198.4357254,10.802333466666665,2.130349333333333,0.011664266666666668,0.0,57.73760466666667,140.55972519999997,238.9225864,5,526.8305561533459,533.7036297139384,f94918f1451075d9e8653d1b41885c7616530ffd,v0.1.0-8-g4f0277c,849.006493912806,209.94736842105263,86.21052631578948,ws-amd,e041a59585a1,28.94651789149673,0.0008808774000499398,784-512-256-10,True,0.27417817420209756,train,60000,"{""profile"": true}",91.352745,3525,252.124643,12859872,1143472800,0.119159,69.689544,4450.051248,,15,2976.535881,162.035002,70551,31.95524,0.174964,0.0,0,866.06407,2108.395878,3583.838796,218835.79965695526,1,0.227708883,263494.3319273144,857.1068819897414,,,32,2026-09-05T07:07:14+00:00,0.1.0,mnist-512-256
cudann,4096,rocblas,True,Clang 22.0.0 /usr/bin/hipcc (hipcc),AMD Radeon RX 7900 XTX,gpu,70253.21,double,1.1204696,0.0,0.8718642666666666,0.0,234.78749166666665,62.8452748,169.94988300000003,0.0,0.0,0.0,0.0,90.61554813333333,237.71956773333335,5,145.20176836266708,145.6240432422505,f94918f1451075d9e8653d1b41885c7616530ffd,v0.1.0-8-g4f0277c,529.9357845686463,81.06666666666666,23.1,ws-amd,4d5e69fb4a3a,54.36017272034544,0.004912538701319136,784-512-256-10,True,0.4421764330007136,infer,60000,"{""profile"": true}",16.807044,0,0.0,72000000,5644800000,13.077964,0.0,3521.812375,,0,942.679122,2549.248245,1590,0.0,0.0,0.0,0,0.0,1359.233222,3565.793516,135692.44202551874,1,,,33.923110506379686,,,32,2026-09-05T07:07:23+00:00,0.1.0,mnist-512-256
cudann,256,rocblas,True,Clang 22.0.0 /usr/bin/hipcc (hipcc),AMD Radeon RX 7900 XTX,gpu,70253.21,float,6.136257933333334,7.641600666666666,0.008384133333333333,4.294879466666667,111.09369793333333,71.68089613333333,5.304936799999999,2.154966866666667,0.011485466666666666,0.0,13.860290466666667,8.9252024,119.45234346666666,5,4195.19551457931,4240.838965085643,f94918f1451075d9e8653d1b41885c7616530ffd,v0.1.0-8-g4f0277c,436.70179378001194,209.9,79.2,ws-amd,8f78b442cfa0,75.80495846807432,0.00021163899800738517,784-1024-1024-10,True,0.13678733160486445,train,60000,"{""profile"": true}",92.043869,3525,114.62401,22364520,571736400,0.125762,64.423192,1666.405469,,15,1075.213442,79.574052,70551,32.324503,0.172282,0.0,0,207.904357,133.878036,1791.785152,438637.11131759715,1,0.11294889899999999,531213.677434784,1717.9953526605889,,,32,2026-09-05T07:07:26+00:00,0.1.0,mnist
cudann,4096,rocblas,True,Clang 22.0.0 /usr/bin/hipcc (hipcc),AMD Radeon RX 7900 XTX,gpu,70253.21,float,1.3083328666666667,0.0,0.45753473333333333,0.0,98.22391233333333,9.6149124,86.84313233333334,0.0,0.0,0.0,0.0,24.273848866666665,100.51860533333334,5,1097.3171735298436,1099.7433015112324,f94918f1451075d9e8653d1b41885c7616530ffd,v0.1.0-8-g4f0277c,229.0696551255096,78.46666666666667,14.2,ws-amd,db9dde64fc1e,174.16334549536907,0.001821111200843023,784-1024-1024-10,True,0.20358365419670008,infer,60000,"{""profile"": true}",19.624993,0,0.0,36000000,2822400000,6.863021,0.0,1473.358685,,0,144.223686,1302.646985,1590,0.0,0.0,0.0,0,0.0,364.107733,1507.77908,294719.1425399444,1,,,73.6797856349861,,,32,2026-09-05T07:07:31+00:00,0.1.0,mnist
cudann,256,rocblas,True,Clang 22.0.0 /usr/bin/hipcc (hipcc),AMD Radeon RX 7900 XTX,gpu,70253.21,double,7.330645466666667,84.33443986666666,0.008085333333333333,9.2236832,1015.2251287333333,845.2771627333333,10.674405133333332,2.137098066666667,0.054486999999999994,0.0,56.185121933333335,589.9633693333333,664.8829109333333,5,818.9312497952106,827.8411677807293,f94918f1451075d9e8653d1b41885c7616530ffd,v0.1.0-8-g4f0277c,2709.7529578091053,262.9019607843137,94.92156862745098,ws-amd,ad0443305e84,37.90247923403716,0.0016348013974494258,784-1024-1024-10,True,0.7007298843993339,train,60000,"{""profile"": true}",109.959682,3525,1265.016598,44728800,1143472800,0.12128,138.355248,15228.376931,,15,12679.157441,160.116077,70551,32.056471,0.817305,0.0,0,842.776829,8849.45054,9973.243664,85625.00520643848,1,0.651057207,92157.80019773285,335.36460372521736,,,32,2026-09-05T07:07:44+00:00,0.1.0,mnist
cudann,4096,rocblas,True,Clang 22.0.0 /usr/bin/hipcc (hipcc),AMD Radeon RX 7900 XTX,gpu,70253.21,double,2.1639874666666667,0.0,0.8746879333333334,0.0,390.18007373333336,217.9579896,169.18340873333332,0.0,0.0,0.0,0.0,247.00232773333335,393.1389038,5,371.97690699157215,372.7993342753625,f94918f1451075d9e8653d1b41885c7616530ffd,v0.1.0-8-g4f0277c,1136.9469593871618,128.27272727272728,43.54545454545455,ws-amd,8a13a7e27236,87.08167274768454,0.005664378497749589,784-1024-1024-10,True,0.6005637333961203,infer,60000,"{""profile"": true}",32.459812,0,0.0,72000000,5644800000,13.120319,0.0,5852.701106,,0,3269.369844,2537.751131,1590,0.0,0.0,0.0,0,0.0,3705.034916,5897.083557,99906.132627601,1,,,24.976533156900246,,,32,2026-09-05T07:07:55+00:00,0.1.0,mnist
syclnn,40,auto,True,AdaptiveCpp 25.10.0 $HOME/.local/opt/fnn-rocm/acpp/bin/acpp / host Clang 18.1.3 $HOME/.local/opt/fnn-rocm/acpp/bin/acpp,AMD Radeon RX 7900 XTX,gpu,70253211,float,0.0727452,0.22763486666666666,0.024648266666666665,0.03366466666666667,1.262273,0.6683802666666666,0.023778333333333335,0.04116393333333333,0.009189533333333333,0.07329586666666667,0.08777206666666666,0.040663,2.3077002666666666,5,0.016238829710177913,0.020068475252116122,f94918f1451075d9e8653d1b41885c7616530ffd,v0.2.0-9-gda3d659,,39.0,3.0,ws-amd,8b2aa6a813b5,1.2191103789126854,0.00014832179585937393,17-4-1,True,0.0022602614015340807,train,124,"{""profile"": true}",1.091178,60,3.414523,1164,26784,0.369724,0.50497,18.934095,,15,10.025704,0.356675,873,0.617459,0.137843,1.099438,0,1.316581,0.609945,34.615504,54860.911183033495,1,0.0021725060000000003,57076.94248025091,1769.706812355919,,,32,2026-09-05T07:05:48+00:00,0.2.0,monk
syclnn,124,auto,True,AdaptiveCpp 25.10.0 $HOME/.local/opt/fnn-rocm/acpp/bin/acpp / host Clang 18.1.3 $HOME/.local/opt/fnn-rocm/acpp/bin/acpp,AMD Radeon RX 7900 XTX,gpu,70253211,float,0.027227133333333334,0.0,0.0145888,0.0,0.18755166666666667,0.07984886666666666,0.06588686666666667,0.0,0.0,0.0,0.0,0.03511686666666667,0.4306063333333333,5,0.031207999249282,0.03554244358946006,f94918f1451075d9e8653d1b41885c7616530ffd,v0.2.0-9-gda3d659,,29.0,5.0,ws-amd,a1e884cf40d3,1.354368932038835,2.570920041762288e-05,17-4-1,True,0.0005721609981264919,infer,124,"{""profile"": true}",0.408407,0,0.0,7440,126480,0.218832,0.0,2.813275,,0,1.197733,0.988303,90,0.0,0.0,0.0,0,0.0,0.526753,6.459095,216722.2170089028,1,,,1747.7598145879258,,,32,2026-09-05T07:05:49+00:00,0.2.0,monk
syclnn,40,auto,True,AdaptiveCpp 25.10.0 $HOME/.local/opt/fnn-rocm/acpp/bin/acpp / host Clang 18.1.3 $HOME/.local/opt/fnn-rocm/acpp/bin/acpp,AMD Radeon RX 7900 XTX,gpu,70253211,double,0.08751313333333334,0.240275,0.025056333333333333,0.03812246666666667,1.4138336,0.76405,0.0269728,0.042774,0.009256066666666667,0.0783566,0.1014572,0.0381388,2.5590055333333335,5,0.015313457744612225,0.018924870403651116,f94918f1451075d9e8653d1b41885c7616530ffd,v0.2.0-9-gda3d659,,34.0,20.0,ws-amd,53c3020503d7,0.6095551894563427,0.0003187775990227239,17-4-1,True,0.0023968460038304327,train,124,"{""profile"": true}",1.312697,60,3.604125,2088,53568,0.375845,0.571837,21.207504,,15,11.46075,0.404592,873,0.64161,0.138841,1.175349,0,1.521858,0.572082,38.385083,51734.65454260886,1,0.0023248469999999997,53336.843241727314,1668.8598239551247,,,32,2026-09-05T07:05:49+00:00,0.2.0,monk
syclnn,124,auto,True,AdaptiveCpp 25.10.0 $HOME/.local/opt/fnn-rocm/acpp/bin/acpp / host Clang 18.1.3 $HOME/.local/opt/fnn-rocm/acpp/bin/acpp,AMD Radeon RX 7900 XTX,gpu,70253211,double,0.032957933333333335,0.0,0.014357666666666666,0.0,0.19248466666666667,0.0785958,0.06657326666666667,0.0,0.0,0.0,0.0,0.04884086666666666,0.4063074,5,0.0326215158059613,0.0371522818901226,f94918f1451075d9e8653d1b41885c7616530ffd,v0.2.0-9-gda3d659,,31.0,4.0,ws-amd,b2ddf77b0c6d,0.6771844660194175,2.465009747538722e-05,17-4-1,True,0.0005473688011988998,infer,124,"{""profile"": true}",0.494369,0,0.0,14880,252960,0.215365,0.0,2.88727,,0,1.178937,0.998599,90,0.0,0.0,0.0,0,0.0,0.732613,6.094611,226538.30420806463,1,,,1826.9218081295533,,,32,2026-09-05T07:05:49+00:00,0.2.0,monk
syclnn,40,auto,True,AdaptiveCpp 25.10.0 $HOME/.local/opt/fnn-rocm/acpp/bin/acpp / host Clang 18.1.3 $HOME/.local/opt/fnn-rocm/acpp/bin/acpp,AMD Radeon RX 7900 XTX,gpu,70253211,float,0.5570719333333333,1.9748259333333331,0.03135513333333333,0.3674906666666667,11.292834733333333,7.337368933333334,0.037814400000000005,0.20684426666666667,0.007768133333333333,0.09788113333333334,0.6744142,0.047348266666666666,20.545430266666663,5,1.3976583590630682,1.5240348220087674,f94918f1451075d9e8653d1b41885c7616530ffd,v0.2.0-9-gda3d659,15.730147924725316,78.5,70.0,ws-amd,ef5755f4ec8c,6.563354603463993,0.00021547809883486896,12-64-64-3,True,0.0206058940035291,train,1000,"{""profile"": true}",8.356079,375,29.622389,62484,180000,0.470327,5.51236,169.392521,,15,110.060534,0.567216,7614,3.102664,0.116522,1.468217,0,10.116213,0.710224,308.181454,48529.80413413431,1,0.020201596500000002,49501.03819764937,1213.2451033533578,,,32,2026-09-05T07:05:50+00:00,0.2.0,cup
syclnn,1000,auto,True,AdaptiveCpp 25.10.0 $HOME/.local/opt/fnn-rocm/acpp/bin/acpp / host Clang 18.1.3 $HOME/.local/opt/fnn-rocm/acpp/bin/acpp,AMD Radeon RX 7900 XTX,gpu,70253211,float,0.044502,0.0,0.015695466666666668,0.0,0.24854933333333334,0.11395533333333334,0.07439653333333333,0.0,0.0,0.0,0.0,0.04903226666666667,0.5031858666666666,5,15.38599172868616,16.183287977285005,f94918f1451075d9e8653d1b41885c7616530ffd,v0.2.0-9-gda3d659,,31.0,6.0,ws-amd,e779647e1a33,9.157562233749674,3.166309907101108e-05,12-64-64-3,True,0.0006572212034370751,infer,1000,"{""profile"": true}",0.66753,0,0.0,180000,720000,0.235432,0.0,3.72824,,0,1.70933,1.115948,120,0.0,0.0,0.0,0,0.0,0.735484,7.547788,1521557.7263336787,1,,,1521.5577263336786,,,32,2026-09-05T07:05:50+00:00,0.2.0,cup
syclnn,40,auto,True,AdaptiveCpp 25.10.0 $HOME/.local/opt/fnn-rocm/acpp/bin/acpp / host Clang 18.1.3 $HOME/.local/opt/fnn-rocm/acpp/bin/acpp,AMD Radeon RX 7900 XTX,gpu,70253211,double,0.7315170666666667,2.2009022666666667,0.034049133333333335,0.3701254666666667,12.3777388,7.972981866666667,0.04145426666666666,0.20962593333333332,0.008461466666666667,0.098871,0.7097503333333334,0.04948346666666667,22.41234893333333,5,1.3339952049945314,1.4546152367072487,f94918f1451075d9e8653d1b41885c7616530ffd,v0.2.0-9-gda3d659,15.139508469510474,75.5,66.0,ws-amd,faaa36bd8fe0,3.2816773017319965,0.003631526301614941,12-64-64-3,True,0.02158928299904801,train,1000,"{""profile"": true}",10.972756,375,33.013534,124728,360000,0.510737,5.551882,185.666082,,15,119.594728,0.621814,7614,3.144389,0.126922,1.483065,0,10.646255,0.742252,336.185234,46319.27795119901,1,0.0210569265,47490.31156090135,1157.9819487799753,,,32,2026-09-05T07:05:50+00:00,0.2.0,cup
syclnn,1000,auto,True,AdaptiveCpp 25.10.0 $HOME/.local/opt/fnn-rocm/acpp/bin/acpp / host Clang 18.1.3 $HOME/.local/opt/fnn-rocm/acpp/bin/acpp,AMD Radeon RX 7900 XTX,gpu,70253211,double,0.12911933333333334,0.0,0.0149822,0.0,0.39649366666666663,0.16074806666666666,0.09164406666666666,0.0,0.0,0.0,0.0,0.04554646666666667,0.6569693333333333,5,12.106549132518316,12.733905911141695,f94918f1451075d9e8653d1b41885c7616530ffd,v0.2.0-9-gda3d659,,31.0,6.0,ws-amd,2adebea98ea9,4.578781116874837,4.8487298772670285e-05,12-64-64-3,True,0.0008352503995411098,infer,1000,"{""profile"": true}",1.93679,0,0.0,360000,1440000,0.224733,0.0,5.947405,,0,2.411221,1.374661,120,0.0,0.0,0.0,0,0.0,0.683197,9.85454,1197245.7607316372,1,,,1197.2457607316373,,,32,2026-09-05T07:05:50+00:00,0.2.0,cup
syclnn,256,auto,True,AdaptiveCpp 25.10.0 $HOME/.local/opt/fnn-rocm/acpp/bin/acpp / host Clang 18.1.3 $HOME/.local/opt/fnn-rocm/acpp/bin/acpp,AMD Radeon RX 7900 XTX,gpu,70253211,float,5.764735533333334,20.227692733333335,0.11112073333333333,4.263681933333333,173.27688233333336,115.209958,16.839840866666666,1.9512446666666667,0.015616066666666668,0.0,8.8929918,0.2417578,297.05541346666666,5,455.6904453763771,461.63541936345814,f94918f1451075d9e8653d1b41885c7616530ffd,v0.2.0-9-gda3d659,580.5361331297463,123.54166666666667,76.08333333333333,ws-amd,d5a68ffb03d4,57.89303578299346,0.0031008006015326717,784-512-256-10,True,0.31698149800067765,train,60000,"{""profile"": true}",86.471033,3525,303.415391,6430056,571680000,1.666811,63.955229,2599.153235,,15,1728.14937,252.597613,70554,29.26867,0.234241,0.0,0,133.394877,3.626367,4455.831202,189285.49577323193,1,0.27998250150000004,214299.10683186032,741.3681917784918,,,32,2026-09-05T07:05:57+00:00,0.2.0,mnist-512-256
syclnn,4096,auto,True,AdaptiveCpp 25.10.0 $HOME/.local/opt/fnn-rocm/acpp/bin/acpp / host Clang 18.1.3 $HOME/.local/opt/fnn-rocm/acpp/bin/acpp,AMD Radeon RX 7900 XTX,gpu,70253211,float,0.8174346666666668,0.0,0.49881193333333335,0.0,90.2696488,4.887216333333333,84.06618586666667,0.0,0.0,0.0,0.0,0.03350146666666667,93.72173646666667,5,329.8757994588211,330.8351422069482,f94918f1451075d9e8653d1b41885c7616530ffd,v0.2.0-9-gda3d659,182.4736281267251,67.07142857142857,12.928571428571429,ws-amd,6d1d71347c8f,108.72034544069088,0.004246193499420736,784-512-256-10,True,0.19463325319811703,infer,60000,"{""profile"": true}",12.26152,0,0.0,36000000,2822400000,7.482179,0.0,1354.044732,,0,73.308245,1260.992788,1590,0.0,0.0,0.0,0,0.0,0.502522,1405.826047,308272.0913004832,1,,,77.0680228251208,,,32,2026-09-05T07:06:01+00:00,0.2.0,mnist-512-256
syclnn,256,auto,True,AdaptiveCpp 25.10.0 $HOME/.local/opt/fnn-rocm/acpp/bin/acpp / host Clang 18.1.3 $HOME/.local/opt/fnn-rocm/acpp/bin/acpp,AMD Radeon RX 7900 XTX,gpu,70253211,double,6.257087933333334,21.332802466666667,0.15380860000000002,4.9075862,324.5669073333333,244.35227619999998,34.60700166666666,1.9049864666666667,0.016088266666666667,0.0,11.035269533333333,0.23305720000000002,420.8578655333333,5,313.52079635979607,317.61101373801745,f94918f1451075d9e8653d1b41885c7616530ffd,v0.2.0-9-gda3d659,1112.430114342802,166.63636363636363,80.84848484848484,ws-amd,c5a82b47de63,28.94651789149673,0.002952599801938016,784-512-256-10,True,0.4607204423984513,train,60000,"{""profile"": true}",93.856319,3525,319.992037,12859872,1143360000,2.307129,73.613793,4868.50361,,15,3665.284143,519.105025,70554,28.574797,0.241324,0.0,0,165.529043,3.495858,6312.867983,130230.81782012478,1,0.3869637505,155053.28321444415,510.07070312882206,,,32,2026-09-05T07:06:10+00:00,0.2.0,mnist-512-256
syclnn,4096,auto,True,AdaptiveCpp 25.10.0 $HOME/.local/opt/fnn-rocm/acpp/bin/acpp / host Clang 18.1.3 $HOME/.local/opt/fnn-rocm/acpp/bin/acpp,AMD Radeon RX 7900 XTX,gpu,70253211,double,1.1691186,0.0,0.8942350666666666,0.0,233.79023700000002,63.959851400000005,167.76703193333333,0.0,0.0,0.0,0.0,0.040916266666666666,237.88349373333332,5,144.39722188094694,144.81715698345656,f94918f1451075d9e8653d1b41885c7616530ffd,v0.2.0-9-gda3d659,523.7366629316239,79.56666666666666,23.366666666666667,ws-amd,ddb31b46d9d9,54.36017272034544,0.0026751334982691444,784-512-256-10,True,0.44464013340184466,infer,60000,"{""profile"": true}",17.536779,0,0.0,72000000,5644800000,13.413526,0.0,3506.853555,,0,959.397771,2516.505479,1590,0.0,0.0,0.0,0,0.0,0.613744,3568.252406,134940.58563934185,1,,,33.73514640983546,,,32,2026-09-05T07:06:19+00:00,0.2.0,mnist-512-256
syclnn,256,auto,True,AdaptiveCpp 25.10.0 $HOME/.local/opt/fnn-rocm/acpp/bin/acpp / host Clang 18.1.3 $HOME/.local/opt/fnn-rocm/acpp/bin/acpp,AMD Radeon RX 7900 XTX,gpu,70253211,float,6.736281733333333,19.730668533333336,0.23711513333333334,5.548879266666666,187.26188786666668,119.73450673333333,17.667406533333335,1.9830052666666667,0.0143094,0.0,15.609715266666665,0.4171322,281.48427960000004,5,1915.668185069801,1936.5105285763013,f94918f1451075d9e8653d1b41885c7616530ffd,v0.2.0-9-gda3d659,711.9871698651987,158.3913043478261,77.34782608695652,ws-amd,6e04c3b274f6,75.80495846807432,0.0035066627024207264,784-1024-1024-10,True,0.299555843998678,train,60000,"{""profile"": true}",101.044226,3525,295.960028,22364520,571680000,3.556727,83.233189,2808.928318,,15,1796.017601,265.011098,70554,29.745079,0.214641,0.0,0,234.145729,6.256983,4222.264194,200296.5430387824,1,0.2611004355,229796.62935108357,784.4947935685644,,,32,2026-09-05T07:06:25+00:00,0.2.0,mnist
syclnn,4096,auto,True,AdaptiveCpp 25.10.0 $HOME/.local/opt/fnn-rocm/acpp/bin/acpp / host Clang 18.1.3 $HOME/.local/opt/fnn-rocm/acpp/bin/acpp,AMD Radeon RX 7900 XTX,gpu,70253211,float,1.3549722,0.0,0.5083242666666666,0.0,100.3494832,10.596523933333334,87.8896628,0.0,0.0,0.0,0.0,0.03281613333333334,103.83250193333333,5,1105.4298305217608,1107.873895289893,f94918f1451075d9e8653d1b41885c7616530ffd,v0.2.0-9-gda3d659,232.53246649149514,78.4,14.866666666666667,ws-amd,dfaa47ab142e,174.16334549536907,0.005780514198704623,784-1024-1024-10,True,0.20208957080030815,infer,60000,"{""profile"": true}",20.324583,0,0.0,36000000,2822400000,7.624864,0.0,1505.242248,,0,158.947859,1318.344942,1590,0.0,0.0,0.0,0,0.0,0.492242,1557.487529,296898.05249419884,1,,,74.22451312354971,,,32,2026-09-05T07:06:30+00:00,0.2.0,mnist
syclnn,256,auto,True,AdaptiveCpp 25.10.0 $HOME/.local/opt/fnn-rocm/acpp/bin/acpp / host Clang 18.1.3 $HOME/.local/opt/fnn-rocm/acpp/bin/acpp,AMD Radeon RX 7900 XTX,gpu,70253211,double,7.528870066666667,22.4094,0.411323,7.085102666666667,774.7642513333334,681.8701392,33.410493,1.9060519333333334,0.015234733333333333,0.0,20.127636733333336,0.2079516,882.0668217333333,5,620.0576399906929,626.8038262181605,f94918f1451075d9e8653d1b41885c7616530ffd,v0.2.0-9-gda3d659,3027.8181437401217,221.7058823529412,89.92647058823529,ws-amd,403f10b6dd16,37.90247923403716,0.00888675090100155,784-1024-1024-10,True,0.9254778313974384,train,60000,"{""profile"": true}",112.933051,3525,336.141,44728800,1143360000,6.169845,106.27654,11621.46377,,15,10228.052088,501.157395,70554,28.590779,0.228521,0.0,0,301.914551,3.119274,13231.002326,64831.37463098618,1,0.8517035435,70447.04751777284,253.92288397136255,,,32,2026-09-05T07:06:46+00:00,0.2.0,mnist
syclnn,4096,auto,True,AdaptiveCpp 25.10.0 $HOME/.local/opt/fnn-rocm/acpp/bin/acpp / host Clang 18.1.3 $HOME/.local/opt/fnn-rocm/acpp/bin/acpp,AMD Radeon RX 7900 XTX,gpu,70253211,double,2.3632000666666664,0.0,0.8879414666666666,0.0,388.97314086666665,219.20401126666667,166.51798806666665,0.0,0.0,0.0,0.0,0.03952426666666666,393.18488379999997,5,375.19915648851804,376.02870804763756,f94918f1451075d9e8653d1b41885c7616530ffd,v0.2.0-9-gda3d659,1075.102468787416,123.09756097560975,44.75609756097561,ws-amd,3ea4cd55a74e,87.08167274768454,0.0051320819009560426,784-1024-1024-10,True,0.5954060294025112,infer,60000,"{""profile"": true}",35.448001,0,0.0,72000000,5644800000,13.319122,0.0,5834.597113,,0,3288.060169,2497.769821,1590,0.0,0.0,0.0,0,0.0,0.592864,5897.773257,100771.56937797536,1,,,25.192892344493842,,,32,2026-09-05T07:06:57+00:00,0.2.0,mnist
ompnn,40,openblas,True,GNU 14.2.0 /usr/bin/g++-14,"AMD Ryzen Threadripper 2950X 16-Core Processor (OpenMP host, 16 threads)",cpu,201511,float,0.08969013333333334,0.004170666666666667,0.0,0.0282874,0.24277726666666669,0.027178066666666667,0.00018133333333333334,0.03224746666666666,0.0,0.00044466666666666667,0.060577533333333336,0.0,0.2506239333333333,5,0.14100284651717,0.17425591537758364,7d2a071c4c34ad3209aec7f92f64895d8344121c,v0.1.0-13-gd3e14d2,,,,3d58acb1b5b9,9e434e97d3f2,1.2191103789126854,2.9075999918859452e-05,17-4-1,True,0.00026030680164694785,train,124,"{""profile"": true}",1.345352,60,0.06256,0,26784,0.0,0.424311,3.641659,,15,0.407671,0.00272,816,0.483712,0.0,0.00667,0,0.908663,0.0,3.759359,476360.9679634121,1,0.0002252105,550595.997966347,15366.482837529424,,,16,2026-09-06T14:22:32+00:00,0.1.0,monk
ompnn,124,openblas,True,GNU 14.2.0 /usr/bin/g++-14,"AMD Ryzen Threadripper 2950X 16-Core Processor (OpenMP host, 16 threads)",cpu,201511,float,0.03428006666666667,0.0,0.00025133333333333333,0.0,0.04223673333333333,0.007206000000000001,0.0004993333333333333,0.0,0.0,0.0,0.0,0.0,0.04324006666666667,5,0.3119268033882061,0.355249970525457,7d2a071c4c34ad3209aec7f92f64895d8344121c,v0.1.0-13-gd3e14d2,,,,3d58acb1b5b9,f647e045318f,1.354368932038835,2.7372200565878313e-05,17-4-1,True,5.7244198978878556e-05,infer,124,"{""profile"": true}",0.514201,0,0.0,7440,126480,0.00377,0.0,0.633551,,0,0.10809,0.00749,90,0.0,0.0,0.0,0,0.0,0.0,0.648601,2166158.356862542,1,,,17469.019006955987,,,16,2026-09-06T14:22:32+00:00,0.1.0,monk
ompnn,40,openblas,True,GNU 14.2.0 /usr/bin/g++-14,"AMD Ryzen Threadripper 2950X 16-Core Processor (OpenMP host, 16 threads)",cpu,201511,double,0.07454073333333334,0.004286,0.0,0.027946199999999997,0.23466126666666665,0.0333214,0.0002806666666666667,0.03469813333333334,0.0,0.0004026666666666667,0.059185466666666665,0.0,0.242616,5,0.15886660440849557,0.19633252985967084,7d2a071c4c34ad3209aec7f92f64895d8344121c,v0.1.0-13-gd3e14d2,,,,3d58acb1b5b9,6fe8572e6803,0.6095551894563427,3.62980994395912e-05,17-4-1,True,0.00023103659914340823,train,124,"{""profile"": true}",1.118111,60,0.06429,0,53568,0.0,0.419193,3.519919,,15,0.499821,0.00421,816,0.520472,0.0,0.00604,0,0.887782,0.0,3.63924,536711.5013800525,1,0.0002200155,563596.6556901672,17313.274238066213,,,16,2026-09-06T14:22:32+00:00,0.1.0,monk
ompnn,124,openblas,True,GNU 14.2.0 /usr/bin/g++-14,"AMD Ryzen Threadripper 2950X 16-Core Processor (OpenMP host, 16 threads)",cpu,201511,double,0.028816133333333334,0.0,0.000354,0.0,0.03941546666666666,0.009330666666666666,0.0009146666666666666,0.0,0.0,0.0,0.0,0.0,0.040373533333333336,5,0.31591127090997323,0.35978783631413613,7d2a071c4c34ad3209aec7f92f64895d8344121c,v0.1.0-13-gd3e14d2,,,,3d58acb1b5b9,e6ec301cb6ca,0.6771844660194175,2.3956999939400703e-05,17-4-1,True,5.6522199884057045e-05,infer,124,"{""profile"": true}",0.432242,0,0.0,14880,252960,0.00531,0.0,0.591232,,0,0.13996,0.01372,90,0.0,0.0,0.0,0,0.0,0.0,0.605603,2193828.270208147,1,,,17692.163469420542,,,16,2026-09-06T14:22:33+00:00,0.1.0,monk
ompnn,40,openblas,True,GNU 14.2.0 /usr/bin/g++-14,"AMD Ryzen Threadripper 2950X 16-Core Processor (OpenMP host, 16 threads)",cpu,201511,float,0.7901012666666667,0.05321366666666667,0.0,0.34476073333333335,4.766030866666667,2.6845596,0.0013974,0.18796386666666667,0.0,0.0023426666666666665,0.7016916666666667,0.0,4.820932533333333,5,6.121253880173272,6.674738506192689,7d2a071c4c34ad3209aec7f92f64895d8344121c,v0.1.0-13-gd3e14d2,,,,3d58acb1b5b9,e4a75d889468,6.563354603463993,0.00020260049932403507,12-64-64-3,True,0.004704918398056179,train,1000,"{""profile"": true}",11.851519,375,0.798205,0,180000,0.0,5.171411,71.490463,,15,40.268394,0.020961,7551,2.819458,0.0,0.03514,0,10.525375,0.0,72.313988,212543.53750601638,1,0.004746962,210661.05016218792,5313.58843765041,,,16,2026-09-06T14:22:33+00:00,0.1.0,cup
ompnn,1000,openblas,True,GNU 14.2.0 /usr/bin/g++-14,"AMD Ryzen Threadripper 2950X 16-Core Processor (OpenMP host, 16 threads)",cpu,201511,float,0.26639406666666665,0.0,0.0011653333333333333,0.0,0.45400713333333337,0.17234766666666665,0.014100066666666666,0.0,0.0,0.0,0.0,0.0,0.4557938,5,22.355597298211908,23.51405586073792,7d2a071c4c34ad3209aec7f92f64895d8344121c,v0.1.0-13-gd3e14d2,,,,3d58acb1b5b9,25387c2af885,9.157562233749674,3.683319955598562e-05,12-64-64-3,True,0.0004523251991486177,infer,1000,"{""profile"": true}",3.995911,0,0.0,180000,720000,0.01748,0.0,6.810107,,0,2.585215,0.211501,120,0.0,0.0,0.0,0,0.0,0.0,6.836907,2210798.783446589,1,,,2210.798783446589,,,16,2026-09-06T14:22:33+00:00,0.1.0,cup
ompnn,40,openblas,True,GNU 14.2.0 /usr/bin/g++-14,"AMD Ryzen Threadripper 2950X 16-Core Processor (OpenMP host, 16 threads)",cpu,201511,double,0.7133688,0.05991553333333333,0.0,0.3096198666666667,5.305814600000001,3.4353482666666664,0.0024388,0.1600532,0.0,0.004546733333333333,0.6205234,0.0,5.344163933333333,5,5.4183494436621045,5.908277352906565,7d2a071c4c34ad3209aec7f92f64895d8344121c,v0.1.0-13-gd3e14d2,,,,3d58acb1b5b9,14bb9c54861b,3.2816773017319965,0.0005272993992548446,12-64-64-3,True,0.005315271799918264,train,1000,"{""profile"": true}",10.700532,375,0.898733,0,360000,0.0,4.644298,79.587219,,15,51.530224,0.036582,7551,2.400798,0.0,0.068201,0,9.307851,0.0,80.162459,188137.13346048974,1,0.0050109130000000005,199564.43067361176,4703.428336512244,,,16,2026-09-06T14:22:33+00:00,0.1.0,cup
ompnn,1000,openblas,True,GNU 14.2.0 /usr/bin/g++-14,"AMD Ryzen Threadripper 2950X 16-Core Processor (OpenMP host, 16 threads)",cpu,201511,double,0.30573873333333335,0.0,0.002920666666666667,0.0,0.6618342666666667,0.31896013333333334,0.03421473333333334,0.0,0.0,0.0,0.0,0.0,0.6642289333333333,5,14.234434570911771,14.972057564894937,7d2a071c4c34ad3209aec7f92f64895d8344121c,v0.1.0-13-gd3e14d2,,,,3d58acb1b5b9,c852501d7102,4.578781116874837,6.402720173355198e-05,12-64-64-3,True,0.0007103900017682463,infer,1000,"{""profile"": true}",4.586081,0,0.0,360000,1440000,0.04381,0.0,9.927514,,0,4.784402,0.513221,120,0.0,0.0,0.0,0,0.0,0.0,9.963434,1407677.4694335216,1,,,1407.6774694335218,,,16,2026-09-06T14:22:33+00:00,0.1.0,cup
ompnn,256,openblas,True,GNU 14.2.0 /usr/bin/g++-14,"AMD Ryzen Threadripper 2950X 16-Core Processor (OpenMP host, 16 threads)",cpu,201511,float,37.180093400000004,7.3856361999999995,0.0,9.7895382,700.0379869999999,546.0311245333334,22.901152200000002,1.9152964666666668,0.0,0.0,74.835146,0.0,700.7995128666666,5,197.99277120420325,200.57580072870178,7d2a071c4c34ad3209aec7f92f64895d8344121c,v0.1.0-13-gd3e14d2,,,,3d58acb1b5b9,cc7760e739ff,57.89303578299346,0.005429976098821454,784-512-256-10,True,0.7295490593998692,train,60000,"{""profile"": true}",557.701401,3525,110.784543,0,571680000,0.0,146.843073,10500.569805,,15,8190.466868,343.517283,70506,28.729447,0.0,0.0,0,1122.52719,0.0,10511.992693,82242.5842743959,1,0.679102704,88351.87909957138,322.1167884080506,,,16,2026-09-06T14:22:46+00:00,0.1.0,mnist-512-256
ompnn,4096,openblas,True,GNU 14.2.0 /usr/bin/g++-14,"AMD Ryzen Threadripper 2950X 16-Core Processor (OpenMP host, 16 threads)",cpu,201511,float,24.8310694,0.0,0.21121113333333333,0.0,294.42596433333335,169.06010446666667,100.32357933333333,0.0,0.0,0.0,0.0,0.0,294.6163623333333,5,153.07334062451667,153.51850756159007,7d2a071c4c34ad3209aec7f92f64895d8344121c,v0.1.0-13-gd3e14d2,,,,3d58acb1b5b9,9488668b0c49,108.72034544069088,0.006884322701080303,784-512-256-10,True,0.4194381578010507,infer,60000,"{""profile"": true}",372.466041,0,0.0,36000000,2822400000,3.168167,0.0,4416.389465,,0,2535.901567,1504.85369,1590,0.0,0.0,0.0,0,0.0,0.0,4419.245435,143048.5016302675,1,,,35.76212540756688,,,16,2026-09-06T14:22:55+00:00,0.1.0,mnist-512-256
ompnn,256,openblas,True,GNU 14.2.0 /usr/bin/g++-14,"AMD Ryzen Threadripper 2950X 16-Core Processor (OpenMP host, 16 threads)",cpu,201511,double,42.45629746666667,14.4745948,0.0,18.15535453333333,1203.7349938666666,992.8294785333333,43.031090400000004,2.1378958666666668,0.0,0.0,90.65028226666666,0.0,1204.8864747333332,5,115.10800112364137,116.60970931025857,7d2a071c4c34ad3209aec7f92f64895d8344121c,v0.1.0-13-gd3e14d2,,,,3d58acb1b5b9,0674d4d70044,28.94651789149673,0.0206722066999645,784-512-256-10,True,1.2548688065988245,train,60000,"{""profile"": true}",636.844462,3525,217.118922,0,1143360000,0.0,272.330318,18056.024908,,15,14892.442178,645.466356,70506,32.068438,0.0,0.0,0,1359.754234,0.0,18073.297121,47813.763227267555,1,1.1538809584999998,51998.43151757843,187.27057264013126,,,16,2026-09-06T14:23:17+00:00,0.1.0,mnist-512-256
ompnn,4096,openblas,True,GNU 14.2.0 /usr/bin/g++-14,"AMD Ryzen Threadripper 2950X 16-Core Processor (OpenMP host, 16 threads)",cpu,201511,double,26.818679666666664,0.0,0.42353593333333334,0.0,579.7214311333333,354.0054750666667,198.47374046666667,0.0,0.0,0.0,0.0,0.0,580.0601832666667,5,76.2025643119436,76.42417613548835,7d2a071c4c34ad3209aec7f92f64895d8344121c,v0.1.0-13-gd3e14d2,,,,3d58acb1b5b9,cbcc6bdc913d,54.36017272034544,0.0070119081996381505,784-512-256-10,True,0.8425543232006021,infer,60000,"{""profile"": true}",402.280195,0,0.0,72000000,5644800000,6.353039,0.0,8695.821467,,0,5310.082126,2977.106107,1590,0.0,0.0,0.0,0,0.0,0.0,8700.902749,71212.02556065304,1,,,17.80300639016326,,,16,2026-09-06T14:23:32+00:00,0.1.0,mnist-512-256
ompnn,256,openblas,True,GNU 14.2.0 /usr/bin/g++-14,"AMD Ryzen Threadripper 2950X 16-Core Processor (OpenMP host, 16 threads)",cpu,201511,float,79.6712618,24.4504418,0.0,23.4704812,2163.0356959333335,1794.1859086,21.069576733333335,1.8761733999999999,0.0,0.0,218.31185240000002,0.0,2164.7791774,5,263.28840069547624,266.15296112997146,7d2a071c4c34ad3209aec7f92f64895d8344121c,v0.1.0-13-gd3e14d2,,,,3d58acb1b5b9,993fcc1e312e,75.80495846807432,0.030611211601353716,784-1024-1024-10,True,2.179547592997551,train,60000,"{""profile"": true}",1195.068927,3525,366.756627,0,571680000,0.0,352.057218,32445.535439,,15,26912.788629,316.043651,70506,28.142601,0.0,0.0,0,3274.677786,0.0,32471.687661,27528.64869423726,1,2.146138446,27957.189859689042,107.82054071909594,,,16,2026-09-06T14:24:09+00:00,0.1.0,mnist
ompnn,4096,openblas,True,GNU 14.2.0 /usr/bin/g++-14,"AMD Ryzen Threadripper 2950X 16-Core Processor (OpenMP host, 16 threads)",cpu,201511,float,61.24544526666667,0.0,0.21544306666666665,0.0,716.1100328,555.3469796666667,99.3021648,0.0,0.0,0.0,0.0,0.0,716.3180971333334,5,262.37797845520555,262.9580865320551,7d2a071c4c34ad3209aec7f92f64895d8344121c,v0.1.0-13-gd3e14d2,,,,3d58acb1b5b9,7b4eff20950a,174.16334549536907,0.019544684700667836,784-1024-1024-10,True,0.8514275524008553,infer,60000,"{""profile"": true}",918.681679,0,0.0,36000000,2822400000,3.231646,0.0,10741.650492,,0,8330.204695,1489.532472,1590,0.0,0.0,0.0,0,0.0,0.0,10744.771457,70469.88299921938,1,,,17.617470749804845,,,16,2026-09-06T14:24:25+00:00,0.1.0,mnist
ompnn,256,openblas,True,GNU 14.2.0 /usr/bin/g++-14,"AMD Ryzen Threadripper 2950X 16-Core Processor (OpenMP host, 16 threads)",cpu,201511,double,94.54923666666667,35.29208666666667,0.0,54.64508413333333,3854.428098266667,3240.7426190666665,40.36593286666667,2.2378549333333333,0.0,0.0,386.5952839333333,0.0,3857.457592133333,5,146.6538142080045,148.24939803409924,7d2a071c4c34ad3209aec7f92f64895d8344121c,v0.1.0-13-gd3e14d2,,,,3d58acb1b5b9,aca711033c6c,37.90247923403716,0.0058572571011605845,784-1024-1024-10,True,3.9129538027977104,train,60000,"{""profile"": true}",1418.23855,3525,529.3813,0,1143360000,0.0,819.676262,57816.421474,,15,48611.139286,605.488993,70506,33.567824,0.0,0.0,0,5798.929259,0.0,57861.863882,15333.684736349504,1,3.810480226,15746.046808116935,60.056931884035556,,,16,2026-09-06T14:25:30+00:00,0.1.0,mnist
ompnn,4096,openblas,True,GNU 14.2.0 /usr/bin/g++-14,"AMD Ryzen Threadripper 2950X 16-Core Processor (OpenMP host, 16 threads)",cpu,201511,double,66.5698206,0.0,0.4399342666666667,0.0,1297.7819292666668,1031.6941958666666,199.07797853333335,0.0,0.0,0.0,0.0,0.0,1298.1185575333334,5,143.01814247010572,143.33435033202846,7d2a071c4c34ad3209aec7f92f64895d8344121c,v0.1.0-13-gd3e14d2,,,,3d58acb1b5b9,2fa407a0ed06,87.08167274768454,0.009753078401263382,784-1024-1024-10,True,1.5620104984001955,infer,60000,"{""profile"": true}",998.547309,0,0.0,72000000,5644800000,6.599014,0.0,19466.728939,,0,15475.412938,2986.169678,1590,0.0,0.0,0.0,0,0.0,0.0,19471.778363,38412.03376126585,1,,,9.603008440316462,,,16,2026-09-06T14:25:57+00:00,0.1.0,mnist
ompnn,40,rocblas,True,Clang 22.0.0 /usr/bin/amdclang++,AMD Radeon RX 7900 XTX,gpu,70253.21,float,0.21903853333333334,0.19554973333333334,0.0,0.11267166666666667,1.7471054,0.6750650666666667,0.011648733333333333,0.23116446666666668,0.0,0.07864966666666667,0.22331753333333332,0.0,1.7617754666666667,5,0.022453656608541612,0.027748960978733857,f94918f1451075d9e8653d1b41885c7616530ffd,v0.1.0-11-gfd388bf,,46.0,4.0,ws-amd,b128d2cd8ed5,1.2191103789126854,0.0002637157012941316,17-4-1,True,0.001634655799716711,train,124,"{""profile"": true}",3.285578,60,2.933246,0,26784,0.0,1.690075,26.206581,,15,10.125976,0.174731,816,3.467467,0.0,1.179745,0,3.349763,0.0,26.426632,75856.94800182976,1,0.0016084835,77091.2477498215,2446.99832263967,,,32,2026-09-05T09:08:37+00:00,0.1.0,monk
ompnn,124,rocblas,True,Clang 22.0.0 /usr/bin/amdclang++,AMD Radeon RX 7900 XTX,gpu,70253.21,float,0.07091613333333333,0.0,0.017164666666666665,0.0,0.20128646666666666,0.08843293333333334,0.024772733333333335,0.0,0.0,0.0,0.0,0.0,0.2038178,5,0.0881793469879641,0.10042647851407023,f94918f1451075d9e8653d1b41885c7616530ffd,v0.1.0-11-gfd388bf,,62.0,7.0,ws-amd,1ca69a9bee23,1.354368932038835,2.2704098955728124e-05,17-4-1,True,0.0002024963963776827,infer,124,"{""profile"": true}",1.063742,0,0.0,7440,126480,0.25747,0.0,3.019297,,0,1.326494,0.371591,90,0.0,0.0,0.0,0,0.0,0.0,3.057267,612356.5763053063,1,,,4938.3594863331155,,,32,2026-09-05T09:08:38+00:00,0.1.0,monk
ompnn,40,rocblas,True,Clang 22.0.0 /usr/bin/amdclang++,AMD Radeon RX 7900 XTX,gpu,70253.21,double,0.26187653333333333,0.2064538,0.0,0.12343953333333334,2.0890648,0.7698394000000001,0.015838,0.29888666666666663,0.0,0.0836442,0.3290866666666667,0.0,2.1081482,5,0.01816617278966581,0.02245034867423826,f94918f1451075d9e8653d1b41885c7616530ffd,v0.1.0-11-gfd388bf,,62.0,17.0,ws-amd,dfb21519bed2,0.6095551894563427,0.000265502600814216,17-4-1,True,0.002020458597689867,train,124,"{""profile"": true}",3.928148,60,3.096807,0,53568,0.0,1.851593,31.335972,,15,11.547591,0.23757,816,4.4833,0.0,1.254663,0,4.9363,0.0,31.622223,61372.2053704926,1,0.0019803195,62616.1586552069,1979.748560338471,,,32,2026-09-05T09:08:38+00:00,0.1.0,monk
ompnn,124,rocblas,True,Clang 22.0.0 /usr/bin/amdclang++,AMD Radeon RX 7900 XTX,gpu,70253.21,double,0.0787,0.0,0.017681333333333334,0.0,0.2136044666666667,0.09099106666666666,0.026232066666666668,0.0,0.0,0.0,0.0,0.0,0.2161898,5,0.0827338494982694,0.09422466192858459,f94918f1451075d9e8653d1b41885c7616530ffd,v0.1.0-11-gfd388bf,,62.0,8.0,ws-amd,d288708aeb4e,0.6771844660194175,2.0598998526111278e-05,17-4-1,True,0.00021582460030913352,infer,124,"{""profile"": true}",1.1805,0,0.0,14880,252960,0.26522,0.0,3.204067,,0,1.364866,0.393481,90,0.0,0.0,0.0,0,0.0,0.0,3.242847,574540.6215157597,1,,,4633.392108998062,,,32,2026-09-05T09:08:38+00:00,0.1.0,monk
ompnn,40,rocblas,True,Clang 22.0.0 /usr/bin/amdclang++,AMD Radeon RX 7900 XTX,gpu,70253.21,float,2.082867133333333,1.6885539999999999,0.0,1.4330054666666667,15.9730524,6.969842333333333,0.0154274,1.7194998666666665,0.0,0.11261246666666666,1.9512437333333332,0.0,16.034285866666668,5,1.7711977130292127,1.9313496562409966,f94918f1451075d9e8653d1b41885c7616530ffd,v0.1.0-11-gfd388bf,18.037651051708963,90.0,61.5,ws-amd,8a1bfd869c4e,6.563354603463993,0.0005084022006485618,12-64-64-3,True,0.016260183596750723,train,1000,"{""profile"": true}",31.243007,375,25.32831,0,180000,0.0,21.495082,239.595786,,15,104.547635,0.231411,7551,25.792498,0.0,1.689187,0,29.268656,0.0,240.514288,61499.92059129211,1,0.0156108255,64058.11146886499,1537.4980147823028,,,32,2026-09-05T09:08:38+00:00,0.1.0,cup
ompnn,1000,rocblas,True,Clang 22.0.0 /usr/bin/amdclang++,AMD Radeon RX 7900 XTX,gpu,70253.21,float,0.10947293333333333,0.0,0.0285914,0.0,0.30280006666666665,0.13442953333333335,0.030306200000000002,0.0,0.0,0.0,0.0,0.0,0.30604739999999997,5,32.56989081045715,34.25765018394207,f94918f1451075d9e8653d1b41885c7616530ffd,v0.1.0-11-gfd388bf,,66.0,9.0,ws-amd,7611b34ef727,9.157562233749674,1.9841096946038317e-05,12-64-64-3,True,0.00031047079828567804,infer,1000,"{""profile"": true}",1.642094,0,0.0,180000,720000,0.428871,0.0,4.542001,,0,2.016443,0.454593,120,0.0,0.0,0.0,0,0.0,0.0,4.590711,3220914.834894892,1,,,3220.914834894892,,,32,2026-09-05T09:08:39+00:00,0.1.0,cup
ompnn,40,rocblas,True,Clang 22.0.0 /usr/bin/amdclang++,AMD Radeon RX 7900 XTX,gpu,70253.21,double,2.1818101333333333,1.6577140666666668,0.0,1.3882555333333333,16.515778333333333,7.0541328000000005,0.016950066666666666,1.708654,0.0,0.12394233333333333,2.3843194000000003,0.0,16.5763364,5,1.698083631220636,1.8516245890005545,f94918f1451075d9e8653d1b41885c7616530ffd,v0.1.0-11-gfd388bf,20.795256846104166,103.5,63.0,ws-amd,bfcd567b81d8,3.2816773017319965,0.0006143853999674327,12-64-64-3,True,0.016960295400349424,train,1000,"{""profile"": true}",32.727152,375,24.865711,0,360000,0.0,20.823833,247.736675,,15,105.811992,0.254251,7551,25.62981,0.0,1.859135,0,35.764791,0.0,248.645046,58961.237195160975,1,0.0160066325,62474.102532184705,1474.0309298790244,,,32,2026-09-05T09:08:39+00:00,0.1.0,cup
ompnn,1000,rocblas,True,Clang 22.0.0 /usr/bin/amdclang++,AMD Radeon RX 7900 XTX,gpu,70253.21,double,0.19315773333333333,0.0,0.03211886666666667,0.0,0.4478657333333333,0.18528373333333334,0.0373054,0.0,0.0,0.0,0.0,0.0,0.45153506666666665,5,21.86543847160916,22.998497189876886,f94918f1451075d9e8653d1b41885c7616530ffd,v0.1.0-11-gfd388bf,,80.0,9.0,ws-amd,6ba20447b354,4.578781116874837,2.49111006269231e-05,12-64-64-3,True,0.00046246499987319113,infer,1000,"{""profile"": true}",2.897366,0,0.0,360000,1440000,0.481783,0.0,6.717986,,0,2.779256,0.559581,120,0.0,0.0,0.0,0,0.0,0.0,6.773026,2162325.798220843,1,,,2162.325798220843,,,32,2026-09-05T09:08:39+00:00,0.1.0,cup
ompnn,256,rocblas,True,Clang 22.0.0 /usr/bin/amdclang++,AMD Radeon RX 7900 XTX,gpu,70253.21,float,22.575900533333332,16.1298298,0.0,15.647888533333335,191.07822146666666,92.2738078,4.588587266666667,14.973558066666667,0.0,0.0,24.888649466666667,0.0,191.52577266666668,5,692.4535476777376,701.4873520288601,f94918f1451075d9e8653d1b41885c7616530ffd,v0.1.0-11-gfd388bf,457.1337975783972,153.33333333333334,73.93333333333334,ws-amd,cc673cc64b2f,57.89303578299346,0.00016131940064950667,784-512-256-10,True,0.20859946560231038,train,60000,"{""profile"": true}",338.638508,3525,241.947447,0,571680000,0.0,234.718328,2866.173322,,15,1384.107117,68.828809,70506,224.603371,0.0,0.0,0,373.329742,0.0,2872.88659,287632.5681216676,1,0.18619831650000002,322237.0702798486,1126.5608918098649,,,32,2026-09-05T09:08:44+00:00,0.1.0,mnist-512-256
ompnn,4096,rocblas,True,Clang 22.0.0 /usr/bin/amdclang++,AMD Radeon RX 7900 XTX,gpu,70253.21,float,2.051764,0.0,0.4777953333333333,0.0,30.4090976,5.113184266666667,22.766354,0.0,0.0,0.0,0.0,0.0,30.758805866666666,5,539.4758410070862,541.0447412923115,f94918f1451075d9e8653d1b41885c7616530ffd,v0.1.0-11-gfd388bf,133.25524669067818,76.75,18.25,ws-amd,be11588ec948,108.72034544069088,0.0014711944008013178,784-512-256-10,True,0.11901329979882576,infer,60000,"{""profile"": true}",30.77646,0,0.0,36000000,2822400000,7.16693,0.0,456.136464,,0,76.697764,341.49531,1590,0.0,0.0,0.0,0,0.0,0.0,461.382088,504145.3358693613,1,,,126.03633396734033,,,32,2026-09-05T09:08:47+00:00,0.1.0,mnist-512-256
ompnn,256,rocblas,True,Clang 22.0.0 /usr/bin/amdclang++,AMD Radeon RX 7900 XTX,gpu,70253.21,double,23.230748533333333,18.037253866666667,0.0,15.905068933333332,355.0142036666667,227.5534274,8.745411666666666,15.449116400000001,0.0,0.0,46.09317686666667,0.0,355.63048193333333,5,368.2726064257292,373.0771202959886,f94918f1451075d9e8653d1b41885c7616530ffd,v0.1.0-11-gfd388bf,1130.208279393657,200.07407407407408,83.55555555555556,ws-amd,58c22e5c89c2,28.94651789149673,0.000945990200852953,784-512-256-10,True,0.3922242313972674,train,60000,"{""profile"": true}",348.461228,3525,270.558808,0,1143360000,0.0,238.576034,5325.213055,,15,3413.301411,131.181175,70506,231.736746,0.0,0.0,0,691.397653,0.0,5334.457229,152973.7206348899,1,0.347161025,172830.4610230944,599.1470724866522,,,32,2026-09-05T09:08:55+00:00,0.1.0,mnist-512-256
ompnn,4096,rocblas,True,Clang 22.0.0 /usr/bin/amdclang++,AMD Radeon RX 7900 XTX,gpu,70253.21,double,2.3774312666666666,0.0,0.6611236,0.0,111.54668213333333,64.0924402,44.41568706666667,0.0,0.0,0.0,0.0,0.0,112.02010226666667,5,218.96357257305877,219.60036107284137,f94918f1451075d9e8653d1b41885c7616530ffd,v0.1.0-11-gfd388bf,443.649394835782,103.53333333333333,32.4,ws-amd,ebffa10c9eaa,54.36017272034544,0.002529400796629444,784-512-256-10,True,0.2932213758002035,infer,60000,"{""profile"": true}",35.661469,0,0.0,72000000,5644800000,9.916854,0.0,1673.200232,,0,961.386603,666.235306,1590,0.0,0.0,0.0,0,0.0,0.0,1680.301534,204623.5539147155,1,,,51.155888478678875,,,32,2026-09-05T09:09:01+00:00,0.1.0,mnist-512-256
ompnn,256,rocblas,True,Clang 22.0.0 /usr/bin/amdclang++,AMD Radeon RX 7900 XTX,gpu,70253.21,float,24.552939066666667,16.0791338,0.0,17.565954666666666,215.7161146,106.65869266666667,4.604110666666667,14.768529800000001,0.0,0.0,31.486753933333333,0.0,216.82027466666665,5,2447.667860707481,2474.298325597112,f94918f1451075d9e8653d1b41885c7616530ffd,v0.1.0-11-gfd388bf,669.3706257864833,190.61111111111111,75.77777777777777,ws-amd,e5689ff55a8b,75.80495846807432,0.001016339298803376,784-1024-1024-10,True,0.23444749559857883,train,60000,"{""profile"": true}",368.294086,3525,241.187007,0,571680000,0.0,263.48932,3235.741719,,15,1599.88039,69.06166,70506,221.527947,0.0,0.0,0,472.301309,0.0,3252.30412,255920.8399595449,1,0.210302013,285303.97376652784,1002.3566231748841,,,32,2026-09-05T09:09:06+00:00,0.1.0,mnist
ompnn,4096,rocblas,True,Clang 22.0.0 /usr/bin/amdclang++,AMD Radeon RX 7900 XTX,gpu,70253.21,float,2.5871954,0.0,0.47548666666666667,0.0,36.064484799999995,10.789413333333332,22.2123894,0.0,0.0,0.0,0.0,0.0,36.38299493333333,5,1820.9250921565247,1824.9510906778846,f94918f1451075d9e8653d1b41885c7616530ffd,v0.1.0-11-gfd388bf,160.3670162276976,88.0,21.875,ws-amd,305b3545eaf8,174.16334549536907,0.00141453430114781,784-1024-1024-10,True,0.12268260839628056,infer,60000,"{""profile"": true}",38.807931,0,0.0,36000000,2822400000,7.1323,0.0,540.967272,,0,161.8412,333.185841,1590,0.0,0.0,0.0,0,0.0,0.0,545.744924,489066.87577258144,1,,,122.26671894314535,,,32,2026-09-05T09:09:10+00:00,0.1.0,mnist
ompnn,256,rocblas,True,Clang 22.0.0 /usr/bin/amdclang++,AMD Radeon RX 7900 XTX,gpu,70253.21,double,26.244176666666664,19.031699733333333,0.0,18.177019466666664,796.8678553333334,652.7422368,9.589052866666666,18.104234466666664,0.0,0.0,52.97943533333333,0.0,798.6133595333333,5,687.2734461867349,694.7509359524262,f94918f1451075d9e8653d1b41885c7616530ffd,v0.1.0-11-gfd388bf,3121.5297243707028,251.327868852459,92.44262295081967,ws-amd,e47ede683b47,37.90247923403716,0.0015210175013635752,784-1024-1024-10,True,0.8349654757999815,train,60000,"{""profile"": true}",393.66265,3525,285.475496,0,1143360000,0.0,272.655292,11953.01783,,15,9791.133552,143.835793,70506,271.563517,0.0,0.0,0,794.69153,0.0,11979.200393,71859.25854301213,1,0.785696746,76365.34108797238,281.4487626267975,,,32,2026-09-05T09:09:25+00:00,0.1.0,mnist
ompnn,4096,rocblas,True,Clang 22.0.0 /usr/bin/amdclang++,AMD Radeon RX 7900 XTX,gpu,70253.21,double,3.4271797999999998,0.0,0.7161206,0.0,264.8000206,217.32298293333332,43.33373726666667,0.0,0.0,0.0,0.0,0.0,265.24165953333335,5,496.7221566088141,497.82039105934024,f94918f1451075d9e8653d1b41885c7616530ffd,v0.1.0-11-gfd388bf,1051.6440007142082,158.46666666666667,59.733333333333334,ws-amd,5d5643e60eec,87.08167274768454,0.001795695201144587,784-1024-1024-10,True,0.44974003480165264,infer,60000,"{""profile"": true}",51.407697,0,0.0,72000000,5644800000,10.741809,0.0,3972.000309,,0,3259.844744,650.006059,1590,0.0,0.0,0.0,0,0.0,0.0,3978.624893,133410.4045828644,1,,,33.3526011457161,,,32,2026-09-05T09:09:33+00:00,0.1.0,mnist
ompnn,40,rocblas,True,GNU 14.2.0 /usr/bin/g++-14,AMD Radeon RX 7900 XTX,gpu,70253.21,float,4.289998,0.18349986666666668,0.0,2.1439764,13.9059888,0.7867307333333333,0.019094,2.1737572666666667,0.0,0.07693633333333333,4.2319962,0.0,13.933591666666667,5,0.002645304964142114,0.0032691541296176515,f94918f1451075d9e8653d1b41885c7616530ffd,v0.1.0-11-gfd388bf,19.37354265221802,96.5,39.5,ws-amd,b128d2cd8ed5,1.2191103789126854,0.00018923560273833434,17-4-1,True,0.013875148800434545,train,124,"{""profile"": true}",64.34997,60,2.752498,0,26784,0.0,32.159646,208.589832,,15,11.800961,0.28641,816,32.606359,0.0,1.154045,0,63.479943,0.0,209.003875,8936.84109507471,1,0.0137723875,9003.522446634615,288.2851966153132,,,32,2026-09-05T10:01:29+00:00,0.1.0,monk
ompnn,124,rocblas,True,GNU 14.2.0 /usr/bin/g++-14,AMD Radeon RX 7900 XTX,gpu,70253.21,float,1.5458402,0.0,0.021793999999999997,0.0,1.7060573333333333,0.0914096,0.047013533333333336,0.0,0.0,0.0,0.0,0.0,1.7075766666666667,5,0.010848175984346226,0.012354867093283203,f94918f1451075d9e8653d1b41885c7616530ffd,v0.1.0-11-gfd388bf,,60.0,29.0,ws-amd,1ca69a9bee23,1.354368932038835,0.0002151196997147054,17-4-1,True,0.0016459909966215491,infer,124,"{""profile"": true}",23.187603,0,0.0,7440,126480,0.32691,0.0,25.59086,,0,1.371144,0.705203,90,0.0,0.0,0.0,0,0.0,0.0,25.61365,75334.5554468488,1,,,607.5367374745871,,,32,2026-09-05T10:01:29+00:00,0.1.0,monk
ompnn,40,rocblas,True,GNU 14.2.0 /usr/bin/g++-14,AMD Radeon RX 7900 XTX,gpu,70253.21,double,4.268563066666667,0.18595273333333334,0.0,2.1284817333333335,13.888208866666668,0.8020307333333334,0.017528,2.1484418666666665,0.0,0.07829566666666667,4.258915066666667,0.0,13.914322933333333,5,0.0027133090483064466,0.0033531957942235287,f94918f1451075d9e8653d1b41885c7616530ffd,v0.1.0-11-gfd388bf,20.361309959669597,101.5,63.0,ws-amd,dfb21519bed2,0.6095551894563427,0.0006956352008273825,17-4-1,True,0.013527393800904975,train,124,"{""profile"": true}",64.028446,60,2.789291,0,53568,0.0,31.927226,208.323133,,15,12.030461,0.26292,816,32.226628,0.0,1.174435,0,63.883726,0.0,208.714844,9166.584622656914,1,0.013498892,9185.939112632355,295.696278150223,,,32,2026-09-05T10:01:30+00:00,0.1.0,monk
ompnn,124,rocblas,True,GNU 14.2.0 /usr/bin/g++-14,AMD Radeon RX 7900 XTX,gpu,70253.21,double,1.5569806666666668,0.0,0.021916666666666664,0.0,1.7176219333333334,0.10484439999999999,0.0338802,0.0,0.0,0.0,0.0,0.0,1.7191633333333334,5,0.010713199320800115,0.01220114367091124,f94918f1451075d9e8653d1b41885c7616530ffd,v0.1.0-11-gfd388bf,,70.0,34.0,ws-amd,d288708aeb4e,0.6771844660194175,0.00021623770007863632,17-4-1,True,0.0016667290008626878,infer,124,"{""profile"": true}",23.35471,0,0.0,14880,252960,0.32875,0.0,25.764329,,0,1.572666,0.508203,90,0.0,0.0,0.0,0,0.0,0.0,25.78745,74397.21750555636,1,,,599.9775605286802,,,32,2026-09-05T10:01:30+00:00,0.1.0,monk
ompnn,40,rocblas,True,GNU 14.2.0 /usr/bin/g++-14,AMD Radeon RX 7900 XTX,gpu,70253.21,float,40.9417848,1.6862480666666668,0.0,27.0313882,132.87077493333334,8.003453466666667,0.0214834,13.977857466666668,0.0,0.11920639999999999,41.08935313333333,0.0,132.96221193333335,5,0.21663802215244457,0.23622646220408278,f94918f1451075d9e8653d1b41885c7616530ffd,v0.1.0-11-gfd388bf,278.9583058843127,152.8,72.5,ws-amd,8a1bfd869c4e,6.563354603463993,0.000660815101582557,12-64-64-3,True,0.13294065240188502,train,1000,"{""profile"": true}",614.126772,375,25.293721,0,180000,0.0,405.470823,1993.061624,,15,120.051802,0.322251,7551,209.667862,0.0,1.788096,0,616.340297,0.0,1994.433179,7522.153546959881,1,0.132644245,7538.962583714055,188.05383867399703,,,32,2026-09-05T10:01:32+00:00,0.1.0,cup
ompnn,1000,rocblas,True,GNU 14.2.0 /usr/bin/g++-14,AMD Radeon RX 7900 XTX,gpu,70253.21,float,2.1344252666666668,0.0,0.021845333333333335,0.0,2.323805133333333,0.13185053333333333,0.035684,0.0,0.0,0.0,0.0,0.0,2.3258658666666667,5,4.407826853985896,4.636238767701146,f94918f1451075d9e8653d1b41885c7616530ffd,v0.1.0-11-gfd388bf,,71.0,41.0,ws-amd,7611b34ef727,9.157562233749674,0.00020221569866407663,12-64-64-3,True,0.002294101001461968,infer,1000,"{""profile"": true}",32.016379,0,0.0,180000,720000,0.32768,0.0,34.857077,,0,1.977758,0.53526,120,0.0,0.0,0.0,0,0.0,0.0,34.887988,435900.5986932255,1,,,435.9005986932255,,,32,2026-09-05T10:01:33+00:00,0.1.0,cup
ompnn,40,rocblas,True,GNU 14.2.0 /usr/bin/g++-14,AMD Radeon RX 7900 XTX,gpu,70253.21,double,41.27368913333333,1.7183209333333334,0.0,27.349380466666666,134.29745153333334,8.4679864,0.022966133333333336,14.035322066666668,0.0,0.12060186666666667,41.30918453333334,0.0,134.38860566666668,5,0.2139974679700697,0.23334714874579393,f94918f1451075d9e8653d1b41885c7616530ffd,v0.1.0-11-gfd388bf,311.74461359443376,153.9090909090909,72.81818181818181,ws-amd,bfcd567b81d8,3.2816773017319965,0.0011723427014658228,12-64-64-3,True,0.13458103160373866,train,1000,"{""profile"": true}",619.105337,375,25.774814,0,360000,0.0,410.240707,2014.461773,,15,127.019796,0.344492,7551,210.529831,0.0,1.809028,0,619.637768,0.0,2015.829085,7430.4676378496415,1,0.134006444,7462.327707166082,185.76169094624106,,,32,2026-09-05T10:01:35+00:00,0.1.0,cup
ompnn,1000,rocblas,True,GNU 14.2.0 /usr/bin/g++-14,AMD Radeon RX 7900 XTX,gpu,70253.21,double,2.166712533333333,0.0,0.022276066666666667,0.0,2.3986572666666666,0.16803453333333335,0.04163413333333333,0.0,0.0,0.0,0.0,0.0,2.4009852666666665,5,4.318121181771919,4.541884581618486,f94918f1451075d9e8653d1b41885c7616530ffd,v0.1.0-11-gfd388bf,,69.0,39.0,ws-amd,6ba20447b354,4.578781116874837,0.00023140560078900325,12-64-64-3,True,0.002341759199043736,infer,1000,"{""profile"": true}",32.500688,0,0.0,360000,1440000,0.334141,0.0,35.979859,,0,2.520518,0.624512,120,0.0,0.0,0.0,0,0.0,0.0,36.014779,427029.38902016607,1,,,427.02938902016604,,,32,2026-09-05T10:01:35+00:00,0.1.0,cup
ompnn,256,rocblas,True,GNU 14.2.0 /usr/bin/g++-14,AMD Radeon RX 7900 XTX,gpu,70253.21,float,407.1553636666667,16.371777933333334,0.0,256.25125453333334,1382.9858384,105.38327640000001,4.937740533333334,133.00846293333333,0.0,0.0,459.8779624,0.0,1383.5345297333333,5,103.07267008895028,104.41736438455193,f94918f1451075d9e8653d1b41885c7616530ffd,v0.1.0-11-gfd388bf,3481.232467398717,166.11428571428573,74.72380952380952,ws-amd,cc673cc64b2f,57.89303578299346,0.0018910809012595564,784-512-256-10,True,1.401394180196803,train,60000,"{""profile"": true}",6107.330455,3525,245.576669,0,571680000,0.0,3843.768818,20744.787576,,15,1580.749146,74.066108,70506,1995.126944,0.0,0.0,0,6898.169436,0.0,20753.017946,42814.50633081263,1,1.375471803,43621.395850598914,167.6901497956828,,,32,2026-09-05T10:01:59+00:00,0.1.0,mnist-512-256
ompnn,4096,rocblas,True,GNU 14.2.0 /usr/bin/g++-14,AMD Radeon RX 7900 XTX,gpu,70253.21,float,41.13916473333334,0.0,0.4521634,0.0,69.02832893333333,5.068107866666667,22.36889293333333,0.0,0.0,0.0,0.0,0.0,69.31442539999999,5,412.4093805726111,413.60874696796657,f94918f1451075d9e8653d1b41885c7616530ffd,v0.1.0-11-gfd388bf,234.1950052818429,107.4,35.1,ws-amd,be11588ec948,108.72034544069088,0.0021660238009644506,784-512-256-10,True,0.15568220080458559,infer,60000,"{""profile"": true}",617.087471,0,0.0,36000000,2822400000,6.782451,0.0,1035.424934,,0,76.021618,335.533394,1590,0.0,0.0,0.0,0,0.0,0.0,1039.716381,385400.51264635456,1,,,96.35012816158864,,,32,2026-09-05T10:02:03+00:00,0.1.0,mnist-512-256
ompnn,256,rocblas,True,GNU 14.2.0 /usr/bin/g++-14,AMD Radeon RX 7900 XTX,gpu,70253.21,double,408.29531299999996,18.570318733333334,0.0,256.5860859333333,1574.1195580666667,240.80241146666668,9.7149504,133.55305193333334,0.0,0.0,506.5974266,0.0,1574.7338914,5,89.71773651535098,90.88820127969998,f94918f1451075d9e8653d1b41885c7616530ffd,v0.1.0-11-gfd388bf,4390.700660891307,182.325,77.23333333333333,ws-amd,58c22e5c89c2,28.94651789149673,0.0017500292015029117,784-512-256-10,True,1.6099987093999517,train,60000,"{""profile"": true}",6124.429695,3525,278.554781,0,1143360000,0.0,3848.791289,23611.793371,,15,3612.036172,145.724256,70506,2003.295779,0.0,0.0,0,7598.961399,0.0,23621.008371,37267.11061921414,1,1.562671167,38395.793860577454,145.96284992525537,,,32,2026-09-05T10:02:31+00:00,0.1.0,mnist-512-256
ompnn,4096,rocblas,True,GNU 14.2.0 /usr/bin/g++-14,AMD Radeon RX 7900 XTX,gpu,70253.21,double,43.92387553333333,0.0,0.6201441333333333,0.0,156.09563553333334,64.2918336,47.25978226666667,0.0,0.0,0.0,0.0,0.0,156.5365778,5,192.7066872308074,193.26711561995802,f94918f1451075d9e8653d1b41885c7616530ffd,v0.1.0-11-gfd388bf,588.1591159237578,121.26666666666667,38.666666666666664,ws-amd,ebffa10c9eaa,54.36017272034544,0.0008223423996241985,784-512-256-10,True,0.33317370000295343,infer,60000,"{""profile"": true}",658.858133,0,0.0,72000000,5644800000,9.302162,0.0,2341.434533,,0,964.377504,708.896734,1590,0.0,0.0,0.0,0,0.0,0.0,2348.048667,180086.2433003209,1,,,45.02156082508023,,,32,2026-09-05T10:02:37+00:00,0.1.0,mnist-512-256
ompnn,256,rocblas,True,GNU 14.2.0 /usr/bin/g++-14,AMD Radeon RX 7900 XTX,gpu,70253.21,float,395.1010883333333,16.522819000000002,0.0,255.9957754,1691.5130125333335,119.8250522,4.9740764,132.90296873333332,0.0,0.0,766.1912324666666,0.0,1692.6286372666666,5,335.6899676211864,339.34225232861957,f94918f1451075d9e8653d1b41885c7616530ffd,v0.1.0-11-gfd388bf,4803.065577202273,187.6171875,79.21875,ws-amd,e5689ff55a8b,75.80495846807432,0.002334369000163816,784-1024-1024-10,True,1.7094630622013938,train,60000,"{""profile"": true}",5926.516325,3525,247.842285,0,571680000,0.0,3839.936631,25372.695188,,15,1797.375783,74.611146,70506,1993.544531,0.0,0.0,0,11492.868487,0.0,25389.429559,35098.74025750159,1,1.6846185425,35616.37159173084,137.4700660085479,,,32,2026-09-05T10:03:06+00:00,0.1.0,mnist
ompnn,4096,rocblas,True,GNU 14.2.0 /usr/bin/g++-14,AMD Radeon RX 7900 XTX,gpu,70253.21,float,68.45635873333335,0.0,0.4642130666666667,0.0,102.1241232,10.7909826,22.4125688,0.0,0.0,0.0,0.0,0.0,102.42546593333333,5,1179.9220347557134,1182.5307990523384,f94918f1451075d9e8653d1b41885c7616530ffd,v0.1.0-11-gfd388bf,377.87656606132805,135.28571428571428,45.214285714285715,ws-amd,305b3545eaf8,174.16334549536907,0.001275449799140932,784-1024-1024-10,True,0.18933101799921132,infer,60000,"{""profile"": true}",1026.845381,0,0.0,36000000,2822400000,6.963196,0.0,1531.861848,,0,161.864739,336.188532,1590,0.0,0.0,0.0,0,0.0,0.0,1536.381989,316905.28384656936,1,,,79.22632096164234,,,32,2026-09-05T10:03:11+00:00,0.1.0,mnist
ompnn,256,rocblas,True,GNU 14.2.0 /usr/bin/g++-14,AMD Radeon RX 7900 XTX,gpu,70253.21,double,408.7956390666667,19.548548266666668,0.0,258.76629560000003,2434.124813133333,665.8397220666667,9.4900294,133.1102396,0.0,0.0,938.5743391333333,0.0,2435.948838,5,232.21631345404165,234.742811628696,f94918f1451075d9e8653d1b41885c7616530ffd,v0.1.0-11-gfd388bf,8109.431126354175,219.89071038251367,85.07103825136612,ws-amd,e47ede683b47,37.90247923403716,0.0018753577023744583,784-1024-1024-10,True,2.4711855573987123,train,60000,"{""profile"": true}",6131.934586,3525,293.228224,0,1143360000,0.0,3881.494434,36511.872197,,15,9987.595831,142.350441,70506,1996.653594,0.0,0.0,0,14078.615087,0.0,36539.23257,24279.844069321472,1,2.421538281,24777.63844196688,95.09605593817577,,,32,2026-09-05T10:03:52+00:00,0.1.0,mnist
ompnn,4096,rocblas,True,GNU 14.2.0 /usr/bin/g++-14,AMD Radeon RX 7900 XTX,gpu,70253.21,double,83.50107813333334,0.0,0.6219919333333334,0.0,344.7174404666667,214.0256264,46.568744,0.0,0.0,0.0,0.0,0.0,345.17346906666666,5,419.60248464647844,420.530210333835,f94918f1451075d9e8653d1b41885c7616530ffd,v0.1.0-11-gfd388bf,1377.0900208144158,176.03333333333333,65.96666666666667,ws-amd,5d5643e60eec,87.08167274768454,0.0021004472975618693,784-1024-1024-10,True,0.5323987539974041,infer,60000,"{""profile"": true}",1252.516172,0,0.0,72000000,5644800000,9.329879,0.0,5170.761607,,0,3210.384396,698.53116,1590,0.0,0.0,0.0,0,0.0,0.0,5177.602036,112697.48388684724,1,,,28.174370971711813,,,32,2026-09-05T10:04:02+00:00,0.1.0,mnist
syclnn,1,auto,True,Clang 22.1.0 /opt/sycl/bin/clang++,AMD Ryzen Threadripper 2950X 16-Core Processor ,cpu,2026.21.6.0.17_160000,float,,,,,,,,,,,,,,3,0.0013976868344599512,0.0015918100059127223,7d2a071c4c34ad3209aec7f92f64895d8344121c,v0.2.0-9-gda3d659,,,,06c179eb2eec,d0a420e6a3dc,0.3673469387755102,0.0008257053341367282,17-4-1,True,0.012775394000830905,infer,124,{},,,,,,,,,,,,,,,,,,,,,9706.158572638551,1,,,9706.158572638551,,,16,2026-09-06T10:33:52+00:00,0.2.0,monk
syclnn,124,auto,True,Clang 22.1.0 /opt/sycl/bin/clang++,AMD Ryzen Threadripper 2950X 16-Core Processor ,cpu,2026.21.6.0.17_160000,float,,,,,,,,,,,,,,5,0.042920126163218095,0.04888125479699839,7d2a071c4c34ad3209aec7f92f64895d8344121c,v0.2.0-9-gda3d659,,,,06c179eb2eec,c717fe684269,1.354368932038835,3.0084000900387775e-05,17-4-1,True,0.00041602860001148655,infer,124,{},,,,,,,,,,,,,,,,,,,,,298056.43168901454,1,,,2403.6809007178595,,,16,2026-09-06T10:33:52+00:00,0.2.0,monk
syclnn,1,auto,True,Clang 22.1.0 /opt/sycl/bin/clang++,AMD Ryzen Threadripper 2950X 16-Core Processor ,cpu,2026.21.6.0.17_160000,double,,,,,,,,,,,,,,3,0.0013306252842726295,0.001515434351532717,7d2a071c4c34ad3209aec7f92f64895d8344121c,v0.2.0-9-gda3d659,,,,06c179eb2eec,bbe9d590ba7c,0.1836734693877551,0.004152111333193414,17-4-1,True,0.013419255000674942,infer,124,{},,,,,,,,,,,,,,,,,,,,,9240.453363004372,1,,,9240.453363004372,,,16,2026-09-06T10:33:52+00:00,0.2.0,monk
syclnn,124,auto,True,Clang 22.1.0 /opt/sycl/bin/clang++,AMD Ryzen Threadripper 2950X 16-Core Processor ,cpu,2026.21.6.0.17_160000,double,,,,,,,,,,,,,,5,0.03674293314203638,0.04184611830065254,7d2a071c4c34ad3209aec7f92f64895d8344121c,v0.2.0-9-gda3d659,,,,06c179eb2eec,3b668046b3be,0.6771844660194175,3.720419917954134e-05,17-4-1,True,0.00048597100103506816,infer,124,{},,,,,,,,,,,,,,,,,,,,,255159.25793080818,1,,,2057.7359510549045,,,16,2026-09-06T10:33:53+00:00,0.2.0,monk
syclnn,1,auto,True,Clang 22.1.0 /opt/sycl/bin/clang++,AMD Ryzen Threadripper 2950X 16-Core Processor ,cpu,2026.21.6.0.17_160000,float,,,,,,,,,,,,,,3,0.07414031623581697,0.07798223926860653,7d2a071c4c34ad3209aec7f92f64895d8344121c,v0.2.0-9-gda3d659,,,,06c179eb2eec,f90a61515044,0.4745635442087479,0.010780000001735401,12-64-64-3,True,0.27932678266612737,infer,2048,{},,,,,,,,,,,,,,,,,,,,,7331.914184712912,1,,,7331.914184712912,,,16,2026-09-06T10:33:57+00:00,0.2.0,cup
syclnn,1000,auto,True,Clang 22.1.0 /opt/sycl/bin/clang++,AMD Ryzen Threadripper 2950X 16-Core Processor ,cpu,2026.21.6.0.17_160000,float,,,,,,,,,,,,,,5,9.681761858527512,10.18346708141798,7d2a071c4c34ad3209aec7f92f64895d8344121c,v0.2.0-9-gda3d659,,,,06c179eb2eec,87ca1bac9224,9.157562233749674,1.4314000145532321e-05,12-64-64-3,True,0.0010444380008266308,infer,1000,{},,,,,,,,,,,,,,,,,,,,,957452.7154398251,1,,,957.4527154398252,,,16,2026-09-06T10:33:57+00:00,0.2.0,cup
syclnn,1,auto,True,Clang 22.1.0 /opt/sycl/bin/clang++,AMD Ryzen Threadripper 2950X 16-Core Processor ,cpu,2026.21.6.0.17_160000,double,,,,,,,,,,,,,,3,0.07331410057597679,0.07711320942702621,7d2a071c4c34ad3209aec7f92f64895d8344121c,v0.2.0-9-gda3d659,,,,06c179eb2eec,4a59ba3c53b3,0.23728177210437396,0.005012385666001706,12-64-64-3,True,0.28247466500033624,infer,2048,{},,,,,,,,,,,,,,,,,,,,,7250.207731010362,1,,,7250.207731010362,,,16,2026-09-06T10:34:02+00:00,0.2.0,cup
syclnn,1000,auto,True,Clang 22.1.0 /opt/sycl/bin/clang++,AMD Ryzen Threadripper 2950X 16-Core Processor ,cpu,2026.21.6.0.17_160000,double,,,,,,,,,,,,,,5,7.340074994872098,7.720434893736119,7d2a071c4c34ad3209aec7f92f64895d8344121c,v0.2.0-9-gda3d659,,,,06c179eb2eec,f4572f36799d,4.578781116874837,4.0021998574957425e-05,12-64-64-3,True,0.0013776425999822094,infer,1000,{},,,,,,,,,,,,,,,,,,,,,725877.6695878261,1,,,725.8776695878262,,,16,2026-09-06T10:34:02+00:00,0.2.0,cup
syclnn,1,auto,True,Clang 22.1.0 /opt/sycl/bin/clang++,AMD Ryzen Threadripper 2950X 16-Core Processor ,cpu,2026.21.6.0.17_160000,float,,,,,,,,,,,,,,3,1.200710713074837,1.2042026125020657,7d2a071c4c34ad3209aec7f92f64895d8344121c,v0.2.0-9-gda3d659,,,,06c179eb2eec,dcdf6c6a0f02,0.49783203379422,0.1295527543334174,784-512-256-10,True,1.8251888786665706,infer,2048,{},,,,,,,,,,,,,,,,,,,,,1122.0756514231057,1,,,1122.0756514231057,,,16,2026-09-06T10:34:31+00:00,0.2.0,mnist-512-256
syclnn,4096,auto,True,Clang 22.1.0 /opt/sycl/bin/clang++,AMD Ryzen Threadripper 2950X 16-Core Processor ,cpu,2026.21.6.0.17_160000,float,,,,,,,,,,,,,,5,120.56156211929611,120.91217850434698,7d2a071c4c34ad3209aec7f92f64895d8344121c,v0.2.0-9-gda3d659,,,,06c179eb2eec,2e13fe50c818,108.72034544069088,0.021500706399092517,784-512-256-10,True,0.5325478441998712,infer,60000,{},,,,,,,,,,,,,,,,,,,,,112665.93349964125,1,,,28.166483374910314,,,16,2026-09-06T10:34:46+00:00,0.2.0,mnist-512-256
syclnn,1,auto,True,Clang 22.1.0 /opt/sycl/bin/clang++,AMD Ryzen Threadripper 2950X 16-Core Processor ,cpu,2026.21.6.0.17_160000,double,,,,,,,,,,,,,,3,0.138776489170674,0.1391800780932771,7d2a071c4c34ad3209aec7f92f64895d8344121c,v0.2.0-9-gda3d659,,,,06c179eb2eec,4c67cac89dd9,0.24891601689711,6.237503434997054,784-512-256-10,True,15.791751564667114,infer,2048,{},,,,,,,,,,,,,,,,,,,,,129.6879571346759,1,,,129.6879571346759,,,16,2026-09-06T10:37:51+00:00,0.2.0,mnist-512-256
syclnn,4096,auto,True,Clang 22.1.0 /opt/sycl/bin/clang++,AMD Ryzen Threadripper 2950X 16-Core Processor ,cpu,2026.21.6.0.17_160000,double,,,,,,,,,,,,,,5,55.48105773705737,55.6424074040708,7d2a071c4c34ad3209aec7f92f64895d8344121c,v0.2.0-9-gda3d659,,,,06c179eb2eec,c414a87bf2cc,54.36017272034544,0.019599422799365218,784-512-256-10,True,1.1572382109996397,infer,60000,{},,,,,,,,,,,,,,,,,,,,,51847.57937449291,1,,,12.961894843623229,,,16,2026-09-06T10:38:23+00:00,0.2.0,mnist-512-256
syclnn,1,auto,True,Clang 22.1.0 /opt/sycl/bin/clang++,AMD Ryzen Threadripper 2950X 16-Core Processor ,cpu,2026.21.6.0.17_160000,float,,,,,,,,,,,,,,3,0.1447566595170058,0.14507671117628754,7d2a071c4c34ad3209aec7f92f64895d8344121c,v0.2.0-9-gda3d659,,,,06c179eb2eec,20a919e8a82e,0.49869007705240015,2.0124771573318867,784-1024-1024-10,True,52.67629618866825,infer,2048,{},,,,,,,,,,,,,,,,,,,,,38.878967356869076,1,,,38.878967356869076,,,16,2026-09-06T10:52:26+00:00,0.2.0,mnist
syclnn,4096,auto,True,Clang 22.1.0 /opt/sycl/bin/clang++,AMD Ryzen Threadripper 2950X 16-Core Processor ,cpu,2026.21.6.0.17_160000,float,,,,,,,,,,,,,,5,196.22756430830307,196.6614162482638,7d2a071c4c34ad3209aec7f92f64895d8344121c,v0.2.0-9-gda3d659,,,,06c179eb2eec,7c71729a0b67,174.16334549536907,0.014129406800202693,784-1024-1024-10,True,1.1384529018003378,infer,60000,{},,,,,,,,,,,,,,,,,,,,,52703.10252195468,1,,,13.175775630488669,,,16,2026-09-06T10:52:58+00:00,0.2.0,mnist
syclnn,1,auto,True,Clang 22.1.0 /opt/sycl/bin/clang++,AMD Ryzen Threadripper 2950X 16-Core Processor ,cpu,2026.21.6.0.17_160000,double,,,,,,,,,,,,,,3,0.04537784103806683,0.045478169778501394,7d2a071c4c34ad3209aec7f92f64895d8344121c,v0.2.0-9-gda3d659,,,,06c179eb2eec,ebc446addf89,0.24934503852620007,4.01586897133285,784-1024-1024-10,True,168.0389480319985,infer,2048,{},,,,,,,,,,,,,,,,,,,,,12.187650684471159,1,,,12.187650684471159,,,16,2026-09-06T11:37:30+00:00,0.2.0,mnist
syclnn,4096,auto,True,Clang 22.1.0 /opt/sycl/bin/clang++,AMD Ryzen Threadripper 2950X 16-Core Processor ,cpu,2026.21.6.0.17_160000,double,,,,,,,,,,,,,,5,96.34590112007824,96.55891837000209,7d2a071c4c34ad3209aec7f92f64895d8344121c,v0.2.0-9-gda3d659,,,,06c179eb2eec,78602c3051d5,87.08167274768454,0.017198949400335284,784-1024-1024-10,True,2.3186854594008763,infer,60000,{},,,,,,,,,,,,,,,,,,,,,25876.73104031254,1,,,6.4691827600781355,,,16,2026-09-06T11:38:32+00:00,0.2.0,mnist
cudann,1,rocblas,True,Clang 22.0.0 /usr/bin/hipcc (hipcc),AMD Radeon RX 7900 XTX,gpu,70253.21,float,,,,,,,,,,,,,,3,0.0036911315090090466,0.00420378866303808,f94918f1451075d9e8653d1b41885c7616530ffd,v0.1.0-8-g4f0277c,,46.0,3.0,ws-amd,c847d093a670,0.3673469387755102,1.746667354988584e-05,17-4-1,True,0.004837540996959433,infer,124,{},,,,,,,,,,,,,,,,,,,,,25632.857701451714,1,,,25632.857701451714,,,32,2026-09-05T07:04:28+00:00,0.1.0,monk
cudann,124,rocblas,True,Clang 22.0.0 /usr/bin/hipcc (hipcc),AMD Radeon RX 7900 XTX,gpu,70253.21,float,,,,,,,,,,,,,,5,0.052577709912779935,0.05988016962288825,f94918f1451075d9e8653d1b41885c7616530ffd,v0.1.0-8-g4f0277c,,57.0,9.0,ws-amd,8213b4aaa3c9,1.354368932038835,3.981799818575426e-06,17-4-1,True,0.00033961159642785786,infer,124,{},,,,,,,,,,,,,,,,,,,,,365122.9855054162,1,,,2944.54020568884,,,32,2026-09-05T07:04:28+00:00,0.1.0,monk
cudann,1,rocblas,True,Clang 22.0.0 /usr/bin/hipcc (hipcc),AMD Radeon RX 7900 XTX,gpu,70253.21,double,,,,,,,,,,,,,,3,0.0025798950912334414,0.002938213853904753,f94918f1451075d9e8653d1b41885c7616530ffd,v0.1.0-8-g4f0277c,,62.0,18.0,ws-amd,501519dc1b68,0.1836734693877551,9.150734210076374e-05,17-4-1,True,0.006921211665030569,infer,124,{},,,,,,,,,,,,,,,,,,,,,17915.938133565567,1,,,17915.938133565567,,,32,2026-09-05T07:04:28+00:00,0.1.0,monk
cudann,124,rocblas,True,Clang 22.0.0 /usr/bin/hipcc (hipcc),AMD Radeon RX 7900 XTX,gpu,70253.21,double,,,,,,,,,,,,,,5,0.05339492603476236,0.06081088798403491,f94918f1451075d9e8653d1b41885c7616530ffd,v0.1.0-8-g4f0277c,,62.0,10.0,ws-amd,f3c3e6cf3695,0.6771844660194175,5.159800639376055e-06,17-4-1,True,0.0003344137978274375,infer,124,{},,,,,,,,,,,,,,,,,,,,,370798.0974636275,1,,,2990.3072376098994,,,32,2026-09-05T07:04:29+00:00,0.1.0,monk
cudann,1,rocblas,True,Clang 22.0.0 /usr/bin/hipcc (hipcc),AMD Radeon RX 7900 XTX,gpu,70253.21,float,,,,,,,,,,,,,,3,0.1232305216132237,0.12961628044682036,f94918f1451075d9e8653d1b41885c7616530ffd,v0.1.0-8-g4f0277c,319.1808223749831,131.07692307692307,88.07692307692308,ws-amd,c6641952ec9d,0.4745635442087479,0.004530279004635901,12-64-64-3,True,0.1680539506681574,infer,2048,{},,,,,,,,,,,,,,,,,,,,,12186.562659535572,1,,,12186.562659535572,,,32,2026-09-05T07:04:31+00:00,0.1.0,cup
cudann,1000,rocblas,True,Clang 22.0.0 /usr/bin/hipcc (hipcc),AMD Radeon RX 7900 XTX,gpu,70253.21,float,,,,,,,,,,,,,,5,20.565285040957242,21.63097030217773,f94918f1451075d9e8653d1b41885c7616530ffd,v0.1.0-8-g4f0277c,,39.0,7.0,ws-amd,5ef0fc12e270,9.157562233749674,9.517660364508632e-05,12-64-64-3,True,0.000491702399449423,infer,1000,{},,,,,,,,,,,,,,,,,,,,,2033750.4985123854,1,,,2033.7504985123853,,,32,2026-09-05T07:04:32+00:00,0.1.0,cup
cudann,1,rocblas,True,Clang 22.0.0 /usr/bin/hipcc (hipcc),AMD Radeon RX 7900 XTX,gpu,70253.21,double,,,,,,,,,,,,,,3,0.14625674181081277,0.15383571063091425,f94918f1451075d9e8653d1b41885c7616530ffd,v0.1.0-8-g4f0277c,278.0430263970338,137.0909090909091,94.0909090909091,ws-amd,b2f39e614c47,0.23728177210437396,0.015507131669437513,12-64-64-3,True,0.14159604366674708,infer,2048,{},,,,,,,,,,,,,,,,,,,,,14463.680954392086,1,,,14463.680954392086,,,32,2026-09-05T07:04:34+00:00,0.1.0,cup
cudann,1000,rocblas,True,Clang 22.0.0 /usr/bin/hipcc (hipcc),AMD Radeon RX 7900 XTX,gpu,70253.21,double,,,,,,,,,,,,,,5,18.293428646795835,19.241387172401154,f94918f1451075d9e8653d1b41885c7616530ffd,v0.1.0-8-g4f0277c,,54.0,8.0,ws-amd,dae3d3a77c27,4.578781116874837,1.634620130062101e-05,12-64-64-3,True,0.0005527667992282659,infer,1000,{},,,,,,,,,,,,,,,,,,,,,1809081.1557353472,1,,,1809.0811557353472,,,32,2026-09-05T07:04:34+00:00,0.1.0,cup
cudann,1,rocblas,True,Clang 22.0.0 /usr/bin/hipcc (hipcc),AMD Radeon RX 7900 XTX,gpu,70253.21,float,,,,,,,,,,,,,,3,13.639932074807145,13.679599640425419,f94918f1451075d9e8653d1b41885c7616530ffd,v0.1.0-8-g4f0277c,354.376520021513,144.46153846153845,91.15384615384616,ws-amd,5fdda9ee9637,0.49783203379422,0.0024328020032650666,784-512-256-10,True,0.16066970333728628,infer,2048,{},,,,,,,,,,,,,,,,,,,,,12746.647049573066,1,,,12746.647049573066,,,32,2026-09-05T07:04:38+00:00,0.1.0,mnist-512-256
cudann,4096,rocblas,True,Clang 22.0.0 /usr/bin/hipcc (hipcc),AMD Radeon RX 7900 XTX,gpu,70253.21,float,,,,,,,,,,,,,,5,327.72503709416156,328.67812500855774,f94918f1451075d9e8653d1b41885c7616530ffd,v0.1.0-8-g4f0277c,320.94890139509516,67.04166666666667,11.833333333333334,ws-amd,e6379569e4a0,108.72034544069088,0.0026087231934070476,784-512-256-10,True,0.1959105735993944,infer,60000,{},,,,,,,,,,,,,,,,,,,,,306262.1832892509,1,,,76.56554582231271,,,32,2026-09-05T07:04:44+00:00,0.1.0,mnist-512-256
cudann,1,rocblas,True,Clang 22.0.0 /usr/bin/hipcc (hipcc),AMD Radeon RX 7900 XTX,gpu,70253.21,double,,,,,,,,,,,,,,3,4.982384180139593,4.996873918821369,f94918f1451075d9e8653d1b41885c7616530ffd,v0.1.0-8-g4f0277c,1025.4135194736446,158.63636363636363,96.03030303030303,ws-amd,2e07c57254d3,0.24891601689711,0.00017442066261230682,784-512-256-10,True,0.4398544473418345,infer,2048,{},,,,,,,,,,,,,,,,,,,,,4656.085694657963,1,,,4656.085694657963,,,32,2026-09-05T07:04:53+00:00,0.1.0,mnist-512-256
cudann,4096,rocblas,True,Clang 22.0.0 /usr/bin/hipcc (hipcc),AMD Radeon RX 7900 XTX,gpu,70253.21,double,,,,,,,,,,,,,,5,144.86581011617574,145.28710796407643,f94918f1451075d9e8653d1b41885c7616530ffd,v0.1.0-8-g4f0277c,875.1376262026315,79.86,23.1,ws-amd,06a74b8d4335,54.36017272034544,0.004733041801955551,784-512-256-10,True,0.4432018842024263,infer,60000,{},,,,,,,,,,,,,,,,,,,,,135378.48582926113,1,,,33.844621457315284,,,32,2026-09-05T07:05:06+00:00,0.1.0,mnist-512-256
cudann,1,rocblas,True,Clang 22.0.0 /usr/bin/hipcc (hipcc),AMD Radeon RX 7900 XTX,gpu,70253.21,float,,,,,,,,,,,,,,3,35.13368034165908,35.21135961892025,f94918f1451075d9e8653d1b41885c7616530ffd,v0.1.0-8-g4f0277c,507.5576026834606,155.47058823529412,93.29411764705883,ws-amd,2a62fb3e35e4,0.49869007705240015,0.000183040994064243,784-1024-1024-10,True,0.2170351809957841,infer,2048,{},,,,,,,,,,,,,,,,,,,,,9436.258170696217,1,,,9436.258170696217,,,32,2026-09-05T07:05:10+00:00,0.1.0,mnist
cudann,4096,rocblas,True,Clang 22.0.0 /usr/bin/hipcc (hipcc),AMD Radeon RX 7900 XTX,gpu,70253.21,float,,,,,,,,,,,,,,5,1131.0563510885274,1133.557075152725,f94918f1451075d9e8653d1b41885c7616530ffd,v0.1.0-8-g4f0277c,382.7833581311279,78.04,14.68,ws-amd,fb186999e84b,174.16334549536907,0.0069229450018610805,784-1024-1024-10,True,0.19751079580164516,infer,60000,{},,,,,,,,,,,,,,,,,,,,,303780.86299776955,1,,,75.94521574944238,,,32,2026-09-05T07:05:17+00:00,0.1.0,mnist
cudann,1,rocblas,True,Clang 22.0.0 /usr/bin/hipcc (hipcc),AMD Radeon RX 7900 XTX,gpu,70253.21,double,,,,,,,,,,,,,,3,10.568095999094101,10.591461671328071,f94918f1451075d9e8653d1b41885c7616530ffd,v0.1.0-8-g4f0277c,1962.135742093029,183.87037037037038,97.77777777777777,ws-amd,02fb6415fc45,0.24934503852620007,0.00012127700028941035,784-1024-1024-10,True,0.7215343873346379,infer,2048,{},,,,,,,,,,,,,,,,,,,,,2838.3955580625225,1,,,2838.3955580625225,,,32,2026-09-05T07:05:30+00:00,0.1.0,mnist
cudann,4096,rocblas,True,Clang 22.0.0 /usr/bin/hipcc (hipcc),AMD Radeon RX 7900 XTX,gpu,70253.21,double,,,,,,,,,,,,,,5,373.222931615652,374.048113814137,f94918f1451075d9e8653d1b41885c7616530ffd,v0.1.0-8-g4f0277c,1887.453286343618,127.4225352112676,42.732394366197184,ws-amd,9dafaeef84bf,87.08167274768454,0.012203029601368987,784-1024-1024-10,True,0.5985587194038089,infer,60000,{},,,,,,,,,,,,,,,,,,,,,100240.79184706,1,,,25.060197961765,,,32,2026-09-05T07:05:47+00:00,0.1.0,mnist
syclnn,1,auto,True,AdaptiveCpp 25.10.0 $HOME/.local/opt/fnn-rocm/acpp/bin/acpp / host Clang 18.1.3 $HOME/.local/opt/fnn-rocm/acpp/bin/acpp,AMD Radeon RX 7900 XTX,gpu,70253211,float,,,,,,,,,,,,,,3,0.0008997273001061121,0.0010246894251208498,f94918f1451075d9e8653d1b41885c7616530ffd,v0.2.0-9-gda3d659,17.949587564493413,89.5,50.0,ws-amd,385579bf079f,0.3673469387755102,7.063001006220662e-05,17-4-1,True,0.01984601333970204,infer,124,{},,,,,,,,,,,,,,,,,,,,,6248.106250736889,1,,,6248.106250736889,,,32,2026-09-05T07:02:30+00:00,0.2.0,monk
syclnn,124,auto,True,AdaptiveCpp 25.10.0 $HOME/.local/opt/fnn-rocm/acpp/bin/acpp / host Clang 18.1.3 $HOME/.local/opt/fnn-rocm/acpp/bin/acpp,AMD Radeon RX 7900 XTX,gpu,70253211,float,,,,,,,,,,,,,,5,0.035051448553418005,0.039919705296948285,f94918f1451075d9e8653d1b41885c7616530ffd,v0.2.0-9-gda3d659,,32.0,4.0,ws-amd,787d8e32c0ed,1.354368932038835,1.4162197476252979e-05,17-4-1,True,0.0005094225984066725,infer,124,{},,,,,,,,,,,,,,,,,,,,,243412.83717651392,1,,,1963.0067514234993,,,32,2026-09-05T07:02:30+00:00,0.2.0,monk
syclnn,1,auto,True,AdaptiveCpp 25.10.0 $HOME/.local/opt/fnn-rocm/acpp/bin/acpp / host Clang 18.1.3 $HOME/.local/opt/fnn-rocm/acpp/bin/acpp,AMD Radeon RX 7900 XTX,gpu,70253211,double,,,,,,,,,,,,,,3,0.0006993585271316757,0.0007964916558999639,f94918f1451075d9e8653d1b41885c7616530ffd,v0.2.0-9-gda3d659,15.657043115585111,78.0,58.5,ws-amd,99bb26f12fed,0.1836734693877551,0.0005253560084383935,17-4-1,True,0.02553196866453315,infer,124,{},,,,,,,,,,,,,,,,,,,,,4856.656438414415,1,,,4856.656438414415,,,32,2026-09-05T07:02:31+00:00,0.2.0,monk
syclnn,124,auto,True,AdaptiveCpp 25.10.0 $HOME/.local/opt/fnn-rocm/acpp/bin/acpp / host Clang 18.1.3 $HOME/.local/opt/fnn-rocm/acpp/bin/acpp,AMD Radeon RX 7900 XTX,gpu,70253211,double,,,,,,,,,,,,,,5,0.034597235524415675,0.03940240712502895,f94918f1451075d9e8653d1b41885c7616530ffd,v0.2.0-9-gda3d659,,32.0,4.0,ws-amd,9e857fed5b28,0.6771844660194175,2.430420136079192e-05,17-4-1,True,0.000516110600437969,infer,124,{},,,,,,,,,,,,,,,,,,,,,240258.58003066437,1,,,1937.5691937956803,,,32,2026-09-05T07:02:31+00:00,0.2.0,monk
syclnn,1,auto,True,AdaptiveCpp 25.10.0 $HOME/.local/opt/fnn-rocm/acpp/bin/acpp / host Clang 18.1.3 $HOME/.local/opt/fnn-rocm/acpp/bin/acpp,AMD Radeon RX 7900 XTX,gpu,70253211,float,,,,,,,,,,,,,,3,0.03620690722248166,0.03808313540529222,f94918f1451075d9e8653d1b41885c7616530ffd,v0.2.0-9-gda3d659,1034.1448304215737,119.77272727272727,84.1590909090909,ws-amd,93d333608b01,0.4745635442087479,0.01509581967062934,12-64-64-3,True,0.571973073335054,infer,2048,{},,,,,,,,,,,,,,,,,,,,,3580.588135134658,1,,,3580.588135134658,,,32,2026-09-05T07:02:40+00:00,0.2.0,cup
syclnn,1000,auto,True,AdaptiveCpp 25.10.0 $HOME/.local/opt/fnn-rocm/acpp/bin/acpp / host Clang 18.1.3 $HOME/.local/opt/fnn-rocm/acpp/bin/acpp,AMD Radeon RX 7900 XTX,gpu,70253211,float,,,,,,,,,,,,,,5,16.135126598035544,16.97124273108248,f94918f1451075d9e8653d1b41885c7616530ffd,v0.2.0-9-gda3d659,,32.0,5.0,ws-amd,de3f7f6347a4,9.157562233749674,2.3922201944515044e-05,12-64-64-3,True,0.0006267071992624551,infer,1000,{},,,,,,,,,,,,,,,,,,,,,1595641.4752804136,1,,,1595.6414752804137,,,32,2026-09-05T07:02:40+00:00,0.2.0,cup
syclnn,1,auto,True,AdaptiveCpp 25.10.0 $HOME/.local/opt/fnn-rocm/acpp/bin/acpp / host Clang 18.1.3 $HOME/.local/opt/fnn-rocm/acpp/bin/acpp,AMD Radeon RX 7900 XTX,gpu,70253211,double,,,,,,,,,,,,,,3,0.035225482348203746,0.03705085346672222,f94918f1451075d9e8653d1b41885c7616530ffd,v0.2.0-9-gda3d659,1023.8937743625575,121.3953488372093,88.69767441860465,ws-amd,27bcea302113,0.23728177210437396,0.047564816661179066,12-64-64-3,True,0.5879089403315447,infer,2048,{},,,,,,,,,,,,,,,,,,,,,3483.532668928377,1,,,3483.532668928377,,,32,2026-09-05T07:02:50+00:00,0.2.0,cup
syclnn,1000,auto,True,AdaptiveCpp 25.10.0 $HOME/.local/opt/fnn-rocm/acpp/bin/acpp / host Clang 18.1.3 $HOME/.local/opt/fnn-rocm/acpp/bin/acpp,AMD Radeon RX 7900 XTX,gpu,70253211,double,,,,,,,,,,,,,,5,14.023494991534537,14.750187176618013,f94918f1451075d9e8653d1b41885c7616530ffd,v0.2.0-9-gda3d659,,32.0,6.0,ws-amd,2559543dd4f3,4.578781116874837,6.793992361053846e-06,12-64-64-3,True,0.000721075595356524,infer,1000,{},,,,,,,,,,,,,,,,,,,,,1386817.1471058682,1,,,1386.8171471058681,,,32,2026-09-05T07:02:50+00:00,0.2.0,cup
syclnn,1,auto,True,AdaptiveCpp 25.10.0 $HOME/.local/opt/fnn-rocm/acpp/bin/acpp / host Clang 18.1.3 $HOME/.local/opt/fnn-rocm/acpp/bin/acpp,AMD Radeon RX 7900 XTX,gpu,70253211,float,,,,,,,,,,,,,,3,3.404354487663771,3.414255010209384,f94918f1451075d9e8653d1b41885c7616530ffd,v0.2.0-9-gda3d659,1137.3287495924305,117.61224489795919,82.83673469387755,ws-amd,3cc36cb6e6f7,0.49783203379422,0.0010620416530097154,784-512-256-10,True,0.6437413753301371,infer,2048,{},,,,,,,,,,,,,,,,,,,,,3181.4018462766994,1,,,3181.4018462766994,,,32,2026-09-05T07:03:01+00:00,0.2.0,mnist-512-256
syclnn,4096,auto,True,AdaptiveCpp 25.10.0 $HOME/.local/opt/fnn-rocm/acpp/bin/acpp / host Clang 18.1.3 $HOME/.local/opt/fnn-rocm/acpp/bin/acpp,AMD Radeon RX 7900 XTX,gpu,70253211,float,,,,,,,,,,,,,,5,325.93516333521126,326.88304594987477,f94918f1451075d9e8653d1b41885c7616530ffd,v0.2.0-9-gda3d659,328.844873842434,66.72,12.76,ws-amd,3d580e6eac7e,108.72034544069088,0.0015581740066409056,784-512-256-10,True,0.19698641700088046,infer,60000,{},,,,,,,,,,,,,,,,,,,,,304589.5291335332,1,,,76.14738228338331,,,32,2026-09-05T07:03:07+00:00,0.2.0,mnist-512-256
syclnn,1,auto,True,AdaptiveCpp 25.10.0 $HOME/.local/opt/fnn-rocm/acpp/bin/acpp / host Clang 18.1.3 $HOME/.local/opt/fnn-rocm/acpp/bin/acpp,AMD Radeon RX 7900 XTX,gpu,70253211,double,,,,,,,,,,,,,,3,2.8374847064111335,2.8457366617848923,f94918f1451075d9e8653d1b41885c7616530ffd,v0.2.0-9-gda3d659,1700.721039701748,148.13793103448276,95.22413793103448,ws-amd,984dccf904be,0.24891601689711,0.015130509661200109,784-512-256-10,True,0.7723473663306019,infer,2048,{},,,,,,,,,,,,,,,,,,,,,2651.656611104902,1,,,2651.656611104902,,,32,2026-09-05T07:03:21+00:00,0.2.0,mnist-512-256
syclnn,4096,auto,True,AdaptiveCpp 25.10.0 $HOME/.local/opt/fnn-rocm/acpp/bin/acpp / host Clang 18.1.3 $HOME/.local/opt/fnn-rocm/acpp/bin/acpp,AMD Radeon RX 7900 XTX,gpu,70253211,double,,,,,,,,,,,,,,5,141.93628575260163,142.34906397597007,f94918f1451075d9e8653d1b41885c7616530ffd,v0.2.0-9-gda3d659,877.4753143123962,78.9,23.16,ws-amd,92afcd702a39,54.36017272034544,0.008838230592664309,784-512-256-10,True,0.4523494443972595,infer,60000,{},,,,,,,,,,,,,,,,,,,,,132640.81727777515,1,,,33.160204319443785,,,32,2026-09-05T07:03:34+00:00,0.2.0,mnist-512-256
syclnn,1,auto,True,AdaptiveCpp 25.10.0 $HOME/.local/opt/fnn-rocm/acpp/bin/acpp / host Clang 18.1.3 $HOME/.local/opt/fnn-rocm/acpp/bin/acpp,AMD Radeon RX 7900 XTX,gpu,70253211,float,,,,,,,,,,,,,,3,14.028703293604986,14.059720241506868,f94918f1451075d9e8653d1b41885c7616530ffd,v0.2.0-9-gda3d659,1130.8143353298074,133.48837209302326,92.16279069767442,ws-amd,8a8d2d73140b,0.49869007705240015,0.0629598373294964,784-1024-1024-10,True,0.5435459366708528,infer,2048,{},,,,,,,,,,,,,,,,,,,,,3767.8508141257203,1,,,3767.8508141257203,,,32,2026-09-05T07:03:45+00:00,0.2.0,mnist
syclnn,4096,auto,True,AdaptiveCpp 25.10.0 $HOME/.local/opt/fnn-rocm/acpp/bin/acpp / host Clang 18.1.3 $HOME/.local/opt/fnn-rocm/acpp/bin/acpp,AMD Radeon RX 7900 XTX,gpu,70253211,float,,,,,,,,,,,,,,5,1114.4247134432103,1116.888665567224,f94918f1451075d9e8653d1b41885c7616530ffd,v0.2.0-9-gda3d659,382.339405509847,77.52,15.16,ws-amd,3a7016dd9504,174.16334549536907,0.004627963399980228,784-1024-1024-10,True,0.20045844039996155,infer,60000,{},,,,,,,,,,,,,,,,,,,,,299313.91205222363,1,,,74.8284780130559,,,32,2026-09-05T07:03:51+00:00,0.2.0,mnist
syclnn,1,auto,True,AdaptiveCpp 25.10.0 $HOME/.local/opt/fnn-rocm/acpp/bin/acpp / host Clang 18.1.3 $HOME/.local/opt/fnn-rocm/acpp/bin/acpp,AMD Radeon RX 7900 XTX,gpu,70253211,double,,,,,,,,,,,,,,3,7.233918766369529,7.249912695160169,f94918f1451075d9e8653d1b41885c7616530ffd,v0.2.0-9-gda3d659,2655.1010160096776,166.9875,96.2125,ws-amd,70b21b4c0edd,0.24934503852620007,0.01804382399617066,784-1024-1024-10,True,1.054095977335237,infer,2048,{},,,,,,,,,,,,,,,,,,,,,1942.8970834110953,1,,,1942.8970834110953,,,32,2026-09-05T07:04:10+00:00,0.2.0,mnist
syclnn,4096,auto,True,AdaptiveCpp 25.10.0 $HOME/.local/opt/fnn-rocm/acpp/bin/acpp / host Clang 18.1.3 $HOME/.local/opt/fnn-rocm/acpp/bin/acpp,AMD Radeon RX 7900 XTX,gpu,70253211,double,,,,,,,,,,,,,,5,371.4260978042245,372.2473072691254,f94918f1451075d9e8653d1b41885c7616530ffd,v0.2.0-9-gda3d659,1860.0203497947368,125.09722222222223,43.43055555555556,ws-amd,3d88043374d7,87.08167274768454,0.004133426805492557,784-1024-1024-10,True,0.6014543440018315,infer,60000,{},,,,,,,,,,,,,,,,,,,,,99758.19544470243,1,,,24.93954886117561,,,32,2026-09-05T07:04:27+00:00,0.2.0,mnist
ompnn,1,openblas,True,GNU 14.2.0 /usr/bin/g++-14,"AMD Ryzen Threadripper 2950X 16-Core Processor (OpenMP host, 16 threads)",cpu,201511,float,,,,,,,,,,,,,,3,0.010737904152313026,0.012229279729023169,7d2a071c4c34ad3209aec7f92f64895d8344121c,v0.1.0-13-gd3e14d2,,,,3d58acb1b5b9,ffed00f202b4,0.3673469387755102,0.00014822699692255514,17-4-1,True,0.0016628943364291142,infer,124,{},,,,,,,,,,,,,,,,,,,,,74568.77883550712,1,,,74568.77883550712,,,16,2026-09-06T14:20:16+00:00,0.1.0,monk
ompnn,124,openblas,True,GNU 14.2.0 /usr/bin/g++-14,"AMD Ryzen Threadripper 2950X 16-Core Processor (OpenMP host, 16 threads)",cpu,201511,float,,,,,,,,,,,,,,5,0.39212758659128694,0.4465897513956324,7d2a071c4c34ad3209aec7f92f64895d8344121c,v0.1.0-13-gd3e14d2,,,,3d58acb1b5b9,96a9565523b5,1.354368932038835,8.671998511999848e-06,17-4-1,True,4.5536199468187985e-05,infer,124,{},,,,,,,,,,,,,,,,,,,,,2723108.240217271,1,,,21960.550324332828,,,16,2026-09-06T14:20:16+00:00,0.1.0,monk
ompnn,1,openblas,True,GNU 14.2.0 /usr/bin/g++-14,"AMD Ryzen Threadripper 2950X 16-Core Processor (OpenMP host, 16 threads)",cpu,201511,double,,,,,,,,,,,,,,3,0.010120110208626878,0.011525681070936166,7d2a071c4c34ad3209aec7f92f64895d8344121c,v0.1.0-13-gd3e14d2,,,,3d58acb1b5b9,74634d8856fc,0.1836734693877551,0.00019531400175765157,17-4-1,True,0.0017644076627523948,infer,124,{},,,,,,,,,,,,,,,,,,,,,70278.54311546443,1,,,70278.54311546443,,,16,2026-09-06T14:20:17+00:00,0.1.0,monk
ompnn,124,openblas,True,GNU 14.2.0 /usr/bin/g++-14,"AMD Ryzen Threadripper 2950X 16-Core Processor (OpenMP host, 16 threads)",cpu,201511,double,,,,,,,,,,,,,,5,0.3358145762059448,0.38245548956788156,7d2a071c4c34ad3209aec7f92f64895d8344121c,v0.1.0-13-gd3e14d2,,,,3d58acb1b5b9,f571efc06e69,0.6771844660194175,1.1748200631700452e-05,17-4-1,True,5.3172200568951664e-05,infer,124,{},,,,,,,,,,,,,,,,,,,,,2332045.668096839,1,,,18806.819904006767,,,16,2026-09-06T14:20:17+00:00,0.1.0,monk
ompnn,1,openblas,True,GNU 14.2.0 /usr/bin/g++-14,"AMD Ryzen Threadripper 2950X 16-Core Processor (OpenMP host, 16 threads)",cpu,201511,float,,,,,,,,,,,,,,3,0.44464256237048466,0.46768377110091724,7d2a071c4c34ad3209aec7f92f64895d8344121c,v0.1.0-13-gd3e14d2,,,,3d58acb1b5b9,b3fdfab0cfef,0.4745635442087479,0.0004049780060692357,12-64-64-3,True,0.04657533433055505,infer,2048,{},,,,,,,,,,,,,,,,,,,,,43971.77238632167,1,,,43971.77238632167,,,16,2026-09-06T14:20:18+00:00,0.1.0,cup
ompnn,1000,openblas,True,GNU 14.2.0 /usr/bin/g++-14,"AMD Ryzen Threadripper 2950X 16-Core Processor (OpenMP host, 16 threads)",cpu,201511,float,,,,,,,,,,,,,,5,22.183942460273713,23.33350593428315,7d2a071c4c34ad3209aec7f92f64895d8344121c,v0.1.0-13-gd3e14d2,,,,3d58acb1b5b9,714fdf4a729c,9.157562233749674,4.6355999074876254e-05,12-64-64-3,True,0.00045582519960589706,infer,1000,{},,,,,,,,,,,,,,,,,,,,,2193823.4236821313,1,,,2193.8234236821313,,,16,2026-09-06T14:20:18+00:00,0.1.0,cup
ompnn,1,openblas,True,GNU 14.2.0 /usr/bin/g++-14,"AMD Ryzen Threadripper 2950X 16-Core Processor (OpenMP host, 16 threads)",cpu,201511,double,,,,,,,,,,,,,,3,0.4356725674430013,0.45824895444261887,7d2a071c4c34ad3209aec7f92f64895d8344121c,v0.1.0-13-gd3e14d2,,,,3d58acb1b5b9,e03f962a2be7,0.23728177210437396,0.00035983433190267533,12-64-64-3,True,0.04753426666623758,infer,2048,{},,,,,,,,,,,,,,,,,,,,,43084.70801453731,1,,,43084.70801453731,,,16,2026-09-06T14:20:19+00:00,0.1.0,cup
ompnn,1000,openblas,True,GNU 14.2.0 /usr/bin/g++-14,"AMD Ryzen Threadripper 2950X 16-Core Processor (OpenMP host, 16 threads)",cpu,201511,double,,,,,,,,,,,,,,5,18.563209089674164,19.52514753538117,7d2a071c4c34ad3209aec7f92f64895d8344121c,v0.1.0-13-gd3e14d2,,,,3d58acb1b5b9,633456924e47,4.578781116874837,1.6196200158447006e-05,12-64-64-3,True,0.0005447333998745308,infer,1000,{},,,,,,,,,,,,,,,,,,,,,1835760.3925706253,1,,,1835.7603925706253,,,16,2026-09-06T14:20:19+00:00,0.1.0,cup
ompnn,1,openblas,True,GNU 14.2.0 /usr/bin/g++-14,"AMD Ryzen Threadripper 2950X 16-Core Processor (OpenMP host, 16 threads)",cpu,201511,float,,,,,,,,,,,,,,3,8.271136283255922,8.295190350347628,7d2a071c4c34ad3209aec7f92f64895d8344121c,v0.1.0-13-gd3e14d2,,,,3d58acb1b5b9,491b7cb7d2dd,0.49783203379422,0.0027752876679490446,784-512-256-10,True,0.26496043166844174,infer,2048,{},,,,,,,,,,,,,,,,,,,,,7729.456006332164,1,,,7729.456006332164,,,16,2026-09-06T14:20:24+00:00,0.1.0,mnist-512-256
ompnn,4096,openblas,True,GNU 14.2.0 /usr/bin/g++-14,"AMD Ryzen Threadripper 2950X 16-Core Processor (OpenMP host, 16 threads)",cpu,201511,float,,,,,,,,,,,,,,5,154.5785974571613,155.0281419727925,7d2a071c4c34ad3209aec7f92f64895d8344121c,v0.1.0-13-gd3e14d2,,,,3d58acb1b5b9,38d969b72aad,108.72034544069088,0.012611612799810268,784-512-256-10,True,0.4153537492005853,infer,60000,{},,,,,,,,,,,,,,,,,,,,,144455.17854474552,1,,,36.11379463618638,,,16,2026-09-06T14:20:37+00:00,0.1.0,mnist-512-256
ompnn,1,openblas,True,GNU 14.2.0 /usr/bin/g++-14,"AMD Ryzen Threadripper 2950X 16-Core Processor (OpenMP host, 16 threads)",cpu,201511,double,,,,,,,,,,,,,,3,6.296204820588094,6.3145154042843314,7d2a071c4c34ad3209aec7f92f64895d8344121c,v0.1.0-13-gd3e14d2,,,,3d58acb1b5b9,f350826ae8c9,0.24891601689711,0.004966383329398638,784-512-256-10,True,0.3480706080008531,infer,2048,{},,,,,,,,,,,,,,,,,,,,,5883.863655603407,1,,,5883.863655603407,,,16,2026-09-06T14:20:44+00:00,0.1.0,mnist-512-256
ompnn,4096,openblas,True,GNU 14.2.0 /usr/bin/g++-14,"AMD Ryzen Threadripper 2950X 16-Core Processor (OpenMP host, 16 threads)",cpu,201511,double,,,,,,,,,,,,,,5,75.9370965424418,76.1579363342705,7d2a071c4c34ad3209aec7f92f64895d8344121c,v0.1.0-13-gd3e14d2,,,,3d58acb1b5b9,44fa74ce3147,54.36017272034544,0.008328621799591929,784-512-256-10,True,0.8454998008004623,infer,60000,{},,,,,,,,,,,,,,,,,,,,,70963.94338969215,1,,,17.74098584742304,,,16,2026-09-06T14:21:07+00:00,0.1.0,mnist-512-256
ompnn,1,openblas,True,GNU 14.2.0 /usr/bin/g++-14,"AMD Ryzen Threadripper 2950X 16-Core Processor (OpenMP host, 16 threads)",cpu,201511,float,,,,,,,,,,,,,,3,22.12044327061477,22.169350758508113,7d2a071c4c34ad3209aec7f92f64895d8344121c,v0.1.0-13-gd3e14d2,,,,3d58acb1b5b9,d5e6d7e4ae4f,0.49869007705240015,0.009067020335351117,784-1024-1024-10,True,0.3447148223349359,infer,2048,{},,,,,,,,,,,,,,,,,,,,,5941.142844185847,1,,,5941.142844185847,,,16,2026-09-06T14:21:15+00:00,0.1.0,mnist
ompnn,4096,openblas,True,GNU 14.2.0 /usr/bin/g++-14,"AMD Ryzen Threadripper 2950X 16-Core Processor (OpenMP host, 16 threads)",cpu,201511,float,,,,,,,,,,,,,,5,270.3962560474913,270.994092241697,7d2a071c4c34ad3209aec7f92f64895d8344121c,v0.1.0-13-gd3e14d2,,,,3d58acb1b5b9,cba8de282a0d,174.16334549536907,0.012292901999899186,784-1024-1024-10,True,0.8261794866004493,infer,60000,{},,,,,,,,,,,,,,,,,,,,,72623.44438844286,1,,,18.155861097110716,,,16,2026-09-06T14:21:38+00:00,0.1.0,mnist
ompnn,1,openblas,True,GNU 14.2.0 /usr/bin/g++-14,"AMD Ryzen Threadripper 2950X 16-Core Processor (OpenMP host, 16 threads)",cpu,201511,double,,,,,,,,,,,,,,3,12.167746974054351,12.1946494158609,7d2a071c4c34ad3209aec7f92f64895d8344121c,v0.1.0-13-gd3e14d2,,,,3d58acb1b5b9,80c7f806baf7,0.24934503852620007,0.018125377333490178,784-1024-1024-10,True,0.6266767946653999,infer,2048,{},,,,,,,,,,,,,,,,,,,,,3268.0322894251794,1,,,3268.0322894251794,,,16,2026-09-06T14:21:50+00:00,0.1.0,mnist
ompnn,4096,openblas,True,GNU 14.2.0 /usr/bin/g++-14,"AMD Ryzen Threadripper 2950X 16-Core Processor (OpenMP host, 16 threads)",cpu,201511,double,,,,,,,,,,,,,,5,145.87289252862638,146.19541213811303,7d2a071c4c34ad3209aec7f92f64895d8344121c,v0.1.0-13-gd3e14d2,,,,3d58acb1b5b9,3d03d96fac6c,87.08167274768454,0.014954036596463993,784-1024-1024-10,True,1.5314417650020915,infer,60000,{},,,,,,,,,,,,,,,,,,,,,39178.76694444079,1,,,9.794691736110197,,,16,2026-09-06T14:22:31+00:00,0.1.0,mnist
ompnn,1,rocblas,True,Clang 22.0.0 /usr/bin/amdclang++,AMD Radeon RX 7900 XTX,gpu,70253.21,float,,,,,,,,,,,,,,3,0.0011833011139132461,0.0013476484908456416,f94918f1451075d9e8653d1b41885c7616530ffd,v0.1.0-11-gfd388bf,18.152406287248596,90.5,40.5,ws-amd,9b0c7c11fe63,0.3673469387755102,0.0003328906702032945,17-4-1,True,0.015089988330146298,infer,124,{},,,,,,,,,,,,,,,,,,,,,8217.368846619765,1,,,8217.368846619765,,,32,2026-09-05T09:07:04+00:00,0.1.0,monk
ompnn,124,rocblas,True,Clang 22.0.0 /usr/bin/amdclang++,AMD Radeon RX 7900 XTX,gpu,70253.21,float,,,,,,,,,,,,,,5,0.0904145197384118,0.10297209192430233,f94918f1451075d9e8653d1b41885c7616530ffd,v0.1.0-11-gfd388bf,,53.0,7.0,ws-amd,405d38a369b9,1.354368932038835,1.6881967894732952e-06,17-4-1,True,0.00019749040366150438,infer,124,{},,,,,,,,,,,,,,,,,,,,,627878.6092945263,1,,,5063.537171730051,,,32,2026-09-05T09:07:04+00:00,0.1.0,monk
ompnn,1,rocblas,True,Clang 22.0.0 /usr/bin/amdclang++,AMD Radeon RX 7900 XTX,gpu,70253.21,double,,,,,,,,,,,,,,3,0.0011538280610019526,0.0013140819583633346,f94918f1451075d9e8653d1b41885c7616530ffd,v0.1.0-11-gfd388bf,17.029692624491872,85.0,55.0,ws-amd,e33fa81cc26f,0.1836734693877551,0.00029717401290933407,17-4-1,True,0.01547544266213663,infer,124,{},,,,,,,,,,,,,,,,,,,,,8012.694868069114,1,,,8012.694868069114,,,32,2026-09-05T09:07:04+00:00,0.1.0,monk
ompnn,124,rocblas,True,Clang 22.0.0 /usr/bin/amdclang++,AMD Radeon RX 7900 XTX,gpu,70253.21,double,,,,,,,,,,,,,,5,0.08188106345470184,0.093253433378966,f94918f1451075d9e8653d1b41885c7616530ffd,v0.1.0-11-gfd388bf,,67.0,8.0,ws-amd,c11c966de5de,0.6771844660194175,3.20400577038526e-06,17-4-1,True,0.0002180723997298628,infer,124,{},,,,,,,,,,,,,,,,,,,,,568618.4962132073,1,,,4585.633033977478,,,32,2026-09-05T09:07:05+00:00,0.1.0,monk
ompnn,1,rocblas,True,Clang 22.0.0 /usr/bin/amdclang++,AMD Radeon RX 7900 XTX,gpu,70253.21,float,,,,,,,,,,,,,,3,0.05427093772053049,0.05708323710399152,f94918f1451075d9e8653d1b41885c7616530ffd,v0.1.0-11-gfd388bf,704.0725395760091,124.75862068965517,71.3103448275862,ws-amd,95b7c334c5f7,0.4745635442087479,0.0019774049966751472,12-64-64-3,True,0.38159237466364476,infer,2048,{},,,,,,,,,,,,,,,,,,,,,5366.9835562233475,1,,,5366.9835562233475,,,32,2026-09-05T09:07:11+00:00,0.1.0,cup
ompnn,1000,rocblas,True,Clang 22.0.0 /usr/bin/amdclang++,AMD Radeon RX 7900 XTX,gpu,70253.21,float,,,,,,,,,,,,,,5,32.69203650251431,34.386125419377194,f94918f1451075d9e8653d1b41885c7616530ffd,v0.1.0-11-gfd388bf,,65.0,8.0,ws-amd,fa10e15879a6,9.157562233749674,7.094000466167927e-06,12-64-64-3,True,0.0003093108010943979,infer,1000,{},,,,,,,,,,,,,,,,,,,,,3232994.1161505454,1,,,3232.9941161505453,,,32,2026-09-05T09:07:11+00:00,0.1.0,cup
ompnn,1,rocblas,True,Clang 22.0.0 /usr/bin/amdclang++,AMD Radeon RX 7900 XTX,gpu,70253.21,double,,,,,,,,,,,,,,3,0.0501697294372618,0.05276950576490472,f94918f1451075d9e8653d1b41885c7616530ffd,v0.1.0-11-gfd388bf,750.7661471319152,124.70967741935483,72.70967741935483,ws-amd,f225dbb3a149,0.23728177210437396,0.0012468099982166914,12-64-64-3,True,0.41278628033857484,infer,2048,{},,,,,,,,,,,,,,,,,,,,,4961.405205425415,1,,,4961.405205425415,,,32,2026-09-05T09:07:18+00:00,0.1.0,cup
ompnn,1000,rocblas,True,Clang 22.0.0 /usr/bin/amdclang++,AMD Radeon RX 7900 XTX,gpu,70253.21,double,,,,,,,,,,,,,,5,22.409907141606524,23.571180019593253,f94918f1451075d9e8653d1b41885c7616530ffd,v0.1.0-11-gfd388bf,,63.0,9.0,ws-amd,93a629b2280e,4.578781116874837,1.0533997556194674e-05,12-64-64-3,True,0.0004512290004640818,infer,1000,{},,,,,,,,,,,,,,,,,,,,,2216169.614478493,1,,,2216.1696144784933,,,32,2026-09-05T09:07:18+00:00,0.1.0,cup
ompnn,1,rocblas,True,Clang 22.0.0 /usr/bin/amdclang++,AMD Radeon RX 7900 XTX,gpu,70253.21,float,,,,,,,,,,,,,,3,5.0512279990137126,5.065917948861323,f94918f1451075d9e8653d1b41885c7616530ffd,v0.1.0-11-gfd388bf,825.5904880097951,127.93939393939394,73.18181818181819,ws-amd,06b942fdee70,0.49783203379422,0.0020323983335401863,784-512-256-10,True,0.433859616003853,infer,2048,{},,,,,,,,,,,,,,,,,,,,,4720.420902188353,1,,,4720.420902188353,,,32,2026-09-05T09:07:26+00:00,0.1.0,mnist-512-256
ompnn,4096,rocblas,True,Clang 22.0.0 /usr/bin/amdclang++,AMD Radeon RX 7900 XTX,gpu,70253.21,float,,,,,,,,,,,,,,5,538.4675686346203,540.0335366684037,f94918f1451075d9e8653d1b41885c7616530ffd,v0.1.0-11-gfd388bf,215.13303023889603,72.46153846153847,19.076923076923077,ws-amd,b5f2b210debe,108.72034544069088,0.0013469650060869698,784-512-256-10,True,0.11923615040141158,infer,60000,{},,,,,,,,,,,,,,,,,,,,,503203.09568875254,1,,,125.80077392218813,,,32,2026-09-05T09:07:30+00:00,0.1.0,mnist-512-256
ompnn,1,rocblas,True,Clang 22.0.0 /usr/bin/amdclang++,AMD Radeon RX 7900 XTX,gpu,70253.21,double,,,,,,,,,,,,,,3,3.0801491515651795,3.0891068221689393,f94918f1451075d9e8653d1b41885c7616530ffd,v0.1.0-11-gfd388bf,1530.845955680008,143.27777777777777,82.51851851851852,ws-amd,efadbd9e0542,0.24891601689711,0.006929899662888261,784-512-256-10,True,0.7114992593415082,infer,2048,{},,,,,,,,,,,,,,,,,,,,,2878.4288572491587,1,,,2878.4288572491587,,,32,2026-09-05T09:07:43+00:00,0.1.0,mnist-512-256
ompnn,4096,rocblas,True,Clang 22.0.0 /usr/bin/amdclang++,AMD Radeon RX 7900 XTX,gpu,70253.21,double,,,,,,,,,,,,,,5,219.66935967837443,220.30820074382663,f94918f1451075d9e8653d1b41885c7616530ffd,v0.1.0-11-gfd388bf,770.0617481361551,107.84,33.44,ws-amd,31f5f0c15b29,54.36017272034544,0.004190307599492349,784-512-256-10,True,0.29227926959865724,infer,60000,{},,,,,,,,,,,,,,,,,,,,,205283.11871857656,1,,,51.32077967964414,,,32,2026-09-05T09:07:52+00:00,0.1.0,mnist-512-256
ompnn,1,rocblas,True,Clang 22.0.0 /usr/bin/amdclang++,AMD Radeon RX 7900 XTX,gpu,70253.21,float,,,,,,,,,,,,,,3,15.536027083548161,15.570376669006448,f94918f1451075d9e8653d1b41885c7616530ffd,v0.1.0-11-gfd388bf,979.2627147472813,134.8918918918919,75.75675675675676,ws-amd,0e789939fd6b,0.49869007705240015,0.0008624519978184253,784-1024-1024-10,True,0.4908104646698727,infer,2048,{},,,,,,,,,,,,,,,,,,,,,4172.690167430555,1,,,4172.690167430555,,,32,2026-09-05T09:08:01+00:00,0.1.0,mnist
ompnn,4096,rocblas,True,Clang 22.0.0 /usr/bin/amdclang++,AMD Radeon RX 7900 XTX,gpu,70253.21,float,,,,,,,,,,,,,,5,1804.8671678476853,1808.857662887984,f94918f1451075d9e8653d1b41885c7616530ffd,v0.1.0-11-gfd388bf,271.2707348906406,88.84615384615384,23.0,ws-amd,895098520b8b,174.16334549536907,0.0035461521998513545,784-1024-1024-10,True,0.12377411699853838,infer,60000,{},,,,,,,,,,,,,,,,,,,,,484754.01364170935,1,,,121.18850341042733,,,32,2026-09-05T09:08:06+00:00,0.1.0,mnist
ompnn,1,rocblas,True,Clang 22.0.0 /usr/bin/amdclang++,AMD Radeon RX 7900 XTX,gpu,70253.21,double,,,,,,,,,,,,,,3,7.651952636867449,7.668870823197156,f94918f1451075d9e8653d1b41885c7616530ffd,v0.1.0-11-gfd388bf,2553.7051724379853,171.42666666666668,87.54666666666667,ws-amd,06b5e557d15d,0.24934503852620007,0.0017017576707681892,784-1024-1024-10,True,0.9965096536616329,infer,2048,{},,,,,,,,,,,,,,,,,,,,,2055.173266485387,1,,,2055.173266485387,,,32,2026-09-05T09:08:23+00:00,0.1.0,mnist
ompnn,4096,rocblas,True,Clang 22.0.0 /usr/bin/amdclang++,AMD Radeon RX 7900 XTX,gpu,70253.21,double,,,,,,,,,,,,,,5,493.3141264972528,494.4048259183321,f94918f1451075d9e8653d1b41885c7616530ffd,v0.1.0-11-gfd388bf,1742.5392808782926,155.16,59.18,ws-amd,4498e67ab5f5,87.08167274768454,0.0040849033975973725,784-1024-1024-10,True,0.4528470359975472,infer,60000,{},,,,,,,,,,,,,,,,,,,,,132495.07058786397,1,,,33.123767646965995,,,32,2026-09-05T09:08:36+00:00,0.1.0,mnist
ompnn,1,rocblas,True,GNU 14.2.0 /usr/bin/g++-14,AMD Radeon RX 7900 XTX,gpu,70253.21,float,,,,,,,,,,,,,,3,0.0001302457355598541,0.00014833542105427826,f94918f1451075d9e8653d1b41885c7616530ffd,v0.1.0-11-gfd388bf,268.69670348102227,130.45454545454547,65.0909090909091,ws-amd,9b0c7c11fe63,0.3673469387755102,0.004955646669259295,17-4-1,True,0.1370946996709487,infer,124,{},,,,,,,,,,,,,,,,,,,,,904.484274721209,1,,,904.484274721209,,,32,2026-09-05T09:54:42+00:00,0.1.0,monk
ompnn,124,rocblas,True,GNU 14.2.0 /usr/bin/g++-14,AMD Radeon RX 7900 XTX,gpu,70253.21,float,,,,,,,,,,,,,,5,0.01166902474948046,0.013289722631352745,f94918f1451075d9e8653d1b41885c7616530ffd,v0.1.0-11-gfd388bf,,61.0,31.0,ws-amd,405d38a369b9,1.354368932038835,0.00015516660059802225,17-4-1,True,0.0015302049985621124,infer,124,{},,,,,,,,,,,,,,,,,,,,,81034.8940936143,1,,,653.5072104323734,,,32,2026-09-05T09:54:42+00:00,0.1.0,monk
ompnn,1,rocblas,True,GNU 14.2.0 /usr/bin/g++-14,AMD Radeon RX 7900 XTX,gpu,70253.21,double,,,,,,,,,,,,,,3,0.00013064269251899052,0.0001487875109244059,f94918f1451075d9e8653d1b41885c7616530ffd,v0.1.0-11-gfd388bf,259.213387667769,127.45454545454545,69.27272727272727,ws-amd,e33fa81cc26f,0.1836734693877551,0.0002675143283946968,17-4-1,True,0.13667813833065642,infer,124,{},,,,,,,,,,,,,,,,,,,,,907.2409202707676,1,,,907.2409202707676,,,32,2026-09-05T09:54:44+00:00,0.1.0,monk
ompnn,124,rocblas,True,GNU 14.2.0 /usr/bin/g++-14,AMD Radeon RX 7900 XTX,gpu,70253.21,double,,,,,,,,,,,,,,5,0.012202165657074843,0.013896910887224124,f94918f1451075d9e8653d1b41885c7616530ffd,v0.1.0-11-gfd388bf,,58.0,35.0,ws-amd,c11c966de5de,0.6771844660194175,0.00016039840411394822,17-4-1,True,0.001463346794480458,infer,124,{},,,,,,,,,,,,,,,,,,,,,84737.26150746418,1,,,683.3650121569692,,,32,2026-09-05T09:54:44+00:00,0.1.0,monk
ompnn,1,rocblas,True,GNU 14.2.0 /usr/bin/g++-14,AMD Radeon RX 7900 XTX,gpu,70253.21,float,,,,,,,,,,,,,,3,0.005845601506651618,0.006148518356877631,f94918f1451075d9e8653d1b41885c7616530ffd,v0.1.0-11-gfd388bf,7439.739573131563,139.8796992481203,71.61654135338345,ws-amd,95b7c334c5f7,0.4745635442087479,0.03098905599714863,12-64-64-3,True,3.542727976998625,infer,2048,{},,,,,,,,,,,,,,,,,,,,,578.0855920343768,1,,,578.0855920343768,,,32,2026-09-05T09:55:41+00:00,0.1.0,cup
ompnn,1000,rocblas,True,GNU 14.2.0 /usr/bin/g++-14,AMD Radeon RX 7900 XTX,gpu,70253.21,float,,,,,,,,,,,,,,5,4.56603850034894,4.802648881498351,f94918f1451075d9e8653d1b41885c7616530ffd,v0.1.0-11-gfd388bf,,69.0,38.0,ws-amd,fa10e15879a6,9.157562233749674,0.00023512099869549274,12-64-64-3,True,0.0022146111994516106,infer,1000,{},,,,,,,,,,,,,,,,,,,,,451546.5289110898,1,,,451.5465289110898,,,32,2026-09-05T09:55:42+00:00,0.1.0,cup
ompnn,1,rocblas,True,GNU 14.2.0 /usr/bin/g++-14,AMD Radeon RX 7900 XTX,gpu,70253.21,double,,,,,,,,,,,,,,3,0.005799964826815667,0.006100516801622966,f94918f1451075d9e8653d1b41885c7616530ffd,v0.1.0-11-gfd388bf,7697.110196176975,144.06741573033707,71.68539325842697,ws-amd,f225dbb3a149,0.23728177210437396,0.00625990066328086,12-64-64-3,True,3.5706037223280873,infer,2048,{},,,,,,,,,,,,,,,,,,,,,573.5724710062962,1,,,573.5724710062962,,,32,2026-09-05T09:56:39+00:00,0.1.0,cup
ompnn,1000,rocblas,True,GNU 14.2.0 /usr/bin/g++-14,AMD Radeon RX 7900 XTX,gpu,70253.21,double,,,,,,,,,,,,,,5,4.683049001042816,4.9257228219038165,f94918f1451075d9e8653d1b41885c7616530ffd,v0.1.0-11-gfd388bf,,61.0,39.0,ws-amd,93a629b2280e,4.578781116874837,0.0001609303988516328,12-64-64-3,True,0.002159277000464499,infer,1000,{},,,,,,,,,,,,,,,,,,,,,463117.9787423671,1,,,463.1179787423671,,,32,2026-09-05T09:56:39+00:00,0.1.0,cup
ompnn,1,rocblas,True,GNU 14.2.0 /usr/bin/g++-14,AMD Radeon RX 7900 XTX,gpu,70253.21,float,,,,,,,,,,,,,,3,0.6030160601392072,0.6047697476944863,f94918f1451075d9e8653d1b41885c7616530ffd,v0.1.0-11-gfd388bf,8176.016697879037,150.2610294117647,72.12132352941177,ws-amd,06b942fdee70,0.49783203379422,0.010111067007528618,784-512-256-10,True,3.6342710996686947,infer,2048,{},,,,,,,,,,,,,,,,,,,,,563.5242786887028,1,,,563.5242786887028,,,32,2026-09-05T09:57:38+00:00,0.1.0,mnist-512-256
ompnn,4096,rocblas,True,GNU 14.2.0 /usr/bin/g++-14,AMD Radeon RX 7900 XTX,gpu,70253.21,float,,,,,,,,,,,,,,5,406.39432577213563,407.57619922253457,f94918f1451075d9e8653d1b41885c7616530ffd,v0.1.0-11-gfd388bf,429.7189276758727,110.0,35.294117647058826,ws-amd,b5f2b210debe,108.72034544069088,0.0009754473983775991,784-512-256-10,True,0.1579864578030538,infer,60000,{},,,,,,,,,,,,,,,,,,,,,379779.38637497724,1,,,94.9448465937443,,,32,2026-09-05T09:57:44+00:00,0.1.0,mnist-512-256
ompnn,1,rocblas,True,GNU 14.2.0 /usr/bin/g++-14,AMD Radeon RX 7900 XTX,gpu,70253.21,double,,,,,,,,,,,,,,3,0.5629758842269063,0.5646131271916511,f94918f1451075d9e8653d1b41885c7616530ffd,v0.1.0-11-gfd388bf,9045.793264984604,154.8082191780822,74.11986301369863,ws-amd,efadbd9e0542,0.24891601689711,0.028417826668980073,784-512-256-10,True,3.8927490526693873,infer,2048,{},,,,,,,,,,,,,,,,,,,,,526.1063511390796,1,,,526.1063511390796,,,32,2026-09-05T09:58:48+00:00,0.1.0,mnist-512-256
ompnn,4096,rocblas,True,GNU 14.2.0 /usr/bin/g++-14,AMD Radeon RX 7900 XTX,gpu,70253.21,double,,,,,,,,,,,,,,5,192.1111750370966,192.66987156138958,f94918f1451075d9e8653d1b41885c7616530ffd,v0.1.0-11-gfd388bf,1015.697837422922,123.28,39.44,ws-amd,31f5f0c15b29,54.36017272034544,0.007251418393570963,784-512-256-10,True,0.3342064821976237,infer,60000,{},,,,,,,,,,,,,,,,,,,,,179529.7314566169,1,,,44.882432864154225,,,32,2026-09-05T09:58:58+00:00,0.1.0,mnist-512-256
ompnn,1,rocblas,True,GNU 14.2.0 /usr/bin/g++-14,AMD Radeon RX 7900 XTX,gpu,70253.21,float,,,,,,,,,,,,,,3,2.070673631115574,2.075251814486762,f94918f1451075d9e8653d1b41885c7616530ffd,v0.1.0-11-gfd388bf,8519.33622034207,154.22826086956522,72.91666666666667,ws-amd,0e789939fd6b,0.49869007705240015,0.01605931933348348,784-1024-1024-10,True,3.6824946999937915,infer,2048,{},,,,,,,,,,,,,,,,,,,,,556.1447243911723,1,,,556.1447243911723,,,32,2026-09-05T09:59:58+00:00,0.1.0,mnist
ompnn,4096,rocblas,True,GNU 14.2.0 /usr/bin/g++-14,AMD Radeon RX 7900 XTX,gpu,70253.21,float,,,,,,,,,,,,,,5,1185.722065176993,1188.3436531279247,f94918f1451075d9e8653d1b41885c7616530ffd,v0.1.0-11-gfd388bf,663.8662674461084,141.6086956521739,46.43478260869565,ws-amd,895098520b8b,174.16334549536907,0.005202327802544454,784-1024-1024-10,True,0.18840489399735816,infer,60000,{},,,,,,,,,,,,,,,,,,,,,318463.0649819602,1,,,79.61576624549006,,,32,2026-09-05T10:00:04+00:00,0.1.0,mnist
ompnn,1,rocblas,True,GNU 14.2.0 /usr/bin/g++-14,AMD Radeon RX 7900 XTX,gpu,70253.21,double,,,,,,,,,,,,,,3,1.8292692859226287,1.8333137331500386,f94918f1451075d9e8653d1b41885c7616530ffd,v0.1.0-11-gfd388bf,10245.88024054798,164.07692307692307,76.10897435897436,ws-amd,06b5e557d15d,0.24934503852620007,0.007815061001262613,784-1024-1024-10,True,4.168464824004332,infer,2048,{},,,,,,,,,,,,,,,,,,,,,491.30797223152285,1,,,491.30797223152285,,,32,2026-09-05T10:01:12+00:00,0.1.0,mnist
ompnn,4096,rocblas,True,GNU 14.2.0 /usr/bin/g++-14,AMD Radeon RX 7900 XTX,gpu,70253.21,double,,,,,,,,,,,,,,5,429.83267893109354,430.7830232023998,f94918f1451075d9e8653d1b41885c7616530ffd,v0.1.0-11-gfd388bf,2226.1947531844053,172.98,66.42,ws-amd,4498e67ab5f5,87.08167274768454,0.005001837603049286,784-1024-1024-10,True,0.5197274450038094,infer,60000,{},,,,,,,,,,,,,,,,,,,,,115445.12528015568,1,,,28.86128132003892,,,32,2026-09-05T10:01:27+00:00,0.1.0,mnist
syclnn,40,tiled,True,AdaptiveCpp 25.10.0 $HOME/.local/opt/fnn-rocm/acpp/bin/acpp / host Clang 18.1.3 $HOME/.local/opt/fnn-rocm/acpp/bin/acpp,AdaptiveCpp OpenMP host device,cpu,1.2,float,,,,,,,,,,,,,,5,0.017422533957475773,0.02153133555773488,7d2a071c4c34ad3209aec7f92f64895d8344121c,v0.2.0-9-gda3d659,,,,ws-amd,1655a9b01170,1.2191103789126854,8.615000115242029e-06,17-4-1,True,0.002106696998816915,train,124,"{""blas"": ""tiled""}",,,,,,,,,,,,,,,,,,,,,58859.912018499235,1,0.0020638749999999997,60081.15801586822,1898.706839306427,,,16,2026-09-06T14:05:20+00:00,0.2.0,monk
syclnn,40,tiled,True,AdaptiveCpp 25.10.0 $HOME/.local/opt/fnn-rocm/acpp/bin/acpp / host Clang 18.1.3 $HOME/.local/opt/fnn-rocm/acpp/bin/acpp,AdaptiveCpp OpenMP host device,cpu,1.2,float,,,,,,,,,,,,,,5,3.1797888383493844,3.467305786750275,7d2a071c4c34ad3209aec7f92f64895d8344121c,v0.2.0-9-gda3d659,,,,ws-amd,8686fc50af4a,6.563354603463993,0.0042288988988730125,12-64-64-3,True,0.00905720519949682,train,1000,"{""blas"": ""tiled""}",,,,,,,,,,,,,,,,,,,,,110409.33466490918,1,0.009030916,110730.73872019185,2760.2333666227296,,,16,2026-09-06T14:05:21+00:00,0.2.0,cup
syclnn,256,tiled,True,AdaptiveCpp 25.10.0 $HOME/.local/opt/fnn-rocm/acpp/bin/acpp / host Clang 18.1.3 $HOME/.local/opt/fnn-rocm/acpp/bin/acpp,AdaptiveCpp OpenMP host device,cpu,1.2,float,,,,,,,,,,,,,,5,48.389623559624106,49.020918457784646,7d2a071c4c34ad3209aec7f92f64895d8344121c,v0.2.0-9-gda3d659,,,,ws-amd,19e0843caa40,57.89303578299346,0.029454145599447923,784-512-256-10,True,2.9850498800020433,train,60000,"{""blas"": ""tiled""}",,,,,,,,,,,,,,,,,,,,,20100.166634387675,1,2.9169400515,20569.500552178215,78.72565265135172,,,16,2026-09-06T14:06:11+00:00,0.2.0,mnist-512-256
syclnn,40,auto,True,AdaptiveCpp 25.10.0 $HOME/.local/opt/fnn-rocm/acpp/bin/acpp / host Clang 18.1.3 $HOME/.local/opt/fnn-rocm/acpp/bin/acpp,AdaptiveCpp OpenMP host device,cpu,1.2,float,,,,,,,,,,,,,,5,0.04780313195419869,0.05907666917617841,7d2a071c4c34ad3209aec7f92f64895d8344121c,v0.2.0-9-gda3d659,,,,ws-amd,7e870fe82dfc,1.2191103789126854,6.877800042275344e-05,17-4-1,True,0.0007678157999180257,train,124,{},,,,,,,,,,,,,,,,,,,,,161497.0674128334,1,0.000717227,172888.08145817154,5209.582819768819,,,16,2026-09-06T14:04:44+00:00,0.2.0,monk
syclnn,40,auto,True,AdaptiveCpp 25.10.0 $HOME/.local/opt/fnn-rocm/acpp/bin/acpp / host Clang 18.1.3 $HOME/.local/opt/fnn-rocm/acpp/bin/acpp,AdaptiveCpp OpenMP host device,cpu,1.2,float,,,,,,,,,,,,,,5,1.8091321143495995,1.9727140913974395,7d2a071c4c34ad3209aec7f92f64895d8344121c,v0.2.0-9-gda3d659,,,,ws-amd,d080f37eba45,6.563354603463993,0.00040952679992187734,12-64-64-3,True,0.01591923540108837,train,1000,{},,,,,,,,,,,,,,,,,,,,,62817.087303805536,1,0.015515431,64451.963983469104,1570.4271825951384,,,16,2026-09-06T14:04:45+00:00,0.2.0,cup
syclnn,256,auto,True,AdaptiveCpp 25.10.0 $HOME/.local/opt/fnn-rocm/acpp/bin/acpp / host Clang 18.1.3 $HOME/.local/opt/fnn-rocm/acpp/bin/acpp,AdaptiveCpp OpenMP host device,cpu,1.2,float,,,,,,,,,,,,,,5,117.06801693171892,118.59529564128984,7d2a071c4c34ad3209aec7f92f64895d8344121c,v0.2.0-9-gda3d659,,,,ws-amd,4eac4dc0a105,57.89303578299346,0.020686036799452356,784-512-256-10,True,1.233859116997337,train,60000,{},,,,,,,,,,,,,,,,,,,,,48627.91802844821,1,1.157162129,51850.98828964528,190.45934561142218,,,16,2026-09-06T14:05:19+00:00,0.2.0,mnist-512-256
syclnn,40,tiled,True,Clang 22.1.0 /opt/sycl/bin/clang++,AMD Ryzen Threadripper 2950X 16-Core Processor ,cpu,2026.21.6.0.17_160000,float,,,,,,,,,,,,,,5,0.0196965029705026,0.02434158061088704,7d2a071c4c34ad3209aec7f92f64895d8344121c,v0.2.0-7-g01733d3-dirty,,,,ad57e8df7bf9,1655a9b01170,1.2191103789126854,3.539509925758449e-05,17-4-1,True,0.0018634780019056052,train,124,"{""blas"": ""tiled""}",,,,,,,,,,,,,,,,,,,,,66542.23976521147,1,0.0017924439999999998,69179.28816744067,2146.523863393919,,,16,2026-09-06T15:07:10+00:00,0.2.0,monk
syclnn,40,tiled,True,Clang 22.1.0 /opt/sycl/bin/clang++,AMD Ryzen Threadripper 2950X 16-Core Processor ,cpu,2026.21.6.0.17_160000,float,,,,,,,,,,,,,,5,2.173541861670101,2.370073818683126,7d2a071c4c34ad3209aec7f92f64895d8344121c,v0.2.0-7-g01733d3-dirty,,,,ad57e8df7bf9,8686fc50af4a,6.563354603463993,5.531409988179803e-05,12-64-64-3,True,0.013250262397923507,train,1000,"{""blas"": ""tiled""}",,,,,,,,,,,,,,,,,,,,,75470.20353021185,1,0.013143663,76082.29151949499,1886.7550882552962,,,16,2026-09-06T15:07:11+00:00,0.2.0,cup
syclnn,256,tiled,True,Clang 22.1.0 /opt/sycl/bin/clang++,AMD Ryzen Threadripper 2950X 16-Core Processor ,cpu,2026.21.6.0.17_160000,float,,,,,,,,,,,,,,5,45.72748619334273,46.32405063456005,7d2a071c4c34ad3209aec7f92f64895d8344121c,v0.2.0-7-g01733d3-dirty,,,,ad57e8df7bf9,19e0843caa40,57.89303578299346,0.006540209999365665,784-512-256-10,True,3.158831854199525,train,60000,"{""blas"": ""tiled""}",,,,,,,,,,,,,,,,,,,,,18994.363349930354,1,3.108224355,19303.62584781947,74.39458978722722,,,16,2026-09-06T15:08:07+00:00,0.2.0,mnist-512-256
syclnn,40,auto,True,Clang 22.1.0 /opt/sycl/bin/clang++,AMD Ryzen Threadripper 2950X 16-Core Processor ,cpu,2026.21.6.0.17_160000,float,,,,,,,,,,,,,,5,0.027074183881158866,0.033459159242844545,7d2a071c4c34ad3209aec7f92f64895d8344121c,v0.2.0-9-gda3d659,,,,06c179eb2eec,7e870fe82dfc,1.2191103789126854,2.9612000798806375e-05,17-4-1,True,0.0013556826001149603,train,124,{},,,,,,,,,,,,,,,,,,,,,91466.83743634752,1,0.001265202,98008.06511529384,2950.5431431079846,,,16,2026-09-06T10:33:22+00:00,0.2.0,monk
syclnn,40,auto,True,Clang 22.1.0 /opt/sycl/bin/clang++,AMD Ryzen Threadripper 2950X 16-Core Processor ,cpu,2026.21.6.0.17_160000,float,,,,,,,,,,,,,,5,2.338191960959564,2.5496116028184113,7d2a071c4c34ad3209aec7f92f64895d8344121c,v0.2.0-9-gda3d659,,,,06c179eb2eec,d080f37eba45,6.563354603463993,0.00040879500011214986,12-64-64-3,True,0.012317209399770945,train,1000,{},,,,,,,,,,,,,,,,,,,,,81187.22086665154,1,0.012150358,82302.10171585067,2029.6805216662883,,,16,2026-09-06T10:33:23+00:00,0.2.0,cup
syclnn,256,auto,True,Clang 22.1.0 /opt/sycl/bin/clang++,AMD Ryzen Threadripper 2950X 16-Core Processor ,cpu,2026.21.6.0.17_160000,float,,,,,,,,,,,,,,5,143.20980171435727,145.078128238482,7d2a071c4c34ad3209aec7f92f64895d8344121c,v0.2.0-9-gda3d659,,,,06c179eb2eec,4eac4dc0a105,57.89303578299346,0.011285427199618336,784-512-256-10,True,1.0086281683994458,train,60000,{},,,,,,,,,,,,,,,,,,,,,59486.73840352064,1,0.958813954,62577.31205276139,232.9897254137892,,,16,2026-09-06T10:33:50+00:00,0.2.0,mnist-512-256
cudann,40,tiled,True,Clang 22.0.0 /usr/bin/hipcc (hipcc),AMD Radeon RX 7900 XTX,gpu,70253.21,float,,,,,,,,,,,,,,5,0.06621369673809385,0.08182904544572628,f94918f1451075d9e8653d1b41885c7616530ffd,v0.1.0-8-g4f0277c,,62.0,4.0,ws-amd,540b6160956c,1.2191103789126854,0.000247681001201272,17-4-1,True,0.000554326397832483,train,124,"{""blas"": ""tiled""}",,,,,,,,,,,,,,,,,,,,,223694.92141247925,1,0.000504632,245723.61641750822,7215.965206854169,,,32,2026-09-05T07:00:47+00:00,0.1.0,monk
cudann,40,rocblas,True,Clang 22.0.0 /usr/bin/hipcc (hipcc),AMD Radeon RX 7900 XTX,gpu,70253.21,float,,,,,,,,,,,,,,5,0.04219491746669437,0.05214585484659047,f94918f1451075d9e8653d1b41885c7616530ffd,v0.1.0-8-g4f0277c,,29.0,2.0,ws-amd,8bee3b12388c,1.2191103789126854,3.438420826569195e-05,17-4-1,True,0.0008698677993379533,train,124,{},,,,,,,,,,,,,,,,,,,,,142550.39684694045,1,0.0008467085,146449.45692643928,4598.399898288401,,,32,2026-09-05T07:00:48+00:00,0.1.0,monk
cudann,40,tiled,True,Clang 22.0.0 /usr/bin/hipcc (hipcc),AMD Radeon RX 7900 XTX,gpu,70253.21,double,,,,,,,,,,,,,,5,0.05659230005279023,0.06993860969906726,f94918f1451075d9e8653d1b41885c7616530ffd,v0.1.0-8-g4f0277c,,54.0,12.0,ws-amd,5fef50fb7045,0.6095551894563427,0.00016619479865767064,17-4-1,True,0.0006485687976237386,train,124,"{""blas"": ""tiled""}",,,,,,,,,,,,,,,,,,,,,191190.20288104808,1,0.0006140225,201946.9970562968,6167.425899388648,,,32,2026-09-05T07:00:48+00:00,0.1.0,monk
cudann,40,rocblas,True,Clang 22.0.0 /usr/bin/hipcc (hipcc),AMD Radeon RX 7900 XTX,gpu,70253.21,double,,,,,,,,,,,,,,5,0.04095140633354401,0.05060908324132401,f94918f1451075d9e8653d1b41885c7616530ffd,v0.1.0-8-g4f0277c,,52.0,10.0,ws-amd,11adbe9541a0,0.6095551894563427,4.465019446797669e-05,17-4-1,True,0.0008962817955762148,train,124,{},,,,,,,,,,,,,,,,,,,,,138349.34572143247,1,0.0008518335,145568.35343996214,4462.882120046209,,,32,2026-09-05T07:00:48+00:00,0.1.0,monk
cudann,40,tiled,True,Clang 22.0.0 /usr/bin/hipcc (hipcc),AMD Radeon RX 7900 XTX,gpu,70253.21,float,,,,,,,,,,,,,,5,5.89172096860233,6.424451196877931,f94918f1451075d9e8653d1b41885c7616530ffd,v0.1.0-8-g4f0277c,,55.0,23.0,ws-amd,38c6808bd760,6.563354603463993,4.9592205323279424e-05,12-64-64-3,True,0.004888215201208368,train,1000,"{""blas"": ""tiled""}",,,,,,,,,,,,,,,,,,,,,204573.64474313645,1,0.004862941,205636.87694339702,5114.341118578412,,,32,2026-09-05T07:00:48+00:00,0.1.0,cup
cudann,40,rocblas,True,Clang 22.0.0 /usr/bin/hipcc (hipcc),AMD Radeon RX 7900 XTX,gpu,70253.21,float,,,,,,,,,,,,,,5,6.279125716906069,6.846885136329509,f94918f1451075d9e8653d1b41885c7616530ffd,v0.1.0-8-g4f0277c,,57.0,20.0,ws-amd,51e7d0eb6bb5,6.563354603463993,7.043994264677514e-06,12-64-64-3,True,0.00458662579767406,train,1000,{},,,,,,,,,,,,,,,,,,,,,218025.19850368294,1,0.004551124,219725.94022927084,5450.629962592073,,,32,2026-09-05T07:00:49+00:00,0.1.0,cup
cudann,40,tiled,True,Clang 22.0.0 /usr/bin/hipcc (hipcc),AMD Radeon RX 7900 XTX,gpu,70253.21,double,,,,,,,,,,,,,,5,7.455224394294003,8.1293268194739,f94918f1451075d9e8653d1b41885c7616530ffd,v0.1.0-8-g4f0277c,,67.0,23.0,ws-amd,700761394364,3.2816773017319965,4.708020132966357e-05,12-64-64-3,True,0.0038630627968814224,train,1000,"{""blas"": ""tiled""}",,,,,,,,,,,,,,,,,,,,,258861.95813520844,1,0.0038293464999999997,261141.16338127147,6471.548953380211,,,32,2026-09-05T07:00:49+00:00,0.1.0,cup
cudann,40,rocblas,True,Clang 22.0.0 /usr/bin/hipcc (hipcc),AMD Radeon RX 7900 XTX,gpu,70253.21,double,,,,,,,,,,,,,,5,6.201611553134388,6.762362131103737,f94918f1451075d9e8653d1b41885c7616530ffd,v0.1.0-8-g4f0277c,,65.0,22.0,ws-amd,60842f8b90dd,3.2816773017319965,0.00011911619803868252,12-64-64-3,True,0.0046439541969448325,train,1000,{},,,,,,,,,,,,,,,,,,,,,215333.7344838329,1,0.00460334,217233.5738833108,5383.343362095822,,,32,2026-09-05T07:00:49+00:00,0.1.0,cup
cudann,256,tiled,True,Clang 22.0.0 /usr/bin/hipcc (hipcc),AMD Radeon RX 7900 XTX,gpu,70253.21,float,,,,,,,,,,,,,,5,1313.6696483098904,1330.8078875818805,f94918f1451075d9e8653d1b41885c7616530ffd,v0.1.0-8-g4f0277c,512.016508033761,199.23076923076923,77.6923076923077,ws-amd,72cc2a42c2e3,57.89303578299346,0.00016404079506174285,784-512-256-10,True,0.10995568039943464,train,60000,"{""blas"": ""tiled""}",,,,,,,,,,,,,,,,,,,,,545674.4006497776,1,0.085455399,702120.6465843077,2137.2247358782956,,,32,2026-09-05T07:00:53+00:00,0.1.0,mnist-512-256
cudann,256,rocblas,True,Clang 22.0.0 /usr/bin/hipcc (hipcc),AMD Radeon RX 7900 XTX,gpu,70253.21,float,,,,,,,,,,,,,,5,1621.9053773058413,1643.0648845446337,f94918f1451075d9e8653d1b41885c7616530ffd,v0.1.0-8-g4f0277c,322.7696379269328,154.5,71.8,ws-amd,1d641f08397e,57.89303578299346,0.0007389172038529124,784-512-256-10,True,0.0890591041999869,train,60000,{},,,,,,,,,,,,,,,,,,,,,673709.8979265145,1,0.065526328,915662.4799729355,2638.6971002121822,,,32,2026-09-05T07:00:57+00:00,0.1.0,mnist-512-256
cudann,256,tiled,True,Clang 22.0.0 /usr/bin/hipcc (hipcc),AMD Radeon RX 7900 XTX,gpu,70253.21,double,,,,,,,,,,,,,,5,594.3616728643042,602.1157627732506,f94918f1451075d9e8653d1b41885c7616530ffd,v0.1.0-8-g4f0277c,1419.5618317882763,237.46666666666667,83.7,ws-amd,a4acead228bb,28.94651789149673,0.0012391547963488958,784-512-256-10,True,0.24302616839995608,train,60000,"{""blas"": ""tiled""}",,,,,,,,,,,,,,,,,,,,,246886.9932609728,1,0.1937252,309717.0631389205,966.9740569388101,,,32,2026-09-05T07:01:05+00:00,0.1.0,mnist-512-256
cudann,256,rocblas,True,Clang 22.0.0 /usr/bin/hipcc (hipcc),AMD Radeon RX 7900 XTX,gpu,70253.21,double,,,,,,,,,,,,,,5,595.0787532054625,602.842198201877,f94918f1451075d9e8653d1b41885c7616530ffd,v0.1.0-8-g4f0277c,1296.099306800883,216.96666666666667,84.03333333333333,ws-amd,991a9aad648a,28.94651789149673,0.0030900156009010804,784-512-256-10,True,0.24273331760196015,train,60000,{},,,,,,,,,,,,,,,,,,,,,247184.85534972756,1,0.19565338599999998,306664.76684436225,968.1406834530997,,,32,2026-09-05T07:01:13+00:00,0.1.0,mnist-512-256
cudann,256,tiled,True,Clang 22.0.0 /usr/bin/hipcc (hipcc),AMD Radeon RX 7900 XTX,gpu,70253.21,float,,,,,,,,,,,,,,2,724.7776941021344,735.0825486474544,f94918f1451075d9e8653d1b41885c7616530ffd,v0.1.0-8-g4f0277c,102.6973790412012,154.25,68.0,ws-amd,94cb494ff0f8,39.36769759450172,0.0008330067576025613,256-256-256-256-256-16,True,0.13259223349450622,train,65536,"{""blas"": ""tiled""}",,,,,,,,,,,,,,,,,,,,,494267.2604026645,1,0.108521437,603899.1171854829,1930.7314859479081,,,32,2026-09-05T07:01:16+00:00,0.1.0,sweep-w256-d4-b256
cudann,256,rocblas,True,Clang 22.0.0 /usr/bin/hipcc (hipcc),AMD Radeon RX 7900 XTX,gpu,70253.21,float,,,,,,,,,,,,,,2,899.982267732111,912.7781725147986,f94918f1451075d9e8653d1b41885c7616530ffd,v0.1.0-8-g4f0277c,64.15422291317373,131.0,59.333333333333336,ws-amd,77644ce50ca5,39.36769759450172,0.0022914714936632663,256-256-256-256-256-16,True,0.10677976299484726,train,65536,{},,,,,,,,,,,,,,,,,,,,,613749.2551202093,1,0.083575961,784148.9253111908,2397.4580278133176,,,32,2026-09-05T07:01:17+00:00,0.1.0,sweep-w256-d4-b256
cudann,256,tiled,True,Clang 22.0.0 /usr/bin/hipcc (hipcc),AMD Radeon RX 7900 XTX,gpu,70253.21,float,,,,,,,,,,,,,,2,2756.6695423496317,2783.3258871939215,f94918f1451075d9e8653d1b41885c7616530ffd,v0.1.0-8-g4f0277c,805.6189183537499,283.2,91.66666666666667,ws-amd,6bfd78b5bbd6,79.17792963806632,0.00027258625050308183,256-1024-1024-1024-1024-16,True,0.4759774389967788,train,65536,"{""blas"": ""tiled""}",,,,,,,,,,,,,,,,,,,,,137687.19823807347,1,0.435496595,150485.6771612646,537.8406181174745,,,32,2026-09-05T07:01:22+00:00,0.1.0,sweep-w1024-d4-b256
cudann,256,rocblas,True,Clang 22.0.0 /usr/bin/hipcc (hipcc),AMD Radeon RX 7900 XTX,gpu,70253.21,float,,,,,,,,,,,,,,2,6044.062234875199,6102.506892357014,f94918f1451075d9e8653d1b41885c7616530ffd,v0.1.0-8-g4f0277c,294.107778765072,233.28571428571428,82.14285714285714,ws-amd,2aeb185e7daf,79.17792963806632,0.0011616909905569628,256-1024-1024-1024-1024-16,True,0.21709116450801957,train,65536,{},,,,,,,,,,,,,,,,,,,,,301882.3918906153,1,0.189308904,346185.5127532723,1179.228093322716,,,32,2026-09-05T07:01:25+00:00,0.1.0,sweep-w1024-d4-b256
cudann,256,tiled,True,Clang 22.0.0 /usr/bin/hipcc (hipcc),AMD Radeon RX 7900 XTX,gpu,70253.21,float,,,,,,,,,,,,,,2,3196.493263652925,3223.012649763568,f94918f1451075d9e8653d1b41885c7616530ffd,v0.1.0-8-g4f0277c,12594.484161189801,335.00531914893617,99.21808510638297,ws-amd,12ff33190d9e,110.5098853438531,0.009687048746854998,256-4096-4096-4096-4096-16,True,6.285593415494077,train,65536,"{""blas"": ""tiled""}",,,,,,,,,,,,,,,,,,,,,10426.382310770026,1,6.207735673,10557.150538004229,40.728055901445416,,,32,2026-09-05T07:02:14+00:00,0.1.0,sweep-w4096-d4-b256
cudann,256,rocblas,True,Clang 22.0.0 /usr/bin/hipcc (hipcc),AMD Radeon RX 7900 XTX,gpu,70253.21,float,,,,,,,,,,,,,,2,14116.504782034583,14233.620949649992,f94918f1451075d9e8653d1b41885c7616530ffd,v0.1.0-8-g4f0277c,2765.0908732351236,325.5581395348837,95.65116279069767,ws-amd,605349a6c7ed,110.5098853438531,0.0013672369968844578,256-4096-4096-4096-4096-16,True,1.4232883649965515,train,65536,{},,,,,,,,,,,,,,,,,,,,,46045.482849259985,1,1.356374838,48317.02724346764,179.86516737992181,,,32,2026-09-05T07:02:28+00:00,0.1.0,sweep-w4096-d4-b256
syclnn,40,tiled,True,AdaptiveCpp 25.10.0 $HOME/.local/opt/fnn-rocm/acpp/bin/acpp / host Clang 18.1.3 $HOME/.local/opt/fnn-rocm/acpp/bin/acpp,AMD Radeon RX 7900 XTX,gpu,70253211,float,,,,,,,,,,,,,,5,0.03217316852552636,0.03976065072792817,f94918f1451075d9e8653d1b41885c7616530ffd,v0.2.0-9-gda3d659,,30.0,3.0,ws-amd,e5e1f10ffc49,1.2191103789126854,7.266830070875598e-05,17-4-1,True,0.0011408263992052526,train,124,"{""blas"": ""tiled""}",,,,,,,,,,,,,,,,,,,,,108693.13691056203,1,0.0010130590000000002,122401.55805338088,3506.2302229213556,portable-acpp-ws-amd-gpu,,16,2026-09-05T11:12:34+00:00,0.2.0,monk
syclnn,40,auto,True,AdaptiveCpp 25.10.0 $HOME/.local/opt/fnn-rocm/acpp/bin/acpp / host Clang 18.1.3 $HOME/.local/opt/fnn-rocm/acpp/bin/acpp,AMD Radeon RX 7900 XTX,gpu,70253211,float,,,,,,,,,,,,,,5,0.015212941791920237,0.018800649511810756,f94918f1451075d9e8653d1b41885c7616530ffd,v0.2.0-9-gda3d659,,29.0,3.0,ws-amd,e331ec1d84c1,1.2191103789126854,6.895639817230395e-05,17-4-1,True,0.0024126826028805226,train,124,{},,,,,,,,,,,,,,,,,,,,,51395.07362135215,1,0.0023479,52813.15217854253,1657.905600688779,,,32,2026-09-05T06:58:45+00:00,0.2.0,monk
syclnn,40,tiled,True,AdaptiveCpp 25.10.0 $HOME/.local/opt/fnn-rocm/acpp/bin/acpp / host Clang 18.1.3 $HOME/.local/opt/fnn-rocm/acpp/bin/acpp,AMD Radeon RX 7900 XTX,gpu,70253211,double,,,,,,,,,,,,,,5,0.02750525725216028,0.03399189377065144,f94918f1451075d9e8653d1b41885c7616530ffd,v0.2.0-9-gda3d659,,28.0,2.0,ws-amd,fda32d8c9f67,0.6095551894563427,5.629219231195748e-05,17-4-1,True,0.0013344358012545854,train,124,"{""blas"": ""tiled""}",,,,,,,,,,,,,,,,,,,,,92923.16639243338,1,0.0012297904999999999,100830.18205133315,2997.5214965301093,,,32,2026-09-05T06:58:46+00:00,0.2.0,monk
syclnn,40,auto,True,AdaptiveCpp 25.10.0 $HOME/.local/opt/fnn-rocm/acpp/bin/acpp / host Clang 18.1.3 $HOME/.local/opt/fnn-rocm/acpp/bin/acpp,AMD Radeon RX 7900 XTX,gpu,70253211,double,,,,,,,,,,,,,,5,0.014861852900401281,0.01836676241178624,f94918f1451075d9e8653d1b41885c7616530ffd,v0.2.0-9-gda3d659,,37.0,17.0,ws-amd,9be05c25cb68,0.6095551894563427,0.00011847639689221978,17-4-1,True,0.002469678595662117,train,124,{},,,,,,,,,,,,,,,,,,,,,50208.96250135568,1,0.0023731255,52251.766710188735,1619.643951656635,,,32,2026-09-05T06:58:46+00:00,0.2.0,monk
syclnn,40,tiled,True,AdaptiveCpp 25.10.0 $HOME/.local/opt/fnn-rocm/acpp/bin/acpp / host Clang 18.1.3 $HOME/.local/opt/fnn-rocm/acpp/bin/acpp,AMD Radeon RX 7900 XTX,gpu,70253211,float,,,,,,,,,,,,,,5,3.493887832438172,3.809805655509431,f94918f1451075d9e8653d1b41885c7616530ffd,v0.2.0-9-gda3d659,,37.0,9.0,ws-amd,fbc0fd92d4d5,6.563354603463993,0.00031663620320614497,12-64-64-3,True,0.008242966397665441,train,1000,"{""blas"": ""tiled""}",,,,,,,,,,,,,,,,,,,,,121315.54973743655,1,0.0081832925,122200.20242463532,3032.8887434359135,portable-acpp-ws-amd-gpu,,16,2026-09-05T11:12:35+00:00,0.2.0,cup
syclnn,40,auto,True,AdaptiveCpp 25.10.0 $HOME/.local/opt/fnn-rocm/acpp/bin/acpp / host Clang 18.1.3 $HOME/.local/opt/fnn-rocm/acpp/bin/acpp,AMD Radeon RX 7900 XTX,gpu,70253211,float,,,,,,,,,,,,,,5,1.3747124187719009,1.4990141066095366,f94918f1451075d9e8653d1b41885c7616530ffd,v0.2.0-9-gda3d659,39.1254298107815,92.33333333333333,68.66666666666667,ws-amd,d052779fccac,6.563354603463993,0.00018150279647670756,12-64-64-3,True,0.02094983620336279,train,1000,{},,,,,,,,,,,,,,,,,,,,,47733.070096246556,1,0.020696438999999997,48317.490752877835,1193.326752406164,,,32,2026-09-05T06:58:47+00:00,0.2.0,cup
syclnn,40,tiled,True,AdaptiveCpp 25.10.0 $HOME/.local/opt/fnn-rocm/acpp/bin/acpp / host Clang 18.1.3 $HOME/.local/opt/fnn-rocm/acpp/bin/acpp,AMD Radeon RX 7900 XTX,gpu,70253211,double,,,,,,,,,,,,,,5,2.7143308705576907,2.9597610448639156,f94918f1451075d9e8653d1b41885c7616530ffd,v0.2.0-9-gda3d659,14.976441247214098,74.5,50.0,ws-amd,1f14ad4d5a43,3.2816773017319965,0.0005552664049901061,12-64-64-3,True,0.010610349796479568,train,1000,"{""blas"": ""tiled""}",,,,,,,,,,,,,,,,,,,,,94247.59967214204,1,0.010504120499999998,95200.73574936618,2356.1899918035506,,,32,2026-09-05T06:58:48+00:00,0.2.0,cup
syclnn,40,auto,True,AdaptiveCpp 25.10.0 $HOME/.local/opt/fnn-rocm/acpp/bin/acpp / host Clang 18.1.3 $HOME/.local/opt/fnn-rocm/acpp/bin/acpp,AMD Radeon RX 7900 XTX,gpu,70253211,double,,,,,,,,,,,,,,5,1.332402785598297,1.4528788305280373,f94918f1451075d9e8653d1b41885c7616530ffd,v0.2.0-9-gda3d659,38.344179190928116,91.0,69.0,ws-amd,bd2bd04b7ce3,3.2816773017319965,0.00040215979679487576,12-64-64-3,True,0.02161508540157229,train,1000,{},,,,,,,,,,,,,,,,,,,,,46263.985611051976,1,0.0213375325,46865.775131215385,1156.5996402762994,,,32,2026-09-05T06:58:49+00:00,0.2.0,cup
syclnn,256,tiled,True,AdaptiveCpp 25.10.0 $HOME/.local/opt/fnn-rocm/acpp/bin/acpp / host Clang 18.1.3 $HOME/.local/opt/fnn-rocm/acpp/bin/acpp,AMD Radeon RX 7900 XTX,gpu,70253211,float,,,,,,,,,,,,,,5,1055.3665857650042,1069.134982629295,f94918f1451075d9e8653d1b41885c7616530ffd,v0.2.0-9-gda3d659,360.89125991100445,192.3,72.9,ws-amd,1600bef707f1,57.89303578299346,0.0007127246994059477,784-512-256-10,True,0.13686755099915898,train,60000,"{""blas"": ""tiled""}",,,,,,,,,,,,,,,,,,,,,438380.0218677741,1,0.102361908,586155.5452835052,1716.9884189821153,portable-acpp-ws-amd-gpu,,16,2026-09-05T11:12:38+00:00,0.2.0,mnist-512-256
syclnn,256,auto,True,AdaptiveCpp 25.10.0 $HOME/.local/opt/fnn-rocm/acpp/bin/acpp / host Clang 18.1.3 $HOME/.local/opt/fnn-rocm/acpp/bin/acpp,AMD Radeon RX 7900 XTX,gpu,70253211,float,,,,,,,,,,,,,,5,541.0375383841134,548.0959573708694,f94918f1451075d9e8653d1b41885c7616530ffd,v0.2.0-9-gda3d659,883.9786468594684,133.33333333333334,74.75757575757575,ws-amd,e946bce462e7,57.89303578299346,0.0060665760014672054,784-512-256-10,True,0.26697859159903603,train,60000,{},,,,,,,,,,,,,,,,,,,,,224737.1208329374,1,0.22839144,262706.8685236189,880.2203899290047,,,32,2026-09-05T06:59:02+00:00,0.2.0,mnist-512-256
syclnn,256,tiled,True,AdaptiveCpp 25.10.0 $HOME/.local/opt/fnn-rocm/acpp/bin/acpp / host Clang 18.1.3 $HOME/.local/opt/fnn-rocm/acpp/bin/acpp,AMD Radeon RX 7900 XTX,gpu,70253211,double,,,,,,,,,,,,,,5,490.61666766030703,497.0172919359814,f94918f1451075d9e8653d1b41885c7616530ffd,v0.2.0-9-gda3d659,1556.0096998207155,217.62857142857143,78.77142857142857,ws-amd,6ff2c0dcb220,28.94651789149673,0.00439929500571451,784-512-256-10,True,0.2944160879997071,train,60000,"{""blas"": ""tiled""}",,,,,,,,,,,,,,,,,,,,,203793.21119184117,1,0.21821417650000002,274959.2210843368,798.1900771680446,,,32,2026-09-05T06:59:12+00:00,0.2.0,mnist-512-256
syclnn,256,auto,True,AdaptiveCpp 25.10.0 $HOME/.local/opt/fnn-rocm/acpp/bin/acpp / host Clang 18.1.3 $HOME/.local/opt/fnn-rocm/acpp/bin/acpp,AMD Radeon RX 7900 XTX,gpu,70253211,double,,,,,,,,,,,,,,5,352.69670407028707,357.2980134729787,f94918f1451075d9e8653d1b41885c7616530ffd,v0.2.0-9-gda3d659,1801.5658934705862,178.32,81.56,ws-amd,841d342d9fb2,28.94651789149673,0.01172720460454002,784-512-256-10,True,0.409545760799665,train,60000,{},,,,,,,,,,,,,,,,,,,,,146503.77501856218,1,0.33268028,180353.34105165477,573.8064521560352,,,32,2026-09-05T06:59:24+00:00,0.2.0,mnist-512-256
syclnn,256,tiled,True,AdaptiveCpp 25.10.0 $HOME/.local/opt/fnn-rocm/acpp/bin/acpp / host Clang 18.1.3 $HOME/.local/opt/fnn-rocm/acpp/bin/acpp,AMD Radeon RX 7900 XTX,gpu,70253211,float,,,,,,,,,,,,,,2,537.9429345956904,545.5913814778182,f94918f1451075d9e8653d1b41885c7616530ffd,v0.2.0-9-gda3d659,159.59515110396023,147.5,70.83333333333333,ws-amd,8dbed10e9c90,39.36769759450172,0.016757947007135954,256-256-256-256-256-16,True,0.17864328550058417,train,65536,"{""blas"": ""tiled""}",,,,,,,,,,,,,,,,,,,,,366853.97839811724,1,0.143258769,457465.88817889395,1433.0233531176455,,,32,2026-09-05T06:59:27+00:00,0.2.0,sweep-w256-d4-b256
syclnn,256,auto,True,AdaptiveCpp 25.10.0 $HOME/.local/opt/fnn-rocm/acpp/bin/acpp / host Clang 18.1.3 $HOME/.local/opt/fnn-rocm/acpp/bin/acpp,AMD Radeon RX 7900 XTX,gpu,70253211,float,,,,,,,,,,,,,,2,245.86602868045534,249.3617401017709,f94918f1451075d9e8653d1b41885c7616530ffd,v0.2.0-9-gda3d659,298.7197992288857,131.66666666666666,78.91666666666667,ws-amd,ba5e6e5aef10,39.36769759450172,0.005840672507474665,256-256-256-256-256-16,True,0.3908628360077273,train,65536,{},,,,,,,,,,,,,,,,,,,,,167670.072369593,1,0.355129652,184541.0531925957,654.9612201937226,,,32,2026-09-05T06:59:30+00:00,0.2.0,sweep-w256-d4-b256
syclnn,256,tiled,True,AdaptiveCpp 25.10.0 $HOME/.local/opt/fnn-rocm/acpp/bin/acpp / host Clang 18.1.3 $HOME/.local/opt/fnn-rocm/acpp/bin/acpp,AMD Radeon RX 7900 XTX,gpu,70253211,float,,,,,,,,,,,,,,2,2558.4528368259557,2583.192472839112,f94918f1451075d9e8653d1b41885c7616530ffd,v0.2.0-9-gda3d659,793.3482535891671,272.73333333333335,89.93333333333334,ws-amd,3831f09d0dea,79.17792963806632,0.000883360997249838,256-1024-1024-1024-1024-16,True,0.5128538974968251,train,65536,"{""blas"": ""tiled""}",,,,,,,,,,,,,,,,,,,,,127786.88105886085,1,0.457873975,143131.08754434012,499.1675041361752,,,32,2026-09-05T06:59:35+00:00,0.2.0,sweep-w1024-d4-b256
syclnn,256,auto,True,AdaptiveCpp 25.10.0 $HOME/.local/opt/fnn-rocm/acpp/bin/acpp / host Clang 18.1.3 $HOME/.local/opt/fnn-rocm/acpp/bin/acpp,AMD Radeon RX 7900 XTX,gpu,70253211,float,,,,,,,,,,,,,,2,2908.822133357662,2936.9497579010795,f94918f1451075d9e8653d1b41885c7616530ffd,v0.2.0-9-gda3d659,509.07012805968407,191.07142857142858,85.57142857142857,ws-amd,2957db29f18d,79.17792963806632,0.01646664849977242,256-1024-1024-1024-1024-16,True,0.4510803510056576,train,65536,{},,,,,,,,,,,,,,,,,,,,,145286.75402041184,1,0.41961255,156182.173292958,567.5263828922338,,,32,2026-09-05T06:59:40+00:00,0.2.0,sweep-w1024-d4-b256
syclnn,256,tiled,True,AdaptiveCpp 25.10.0 $HOME/.local/opt/fnn-rocm/acpp/bin/acpp / host Clang 18.1.3 $HOME/.local/opt/fnn-rocm/acpp/bin/acpp,AMD Radeon RX 7900 XTX,gpu,70253211,float,,,,,,,,,,,,,,2,3146.9608357489797,3173.069281034087,f94918f1451075d9e8653d1b41885c7616530ffd,v0.2.0-9-gda3d659,12771.027741777682,333.8952879581152,98.84816753926701,ws-amd,fdce094a3f25,110.5098853438531,0.010745244006102439,256-4096-4096-4096-4096-16,True,6.3845271864993265,train,65536,"{""blas"": ""tiled""}",,,,,,,,,,,,,,,,,,,,,10264.816498640954,1,6.296716962,10407.963450716083,40.096939447816226,,,32,2026-09-05T07:00:30+00:00,0.2.0,sweep-w4096-d4-b256
syclnn,256,auto,True,AdaptiveCpp 25.10.0 $HOME/.local/opt/fnn-rocm/acpp/bin/acpp / host Clang 18.1.3 $HOME/.local/opt/fnn-rocm/acpp/bin/acpp,AMD Radeon RX 7900 XTX,gpu,70253211,float,,,,,,,,,,,,,,2,11864.884886647122,11963.320715386439,f94918f1451075d9e8653d1b41885c7616530ffd,v0.2.0-9-gda3d659,3258.759033176233,323.29411764705884,94.33333333333333,ws-amd,4a621bab5151,110.5098853438531,0.006322827495750971,256-4096-4096-4096-4096-16,True,1.693388280007639,train,65536,{},,,,,,,,,,,,,,,,,,,,,38701.10639935713,1,1.608158148,40752.210895119,151.1761968724888,,,32,2026-09-05T07:00:46+00:00,0.2.0,sweep-w4096-d4-b256
ompnn,40,tiled,True,GNU 14.2.0 /usr/bin/g++-14,"AMD Ryzen Threadripper 2950X 16-Core Processor (OpenMP host, 16 threads)",cpu,201511,float,,,,,,,,,,,,,,5,0.06857920140251222,0.08475241324155282,7d2a071c4c34ad3209aec7f92f64895d8344121c,v0.1.0-13-gd3e14d2,,,,3d58acb1b5b9,2541ed69cb45,1.2191103789126854,9.875997784547594e-06,17-4-1,True,0.0005352059990400449,train,124,"{""blas"": ""tiled""}",,,,,,,,,,,,,,,,,,,,,231686.49122470344,1,0.000530637,233681.40555596387,7473.7577814420465,,,16,2026-09-06T14:18:02+00:00,0.1.0,monk
ompnn,40,tiled,True,GNU 14.2.0 /usr/bin/g++-14,"AMD Ryzen Threadripper 2950X 16-Core Processor (OpenMP host, 16 threads)",cpu,201511,float,,,,,,,,,,,,,,5,4.628241632593836,5.046727883824309,7d2a071c4c34ad3209aec7f92f64895d8344121c,v0.1.0-13-gd3e14d2,,,,3d58acb1b5b9,6fa33853c293,6.563354603463993,0.0008141911996062843,12-64-64-3,True,0.00622266560094431,train,1000,"{""blas"": ""tiled""}",,,,,,,,,,,,,,,,,,,,,160702.83446506376,1,0.006259223499999999,159764.22634532864,4017.570861626594,,,16,2026-09-06T14:18:02+00:00,0.1.0,cup
ompnn,256,tiled,True,GNU 14.2.0 /usr/bin/g++-14,"AMD Ryzen Threadripper 2950X 16-Core Processor (OpenMP host, 16 threads)",cpu,201511,float,,,,,,,,,,,,,,5,33.78484551475862,34.225605310757636,7d2a071c4c34ad3209aec7f92f64895d8344121c,v0.1.0-13-gd3e14d2,,,,3d58acb1b5b9,4f5ade223969,57.89303578299346,0.07235491799947358,784-512-256-10,True,4.275450658399495,train,60000,"{""blas"": ""tiled""}",,,,,,,,,,,,,,,,,,,,,14033.608336029974,1,4.206632542,14263.190188576256,54.96496598278407,,,16,2026-09-06T14:19:55+00:00,0.1.0,mnist-512-256
ompnn,40,openblas,True,GNU 14.2.0 /usr/bin/g++-14,"AMD Ryzen Threadripper 2950X 16-Core Processor (OpenMP host, 16 threads)",cpu,201511,float,,,,,,,,,,,,,,5,0.16063539821303982,0.19851846291803307,7d2a071c4c34ad3209aec7f92f64895d8344121c,v0.1.0-13-gd3e14d2,,,,3d58acb1b5b9,652566461a30,1.2191103789126854,9.102001786232005e-06,17-4-1,True,0.00022849260130897164,train,124,{},,,,,,,,,,,,,,,,,,,,,542687.1561251344,1,0.00021497,576824.6732102154,17506.037294359176,,,16,2026-09-06T14:19:55+00:00,0.1.0,monk
ompnn,40,openblas,True,GNU 14.2.0 /usr/bin/g++-14,"AMD Ryzen Threadripper 2950X 16-Core Processor (OpenMP host, 16 threads)",cpu,201511,float,,,,,,,,,,,,,,5,6.323258404058305,6.895008307183591,7d2a071c4c34ad3209aec7f92f64895d8344121c,v0.1.0-13-gd3e14d2,,,,3d58acb1b5b9,6473b23ca499,6.563354603463993,0.0002896208025049418,12-64-64-3,True,0.004554613801883533,train,1000,{},,,,,,,,,,,,,,,,,,,,,219557.5834742467,1,0.0045304265,220729.7701441575,5488.939586856168,,,16,2026-09-06T14:19:56+00:00,0.1.0,cup
ompnn,256,openblas,True,GNU 14.2.0 /usr/bin/g++-14,"AMD Ryzen Threadripper 2950X 16-Core Processor (OpenMP host, 16 threads)",cpu,201511,float,,,,,,,,,,,,,,5,205.2665162806049,207.9444396649739,7d2a071c4c34ad3209aec7f92f64895d8344121c,v0.1.0-13-gd3e14d2,,,,3d58acb1b5b9,fdce024f6c73,57.89303578299346,0.0037252978014293836,784-512-256-10,True,0.7036970404005842,train,60000,{},,,,,,,,,,,,,,,,,,,,,85263.96525107538,1,0.657176827,91299.62825058651,333.9505305667119,,,16,2026-09-06T14:20:15+00:00,0.1.0,mnist-512-256
ompnn,40,tiled,True,Clang 22.0.0 /usr/bin/amdclang++,AMD Radeon RX 7900 XTX,gpu,70253.21,float,,,,,,,,,,,,,,5,0.027841030627585264,0.03440685345649705,f94918f1451075d9e8653d1b41885c7616530ffd,v0.1.0-11-gfd388bf,,54.0,5.0,ws-amd,9d928d7f2417,1.2191103789126854,6.794219953007983e-05,17-4-1,True,0.0013183420000132174,train,124,"{""blas"": ""tiled""}",,,,,,,,,,,,,,,,,,,,,94057.53590400427,1,0.0012666405,97896.75918305154,3034.114061419493,,,32,2026-09-05T09:04:33+00:00,0.1.0,monk
ompnn,40,rocblas,True,Clang 22.0.0 /usr/bin/amdclang++,AMD Radeon RX 7900 XTX,gpu,70253.21,float,,,,,,,,,,,,,,5,0.020292220320460144,0.025077787536401268,f94918f1451075d9e8653d1b41885c7616530ffd,v0.1.0-11-gfd388bf,,64.0,3.0,ws-amd,aa54d52372e2,1.2191103789126854,0.00020846999832428996,17-4-1,True,0.0018087720032781362,train,124,{},,,,,,,,,,,,,,,,,,,,,68554.79837993292,1,0.001780555,69641.20737635175,2211.4451090300945,,,32,2026-09-05T09:04:34+00:00,0.1.0,monk
ompnn,40,tiled,True,Clang 22.0.0 /usr/bin/amdclang++,AMD Radeon RX 7900 XTX,gpu,70253.21,double,,,,,,,,,,,,,,5,0.023507349947415584,0.02905114956448264,f94918f1451075d9e8653d1b41885c7616530ffd,v0.1.0-11-gfd388bf,,64.0,12.0,ws-amd,88d33258f5d9,0.6095551894563427,0.00010049599804915475,17-4-1,True,0.0015613839961588383,train,124,"{""blas"": ""tiled""}",,,,,,,,,,,,,,,,,,,,,79416.72279532292,1,0.001464185,84688.75176292613,2561.8297675910617,,,32,2026-09-05T09:04:34+00:00,0.1.0,monk
ompnn,40,rocblas,True,Clang 22.0.0 /usr/bin/amdclang++,AMD Radeon RX 7900 XTX,gpu,70253.21,double,,,,,,,,,,,,,,5,0.019351566463720736,0.023915296828530202,f94918f1451075d9e8653d1b41885c7616530ffd,v0.1.0-11-gfd388bf,,67.0,18.0,ws-amd,25ff790c5e89,0.6095551894563427,0.0001911179977469148,17-4-1,True,0.0018966939998790622,train,124,{},,,,,,,,,,,,,,,,,,,,,65376.91372878627,1,0.00185906,66700.37545856507,2108.9327009285894,,,32,2026-09-05T09:04:35+00:00,0.1.0,monk
ompnn,40,tiled,True,Clang 22.0.0 /usr/bin/amdclang++,AMD Radeon RX 7900 XTX,gpu,70253.21,float,,,,,,,,,,,,,,5,2.4847378434407537,2.7094081843471445,f94918f1451075d9e8653d1b41885c7616530ffd,v0.1.0-11-gfd388bf,19.934268693381455,99.5,66.0,ws-amd,c6c45a17db40,6.563354603463993,2.8175796614959836e-05,12-64-64-3,True,0.01159075999748893,train,1000,"{""blas"": ""tiled""}",,,,,,,,,,,,,,,,,,,,,86275.61956391505,1,0.011410695,87637.08082636508,2156.8904890978765,,,32,2026-09-05T09:04:35+00:00,0.1.0,cup
ompnn,40,rocblas,True,Clang 22.0.0 /usr/bin/amdclang++,AMD Radeon RX 7900 XTX,gpu,70253.21,float,,,,,,,,,,,,,,5,1.914055988379065,2.0871251966894095,f94918f1451075d9e8653d1b41885c7616530ffd,v0.1.0-11-gfd388bf,19.034715756570222,95.0,60.5,ws-amd,4e8fe4ef8a5e,6.563354603463993,0.000557124201441184,12-64-64-3,True,0.015046581800561398,train,1000,{},,,,,,,,,,,,,,,,,,,,,66460.2773742731,1,0.01496801,66809.14831029643,1661.5069343568273,,,32,2026-09-05T09:04:36+00:00,0.1.0,cup
ompnn,40,tiled,True,Clang 22.0.0 /usr/bin/amdclang++,AMD Radeon RX 7900 XTX,gpu,70253.21,double,,,,,,,,,,,,,,5,2.298410266480157,2.5062328419989406,f94918f1451075d9e8653d1b41885c7616530ffd,v0.1.0-11-gfd388bf,20.838009817758575,104.0,68.5,ws-amd,d71eaed4d138,3.2816773017319965,0.00019479399779811363,12-64-64-3,True,0.012530399998649955,train,1000,"{""blas"": ""tiled""}",,,,,,,,,,,,,,,,,,,,,79805.912030561,1,0.01243493,80418.62720578242,1995.1478007640249,,,32,2026-09-05T09:04:36+00:00,0.1.0,cup
ompnn,40,rocblas,True,Clang 22.0.0 /usr/bin/amdclang++,AMD Radeon RX 7900 XTX,gpu,70253.21,double,,,,,,,,,,,,,,5,1.7969808703137455,1.9594641301881908,f94918f1451075d9e8653d1b41885c7616530ffd,v0.1.0-11-gfd388bf,46.697261646651896,112.0,68.33333333333333,ws-amd,88f54ff3f718,3.2816773017319965,8.956600213423302e-05,12-64-64-3,True,0.016026881797006353,train,1000,{},,,,,,,,,,,,,,,,,,,,,62395.16910811616,1,0.0159497345,62696.96840408221,1559.879227702904,,,32,2026-09-05T09:04:37+00:00,0.1.0,cup
ompnn,256,tiled,True,Clang 22.0.0 /usr/bin/amdclang++,AMD Radeon RX 7900 XTX,gpu,70253.21,float,,,,,,,,,,,,,,5,630.9212810399267,639.1523305204138,f94918f1451075d9e8653d1b41885c7616530ffd,v0.1.0-11-gfd388bf,1227.9985994267481,216.17857142857142,86.35714285714286,ws-amd,5feaa438e900,57.89303578299346,0.00032348000095225315,784-512-256-10,True,0.22894368020351977,train,60000,"{""blas"": ""tiled""}",,,,,,,,,,,,,,,,,,,,,262073.1873736935,1,0.206150898,291048.9383364219,1026.453317213633,,,32,2026-09-05T09:04:44+00:00,0.1.0,mnist-512-256
ompnn,256,rocblas,True,Clang 22.0.0 /usr/bin/amdclang++,AMD Radeon RX 7900 XTX,gpu,70253.21,float,,,,,,,,,,,,,,5,699.5036416267484,708.6294220672505,f94918f1451075d9e8653d1b41885c7616530ffd,v0.1.0-11-gfd388bf,753.8336851738859,149.96,74.48,ws-amd,0e714f3cff33,57.89303578299346,0.0008585741976276096,784-512-256-10,True,0.2064970522013027,train,60000,{},,,,,,,,,,,,,,,,,,,,,290561.04850111506,1,0.18373901850000002,326550.1279468302,1138.0307732960339,,,32,2026-09-05T09:04:51+00:00,0.1.0,mnist-512-256
ompnn,256,tiled,True,Clang 22.0.0 /usr/bin/amdclang++,AMD Radeon RX 7900 XTX,gpu,70253.21,double,,,,,,,,,,,,,,5,349.02403008205266,353.5774254862293,f94918f1451075d9e8653d1b41885c7616530ffd,v0.1.0-11-gfd388bf,2318.5702436997235,227.9,89.7,ws-amd,958a4472f3cb,28.94651789149673,0.0011126899975351656,784-512-256-10,True,0.413855286600301,train,60000,"{""blas"": ""tiled""}",,,,,,,,,,,,,,,,,,,,,144978.2132611674,1,0.367911517,163082.6903415475,567.8313352729057,,,32,2026-09-05T09:05:03+00:00,0.1.0,mnist-512-256
ompnn,256,rocblas,True,Clang 22.0.0 /usr/bin/amdclang++,AMD Radeon RX 7900 XTX,gpu,70253.21,double,,,,,,,,,,,,,,5,369.32317725136494,374.1413969526185,f94918f1451075d9e8653d1b41885c7616530ffd,v0.1.0-11-gfd388bf,1959.6212591435033,201.67391304347825,84.43478260869566,ws-amd,8a899968b4b7,28.94651789149673,0.001557489804690726,784-512-256-10,True,0.3911085165978875,train,60000,{},,,,,,,,,,,,,,,,,,,,,153410.10858551087,1,0.347132967,172844.43053200416,600.8562586265842,,,32,2026-09-05T09:05:15+00:00,0.1.0,mnist-512-256
ompnn,256,tiled,True,Clang 22.0.0 /usr/bin/amdclang++,AMD Radeon RX 7900 XTX,gpu,70253.21,float,,,,,,,,,,,,,,2,301.9741405380547,306.267594406758,f94918f1451075d9e8653d1b41885c7616530ffd,v0.1.0-11-gfd388bf,316.1677016285248,169.8,83.4,ws-amd,eea193241e5b,39.36769759450172,0.0017218850043718703,256-256-256-256-256-16,True,0.3182388169952901,train,65536,"{""blas"": ""tiled""}",,,,,,,,,,,,,,,,,,,,,205933.3949854707,1,0.296044788,221371.90944229695,804.4273241619949,,,32,2026-09-05T09:05:18+00:00,0.1.0,sweep-w256-d4-b256
ompnn,256,rocblas,True,Clang 22.0.0 /usr/bin/amdclang++,AMD Radeon RX 7900 XTX,gpu,70253.21,float,,,,,,,,,,,,,,2,310.7621682537171,315.18056987962524,f94918f1451075d9e8653d1b41885c7616530ffd,v0.1.0-11-gfd388bf,264.8044707140507,141.5,71.5,ws-amd,f54bfa920671,39.36769759450172,0.00445040974591393,256-256-256-256-256-16,True,0.30923935750615783,train,65536,{},,,,,,,,,,,,,,,,,,,,,211926.45246876442,1,0.287483337,227964.51677475832,827.837704956111,,,32,2026-09-05T09:05:21+00:00,0.1.0,sweep-w256-d4-b256
ompnn,256,tiled,True,Clang 22.0.0 /usr/bin/amdclang++,AMD Radeon RX 7900 XTX,gpu,70253.21,float,,,,,,,,,,,,,,2,1505.0611737971935,1519.6147606686523,f94918f1451075d9e8653d1b41885c7616530ffd,v0.1.0-11-gfd388bf,1570.2237566836702,309.61538461538464,93.84615384615384,ws-amd,b75f0d88576a,79.17792963806632,0.004785110002558213,256-1024-1024-1024-1024-16,True,0.8718001180095598,train,65536,"{""blas"": ""tiled""}",,,,,,,,,,,,,,,,,,,,,75173.19468782334,1,0.838376743,78170.10734993636,293.64529174930993,,,32,2026-09-05T09:05:29+00:00,0.1.0,sweep-w1024-d4-b256
ompnn,256,rocblas,True,Clang 22.0.0 /usr/bin/amdclang++,AMD Radeon RX 7900 XTX,gpu,70253.21,float,,,,,,,,,,,,,,2,3039.8883036317357,3069.2833071549594,f94918f1451075d9e8653d1b41885c7616530ffd,v0.1.0-11-gfd388bf,545.7046132591349,219.46153846153845,77.84615384615384,ws-amd,bd7b824b7326,79.17792963806632,0.012059077504090965,256-1024-1024-1024-1024-16,True,0.4316318159981165,train,65536,{},,,,,,,,,,,,,,,,,,,,,151833.1076879791,1,0.404538446,162001.90772473576,593.0980769061683,,,32,2026-09-05T09:05:33+00:00,0.1.0,sweep-w1024-d4-b256
ompnn,256,tiled,True,Clang 22.0.0 /usr/bin/amdclang++,AMD Radeon RX 7900 XTX,gpu,70253.21,float,,,,,,,,,,,,,,2,2092.3898148324943,2109.7491172982554,f94918f1451075d9e8653d1b41885c7616530ffd,v0.1.0-11-gfd388bf,19312.693095555325,335.52613240418117,99.33449477351917,ws-amd,007a640e8a72,110.5098853438531,0.020943600007740315,256-4096-4096-4096-4096-16,True,9.602348887507105,train,65536,"{""blas"": ""tiled""}",,,,,,,,,,,,,,,,,,,,,6824.996755248496,1,9.515465171,6887.314369005533,26.660143575189437,,,32,2026-09-05T09:06:45+00:00,0.1.0,sweep-w4096-d4-b256
ompnn,256,rocblas,True,Clang 22.0.0 /usr/bin/amdclang++,AMD Radeon RX 7900 XTX,gpu,70253.21,float,,,,,,,,,,,,,,2,10931.814338483453,11022.50904090269,f94918f1451075d9e8653d1b41885c7616530ffd,v0.1.0-11-gfd388bf,3573.335528794909,327.5090909090909,93.0909090909091,ws-amd,608d14e0ee80,110.5098853438531,0.00563093298842432,256-4096-4096-4096-4096-16,True,1.83792519599956,train,65536,{},,,,,,,,,,,,,,,,,,,,,35657.59920079778,1,1.765775774,37114.56514749987,139.28749687811631,,,32,2026-09-05T09:07:02+00:00,0.1.0,sweep-w4096-d4-b256
ompnn,40,tiled,True,GNU 14.2.0 /usr/bin/g++-14,AMD Radeon RX 7900 XTX,gpu,70253.21,float,,,,,,,,,,,,,,5,0.0013732770480119703,0.0016971405541037208,f94918f1451075d9e8653d1b41885c7616530ffd,v0.1.0-11-gfd388bf,69.50463027363003,110.75,56.75,ws-amd,9d928d7f2417,1.2191103789126854,0.0003144424001220586,17-4-1,True,0.026727308996487408,train,124,"{""blas"": ""tiled""}",,,,,,,,,,,,,,,,,,,,,4639.449486526926,1,0.026561063500000003,4668.487765936028,149.6596608557073,,,32,2026-09-05T09:18:54+00:00,0.1.0,monk
ompnn,40,rocblas,True,GNU 14.2.0 /usr/bin/g++-14,AMD Radeon RX 7900 XTX,gpu,70253.21,float,,,,,,,,,,,,,,5,0.002779005563078443,0.0034343856893319035,f94918f1451075d9e8653d1b41885c7616530ffd,v0.1.0-11-gfd388bf,18.736487252506777,93.5,42.5,ws-amd,aa54d52372e2,1.2191103789126854,0.00044935080222785473,17-4-1,True,0.013207602204056456,train,124,{},,,,,,,,,,,,,,,,,,,,,9388.532307697444,1,0.013158099,9423.853704095098,302.8558808934659,,,32,2026-09-05T09:18:55+00:00,0.1.0,monk
ompnn,40,tiled,True,GNU 14.2.0 /usr/bin/g++-14,AMD Radeon RX 7900 XTX,gpu,70253.21,double,,,,,,,,,,,,,,5,0.0013663977361449866,0.0016886388761861541,f94918f1451075d9e8653d1b41885c7616530ffd,v0.1.0-11-gfd388bf,78.80119000897685,125.75,69.0,ws-amd,88d33258f5d9,0.6095551894563427,0.00010965820401907106,17-4-1,True,0.026861871202709154,train,124,"{""blas"": ""tiled""}",,,,,,,,,,,,,,,,,,,,,4616.208568057387,1,0.026733099,4638.444648710574,148.90995380830282,,,32,2026-09-05T09:18:56+00:00,0.1.0,monk
ompnn,40,rocblas,True,GNU 14.2.0 /usr/bin/g++-14,AMD Radeon RX 7900 XTX,gpu,70253.21,double,,,,,,,,,,,,,,5,0.002666514936714254,0.003295366105311643,f94918f1451075d9e8653d1b41885c7616530ffd,v0.1.0-11-gfd388bf,20.02930879825726,100.0,62.0,ws-amd,25ff790c5e89,0.6095551894563427,8.77521990332742e-05,17-4-1,True,0.013764783198712393,train,124,{},,,,,,,,,,,,,,,,,,,,,9008.496407818426,1,0.01371668,9040.088417897043,290.5966583167234,,,32,2026-09-05T09:18:56+00:00,0.1.0,monk
ompnn,40,tiled,True,GNU 14.2.0 /usr/bin/g++-14,AMD Radeon RX 7900 XTX,gpu,70253.21,float,,,,,,,,,,,,,,5,0.10314028356342042,0.11246624232826428,f94918f1451075d9e8653d1b41885c7616530ffd,v0.1.0-11-gfd388bf,981.7362193509762,143.74285714285713,75.31428571428572,ws-amd,c6c45a17db40,6.563354603463993,0.000452440802473586,12-64-64-3,True,0.27923134400043637,train,1000,"{""blas"": ""tiled""}",,,,,,,,,,,,,,,,,,,,,3581.2598459520977,1,0.27942568749999996,3578.7690421268094,89.53149614880245,,,32,2026-09-05T09:19:04+00:00,0.1.0,cup
ompnn,40,rocblas,True,GNU 14.2.0 /usr/bin/g++-14,AMD Radeon RX 7900 XTX,gpu,70253.21,float,,,,,,,,,,,,,,5,0.21722905647448285,0.23687093793160788,f94918f1451075d9e8653d1b41885c7616530ffd,v0.1.0-11-gfd388bf,462.63840069572325,143.2941176470588,72.88235294117646,ws-amd,4e8fe4ef8a5e,6.563354603463993,0.00010350020602345467,12-64-64-3,True,0.13257894900161774,train,1000,{},,,,,,,,,,,,,,,,,,,,,7542.675572030655,1,0.13253215299999999,7545.338828080459,188.56688930076635,,,32,2026-09-05T09:19:08+00:00,0.1.0,cup
ompnn,40,tiled,True,GNU 14.2.0 /usr/bin/g++-14,AMD Radeon RX 7900 XTX,gpu,70253.21,double,,,,,,,,,,,,,,5,0.0996688932912713,0.1086809684655699,f94918f1451075d9e8653d1b41885c7616530ffd,v0.1.0-11-gfd388bf,1028.8470800144569,146.30555555555554,76.97222222222223,ws-amd,d71eaed4d138,3.2816773017319965,0.0025952227995730826,12-64-64-3,True,0.2889567552017979,train,1000,"{""blas"": ""tiled""}",,,,,,,,,,,,,,,,,,,,,3460.725461502476,1,0.2884726515,3466.533117784997,86.51813653756189,,,32,2026-09-05T09:19:16+00:00,0.1.0,cup
ompnn,40,rocblas,True,GNU 14.2.0 /usr/bin/g++-14,AMD Radeon RX 7900 XTX,gpu,70253.21,double,,,,,,,,,,,,,,5,0.21520316090678715,0.23466186060530675,f94918f1451075d9e8653d1b41885c7616530ffd,v0.1.0-11-gfd388bf,468.173079175016,145.1764705882353,73.47058823529412,ws-amd,88f54ff3f718,3.2816773017319965,0.00010510259889998097,12-64-64-3,True,0.13382703060051426,train,1000,{},,,,,,,,,,,,,,,,,,,,,7472.331975930109,1,0.13373798,7477.307493353795,186.80829939825276,,,32,2026-09-05T09:19:20+00:00,0.1.0,cup
ompnn,256,tiled,True,GNU 14.2.0 /usr/bin/g++-14,AMD Radeon RX 7900 XTX,gpu,70253.21,float,,,,,,,,,,,,,,5,8.63405144879957,8.746691974373542,f94918f1451075d9e8653d1b41885c7616530ffd,v0.1.0-11-gfd388bf,96708.51873811886,231.26919385796546,95.82197696737045,ws-amd,5feaa438e900,57.89303578299346,0.011326797201764549,784-512-256-10,True,16.729740476596636,train,60000,"{""blas"": ""tiled""}",,,,,,,,,,,,,,,,,,,,,3586.4274215092855,1,16.695775414,3593.7234726868614,14.046840734244702,,,32,2026-09-05T09:26:38+00:00,0.1.0,mnist-512-256
ompnn,256,rocblas,True,GNU 14.2.0 /usr/bin/g++-14,AMD Radeon RX 7900 XTX,gpu,70253.21,float,,,,,,,,,,,,,,5,102.77067928366763,104.1114337830766,f94918f1451075d9e8653d1b41885c7616530ffd,v0.1.0-11-gfd388bf,5507.020222908948,157.09714285714287,74.47428571428571,ws-amd,0e714f3cff33,57.89303578299346,0.01716230739839375,784-512-256-10,True,1.4055121655983385,train,60000,{},,,,,,,,,,,,,,,,,,,,,42689.06486089182,1,1.3729162975,43702.59141744947,167.1988373718263,,,32,2026-09-05T09:27:16+00:00,0.1.0,mnist-512-256
ompnn,256,tiled,True,GNU 14.2.0 /usr/bin/g++-14,AMD Radeon RX 7900 XTX,gpu,70253.21,double,,,,,,,,,,,,,,5,6.990601335347912,7.08180127933263,f94918f1451075d9e8653d1b41885c7616530ffd,v0.1.0-11-gfd388bf,118194.05683322671,228.92376507195644,96.78490859587708,ws-amd,958a4472f3cb,28.94651789149673,0.004024865594690397,784-512-256-10,True,20.662806112202816,train,60000,"{""blas"": ""tiled""}",,,,,,,,,,,,,,,,,,,,,2903.7682333265398,1,20.608009216,2911.4893811972956,11.373092247195615,,,32,2026-09-05T09:36:18+00:00,0.1.0,mnist-512-256
ompnn,256,rocblas,True,GNU 14.2.0 /usr/bin/g++-14,AMD Radeon RX 7900 XTX,gpu,70253.21,double,,,,,,,,,,,,,,5,89.7270009303342,90.89758655898184,f94918f1451075d9e8653d1b41885c7616530ffd,v0.1.0-11-gfd388bf,6998.680214872962,174.55276381909547,77.11557788944724,ws-amd,8a899968b4b7,28.94651789149673,0.004821083194110676,784-512-256-10,True,1.6098324752005282,train,60000,{},,,,,,,,,,,,,,,,,,,,,37270.95888814525,1,1.561193524,38432.13482353646,145.97792231190223,,,32,2026-09-05T09:37:01+00:00,0.1.0,mnist-512-256
ompnn,256,tiled,True,GNU 14.2.0 /usr/bin/g++-14,AMD Radeon RX 7900 XTX,gpu,70253.21,float,,,,,,,,,,,,,,2,6.701909773363676,6.797197205568563,f94918f1451075d9e8653d1b41885c7616530ffd,v0.1.0-11-gfd388bf,18536.835419978874,215.7972027972028,91.87645687645687,ws-amd,eea193241e5b,39.36769759450172,0.025105711007199716,256-256-256-256-256-16,True,14.339180397495511,train,65536,"{""blas"": ""tiled""}",,,,,,,,,,,,,,,,,,,,,4570.414639001721,1,14.316803462,4577.558124196314,17.853182183600474,,,32,2026-09-05T09:38:45+00:00,0.1.0,sweep-w256-d4-b256
ompnn,256,rocblas,True,GNU 14.2.0 /usr/bin/g++-14,AMD Radeon RX 7900 XTX,gpu,70253.21,float,,,,,,,,,,,,,,2,39.22308033205177,39.780752209829295,f94918f1451075d9e8653d1b41885c7616530ffd,v0.1.0-11-gfd388bf,2352.8389377617277,160.22972972972974,74.55405405405405,ws-amd,f54bfa920671,39.36769759450172,0.001336113244178705,256-256-256-256-256-16,True,2.450085317992489,train,65536,{},,,,,,,,,,,,,,,,,,,,,26748.45627567689,1,2.430862881,26959.973971481282,104.48615732686285,,,32,2026-09-05T09:39:03+00:00,0.1.0,sweep-w256-d4-b256
ompnn,256,tiled,True,GNU 14.2.0 /usr/bin/g++-14,AMD Radeon RX 7900 XTX,gpu,70253.21,float,,,,,,,,,,,,,,2,10.417493000631422,10.51822770298574,f94918f1451075d9e8653d1b41885c7616530ffd,v0.1.0-11-gfd388bf,188286.26728323475,249.24335812964932,98.92826780021254,ws-amd,b75f0d88576a,79.17792963806632,0.19453765624348307,256-1024-1024-1024-1024-16,True,125.95280926499981,train,65536,"{""blas"": ""tiled""}",,,,,,,,,,,,,,,,,,,,,520.3218600874142,1,125.881713842,520.6157272553287,2.0325072659664616,,,32,2026-09-05T09:54:02+00:00,0.1.0,sweep-w1024-d4-b256
ompnn,256,rocblas,True,GNU 14.2.0 /usr/bin/g++-14,AMD Radeon RX 7900 XTX,gpu,70253.21,float,,,,,,,,,,,,,,2,266.44330533052505,269.0197493036714,f94918f1451075d9e8653d1b41885c7616530ffd,v0.1.0-11-gfd388bf,6533.339088990426,222.28571428571428,87.2312925170068,ws-amd,bd7b824b7326,79.17792963806632,0.0043999147455906495,256-1024-1024-1024-1024-16,True,4.924546733498573,train,65536,{},,,,,,,,,,,,,,,,,,,,,13308.026818833921,1,4.894262289,13390.373488420126,51.984479761070006,,,32,2026-09-05T09:54:38+00:00,0.1.0,sweep-w1024-d4-b256
cudann,64,rocblas,True,Clang 22.0.0 /usr/bin/hipcc (hipcc),AMD Radeon RX 7900 XTX,gpu,70253.21,float,,,,,,,,,,,,,,3,541.0020616019834,564.9897057358469,3cfc82443213ebd19ce89f8affa8d16f4483c7b8,v0.1.0-8-g4f0277c,333.8160872503795,154.45454545454547,84.0,ws-amd,836d18308b33,24.563545832993224,0.024899081836338155,784-512-256-10,True,0.2669960990024265,train,60000,{},,,,,,,,,,,,,,,,,,,,,224722.3844250051,1,0.2353353025,254955.3737268126,3513.1599431775794,,,32,2026-09-05T05:30:15+00:00,0.1.0,mnist-512-256
cudann,1024,rocblas,True,Clang 22.0.0 /usr/bin/hipcc (hipcc),AMD Radeon RX 7900 XTX,gpu,70253.21,float,,,,,,,,,,,,,,3,2542.897858318446,2556.1505531146377,3cfc82443213ebd19ce89f8affa8d16f4483c7b8,v0.1.0-8-g4f0277c,51.37831103273493,108.66666666666667,35.0,ws-amd,1fe9b9c2fc12,87.61278113399811,0.00014985033097522638,784-512-256-10,True,0.05680347699671984,train,60000,{},,,,,,,,,,,,,,,,,,,,,1056273.3686789058,1,0.020968136,2861484.6832355536,1038.6688125342573,,,32,2026-09-05T05:30:19+00:00,0.1.0,mnist-512-256
cudann,64,rocblas,True,Clang 22.0.0 /usr/bin/hipcc (hipcc),AMD Radeon RX 7900 XTX,gpu,70253.21,double,,,,,,,,,,,,,,3,321.39253556318835,335.6428505204753,3cfc82443213ebd19ce89f8affa8d16f4483c7b8,v0.1.0-8-g4f0277c,734.2801710162021,191.94444444444446,87.77777777777777,ws-amd,1f6f12513f1a,12.281772916496612,0.005459620335993065,784-512-256-10,True,0.4494362003363979,train,60000,{},,,,,,,,,,,,,,,,,,,,,133500.5946452259,1,0.37616722599999997,159503.5288906323,2087.0592962870314,,,32,2026-09-05T05:30:25+00:00,0.1.0,mnist-512-256
cudann,1024,rocblas,True,Clang 22.0.0 /usr/bin/hipcc (hipcc),AMD Radeon RX 7900 XTX,gpu,70253.21,double,,,,,,,,,,,,,,3,637.3926769667436,640.7145448056482,3cfc82443213ebd19ce89f8affa8d16f4483c7b8,v0.1.0-8-g4f0277c,360.12415453523863,190.77777777777777,73.22222222222223,ws-amd,2e0df9439922,43.806390566999056,0.0004153025026122914,784-512-256-10,True,0.22661923366831616,train,60000,{},,,,,,,,,,,,,,,,,,,,,264761.2871545451,1,0.1515125495,396006.80074359116,260.34859903530264,,,32,2026-09-05T05:30:33+00:00,0.1.0,mnist-512-256
cudann,64,rocblas,True,Clang 22.0.0 /usr/bin/hipcc (hipcc),AMD Radeon RX 7900 XTX,gpu,70253.21,float,,,,,,,,,,,,,,3,2035.0444580829178,2112.940895647674,3cfc82443213ebd19ce89f8affa8d16f4483c7b8,v0.1.0-8-g4f0277c,522.8077765926282,218.83333333333334,85.83333333333333,ws-amd,de09db1bca5f,27.300586878582358,0.00026170333148911595,784-1024-1024-10,True,0.281983815007455,train,60000,{},,,,,,,,,,,,,,,,,,,,,212778.1695499571,1,0.244299445,245600.23048762963,3326.432050630996,,,32,2026-09-05T05:30:38+00:00,0.1.0,mnist
cudann,256,rocblas,True,Clang 22.0.0 /usr/bin/hipcc (hipcc),AMD Radeon RX 7900 XTX,gpu,70253.21,float,,,,,,,,,,,,,,3,4751.555544995602,4803.252155938381,3cfc82443213ebd19ce89f8affa8d16f4483c7b8,v0.1.0-8-g4f0277c,203.07524775573984,188.66666666666666,68.16666666666667,ws-amd,5ccdf4412b69,75.80495846807432,0.0019013531709788367,784-1024-1024-10,True,0.12077089167238834,train,60000,{},,,,,,,,,,,,,,,,,,,,,496808.454165928,1,0.08342805249999999,719182.5555319058,1945.8331121498848,,,32,2026-09-05T05:30:41+00:00,0.1.0,mnist
cudann,1024,rocblas,True,Clang 22.0.0 /usr/bin/hipcc (hipcc),AMD Radeon RX 7900 XTX,gpu,70253.21,float,,,,,,,,,,,,,,3,6980.589835557637,7008.657367427249,3cfc82443213ebd19ce89f8affa8d16f4483c7b8,v0.1.0-8-g4f0277c,80.00741459713026,137.66666666666666,42.666666666666664,ws-amd,254721212332,136.3814738763404,0.0011197764979442582,784-1024-1024-10,True,0.08220646299499397,train,60000,{},,,,,,,,,,,,,,,,,,,,,729869.621122779,1,0.0456071305,1315583.7550446196,717.7051274373994,,,32,2026-09-05T05:30:43+00:00,0.1.0,mnist
cudann,64,rocblas,True,Clang 22.0.0 /usr/bin/hipcc (hipcc),AMD Radeon RX 7900 XTX,gpu,70253.21,double,,,,,,,,,,,,,,3,527.1660414751101,547.3446456687057,3cfc82443213ebd19ce89f8affa8d16f4483c7b8,v0.1.0-8-g4f0277c,2228.4362099602877,230.97916666666666,95.04166666666667,ws-amd,48531fa7166c,13.650293439291179,0.0018308181655206646,784-1024-1024-10,True,1.0885557013389189,train,60000,{},,,,,,,,,,,,,,,,,,,,,55118.90657152432,1,1.0153506995,59092.88291183179,861.6922394014969,,,32,2026-09-05T05:30:56+00:00,0.1.0,mnist
cudann,256,rocblas,True,Clang 22.0.0 /usr/bin/hipcc (hipcc),AMD Radeon RX 7900 XTX,gpu,70253.21,double,,,,,,,,,,,,,,3,818.5005981474148,827.4058306714088,3cfc82443213ebd19ce89f8affa8d16f4483c7b8,v0.1.0-8-g4f0277c,1587.2670862763189,259.8333333333333,92.66666666666667,ws-amd,ae5094dbfd37,37.90247923403716,0.0008511263343583542,784-1024-1024-10,True,0.701098571337449,train,60000,{},,,,,,,,,,,,,,,,,,,,,85579.9775565669,1,0.6221507815,96439.64418937244,335.188245429887,,,32,2026-09-05T05:31:04+00:00,0.1.0,mnist
cudann,1024,rocblas,True,Clang 22.0.0 /usr/bin/hipcc (hipcc),AMD Radeon RX 7900 XTX,gpu,70253.21,double,,,,,,,,,,,,,,3,917.0043399651507,920.6914278965228,3cfc82443213ebd19ce89f8affa8d16f4483c7b8,v0.1.0-8-g4f0277c,1466.319094252627,268.6666666666667,91.4074074074074,ws-amd,5900cb0f20e8,68.1907369381702,0.0006445313338190317,784-1024-1024-10,True,0.6257872236698555,train,60000,{},,,,,,,,,,,,,,,,,,,,,95879.2345553766,1,0.545212002,110048.93468944581,94.281247312787,,,32,2026-09-05T05:31:12+00:00,0.1.0,mnist
cudann,40,rocblas,True,Clang 22.0.0 /usr/bin/hipcc (hipcc),AMD Radeon RX 7900 XTX,gpu,70253.21,float,,,,,,,,,,,,,,5,0.0814847701859669,0.10070153595345083,3cfc82443213ebd19ce89f8affa8d16f4483c7b8,v0.1.0-8-g4f0277c,,53.0,2.0,ws-amd,0187e4d0cde5,1.2191103789126854,2.2811000235378742e-05,17-4-1,True,0.0004504400014411658,train,124,"{""queue"": ""in_order""}",,,,,,,,,,,,,,,,,,,,,275286.38576340175,1,0.00042835,289482.899498074,8880.205992367797,,,32,2026-09-05T05:32:48+00:00,0.1.0,monk
cudann,40,rocblas,True,Clang 22.0.0 /usr/bin/hipcc (hipcc),AMD Radeon RX 7900 XTX,gpu,70253.21,float,,,,,,,,,,,,,,5,12.443197664279255,13.568313325305283,3cfc82443213ebd19ce89f8affa8d16f4483c7b8,v0.1.0-8-g4f0277c,,52.0,19.0,ws-amd,056a654be516,6.563354603463993,0.0004286028008209544,12-64-64-3,True,0.0023145176004618407,train,1000,"{""queue"": ""in_order""}",,,,,,,,,,,,,,,,,,,,,432055.47445414076,1,0.0022579595,442877.73983545764,10801.38686135352,,,32,2026-09-05T05:32:49+00:00,0.1.0,cup
cudann,256,rocblas,True,Clang 22.0.0 /usr/bin/hipcc (hipcc),AMD Radeon RX 7900 XTX,gpu,70253.21,float,,,,,,,,,,,,,,3,1593.3895693675627,1614.1770570958877,3cfc82443213ebd19ce89f8affa8d16f4483c7b8,v0.1.0-8-g4f0277c,72.70019831023819,113.33333333333333,45.333333333333336,ws-amd,33f3b38528ee,57.89303578299346,0.001271597997401841,784-512-256-10,True,0.09065293433377519,train,60000,"{""queue"": ""in_order""}",,,,,,,,,,,,,,,,,,,,,661864.9516527054,1,0.053072549,1130527.9495808652,2592.3043939730965,,,32,2026-09-05T05:32:51+00:00,0.1.0,mnist-512-256
cudann,40,rocblas,True,Clang 22.0.0 /usr/bin/hipcc (hipcc),AMD Radeon RX 7900 XTX,gpu,70253.21,float,,,,,,,,,,,,,,5,0.07971920995145683,0.09851959904637318,3cfc82443213ebd19ce89f8affa8d16f4483c7b8,v0.1.0-8-g4f0277c,,52.0,2.0,ws-amd,f82100e49b7f,1.2191103789126854,2.353900345042348e-05,17-4-1,True,0.0004604160028975457,train,124,"{""queue"": ""graph""}",,,,,,,,,,,,,,,,,,,,,269321.6552414082,1,0.00042422499999999997,292297.719370617,8687.795330368006,,,32,2026-09-05T05:32:51+00:00,0.1.0,monk
cudann,40,rocblas,True,Clang 22.0.0 /usr/bin/hipcc (hipcc),AMD Radeon RX 7900 XTX,gpu,70253.21,float,,,,,,,,,,,,,,5,13.764719647436616,15.009327509724454,3cfc82443213ebd19ce89f8affa8d16f4483c7b8,v0.1.0-8-g4f0277c,,55.0,24.0,ws-amd,154b56bf131f,6.563354603463993,0.0005987148993881423,12-64-64-3,True,0.002092305599944666,train,1000,"{""queue"": ""graph""}",,,,,,,,,,,,,,,,,,,,,477941.6544248825,1,0.0020219845,494563.632906187,11948.541360622063,,,32,2026-09-05T05:32:51+00:00,0.1.0,cup
cudann,256,rocblas,True,Clang 22.0.0 /usr/bin/hipcc (hipcc),AMD Radeon RX 7900 XTX,gpu,70253.21,float,,,,,,,,,,,,,,3,1619.3824392488132,1640.5090320359811,3cfc82443213ebd19ce89f8affa8d16f4483c7b8,v0.1.0-8-g4f0277c,71.52606927788293,113.33333333333333,45.666666666666664,ws-amd,60f5b8b77f4f,57.89303578299346,0.0001728964998619631,784-512-256-10,True,0.08919785499650364,train,60000,"{""queue"": ""graph""}",,,,,,,,,,,,,,,,,,,,,672661.9154950741,1,0.0520602545,1152510.6931622857,2634.592502355707,,,32,2026-09-05T05:32:53+00:00,0.1.0,mnist-512-256
cudann,40,rocblas,True,Clang 22.0.0 /usr/bin/hipcc (hipcc),AMD Radeon RX 7900 XTX,gpu,70253.21,float,,,,,,,,,,,,,,5,0.0724093302632199,0.08948581137586244,3cfc82443213ebd19ce89f8affa8d16f4483c7b8,v0.1.0-8-g4f0277c,,53.0,6.0,ws-amd,a46b0a690185,1.2191103789126854,1.7676001880317948e-05,17-4-1,True,0.000506896001752466,train,124,"{""streams"": 1}",,,,,,,,,,,,,,,,,,,,,244626.11575412127,1,0.0004898895,253118.30525046974,7891.165024326493,,,32,2026-09-05T05:32:54+00:00,0.1.0,monk
cudann,40,rocblas,True,Clang 22.0.0 /usr/bin/hipcc (hipcc),AMD Radeon RX 7900 XTX,gpu,70253.21,float,,,,,,,,,,,,,,5,8.521634828030216,9.2921622327411,3cfc82443213ebd19ce89f8affa8d16f4483c7b8,v0.1.0-8-g4f0277c,,63.0,21.0,ws-amd,b8fdb542c7b5,6.563354603463993,0.00019294089870527421,12-64-64-3,True,0.0033796332019846885,train,1000,"{""streams"": 1}",,,,,,,,,,,,,,,,,,,,,295890.0981954936,1,0.0035251889999999998,283672.73357541964,7397.252454887341,,,32,2026-09-05T05:32:54+00:00,0.1.0,cup
cudann,256,rocblas,True,Clang 22.0.0 /usr/bin/hipcc (hipcc),AMD Radeon RX 7900 XTX,gpu,70253.21,float,,,,,,,,,,,,,,3,1625.2342734629185,1646.4372097471526,3cfc82443213ebd19ce89f8affa8d16f4483c7b8,v0.1.0-8-g4f0277c,73.51256246156117,117.33333333333333,46.666666666666664,ws-amd,ca35849a900f,57.89303578299346,0.0008895616677667278,784-512-256-10,True,0.08887668833873856,train,60000,"{""streams"": 1}",,,,,,,,,,,,,,,,,,,,,675092.6606459512,1,0.053057634,1130845.7516217176,2644.112920863309,,,32,2026-09-05T05:32:56+00:00,0.1.0,mnist-512-256
cudann,40,rocblas,True,Clang 22.0.0 /usr/bin/hipcc (hipcc),AMD Radeon RX 7900 XTX,gpu,70253.21,float,,,,,,,,,,,,,,5,0.05057027956365503,0.062496400419774195,3cfc82443213ebd19ce89f8affa8d16f4483c7b8,v0.1.0-8-g4f0277c,,53.0,3.0,ws-amd,6df43d288a0c,1.2191103789126854,8.479900134261698e-05,17-4-1,True,0.0007258018013089895,train,124,"{""streams"": 8}",,,,,,,,,,,,,,,,,,,,,170845.53906640213,1,0.00069898,177401.35626198174,5511.146421496843,,,32,2026-09-05T05:32:57+00:00,0.1.0,monk
cudann,40,rocblas,True,Clang 22.0.0 /usr/bin/hipcc (hipcc),AMD Radeon RX 7900 XTX,gpu,70253.21,float,,,,,,,,,,,,,,5,6.232302586015894,6.795828251441033,3cfc82443213ebd19ce89f8affa8d16f4483c7b8,v0.1.0-8-g4f0277c,,64.0,22.0,ws-amd,236c53b130cd,6.563354603463993,9.545299981255154e-05,12-64-64-3,True,0.004621085000690073,train,1000,"{""streams"": 8}",,,,,,,,,,,,,,,,,,,,,216399.39534777412,1,0.004552264,219670.91539506495,5409.984883694353,,,32,2026-09-05T05:32:57+00:00,0.1.0,cup
cudann,256,rocblas,True,Clang 22.0.0 /usr/bin/hipcc (hipcc),AMD Radeon RX 7900 XTX,gpu,70253.21,float,,,,,,,,,,,,,,3,1450.3992577427844,1469.3212824322436,3cfc82443213ebd19ce89f8affa8d16f4483c7b8,v0.1.0-8-g4f0277c,127.06542794124107,143.6,62.6,ws-amd,f5650cbd85d7,57.89303578299346,0.0014558794985835566,784-512-256-10,True,0.09959012267063372,train,60000,"{""streams"": 8}",,,,,,,,,,,,,,,,,,,,,602469.3854272387,1,0.06371268199999999,941727.7395417134,2359.6717595900177,,,32,2026-09-05T05:32:59+00:00,0.1.0,mnist-512-256
cudann,40,rocblas,True,Clang 22.0.0 /usr/bin/hipcc (hipcc),AMD Radeon RX 7900 XTX,gpu,70253.21,float,,,,,,,,,,,,,,5,0.04503260999481087,0.055652767800910545,3cfc82443213ebd19ce89f8affa8d16f4483c7b8,v0.1.0-8-g4f0277c,,53.0,4.0,ws-amd,b8208be44460,1.2191103789126854,7.008500397205348e-05,17-4-1,True,0.0008150538022164255,train,124,"{""memory"": ""shared""}",,,,,,,,,,,,,,,,,,,,,152137.19592841508,1,0.00078235,158496.8364542724,4907.651481561777,,,32,2026-09-05T05:33:00+00:00,0.1.0,monk
cudann,40,rocblas,True,Clang 22.0.0 /usr/bin/hipcc (hipcc),AMD Radeon RX 7900 XTX,gpu,70253.21,float,,,,,,,,,,,,,,5,4.396017293890856,4.793505788162425,3cfc82443213ebd19ce89f8affa8d16f4483c7b8,v0.1.0-8-g4f0277c,,65.0,29.0,ws-amd,39b6b4ba0b51,6.563354603463993,0.00010219499818049389,12-64-64-3,True,0.006551384599879384,train,1000,"{""memory"": ""shared""}",,,,,,,,,,,,,,,,,,,,,152639.48937121028,1,0.006588493,151779.77725710568,3815.987234280257,,,32,2026-09-05T05:33:00+00:00,0.1.0,cup
cudann,256,rocblas,True,Clang 22.0.0 /usr/bin/hipcc (hipcc),AMD Radeon RX 7900 XTX,gpu,70253.21,float,,,,,,,,,,,,,,3,142.1942337364158,144.04931107949616,3cfc82443213ebd19ce89f8affa8d16f4483c7b8,v0.1.0-8-g4f0277c,1277.8932294555852,141.95555555555555,96.57777777777778,ws-amd,e7350bc8aff0,57.89303578299346,0.000858753002830781,784-512-256-10,True,1.0158319096663035,train,60000,"{""memory"": ""shared""}",,,,,,,,,,,,,,,,,,,,,59064.88999711551,1,0.980799322,61174.59367493323,231.33748582203575,,,32,2026-09-05T05:33:12+00:00,0.1.0,mnist-512-256
cudann,40,rocblas,True,Clang 22.0.0 /usr/bin/hipcc (hipcc),AMD Radeon RX 7900 XTX,gpu,70253.21,float,,,,,,,,,,,,,,5,0.04532511873016449,0.056014259633834496,3cfc82443213ebd19ce89f8affa8d16f4483c7b8,v0.1.0-8-g4f0277c,,30.0,3.0,ws-amd,fa91190d3138,1.2191103789126854,7.06960010575131e-05,17-4-1,True,0.000809793797088787,train,124,"{""memory"": ""host""}",,,,,,,,,,,,,,,,,,,,,153125.40111542057,1,0.0007851,157941.66348235894,4939.529068239373,,,32,2026-09-05T05:33:12+00:00,0.1.0,monk
cudann,40,rocblas,True,Clang 22.0.0 /usr/bin/hipcc (hipcc),AMD Radeon RX 7900 XTX,gpu,70253.21,float,,,,,,,,,,,,,,5,4.509515924475139,4.917266980687836,3cfc82443213ebd19ce89f8affa8d16f4483c7b8,v0.1.0-8-g4f0277c,,55.0,28.0,ws-amd,6a490a440789,6.563354603463993,0.00022865700011607312,12-64-64-3,True,0.006386494799517095,train,1000,"{""memory"": ""host""}",,,,,,,,,,,,,,,,,,,,,156580.41404427565,1,0.006536719,152981.94705937337,3914.5103511068914,,,32,2026-09-05T05:33:13+00:00,0.1.0,cup
cudann,256,rocblas,True,Clang 22.0.0 /usr/bin/hipcc (hipcc),AMD Radeon RX 7900 XTX,gpu,70253.21,float,,,,,,,,,,,,,,3,140.6407818766381,142.47559276254282,3cfc82443213ebd19ce89f8affa8d16f4483c7b8,v0.1.0-8-g4f0277c,1299.446761091429,143.75555555555556,96.71111111111111,ws-amd,2c81009891a4,57.89303578299346,0.002807766170008108,784-512-256-10,True,1.0270523106640514,train,60000,"{""memory"": ""host""}",,,,,,,,,,,,,,,,,,,,,58419.61444126091,1,0.9914597695,60516.827657322305,228.8101565616052,,,32,2026-09-05T05:33:24+00:00,0.1.0,mnist-512-256
cudann,40,rocblas,True,Clang 22.0.0 /usr/bin/hipcc (hipcc),AMD Radeon RX 7900 XTX,gpu,70253.21,float,,,,,,,,,,,,,,5,0.047769523743652995,0.059035135053729836,3cfc82443213ebd19ce89f8affa8d16f4483c7b8,v0.1.0-8-g4f0277c,,30.0,2.0,ws-amd,1e0bec30734d,1.2191103789126854,3.6322002415545285e-05,17-4-1,True,0.0007683559961151332,train,124,"{""pinned_host"": false}",,,,,,,,,,,,,,,,,,,,,161383.52616098983,1,0.0007422395,167061.97932069097,5205.920198741607,,,32,2026-09-05T05:33:25+00:00,0.1.0,monk
cudann,40,rocblas,True,Clang 22.0.0 /usr/bin/hipcc (hipcc),AMD Radeon RX 7900 XTX,gpu,70253.21,float,,,,,,,,,,,,,,5,4.468626883889927,4.872680747373877,3cfc82443213ebd19ce89f8affa8d16f4483c7b8,v0.1.0-8-g4f0277c,,57.0,26.0,ws-amd,29d3ed06df75,6.563354603463993,0.0001341640017926693,12-64-64-3,True,0.006444932805607095,train,1000,"{""pinned_host"": false}",,,,,,,,,,,,,,,,,,,,,155160.65569062246,1,0.006419223999999999,155782.06960841373,3879.0163922655615,,,32,2026-09-05T05:33:25+00:00,0.1.0,cup
cudann,256,rocblas,True,Clang 22.0.0 /usr/bin/hipcc (hipcc),AMD Radeon RX 7900 XTX,gpu,70253.21,float,,,,,,,,,,,,,,3,1496.1647410053,1515.683825848779,3cfc82443213ebd19ce89f8affa8d16f4483c7b8,v0.1.0-8-g4f0277c,95.67930779390736,132.5,57.5,ws-amd,ae86ba281a22,57.89303578299346,0.0009368831670144573,784-512-256-10,True,0.09654380700279337,train,60000,"{""pinned_host"": false}",,,,,,,,,,,,,,,,,,,,,621479.5320663498,1,0.063757397,941067.277260394,2434.1281672598698,,,32,2026-09-05T05:33:27+00:00,0.1.0,mnist-512-256
cudann,40,rocblas,True,Clang 22.0.0 /usr/bin/hipcc (hipcc),AMD Radeon RX 7900 XTX,gpu,70253.21,float,,,,,,,,,,,,,,5,0.02212788451110158,0.027346361198331726,3cfc82443213ebd19ce89f8affa8d16f4483c7b8,v0.1.0-8-g4f0277c,,53.0,4.0,ws-amd,0e4b4efdad0a,1.2191103789126854,0.00012763779959641414,17-4-1,True,0.0016587215999606998,train,124,"{""sync_ops"": true}",,,,,,,,,,,,,,,,,,,,,74756.36659155939,1,0.0015903050000000002,77972.46440148272,2411.495696501916,,,32,2026-09-05T05:33:28+00:00,0.1.0,monk
cudann,40,rocblas,True,Clang 22.0.0 /usr/bin/hipcc (hipcc),AMD Radeon RX 7900 XTX,gpu,70253.21,float,,,,,,,,,,,,,,5,2.0028090782632133,2.183903353287701,3cfc82443213ebd19ce89f8affa8d16f4483c7b8,v0.1.0-8-g4f0277c,20.558442321707844,102.5,68.0,ws-amd,ebb48b240fc9,6.563354603463993,0.00030262399814091727,12-64-64-3,True,0.014379803003976122,train,1000,"{""sync_ops"": true}",,,,,,,,,,,,,,,,,,,,,69541.98188413934,1,0.014301781999999999,69921.35665331775,1738.5495471034837,,,32,2026-09-05T05:33:28+00:00,0.1.0,cup
cudann,256,rocblas,True,Clang 22.0.0 /usr/bin/hipcc (hipcc),AMD Radeon RX 7900 XTX,gpu,70253.21,float,,,,,,,,,,,,,,5,742.313140237463,751.9974168198593,3cfc82443213ebd19ce89f8affa8d16f4483c7b8,v0.1.0-8-g4f0277c,704.8044270561222,147.95833333333334,87.375,ws-amd,18508886da7d,57.89303578299346,0.0022555955976713282,784-512-256-10,True,0.19458828379865736,train,60000,"{""sync_ops"": true}",,,,,,,,,,,,,,,,,,,,,308343.3330553584,1,0.17195509399999998,348928.30799185287,1207.6780544668202,,,32,2026-09-05T05:33:34+00:00,0.1.0,mnist-512-256
syclnn,64,auto,True,AdaptiveCpp 25.10.0 $HOME/.local/opt/fnn-rocm/acpp/bin/acpp / host Clang 18.1.3 $HOME/.local/opt/fnn-rocm/acpp/bin/acpp,AMD Radeon RX 7900 XTX,gpu,70253211,float,,,,,,,,,,,,,,3,166.20403000549706,173.57339771840418,3cfc82443213ebd19ce89f8affa8d16f4483c7b8,v0.2.0-9-gda3d659,1039.2641457446298,133.82051282051282,81.25641025641026,ws-amd,c5ef70bf59dd,24.563545832993224,0.013145245669875294,784-512-256-10,True,0.8690850636727797,train,60000,{},,,,,,,,,,,,,,,,,,,,,69038.12124723234,1,0.819110381,73250.200939646,1079.2959621650655,,,32,2026-09-05T05:31:25+00:00,0.2.0,mnist-512-256
syclnn,1024,auto,True,AdaptiveCpp 25.10.0 $HOME/.local/opt/fnn-rocm/acpp/bin/acpp / host Clang 18.1.3 $HOME/.local/opt/fnn-rocm/acpp/bin/acpp,AMD Radeon RX 7900 XTX,gpu,70253211,float,,,,,,,,,,,,,,3,1207.6530886955302,1213.9469544722483,3cfc82443213ebd19ce89f8affa8d16f4483c7b8,v0.2.0-9-gda3d659,99.29020437033614,104.2,42.6,ws-amd,da5fb4ff96f9,87.61278113399811,0.000386533332251332,784-512-256-10,True,0.11960838866070844,train,60000,{},,,,,,,,,,,,,,,,,,,,,501637.0563288936,1,0.063519197,944596.324163229,493.27643872341207,,,32,2026-09-05T05:31:32+00:00,0.2.0,mnist-512-256
syclnn,64,auto,True,AdaptiveCpp 25.10.0 $HOME/.local/opt/fnn-rocm/acpp/bin/acpp / host Clang 18.1.3 $HOME/.local/opt/fnn-rocm/acpp/bin/acpp,AMD Radeon RX 7900 XTX,gpu,70253211,double,,,,,,,,,,,,,,3,144.91901548856052,151.34462089471316,3cfc82443213ebd19ce89f8affa8d16f4483c7b8,v0.2.0-9-gda3d659,1399.584437626807,153.46666666666667,85.82222222222222,ws-amd,dc01fb0da11c,12.281772916496612,0.035552947500643084,784-512-256-10,True,0.9967321370010419,train,60000,{},,,,,,,,,,,,,,,,,,,,,60196.71461635362,1,0.89578174,66980.60177024819,941.075305168995,,,32,2026-09-05T05:31:43+00:00,0.2.0,mnist-512-256
syclnn,1024,auto,True,AdaptiveCpp 25.10.0 $HOME/.local/opt/fnn-rocm/acpp/bin/acpp / host Clang 18.1.3 $HOME/.local/opt/fnn-rocm/acpp/bin/acpp,AMD Radeon RX 7900 XTX,gpu,70253211,double,,,,,,,,,,,,,,3,479.5380922000867,482.0372771194834,3cfc82443213ebd19ce89f8affa8d16f4483c7b8,v0.2.0-9-gda3d659,435.7599117146019,173.08333333333334,67.66666666666667,ws-amd,c33b9ce60707,43.806390566999056,0.0014092880010139197,784-512-256-10,True,0.301217864335437,train,60000,{},,,,,,,,,,,,,,,,,,,,,199191.37310257216,1,0.189454856,316698.1373124582,195.87151688419596,,,32,2026-09-05T05:31:54+00:00,0.2.0,mnist-512-256
syclnn,64,auto,True,AdaptiveCpp 25.10.0 $HOME/.local/opt/fnn-rocm/acpp/bin/acpp / host Clang 18.1.3 $HOME/.local/opt/fnn-rocm/acpp/bin/acpp,AMD Radeon RX 7900 XTX,gpu,70253211,float,,,,,,,,,,,,,,3,661.4406635822128,686.7589661622262,3cfc82443213ebd19ce89f8affa8d16f4483c7b8,v0.2.0-9-gda3d659,1195.0012567535014,158.81578947368422,87.36842105263158,ws-amd,1b0722086870,27.300586878582358,0.04437526750067866,784-1024-1024-10,True,0.8675753270023657,train,60000,{},,,,,,,,,,,,,,,,,,,,,69158.2599603324,1,0.816972796,73441.85790979509,1081.1741307131965,,,32,2026-09-05T05:32:04+00:00,0.2.0,mnist
syclnn,256,auto,True,AdaptiveCpp 25.10.0 $HOME/.local/opt/fnn-rocm/acpp/bin/acpp / host Clang 18.1.3 $HOME/.local/opt/fnn-rocm/acpp/bin/acpp,AMD Radeon RX 7900 XTX,gpu,70253211,float,,,,,,,,,,,,,,3,2197.793179979086,2221.705024822768,3cfc82443213ebd19ce89f8affa8d16f4483c7b8,v0.2.0-9-gda3d659,375.6728172926232,164.66666666666666,74.08333333333333,ws-amd,7875395d0c37,75.80495846807432,0.006135021831141785,784-1024-1024-10,True,0.2611026393327241,train,60000,{},,,,,,,,,,,,,,,,,,,,,229794.68975624474,1,0.206545492,290492.90506906825,900.0292015452919,,,32,2026-09-05T05:32:08+00:00,0.2.0,mnist
syclnn,1024,auto,True,AdaptiveCpp 25.10.0 $HOME/.local/opt/fnn-rocm/acpp/bin/acpp / host Clang 18.1.3 $HOME/.local/opt/fnn-rocm/acpp/bin/acpp,AMD Radeon RX 7900 XTX,gpu,70253211,float,,,,,,,,,,,,,,3,4295.62368312679,4312.895512222359,3cfc82443213ebd19ce89f8affa8d16f4483c7b8,v0.2.0-9-gda3d659,154.47872238178388,140.0,53.0,ws-amd,0711c313e4ba,136.3814738763404,0.000990328160696663,784-1024-1024-10,True,0.13358935566308597,train,60000,{},,,,,,,,,,,,,,,,,,,,,449137.58062671364,1,0.075350634,796277.3080316749,441.6519542829351,,,32,2026-09-05T05:32:11+00:00,0.2.0,mnist
syclnn,64,auto,True,AdaptiveCpp 25.10.0 $HOME/.local/opt/fnn-rocm/acpp/bin/acpp / host Clang 18.1.3 $HOME/.local/opt/fnn-rocm/acpp/bin/acpp,AMD Radeon RX 7900 XTX,gpu,70253211,double,,,,,,,,,,,,,,3,358.24366489968594,371.95634088815854,3cfc82443213ebd19ce89f8affa8d16f4483c7b8,v0.2.0-9-gda3d659,2801.794467699059,194.18055555555554,90.97222222222223,ws-amd,a36f0f847eef,13.650293439291179,0.013973045662472261,784-1024-1024-10,True,1.6018415850024514,train,60000,{},,,,,,,,,,,,,,,,,,,,,37456.88747361879,1,1.4837779580000001,40437.317239079784,585.5760075042405,,,32,2026-09-05T05:32:29+00:00,0.2.0,mnist
syclnn,256,auto,True,AdaptiveCpp 25.10.0 $HOME/.local/opt/fnn-rocm/acpp/bin/acpp / host Clang 18.1.3 $HOME/.local/opt/fnn-rocm/acpp/bin/acpp,AMD Radeon RX 7900 XTX,gpu,70253211,double,,,,,,,,,,,,,,3,653.0843405314473,660.1898550825366,3cfc82443213ebd19ce89f8affa8d16f4483c7b8,v0.2.0-9-gda3d659,1789.4033993266494,229.7948717948718,88.61538461538461,ws-amd,353d3bdcf3c5,37.90247923403716,0.004043825829285197,784-1024-1024-10,True,0.8786760979952911,train,60000,{},,,,,,,,,,,,,,,,,,,,,68284.54778375175,1,0.7629394469999999,78643.2006313602,267.4478121530277,,,32,2026-09-05T05:32:39+00:00,0.2.0,mnist
syclnn,1024,auto,True,AdaptiveCpp 25.10.0 $HOME/.local/opt/fnn-rocm/acpp/bin/acpp / host Clang 18.1.3 $HOME/.local/opt/fnn-rocm/acpp/bin/acpp,AMD Radeon RX 7900 XTX,gpu,70253211,double,,,,,,,,,,,,,,3,809.2314963466247,812.4852515949142,3cfc82443213ebd19ce89f8affa8d16f4483c7b8,v0.2.0-9-gda3d659,1528.0930604409368,249.73333333333332,87.46666666666667,ws-amd,568972c7b4fe,68.1907369381702,0.0035028493342300626,784-1024-1024-10,True,0.7091290966685241,train,60000,{},,,,,,,,,,,,,,,,,,,,,84610.82796049258,1,0.588263403,101995.12615269728,83.20064749448437,,,32,2026-09-05T05:32:48+00:00,0.2.0,mnist
cudann,32,rocblas,True,Clang 22.0.0 /usr/bin/hipcc (hipcc),AMD Radeon RX 7900 XTX,gpu,70253.21,float,,,,,,,,,,,,,,2,97.41769183006423,105.31356584872897,3cfc82443213ebd19ce89f8affa8d16f4483c7b8,v0.1.0-8-g4f0277c,400.68951372125593,148.85714285714286,91.78571428571429,ws-amd,9d0982536cdb,12.141714285714286,0.0016475637530675158,256-256-256-16,True,0.457414714503102,train,65536,{},,,,,,,,,,,,,,,,,,,,,143274.79620150165,1,0.438319368,149516.55068091812,4477.337381296927,,,32,2026-09-05T06:19:36+00:00,0.1.0,sweep-w256-d2-b32
cudann,32,rocblas,True,Clang 22.0.0 /usr/bin/hipcc (hipcc),AMD Radeon RX 7900 XTX,gpu,70253.21,double,,,,,,,,,,,,,,2,69.75664715446274,75.41054520469459,3cfc82443213ebd19ce89f8affa8d16f4483c7b8,v0.1.0-8-g4f0277c,596.207646417155,159.6315789473684,92.6842105263158,ws-amd,cd8128ac9d12,6.070857142857143,0.007782019500155002,256-256-256-16,True,0.6387962654989678,train,65536,{},,,,,,,,,,,,,,,,,,,,,102592.96044695786,1,0.60830459,107735.50138755323,3206.030013967433,,,32,2026-09-05T06:19:41+00:00,0.1.0,sweep-w256-d2-b32
cudann,256,rocblas,True,Clang 22.0.0 /usr/bin/hipcc (hipcc),AMD Radeon RX 7900 XTX,gpu,70253.21,float,,,,,,,,,,,,,,2,479.3964654290382,486.85936155080554,3cfc82443213ebd19ce89f8affa8d16f4483c7b8,v0.1.0-8-g4f0277c,50.94067531870678,113.66666666666667,55.333333333333336,ws-amd,1ab690808855,36.136054421768705,0.007109836500603706,256-256-256-16,True,0.09295080149604473,train,65536,{},,,,,,,,,,,,,,,,,,,,,705061.1607990137,1,0.0740454,885078.6139314529,2754.145159371147,,,32,2026-09-05T06:19:43+00:00,0.1.0,sweep-w256-d2-b256
cudann,256,rocblas,True,Clang 22.0.0 /usr/bin/hipcc (hipcc),AMD Radeon RX 7900 XTX,gpu,70253.21,double,,,,,,,,,,,,,,2,294.12108975859235,298.6997533457862,3cfc82443213ebd19ce89f8affa8d16f4483c7b8,v0.1.0-8-g4f0277c,139.38269806734752,158.0,66.0,ws-amd,c2b2087c75a6,18.068027210884352,0.0005089719998068176,256-256-256-16,True,0.151503197994316,train,65536,{},,,,,,,,,,,,,,,,,,,,,432571.72698399896,1,0.105592479,620650.2643052825,1689.733308531246,,,32,2026-09-05T06:19:45+00:00,0.1.0,sweep-w256-d2-b256
cudann,4096,rocblas,True,Clang 22.0.0 /usr/bin/hipcc (hipcc),AMD Radeon RX 7900 XTX,gpu,70253.21,float,,,,,,,,,,,,,,2,1366.402589180255,1375.690071555093,3cfc82443213ebd19ce89f8affa8d16f4483c7b8,v0.1.0-8-g4f0277c,,62.0,4.0,ws-amd,e02382ef59fc,49.1425267418329,9.127299563260749e-05,256-256-256-16,True,0.0326113885093946,train,65536,{},,,,,,,,,,,,,,,,,,,,,2009604.7115908777,1,0.009895178,6623023.860712764,490.62615029074163,,,32,2026-09-05T06:19:46+00:00,0.1.0,sweep-w256-d2-b4096
cudann,4096,rocblas,True,Clang 22.0.0 /usr/bin/hipcc (hipcc),AMD Radeon RX 7900 XTX,gpu,70253.21,double,,,,,,,,,,,,,,2,438.0800176803583,441.0576616596602,3cfc82443213ebd19ce89f8affa8d16f4483c7b8,v0.1.0-8-g4f0277c,60.028171309124446,125.33333333333333,44.333333333333336,ws-amd,97620133d0b2,24.57126337091645,0.0002006782524404116,256-256-256-16,True,0.10171722949598916,train,65536,{},,,,,,,,,,,,,,,,,,,,,644295.9597379141,1,0.056741145,1154999.6039029525,157.2988182953892,,,32,2026-09-05T06:19:48+00:00,0.1.0,sweep-w256-d2-b4096
cudann,32,rocblas,True,Clang 22.0.0 /usr/bin/hipcc (hipcc),AMD Radeon RX 7900 XTX,gpu,70253.21,float,,,,,,,,,,,,,,2,95.8978366018474,102.99681186803606,3cfc82443213ebd19ce89f8affa8d16f4483c7b8,v0.1.0-8-g4f0277c,840.8504488782783,148.0344827586207,95.51724137931035,ws-amd,615bfb92572d,12.486103542234332,0.07416235774871893,256-256-256-256-256-16,True,1.0021069990034448,train,65536,{},,,,,,,,,,,,,,,,,,,,,65398.20604503603,1,0.978065928,67005.7080242141,2043.693938907376,,,32,2026-09-05T06:19:56+00:00,0.1.0,sweep-w256-d4-b32
cudann,32,rocblas,True,Clang 22.0.0 /usr/bin/hipcc (hipcc),AMD Radeon RX 7900 XTX,gpu,70253.21,double,,,,,,,,,,,,,,2,92.72907244653672,99.59347538909381,3cfc82443213ebd19ce89f8affa8d16f4483c7b8,v0.1.0-8-g4f0277c,1001.055992170921,162.67741935483872,95.80645161290323,ws-amd,044fc2dd0746,6.243051771117166,0.010816275753313676,256-256-256-256-256-16,True,1.0363512835028814,train,65536,{},,,,,,,,,,,,,,,,,,,,,63237.24497979819,1,0.995959385,65801.88006361324,1976.1639056186934,,,32,2026-09-05T06:20:05+00:00,0.1.0,sweep-w256-d4-b32
cudann,256,rocblas,True,Clang 22.0.0 /usr/bin/hipcc (hipcc),AMD Radeon RX 7900 XTX,gpu,70253.21,double,,,,,,,,,,,,,,2,376.885369684486,382.24390782171315,3cfc82443213ebd19ce89f8affa8d16f4483c7b8,v0.1.0-8-g4f0277c,276.48263425863115,184.875,80.0,ws-amd,0757e45ae4d3,19.68384879725086,0.0027036327446694486,256-256-256-256-256-16,True,0.25498440899536945,train,65536,{},,,,,,,,,,,,,,,,,,,,,257019.6360562192,1,0.21176797,309470.78540725494,1003.9829533446062,,,32,2026-09-05T06:20:10+00:00,0.1.0,sweep-w256-d4-b256
cudann,4096,rocblas,True,Clang 22.0.0 /usr/bin/hipcc (hipcc),AMD Radeon RX 7900 XTX,gpu,70253.21,float,,,,,,,,,,,,,,2,2367.6007606968965,2382.298558729798,3cfc82443213ebd19ce89f8affa8d16f4483c7b8,v0.1.0-8-g4f0277c,22.087862419357407,96.5,33.0,ws-amd,1bdd9b0fe3ae,55.317941753432926,0.0006517500005429611,256-256-256-256-256-16,True,0.04058956849621609,train,65536,{},,,,,,,,,,,,,,,,,,,,,1614602.0376173626,1,0.016822354,3895768.689685165,394.1899505901764,,,32,2026-09-05T06:20:11+00:00,0.1.0,sweep-w256-d4-b4096
cudann,4096,rocblas,True,Clang 22.0.0 /usr/bin/hipcc (hipcc),AMD Radeon RX 7900 XTX,gpu,70253.21,double,,,,,,,,,,,,,,2,613.2643727063682,617.0714486460462,3cfc82443213ebd19ce89f8affa8d16f4483c7b8,v0.1.0-8-g4f0277c,154.86729790768004,170.2,67.0,ws-amd,b16382a92490,27.658970876716463,0.0003937912479159422,256-256-256-256-256-16,True,0.15670222749758977,train,65536,{},,,,,,,,,,,,,,,,,,,,,418219.96436526725,1,0.109125923,600553.9123824867,102.10448348761408,,,32,2026-09-05T06:20:14+00:00,0.1.0,sweep-w256-d4-b4096
cudann,32,rocblas,True,Clang 22.0.0 /usr/bin/hipcc (hipcc),AMD Radeon RX 7900 XTX,gpu,70253.21,float,,,,,,,,,,,,,,2,107.71022946140975,115.3450578433403,3cfc82443213ebd19ce89f8affa8d16f4483c7b8,v0.1.0-8-g4f0277c,1561.5274173201615,146.0,96.0,ws-amd,091cf8ca984b,12.646604527296937,0.07466236725304043,256-256-256-256-256-256-256-256-256-16,True,1.8492125524935545,train,65536,{},,,,,,,,,,,,,,,,,,,,,35439.949783830176,1,1.845488459,35511.46563956919,1107.498430744693,,,32,2026-09-05T06:20:27+00:00,0.1.0,sweep-w256-d8-b32
cudann,32,rocblas,True,Clang 22.0.0 /usr/bin/hipcc (hipcc),AMD Radeon RX 7900 XTX,gpu,70253.21,double,,,,,,,,,,,,,,2,97.37758653631433,104.28000578812473,3cfc82443213ebd19ce89f8affa8d16f4483c7b8,v0.1.0-8-g4f0277c,1996.836791943555,163.9016393442623,97.1639344262295,ws-amd,399967e61d73,6.323302263648468,0.060705399242579006,256-256-256-256-256-256-256-256-256-16,True,2.0454307344916742,train,65536,{},,,,,,,,,,,,,,,,,,,,,32040.195199416936,1,2.059469678,31821.784365207826,1001.2560999817792,,,32,2026-09-05T06:20:43+00:00,0.1.0,sweep-w256-d8-b32
cudann,256,rocblas,True,Clang 22.0.0 /usr/bin/hipcc (hipcc),AMD Radeon RX 7900 XTX,gpu,70253.21,float,,,,,,,,,,,,,,2,1091.920744450891,1106.7863853966821,3cfc82443213ebd19ce89f8affa8d16f4483c7b8,v0.1.0-8-g4f0277c,174.10882883485465,160.0,79.33333333333333,ws-amd,cf6874cdc86d,41.008635578583764,0.02530400075193029,256-256-256-256-256-256-256-256-256-16,True,0.18241169000975788,train,65536,{},,,,,,,,,,,,,,,,,,,,,359275.2196775011,1,0.169352221,386980.45772898366,1403.4188268652388,,,32,2026-09-05T06:20:46+00:00,0.1.0,sweep-w256-d8-b256
cudann,256,rocblas,True,Clang 22.0.0 /usr/bin/hipcc (hipcc),AMD Radeon RX 7900 XTX,gpu,70253.21,double,,,,,,,,,,,,,,2,450.7207432304972,456.85695116475904,3cfc82443213ebd19ce89f8affa8d16f4483c7b8,v0.1.0-8-g4f0277c,507.2249060586764,203.0,87.6923076923077,ws-amd,3229b7457501,20.504317789291882,0.0015892387527856044,256-256-256-256-256-256-256-256-256-16,True,0.44191245098772924,train,65536,{},,,,,,,,,,,,,,,,,,,,,148300.86786086,1,0.392500984,166970.2820413821,579.3002650814843,,,32,2026-09-05T06:20:50+00:00,0.1.0,sweep-w256-d8-b256
cudann,4096,rocblas,True,Clang 22.0.0 /usr/bin/hipcc (hipcc),AMD Radeon RX 7900 XTX,gpu,70253.21,float,,,,,,,,,,,,,,2,3736.3265365446473,3758.536308733649,3cfc82443213ebd19ce89f8affa8d16f4483c7b8,v0.1.0-8-g4f0277c,27.10628786153393,112.5,36.0,ws-amd,33c0a3993f80,58.61359253259276,0.0003899139992427081,256-256-256-256-256-256-256-256-256-16,True,0.05330880649853498,train,65536,{},,,,,,,,,,,,,,,,,,,,,1229365.3582696707,1,0.029760542,2202110.4319941485,300.13802692130633,,,32,2026-09-05T06:20:52+00:00,0.1.0,sweep-w256-d8-b4096
cudann,4096,rocblas,True,Clang 22.0.0 /usr/bin/hipcc (hipcc),AMD Radeon RX 7900 XTX,gpu,70253.21,double,,,,,,,,,,,,,,2,750.6523841313814,755.1144723031787,3cfc82443213ebd19ce89f8affa8d16f4483c7b8,v0.1.0-8-g4f0277c,338.6455419277336,221.0,80.625,ws-amd,9ec592e78c0e,29.30679626629638,0.0022182309985510074,256-256-256-256-256-256-256-256-256-16,True,0.2653413384978194,train,65536,{},,,,,,,,,,,,,,,,,,,,,246987.5232069751,1,0.214480331,305557.1561944298,60.29968828295291,,,32,2026-09-05T06:20:55+00:00,0.1.0,sweep-w256-d8-b4096
cudann,32,rocblas,True,Clang 22.0.0 /usr/bin/hipcc (hipcc),AMD Radeon RX 7900 XTX,gpu,70253.21,float,,,,,,,,,,,,,,2,852.1486655268452,911.1422301242295,3cfc82443213ebd19ce89f8affa8d16f4483c7b8,v0.1.0-8-g4f0277c,657.3932455599424,200.94117647058823,92.88235294117646,ws-amd,31ac1ed98cd2,14.522554042234162,0.06300000075134449,256-1024-1024-16,True,0.5720583834918216,train,65536,{},,,,,,,,,,,,,,,,,,,,,114561.73336709247,1,0.506570746,129371.86072722804,3580.0541677216397,,,32,2026-09-05T06:21:00+00:00,0.1.0,sweep-w1024-d2-b32
cudann,32,rocblas,True,Clang 22.0.0 /usr/bin/hipcc (hipcc),AMD Radeon RX 7900 XTX,gpu,70253.21,double,,,,,,,,,,,,,,2,333.7377054300232,356.84209751599377,3cfc82443213ebd19ce89f8affa8d16f4483c7b8,v0.1.0-8-g4f0277c,2009.2617552527518,230.38636363636363,96.95454545454545,ws-amd,08240c718fd0,7.261277021117081,0.0014773932489333674,256-1024-1024-16,True,1.4606644084997242,train,65536,{},,,,,,,,,,,,,,,,,,,,,44867.25329832145,1,1.416558516,46264.23777046426,1402.1016655725452,,,32,2026-09-05T06:21:11+00:00,0.1.0,sweep-w1024-d2-b32
cudann,256,rocblas,True,Clang 22.0.0 /usr/bin/hipcc (hipcc),AMD Radeon RX 7900 XTX,gpu,70253.21,float,,,,,,,,,,,,,,2,4556.645404693715,4604.927706232714,3cfc82443213ebd19ce89f8affa8d16f4483c7b8,v0.1.0-8-g4f0277c,76.95750364997366,160.66666666666666,58.666666666666664,ws-amd,42f1273039e9,70.56709168184578,0.0007909255000413395,256-1024-1024-16,True,0.10698194500582758,train,65536,{},,,,,,,,,,,,,,,,,,,,,612589.3485712013,1,0.082927113,790284.3548888528,2392.927142856255,,,32,2026-09-05T06:21:13+00:00,0.1.0,sweep-w1024-d2-b256
cudann,256,rocblas,True,Clang 22.0.0 /usr/bin/hipcc (hipcc),AMD Radeon RX 7900 XTX,gpu,70253.21,double,,,,,,,,,,,,,,2,799.7043771828957,808.1780600025921,3cfc82443213ebd19ce89f8affa8d16f4483c7b8,v0.1.0-8-g4f0277c,881.5386907077336,250.77777777777777,92.05555555555556,ws-amd,896ff5c071a2,35.28354584092289,0.0030209239994292147,256-1024-1024-16,True,0.6095737400028156,train,65536,{},,,,,,,,,,,,,,,,,,,,,107511.19298494927,1,0.559827877,117064.5526821452,419.9655975974581,,,32,2026-09-05T06:21:19+00:00,0.1.0,sweep-w1024-d2-b256
cudann,4096,rocblas,True,Clang 22.0.0 /usr/bin/hipcc (hipcc),AMD Radeon RX 7900 XTX,gpu,70253.21,float,,,,,,,,,,,,,,2,9688.70155254769,9715.281166326791,3cfc82443213ebd19ce89f8affa8d16f4483c7b8,v0.1.0-8-g4f0277c,30.804828786553117,127.0,34.0,ws-amd,d768e57f9198,146.05592208608232,0.0001788657609722577,256-1024-1024-16,True,0.050314150503254496,train,65536,{},,,,,,,,,,,,,,,,,,,,,1302536.1522452992,1,0.027612235,2373440.614278417,318.0019902942625,,,32,2026-09-05T06:21:20+00:00,0.1.0,sweep-w1024-d2-b4096
cudann,4096,rocblas,True,Clang 22.0.0 /usr/bin/hipcc (hipcc),AMD Radeon RX 7900 XTX,gpu,70253.21,double,,,,,,,,,,,,,,2,977.9654458439915,980.6483588947091,3cfc82443213ebd19ce89f8affa8d16f4483c7b8,v0.1.0-8-g4f0277c,770.5443702378252,268.1333333333333,90.46666666666667,ws-amd,66e525e8a904,73.02796104304116,0.002388493754551746,256-1024-1024-16,True,0.4984621799958404,train,65536,{},,,,,,,,,,,,,,,,,,,,,131476.37399601087,1,0.444805131,147336.4298938359,32.09872412011984,,,32,2026-09-05T06:21:25+00:00,0.1.0,sweep-w1024-d2-b4096
cudann,32,rocblas,True,Clang 22.0.0 /usr/bin/hipcc (hipcc),AMD Radeon RX 7900 XTX,gpu,70253.21,float,,,,,,,,,,,,,,2,1268.9198845493056,1352.4868036072153,3cfc82443213ebd19ce89f8affa8d16f4483c7b8,v0.1.0-8-g4f0277c,1414.5674874483811,232.09677419354838,96.41935483870968,ws-amd,36b2de206954,14.855026354527755,0.07263605700427433,256-1024-1024-1024-1024-16,True,1.0340388900076505,train,65536,{},,,,,,,,,,,,,,,,,,,,,63378.660738296916,1,1.022292675,64106.88602459173,1980.5831480717786,,,32,2026-09-05T06:21:34+00:00,0.1.0,sweep-w1024-d4-b32
cudann,32,rocblas,True,Clang 22.0.0 /usr/bin/hipcc (hipcc),AMD Radeon RX 7900 XTX,gpu,70253.21,double,,,,,,,,,,,,,,2,426.3679686636726,454.4471704793629,3cfc82443213ebd19ce89f8affa8d16f4483c7b8,v0.1.0-8-g4f0277c,4933.523164273021,268.25,98.6195652173913,ws-amd,c23251efe098,7.427513177263878,0.004304781497921795,256-1024-1024-1024-1024-16,True,3.0774181114975363,train,65536,{},,,,,,,,,,,,,,,,,,,,,21295.77380309522,1,3.028413431,21640.37423990674,665.4929313467256,,,32,2026-09-05T06:21:57+00:00,0.1.0,sweep-w1024-d4-b32
cudann,256,rocblas,True,Clang 22.0.0 /usr/bin/hipcc (hipcc),AMD Radeon RX 7900 XTX,gpu,70253.21,double,,,,,,,,,,,,,,2,902.746977630802,911.476328165272,3cfc82443213ebd19ce89f8affa8d16f4483c7b8,v0.1.0-8-g4f0277c,2478.1664469053794,285.15909090909093,96.95454545454545,ws-amd,ff16bad1feb0,39.58896481903316,0.0012933869948028587,256-1024-1024-1024-1024-16,True,1.4534665210085222,train,65536,{},,,,,,,,,,,,,,,,,,,,,45089.44585426453,1,1.398040126,46877.052225609725,176.13064786822082,,,32,2026-09-05T06:22:12+00:00,0.1.0,sweep-w1024-d4-b256
cudann,4096,rocblas,True,Clang 22.0.0 /usr/bin/hipcc (hipcc),AMD Radeon RX 7900 XTX,gpu,70253.21,float,,,,,,,,,,,,,,2,14054.136637753627,14084.278878937232,3cfc82443213ebd19ce89f8affa8d16f4483c7b8,v0.1.0-8-g4f0277c,80.75591926238849,179.66666666666666,56.333333333333336,ws-amd,50947c4c9532,188.48139780087362,0.0006829540070611984,256-1024-1024-1024-1024-16,True,0.09336130299197976,train,65536,{},,,,,,,,,,,,,,,,,,,,,701961.0684485616,1,0.068225122,960584.5776281646,171.3772139766996,,,32,2026-09-05T06:22:13+00:00,0.1.0,sweep-w1024-d4-b4096
cudann,4096,rocblas,True,Clang 22.0.0 /usr/bin/hipcc (hipcc),AMD Radeon RX 7900 XTX,gpu,70253.21,double,,,,,,,,,,,,,,2,1053.538507875213,1055.7980569758874,3cfc82443213ebd19ce89f8affa8d16f4483c7b8,v0.1.0-8-g4f0277c,2174.7538634235098,298.56756756756755,96.37837837837837,ws-amd,fb19afeb3af7,94.24069890043681,0.0015192110004136339,256-1024-1024-1024-1024-16,True,1.2454338395036757,train,65536,{},,,,,,,,,,,,,,,,,,,,,52621.02082124016,1,1.18484848,55311.7137813267,12.846928911435587,,,32,2026-09-05T06:22:24+00:00,0.1.0,sweep-w1024-d4-b4096
cudann,32,rocblas,True,Clang 22.0.0 /usr/bin/hipcc (hipcc),AMD Radeon RX 7900 XTX,gpu,70253.21,float,,,,,,,,,,,,,,2,1588.294046355479,1691.1304299124909,3cfc82443213ebd19ce89f8affa8d16f4483c7b8,v0.1.0-8-g4f0277c,3050.140676716357,275.10714285714283,98.26785714285714,ws-amd,cfbe0a98c75d,14.967840410421658,0.008036286249989644,256-1024-1024-1024-1024-1024-1024-1024-1024-16,True,1.8645035894878674,train,65536,{},,,,,,,,,,,,,,,,,,,,,35149.302135696664,1,1.834712058,35720.046485899315,1098.4156917405207,,,32,2026-09-05T06:22:38+00:00,0.1.0,sweep-w1024-d8-b32
cudann,32,rocblas,True,Clang 22.0.0 /usr/bin/hipcc (hipcc),AMD Radeon RX 7900 XTX,gpu,70253.21,double,,,,,,,,,,,,,,2,482.06024356303516,513.2719277082894,3cfc82443213ebd19ce89f8affa8d16f4483c7b8,v0.1.0-8-g4f0277c,10656.140747662765,290.7103825136612,99.24043715846994,ws-amd,9e4efc38d27c,7.483920205210829,0.006810464758018497,256-1024-1024-1024-1024-1024-1024-1024-1024-16,True,6.14317399149877,train,65536,{},,,,,,,,,,,,,,,,,,,,,10668.10090202426,1,6.079105022,10780.534266611327,333.3781531882581,,,32,2026-09-05T06:23:24+00:00,0.1.0,sweep-w1024-d8-b32
cudann,256,rocblas,True,Clang 22.0.0 /usr/bin/hipcc (hipcc),AMD Radeon RX 7900 XTX,gpu,70253.21,float,,,,,,,,,,,,,,2,6949.851976282551,7014.936082052636,3cfc82443213ebd19ce89f8affa8d16f4483c7b8,v0.1.0-8-g4f0277c,720.1483903269254,292.2307692307692,90.3076923076923,ws-amd,3b646d02dbe8,82.49187989251081,0.0019526780015439726,256-1024-1024-1024-1024-1024-1024-1024-1024-16,True,0.42610691000299994,train,65536,{},,,,,,,,,,,,,,,,,,,,,153801.77711630776,1,0.392305365,167053.54004016743,600.7881918605772,,,32,2026-09-05T06:23:29+00:00,0.1.0,sweep-w1024-d8-b256
cudann,256,rocblas,True,Clang 22.0.0 /usr/bin/hipcc (hipcc),AMD Radeon RX 7900 XTX,gpu,70253.21,double,,,,,,,,,,,,,,2,934.007260033475,942.7540689596939,3cfc82443213ebd19ce89f8affa8d16f4483c7b8,v0.1.0-8-g4f0277c,5884.009750169207,310.4421052631579,98.6,ws-amd,c354c7814556,41.245939946255405,0.005636228001094423,256-1024-1024-1024-1024-1024-1024-1024-1024-16,True,3.1706177000014577,train,65536,{},,,,,,,,,,,,,,,,,,,,,20669.789359962844,1,3.106590822,21095.793992531148,80.74136468735486,,,32,2026-09-05T06:23:53+00:00,0.1.0,sweep-w1024-d8-b256
cudann,4096,rocblas,True,Clang 22.0.0 /usr/bin/hipcc (hipcc),AMD Radeon RX 7900 XTX,gpu,70253.21,float,,,,,,,,,,,,,,2,17769.494034821317,17804.102572058728,3cfc82443213ebd19ce89f8affa8d16f4483c7b8,v0.1.0-8-g4f0277c,210.938720264312,238.6,74.8,ws-amd,c2160f684b58,208.41207290974836,0.003341513242048677,256-1024-1024-1024-1024-1024-1024-1024-1024-16,True,0.16665527700388338,train,65536,{},,,,,,,,,,,,,,,,,,,,,393242.8734223213,1,0.138946336,471664.11066787684,96.0065608941214,,,32,2026-09-05T06:23:56+00:00,0.1.0,sweep-w1024-d8-b4096
cudann,4096,rocblas,True,Clang 22.0.0 /usr/bin/hipcc (hipcc),AMD Radeon RX 7900 XTX,gpu,70253.21,double,,,,,,,,,,,,,,2,1093.8010410929085,1095.9313692827154,3cfc82443213ebd19ce89f8affa8d16f4483c7b8,v0.1.0-8-g4f0277c,5108.208946489147,317.28395061728395,98.46913580246914,ws-amd,1998198d301e,104.20603645487418,0.007005985753494315,256-1024-1024-1024-1024-1024-1024-1024-1024-16,True,2.707421038503526,train,65536,{},,,,,,,,,,,,,,,,,,,,,24206.061439274235,1,2.638143021,24841.71611558735,5.909682968572811,,,32,2026-09-05T06:24:16+00:00,0.1.0,sweep-w1024-d8-b4096
cudann,32,rocblas,True,Clang 22.0.0 /usr/bin/hipcc (hipcc),AMD Radeon RX 7900 XTX,gpu,70253.21,float,,,,,,,,,,,,,,2,2510.4735711122,2672.144191891641,3cfc82443213ebd19ce89f8affa8d16f4483c7b8,v0.1.0-8-g4f0277c,5468.563906427953,331.13253012048193,98.3132530120482,ws-amd,c3be05516523,15.568173427367823,0.0025015537466970272,256-4096-4096-16,True,2.7475762169924565,train,65536,{},,,,,,,,,,,,,,,,,,,,,23852.29555951566,1,2.707925151,24201.55519283775,745.3842362348644,,,32,2026-09-05T06:24:38+00:00,0.1.0,sweep-w4096-d2-b32
cudann,32,rocblas,True,Clang 22.0.0 /usr/bin/hipcc (hipcc),AMD Radeon RX 7900 XTX,gpu,70253.21,double,,,,,,,,,,,,,,2,618.1116386128421,657.9170735217881,3cfc82443213ebd19ce89f8affa8d16f4483c7b8,v0.1.0-8-g4f0277c,22377.97337423428,335.2282282282282,99.61861861861861,ws-amd,25749d1aa1c9,7.784086713683911,0.005898452247492969,256-4096-4096-16,True,11.159339262492722,train,65536,{},,,,,,,,,,,,,,,,,,,,,5872.749134912569,1,11.092217623,5908.286532722673,183.5234104660178,,,32,2026-09-05T06:26:00+00:00,0.1.0,sweep-w4096-d2-b32
cudann,256,rocblas,True,Clang 22.0.0 /usr/bin/hipcc (hipcc),AMD Radeon RX 7900 XTX,gpu,70253.21,float,,,,,,,,,,,,,,2,11654.228454265349,11754.404740216038,3cfc82443213ebd19ce89f8affa8d16f4483c7b8,v0.1.0-8-g4f0277c,1081.397016780873,311.1111111111111,91.94444444444444,ws-amd,112e008e5d41,104.75469775144914,0.0009150699916062877,256-4096-4096-16,True,0.591863932000706,train,65536,{},,,,,,,,,,,,,,,,,,,,,110728.15297000026,1,0.550612057,119023.91015022759,432.5318475390635,,,32,2026-09-05T06:26:07+00:00,0.1.0,sweep-w4096-d2-b256
cudann,256,rocblas,True,Clang 22.0.0 /usr/bin/hipcc (hipcc),AMD Radeon RX 7900 XTX,gpu,70253.21,double,,,,,,,,,,,,,,2,1028.5737734410147,1037.4150880637678,3cfc82443213ebd19ce89f8affa8d16f4483c7b8,v0.1.0-8-g4f0277c,13420.759308768887,334.1044776119403,99.27860696517413,ws-amd,3f7aa65eb347,52.37734887572457,0.0037714749996666797,256-4096-4096-16,True,6.706098925991682,train,65536,{},,,,,,,,,,,,,,,,,,,,,9772.596665103429,1,6.625817736,9891.005549990276,38.17420572306027,,,32,2026-09-05T06:26:57+00:00,0.1.0,sweep-w4096-d2-b256
cudann,4096,rocblas,True,Clang 22.0.0 /usr/bin/hipcc (hipcc),AMD Radeon RX 7900 XTX,gpu,70253.21,float,,,,,,,,,,,,,,2,22084.351694978675,22109.1329879597,3cfc82443213ebd19ce89f8affa8d16f4483c7b8,v0.1.0-8-g4f0277c,494.77472220364143,289.44444444444446,84.55555555555556,ws-amd,65d851630a2c,450.06677613574163,0.0020973737482563592,256-4096-4096-16,True,0.31233506750140805,train,65536,{},,,,,,,,,,,,,,,,,,,,,209825.94277443583,1,0.272142105,240815.36372330182,51.227036810164996,,,32,2026-09-05T06:27:01+00:00,0.1.0,sweep-w4096-d2-b4096
cudann,4096,rocblas,True,Clang 22.0.0 /usr/bin/hipcc (hipcc),AMD Radeon RX 7900 XTX,gpu,70253.21,double,,,,,,,,,,,,,,2,1116.1754596755416,1117.4279424953445,3cfc82443213ebd19ce89f8affa8d16f4483c7b8,v0.1.0-8-g4f0277c,12351.223175374165,333.72972972972974,99.2054054054054,ws-amd,fca92a0b27c6,225.03338806787082,0.002976779993332457,256-4096-4096-16,True,6.179778830992291,train,65536,{},,,,,,,,,,,,,,,,,,,,,10604.91027143715,1,6.094958203,10752.49375258103,2.5890894217375853,,,32,2026-09-05T06:27:47+00:00,0.1.0,sweep-w4096-d2-b4096
cudann,32,rocblas,True,Clang 22.0.0 /usr/bin/hipcc (hipcc),AMD Radeon RX 7900 XTX,gpu,70253.21,float,,,,,,,,,,,,,,2,2989.2624471525332,3178.70858080102,3cfc82443213ebd19ce89f8affa8d16f4483c7b8,v0.1.0-8-g4f0277c,13514.076649676936,336.1044776119403,99.18407960199005,ws-amd,4dcb392c9949,15.689605816943157,0.003264068756834604,256-4096-4096-4096-4096-16,True,6.7213425939989975,train,65536,{},,,,,,,,,,,,,,,,,,,,,9750.43290584717,1,6.656450054,9845.488130812017,304.7010283077241,,,32,2026-09-05T06:28:39+00:00,0.1.0,sweep-w4096-d4-b32
cudann,32,rocblas,True,Clang 22.0.0 /usr/bin/hipcc (hipcc),AMD Radeon RX 7900 XTX,gpu,70253.21,double,,,,,,,,,,,,,,2,677.8183730127788,720.7754811133062,3cfc82443213ebd19ce89f8affa8d16f4483c7b8,v0.1.0-8-g4f0277c,59972.45579736348,337.45598194130923,99.72009029345372,ws-amd,f142869ff13c,7.8448029084715785,0.028179881504911464,256-4096-4096-4096-4096-16,True,29.64194806550222,train,65536,{},,,,,,,,,,,,,,,,,,,,,2210.920815837737,1,29.497921354,2221.715869857831,69.09127549492928,,,32,2026-09-05T06:32:16+00:00,0.1.0,sweep-w4096-d4-b32
cudann,256,rocblas,True,Clang 22.0.0 /usr/bin/hipcc (hipcc),AMD Radeon RX 7900 XTX,gpu,70253.21,double,,,,,,,,,,,,,,2,1048.0552207663543,1056.7503059025623,3cfc82443213ebd19ce89f8affa8d16f4483c7b8,v0.1.0-8-g4f0277c,38623.140537238694,336.3350785340314,99.59511343804537,ws-amd,0c3925152e67,55.25494267192655,0.005311360502673779,256-4096-4096-4096-4096-16,True,19.170609155495185,train,65536,{},,,,,,,,,,,,,,,,,,,,,3418.566382968292,1,19.029959973,3443.8327822540605,13.353774933469891,,,32,2026-09-05T06:34:52+00:00,0.1.0,sweep-w4096-d4-b256
cudann,4096,rocblas,True,Clang 22.0.0 /usr/bin/hipcc (hipcc),AMD Radeon RX 7900 XTX,gpu,70253.21,float,,,,,,,,,,,,,,2,24216.79084090697,24239.063718936497,3cfc82443213ebd19ce89f8affa8d16f4483c7b8,v0.1.0-8-g4f0277c,1539.5065821059106,314.4,92.4,ws-amd,e521c6b58730,579.7956911159525,0.0019294567464385182,256-4096-4096-4096-4096-16,True,0.8296663725050166,train,65536,{},,,,,,,,,,,,,,,,,,,,,78990.78734760186,1,0.7597033,86265.25644945863,19.28486019228561,,,32,2026-09-05T06:35:02+00:00,0.1.0,sweep-w4096-d4-b4096
cudann,4096,rocblas,True,Clang 22.0.0 /usr/bin/hipcc (hipcc),AMD Radeon RX 7900 XTX,gpu,70253.21,double,,,,,,,,,,,,,,2,1128.4744090667084,1129.5122993899022,3cfc82443213ebd19ce89f8affa8d16f4483c7b8,v0.1.0-8-g4f0277c,35763.29650629511,334.8855534709193,99.49906191369605,ws-amd,fb41e8a5fa84,289.89784555797627,0.010151837508601602,256-4096-4096-4096-4096-16,True,17.804441863510874,train,65536,{},,,,,,,,,,,,,,,,,,,,,3680.879215557555,1,17.667825423,3709.341610014164,0.8986521522357312,,,32,2026-09-05T06:37:13+00:00,0.1.0,sweep-w4096-d4-b4096
cudann,32,rocblas,True,Clang 22.0.0 /usr/bin/hipcc (hipcc),AMD Radeon RX 7900 XTX,gpu,70253.21,float,,,,,,,,,,,,,,2,3091.240941729443,3286.21150778754,3cfc82443213ebd19ce89f8affa8d16f4483c7b8,v0.1.0-8-g4f0277c,30353.634129006125,336.2422222222222,99.25777777777778,ws-amd,33701271bb6f,15.72601270089048,0.006792486004997045,256-4096-4096-4096-4096-4096-4096-4096-4096-16,True,15.036076757998671,train,65536,{},,,,,,,,,,,,,,,,,,,,,4358.583761893681,1,14.918714984,4392.871642784647,136.20574255917754,,,32,2026-09-05T06:39:09+00:00,0.1.0,sweep-w4096-d8-b32
cudann,32,rocblas,True,Clang 22.0.0 /usr/bin/hipcc (hipcc),AMD Radeon RX 7900 XTX,gpu,70253.21,double,,,,,,,,,,,,,,2,688.4383544031645,731.8594976217825,cdf32b9375c27ac47d1eaaa605f4a73c72399318,v0.1.0-8-g4f0277c,136802.41179528774,337.5634291377602,99.72398414271557,ws-amd,c8ecd299e972,7.86300635044524,0.08550676025333814,256-4096-4096-4096-4096-4096-4096-4096-4096-16,True,67.51532040600432,train,65536,{},,,,,,,,,,,,,,,,,,,,,970.6833886871653,1,67.242044187,974.628311681669,30.333855896473917,,,32,2026-09-05T06:47:20+00:00,0.1.0,sweep-w4096-d8-b32
cudann,256,rocblas,True,Clang 22.0.0 /usr/bin/hipcc (hipcc),AMD Radeon RX 7900 XTX,gpu,70253.21,float,,,,,,,,,,,,,,2,14087.562615521943,14203.187212626368,cdf32b9375c27ac47d1eaaa605f4a73c72399318,v0.1.0-8-g4f0277c,6497.824979673183,327.989898989899,96.5050505050505,ws-amd,0872621f79a8,112.34175765132852,0.0023837617482058704,256-4096-4096-4096-4096-4096-4096-4096-4096-16,True,3.299373876507161,train,65536,{},,,,,,,,,,,,,,,,,,,,,19863.1626644807,1,3.172839972,20655.312142543822,77.59047915812774,,,32,2026-09-05T06:47:53+00:00,0.1.0,sweep-w4096-d8-b256
cudann,256,rocblas,True,Clang 22.0.0 /usr/bin/hipcc (hipcc),AMD Radeon RX 7900 XTX,gpu,70253.21,double,,,,,,,,,,,,,,2,1050.3929100263513,1059.0140789494496,f94918f1451075d9e8653d1b41885c7616530ffd,v0.1.0-8-g4f0277c,89377.2860215718,336.630664652568,99.59214501510574,ws-amd,caff8bafb7a5,56.17087882566426,0.01366512275126297,256-4096-4096-4096-4096-4096-4096-4096-4096-16,True,44.2502378240024,train,65536,{},,,,,,,,,,,,,,,,,,,,,1481.0315881387578,1,44.003924422,1489.3217107525738,5.785279641167023,,,32,2026-09-05T06:53:19+00:00,0.1.0,sweep-w4096-d8-b256
cudann,4096,rocblas,True,Clang 22.0.0 /usr/bin/hipcc (hipcc),AMD Radeon RX 7900 XTX,gpu,70253.21,float,,,,,,,,,,,,,,2,25016.59555465542,25038.10128154875,f94918f1451075d9e8653d1b41885c7616530ffd,v0.1.0-8-g4f0277c,3568.852474950516,319.82142857142856,94.14285714285714,ws-amd,dae80e263484,634.038677194187,0.0015305764973163605,256-4096-4096-4096-4096-4096-4096-4096-4096-16,True,1.8579720800044015,train,65536,{},,,,,,,,,,,,,,,,,,,,,35272.865887115346,1,1.732801715,37820.83052705197,8.61153952322152,,,32,2026-09-05T06:53:40+00:00,0.1.0,sweep-w4096-d8-b4096
cudann,4096,rocblas,True,Clang 22.0.0 /usr/bin/hipcc (hipcc),AMD Radeon RX 7900 XTX,gpu,70253.21,double,,,,,,,,,,,,,,2,1133.0801650191102,1134.0542269182963,f94918f1451075d9e8653d1b41885c7616530ffd,v0.1.0-8-g4f0277c,82066.90654650745,333.49307253463735,99.56479217603912,ws-amd,7928b669194f,317.0193385970935,0.006731823748850729,256-4096-4096-4096-4096-4096-4096-4096-4096-16,True,41.021048212001915,train,65536,{},,,,,,,,,,,,,,,,,,,,,1597.618853162936,1,40.771315319,1607.4046051062599,0.3900436653229824,,,32,2026-09-05T06:58:42+00:00,0.1.0,sweep-w4096-d8-b4096
syclnn,32,auto,True,AdaptiveCpp 25.10.0 $HOME/.local/opt/fnn-rocm/acpp/bin/acpp / host Clang 18.1.3 $HOME/.local/opt/fnn-rocm/acpp/bin/acpp,AMD Radeon RX 7900 XTX,gpu,70253211,float,,,,,,,,,,,,,,2,29.46836132327812,31.856823461664465,3cfc82443213ebd19ce89f8affa8d16f4483c7b8,v0.2.0-9-gda3d659,1184.0556418944034,132.86666666666667,91.37777777777778,ws-amd,22bfec591584,12.141714285714286,0.0013989752405905165,256-256-256-16,True,1.512139925500378,train,65536,{},,,,,,,,,,,,,,,,,,,,,43339.904525246675,1,1.480323398,44271.40724016308,1354.3720164139586,,,32,2026-09-05T05:35:32+00:00,0.2.0,sweep-w256-d2-b32
syclnn,32,auto,True,AdaptiveCpp 25.10.0 $HOME/.local/opt/fnn-rocm/acpp/bin/acpp / host Clang 18.1.3 $HOME/.local/opt/fnn-rocm/acpp/bin/acpp,AMD Radeon RX 7900 XTX,gpu,70253211,double,,,,,,,,,,,,,,2,22.49968777584376,24.323326755581192,3cfc82443213ebd19ce89f8affa8d16f4483c7b8,v0.2.0-9-gda3d659,1642.2211563281599,140.28813559322035,84.69491525423729,ws-amd,e2bf14583852,6.070857142857143,0.03147019274911145,256-256-256-16,True,1.9804846244951477,train,65536,{},,,,,,,,,,,,,,,,,,,,,33090.89057770697,1,1.917771596,34172.995437356556,1034.0903305533427,,,32,2026-09-05T05:35:47+00:00,0.2.0,sweep-w256-d2-b32
syclnn,256,auto,True,AdaptiveCpp 25.10.0 $HOME/.local/opt/fnn-rocm/acpp/bin/acpp / host Clang 18.1.3 $HOME/.local/opt/fnn-rocm/acpp/bin/acpp,AMD Radeon RX 7900 XTX,gpu,70253211,float,,,,,,,,,,,,,,2,169.17669119777412,171.81031110046445,3cfc82443213ebd19ce89f8affa8d16f4483c7b8,v0.2.0-9-gda3d659,185.83306350644853,128.0,68.5,ws-amd,f9157eaf1df6,36.136054421768705,0.003009615757036954,256-256-256-16,True,0.2633949474984547,train,65536,{},,,,,,,,,,,,,,,,,,,,,248812.6694244372,1,0.231552069,283029.2136150163,971.9244899392078,,,32,2026-09-05T05:35:50+00:00,0.2.0,sweep-w256-d2-b256
syclnn,256,auto,True,AdaptiveCpp 25.10.0 $HOME/.local/opt/fnn-rocm/acpp/bin/acpp / host Clang 18.1.3 $HOME/.local/opt/fnn-rocm/acpp/bin/acpp,AMD Radeon RX 7900 XTX,gpu,70253211,double,,,,,,,,,,,,,,2,127.59515768655544,129.58146646462097,3cfc82443213ebd19ce89f8affa8d16f4483c7b8,v0.2.0-9-gda3d659,300.31549779410125,144.63636363636363,70.0909090909091,ws-amd,7eab2294e65e,18.068027210884352,0.002584902504167985,256-256-256-16,True,0.34923179299221374,train,65536,{},,,,,,,,,,,,,,,,,,,,,187657.5996660795,1,0.288286592,227329.33760582245,733.0374986956231,,,32,2026-09-05T05:35:53+00:00,0.2.0,sweep-w256-d2-b256
syclnn,4096,auto,True,AdaptiveCpp 25.10.0 $HOME/.local/opt/fnn-rocm/acpp/bin/acpp / host Clang 18.1.3 $HOME/.local/opt/fnn-rocm/acpp/bin/acpp,AMD Radeon RX 7900 XTX,gpu,70253211,float,,,,,,,,,,,,,,2,793.3016378573875,798.6937346214537,3cfc82443213ebd19ce89f8affa8d16f4483c7b8,v0.2.0-9-gda3d659,21.232524520193692,86.0,26.0,ws-amd,06d8ef19e4e7,49.1425267418329,0.0010226297526969574,256-256-256-16,True,0.05617067149432842,train,65536,{},,,,,,,,,,,,,,,,,,,,,1166729.8655423268,1,0.022582925,2902015.5714992634,284.84615857966963,,,32,2026-09-05T05:35:55+00:00,0.2.0,sweep-w256-d2-b4096
syclnn,4096,auto,True,AdaptiveCpp 25.10.0 $HOME/.local/opt/fnn-rocm/acpp/bin/acpp / host Clang 18.1.3 $HOME/.local/opt/fnn-rocm/acpp/bin/acpp,AMD Radeon RX 7900 XTX,gpu,70253211,double,,,,,,,,,,,,,,2,326.4984063003845,328.71762647600394,3cfc82443213ebd19ce89f8affa8d16f4483c7b8,v0.2.0-9-gda3d659,82.69136740574322,120.0,43.5,ws-amd,0d061d9d797a,24.57126337091645,0.00022245800209930167,256-256-256-16,True,0.13647933599713724,train,65536,{},,,,,,,,,,,,,,,,,,,,,480189.909492047,1,0.071978353,910495.9653633642,117.23386462208178,,,32,2026-09-05T05:35:57+00:00,0.2.0,sweep-w256-d2-b4096
syclnn,32,auto,True,AdaptiveCpp 25.10.0 $HOME/.local/opt/fnn-rocm/acpp/bin/acpp / host Clang 18.1.3 $HOME/.local/opt/fnn-rocm/acpp/bin/acpp,AMD Radeon RX 7900 XTX,gpu,70253211,float,,,,,,,,,,,,,,2,35.95871448494261,38.62061003731454,3cfc82443213ebd19ce89f8affa8d16f4483c7b8,v0.2.0-9-gda3d659,2051.42291608137,132.26923076923077,90.1025641025641,ws-amd,4025ba421e2f,12.486103542234332,0.15909439050301444,256-256-256-256-256-16,True,2.6725063624908216,train,65536,{},,,,,,,,,,,,,,,,,,,,,24522.298962431403,1,2.714563946,24142.367357589592,766.3218425759813,,,32,2026-09-05T05:36:16+00:00,0.2.0,sweep-w256-d4-b32
syclnn,32,auto,True,AdaptiveCpp 25.10.0 $HOME/.local/opt/fnn-rocm/acpp/bin/acpp / host Clang 18.1.3 $HOME/.local/opt/fnn-rocm/acpp/bin/acpp,AMD Radeon RX 7900 XTX,gpu,70253211,double,,,,,,,,,,,,,,2,32.80958822976233,35.23836518230133,3cfc82443213ebd19ce89f8affa8d16f4483c7b8,v0.2.0-9-gda3d659,2616.4407429325074,147.35955056179776,91.7752808988764,ws-amd,171bfba8e06d,6.243051771117166,0.14445255399914458,256-256-256-256-256-16,True,2.929018571492634,train,65536,{},,,,,,,,,,,,,,,,,,,,,22374.730101695026,1,2.874814924,22796.59794892591,699.2103156779696,,,32,2026-09-05T05:36:38+00:00,0.2.0,sweep-w256-d4-b32
syclnn,256,auto,True,AdaptiveCpp 25.10.0 $HOME/.local/opt/fnn-rocm/acpp/bin/acpp / host Clang 18.1.3 $HOME/.local/opt/fnn-rocm/acpp/bin/acpp,AMD Radeon RX 7900 XTX,gpu,70253211,double,,,,,,,,,,,,,,2,176.66567151938207,179.17749557656947,3cfc82443213ebd19ce89f8affa8d16f4483c7b8,v0.2.0-9-gda3d659,510.81240382947726,166.0,81.6875,ws-amd,f3d8e80090ad,19.68384879725086,0.018331661252886988,256-256-256-256-256-16,True,0.543964723998215,train,65536,{},,,,,,,,,,,,,,,,,,,,,120478.4007284543,1,0.487507357,134430.7917798254,470.6187528455246,,,32,2026-09-05T05:36:47+00:00,0.2.0,sweep-w256-d4-b256
syclnn,4096,auto,True,AdaptiveCpp 25.10.0 $HOME/.local/opt/fnn-rocm/acpp/bin/acpp / host Clang 18.1.3 $HOME/.local/opt/fnn-rocm/acpp/bin/acpp,AMD Radeon RX 7900 XTX,gpu,70253211,float,,,,,,,,,,,,,,2,1349.949178730146,1358.3295107156016,3cfc82443213ebd19ce89f8affa8d16f4483c7b8,v0.2.0-9-gda3d659,21.65331569519185,95.5,33.5,ws-amd,abf018f34006,55.317941753432926,0.00040913100383477286,256-256-256-256-256-16,True,0.07118778600124642,train,65536,{},,,,,,,,,,,,,,,,,,,,,920607.3637246217,1,0.038030595,1723244.140671478,224.75765715933147,,,32,2026-09-05T05:36:48+00:00,0.2.0,sweep-w256-d4-b4096
syclnn,4096,auto,True,AdaptiveCpp 25.10.0 $HOME/.local/opt/fnn-rocm/acpp/bin/acpp / host Clang 18.1.3 $HOME/.local/opt/fnn-rocm/acpp/bin/acpp,AMD Radeon RX 7900 XTX,gpu,70253211,double,,,,,,,,,,,,,,2,470.3496039772938,473.2694811790896,3cfc82443213ebd19ce89f8affa8d16f4483c7b8,v0.2.0-9-gda3d659,180.8842561197962,163.83333333333334,63.333333333333336,ws-amd,ca43c7f00613,27.658970876716463,0.0010929970012512058,256-256-256-256-256-16,True,0.20431588000792544,train,65536,{},,,,,,,,,,,,,,,,,,,,,320758.2298422318,1,0.136679821,479485.5562475458,78.31011470757612,,,32,2026-09-05T05:36:51+00:00,0.2.0,sweep-w256-d4-b4096
syclnn,32,auto,True,AdaptiveCpp 25.10.0 $HOME/.local/opt/fnn-rocm/acpp/bin/acpp / host Clang 18.1.3 $HOME/.local/opt/fnn-rocm/acpp/bin/acpp,AMD Radeon RX 7900 XTX,gpu,70253211,float,,,,,,,,,,,,,,2,45.003404244250966,48.19338229671258,3cfc82443213ebd19ce89f8affa8d16f4483c7b8,v0.2.0-9-gda3d659,3752.9362687850225,142.62121212121212,93.0,ws-amd,7b8dd147422e,12.646604527296937,0.0286943117462215,256-256-256-256-256-256-256-256-256-16,True,4.425867591504357,train,65536,{},,,,,,,,,,,,,,,,,,,,,14807.49223627909,1,4.35978118,15031.947085014024,462.73413238372154,,,32,2026-09-05T05:37:23+00:00,0.2.0,sweep-w256-d8-b32
syclnn,32,auto,True,AdaptiveCpp 25.10.0 $HOME/.local/opt/fnn-rocm/acpp/bin/acpp / host Clang 18.1.3 $HOME/.local/opt/fnn-rocm/acpp/bin/acpp,AMD Radeon RX 7900 XTX,gpu,70253211,double,,,,,,,,,,,,,,2,37.16966552201724,39.804364368109994,3cfc82443213ebd19ce89f8affa8d16f4483c7b8,v0.2.0-9-gda3d659,4850.572981335106,151.59375,93.70625,ws-amd,39583f30449b,6.323302263648468,0.0302642249953351,256-256-256-256-256-256-256-256-256-16,True,5.35864677700738,train,65536,{},,,,,,,,,,,,,,,,,,,,,12229.95333097876,1,5.289037034,12390.913426907195,382.18604159308626,,,32,2026-09-05T05:38:02+00:00,0.2.0,sweep-w256-d8-b32
syclnn,256,auto,True,AdaptiveCpp 25.10.0 $HOME/.local/opt/fnn-rocm/acpp/bin/acpp / host Clang 18.1.3 $HOME/.local/opt/fnn-rocm/acpp/bin/acpp,AMD Radeon RX 7900 XTX,gpu,70253211,float,,,,,,,,,,,,,,2,296.6464131504996,300.68502042869517,3cfc82443213ebd19ce89f8affa8d16f4483c7b8,v0.2.0-9-gda3d659,571.065830460444,147.95,84.55,ws-amd,322e829318a9,41.008635578583764,0.02297890574845951,256-256-256-256-256-256-256-256-256-16,True,0.671436092001386,train,65536,{},,,,,,,,,,,,,,,,,,,,,97605.7152433574,1,0.653548086,100277.24264500408,381.2723251693648,,,32,2026-09-05T05:38:08+00:00,0.2.0,sweep-w256-d8-b256
syclnn,256,auto,True,AdaptiveCpp 25.10.0 $HOME/.local/opt/fnn-rocm/acpp/bin/acpp / host Clang 18.1.3 $HOME/.local/opt/fnn-rocm/acpp/bin/acpp,AMD Radeon RX 7900 XTX,gpu,70253211,double,,,,,,,,,,,,,,2,219.992273420912,222.9872949590074,3cfc82443213ebd19ce89f8affa8d16f4483c7b8,v0.2.0-9-gda3d659,983.8375523012219,179.35714285714286,88.39285714285714,ws-amd,134de2db7e51,20.504317789291882,0.03747170925635146,256-256-256-256-256-256-256-256-256-16,True,0.9053913815005217,train,65536,{},,,,,,,,,,,,,,,,,,,,,72384.16594090612,1,0.840381927,77983.59043006883,282.75064820666455,,,32,2026-09-05T05:38:16+00:00,0.2.0,sweep-w256-d8-b256
syclnn,4096,auto,True,AdaptiveCpp 25.10.0 $HOME/.local/opt/fnn-rocm/acpp/bin/acpp / host Clang 18.1.3 $HOME/.local/opt/fnn-rocm/acpp/bin/acpp,AMD Radeon RX 7900 XTX,gpu,70253211,float,,,,,,,,,,,,,,2,1893.4088226072297,1904.663775352779,3cfc82443213ebd19ce89f8affa8d16f4483c7b8,v0.2.0-9-gda3d659,60.56471735428204,128.33333333333334,51.666666666666664,ws-amd,6e117875b85a,58.61359253259276,0.0012956875070813112,256-256-256-256-256-256-256-256-256-16,True,0.10519603900320362,train,65536,{},,,,,,,,,,,,,,,,,,,,,622989.2362962847,1,0.071938023,911006.4089473239,152.09698151764763,,,32,2026-09-05T05:38:18+00:00,0.2.0,sweep-w256-d8-b4096
syclnn,4096,auto,True,AdaptiveCpp 25.10.0 $HOME/.local/opt/fnn-rocm/acpp/bin/acpp / host Clang 18.1.3 $HOME/.local/opt/fnn-rocm/acpp/bin/acpp,AMD Radeon RX 7900 XTX,gpu,70253211,double,,,,,,,,,,,,,,2,589.4480137184271,592.9518579284818,3cfc82443213ebd19ce89f8affa8d16f4483c7b8,v0.2.0-9-gda3d659,389.58449336238846,209.3,79.0,ws-amd,2bd1bdbced20,29.30679626629638,0.004339591243478935,256-256-256-256-256-256-256-256-256-16,True,0.3379078455036506,train,65536,{},,,,,,,,,,,,,,,,,,,,,193946.36991135497,1,0.269175214,243469.66805049145,47.350187966639396,,,32,2026-09-05T05:38:21+00:00,0.2.0,sweep-w256-d8-b4096
syclnn,32,auto,True,AdaptiveCpp 25.10.0 $HOME/.local/opt/fnn-rocm/acpp/bin/acpp / host Clang 18.1.3 $HOME/.local/opt/fnn-rocm/acpp/bin/acpp,AMD Radeon RX 7900 XTX,gpu,70253211,float,,,,,,,,,,,,,,2,267.0566917854348,285.544811095306,3cfc82443213ebd19ce89f8affa8d16f4483c7b8,v0.2.0-9-gda3d659,1680.964617625752,153.85454545454544,86.03636363636363,ws-amd,21e3959f8ec9,14.522554042234162,0.015473333252884913,256-1024-1024-16,True,1.8253756714984775,train,65536,{},,,,,,,,,,,,,,,,,,,,,35902.74649940992,1,1.775377283,36913.84396293416,1121.96082810656,,,32,2026-09-05T05:38:35+00:00,0.2.0,sweep-w1024-d2-b32
syclnn,32,auto,True,AdaptiveCpp 25.10.0 $HOME/.local/opt/fnn-rocm/acpp/bin/acpp / host Clang 18.1.3 $HOME/.local/opt/fnn-rocm/acpp/bin/acpp,AMD Radeon RX 7900 XTX,gpu,70253211,double,,,,,,,,,,,,,,2,193.56282477651874,206.96302296851601,3cfc82443213ebd19ce89f8affa8d16f4483c7b8,v0.2.0-9-gda3d659,2870.8824046082736,191.93333333333334,93.2,ws-amd,7bc000f0ab07,7.261277021117081,0.09667547174467472,256-1024-1024-16,True,2.5184525420045247,train,65536,{},,,,,,,,,,,,,,,,,,,,,26022.328754242713,1,2.372851338,27619.092250102018,813.1977735700848,,,32,2026-09-05T05:38:54+00:00,0.2.0,sweep-w1024-d2-b32
syclnn,256,auto,True,AdaptiveCpp 25.10.0 $HOME/.local/opt/fnn-rocm/acpp/bin/acpp / host Clang 18.1.3 $HOME/.local/opt/fnn-rocm/acpp/bin/acpp,AMD Radeon RX 7900 XTX,gpu,70253211,float,,,,,,,,,,,,,,2,1965.8976843455664,1986.7283736707923,3cfc82443213ebd19ce89f8affa8d16f4483c7b8,v0.2.0-9-gda3d659,247.03618893228122,167.875,78.375,ws-amd,2b256366a111,70.56709168184578,0.004442056502739433,256-1024-1024-16,True,0.2479675274953479,train,65536,{},,,,,,,,,,,,,,,,,,,,,264292.67034260975,1,0.210994568,310605.15264070686,1032.3932435258193,,,32,2026-09-05T05:38:57+00:00,0.2.0,sweep-w1024-d2-b256
syclnn,256,auto,True,AdaptiveCpp 25.10.0 $HOME/.local/opt/fnn-rocm/acpp/bin/acpp / host Clang 18.1.3 $HOME/.local/opt/fnn-rocm/acpp/bin/acpp,AMD Radeon RX 7900 XTX,gpu,70253211,double,,,,,,,,,,,,,,2,628.799044618198,635.4618112772883,3cfc82443213ebd19ce89f8affa8d16f4483c7b8,v0.2.0-9-gda3d659,1039.7889701583044,231.7826086956522,90.34782608695652,ws-amd,639c7c0a42de,35.28354584092289,0.0011476549989311025,256-1024-1024-16,True,0.775253703497583,train,65536,{},,,,,,,,,,,,,,,,,,,,,84534.9073526926,1,0.705772071,92857.17399831767,330.21448184645544,,,32,2026-09-05T05:39:04+00:00,0.2.0,sweep-w1024-d2-b256
syclnn,4096,auto,True,AdaptiveCpp 25.10.0 $HOME/.local/opt/fnn-rocm/acpp/bin/acpp / host Clang 18.1.3 $HOME/.local/opt/fnn-rocm/acpp/bin/acpp,AMD Radeon RX 7900 XTX,gpu,70253211,float,,,,,,,,,,,,,,2,6490.454041409286,6508.25970512346,3cfc82443213ebd19ce89f8affa8d16f4483c7b8,v0.2.0-9-gda3d659,57.97681311391352,134.0,44.333333333333336,ws-amd,793184d2c373,146.05592208608232,0.004674919247918297,256-1024-1024-16,True,0.075107039505383,train,65536,{},,,,,,,,,,,,,,,,,,,,,872568.0100239201,1,0.042742355,1533280.0450513314,213.02929932224612,,,32,2026-09-05T05:39:05+00:00,0.2.0,sweep-w1024-d2-b4096
syclnn,4096,auto,True,AdaptiveCpp 25.10.0 $HOME/.local/opt/fnn-rocm/acpp/bin/acpp / host Clang 18.1.3 $HOME/.local/opt/fnn-rocm/acpp/bin/acpp,AMD Radeon RX 7900 XTX,gpu,70253211,double,,,,,,,,,,,,,,2,889.9875102862577,892.4290680288854,3cfc82443213ebd19ce89f8affa8d16f4483c7b8,v0.2.0-9-gda3d659,843.8280703413038,258.11764705882354,87.82352941176471,ws-amd,443134b24fed,73.02796104304116,0.0025200975069310516,256-1024-1024-16,True,0.5477366619888926,train,65536,{},,,,,,,,,,,,,,,,,,,,,119648.73733671855,1,0.471165915,139093.2533818793,29.211117513847302,,,32,2026-09-05T05:39:10+00:00,0.2.0,sweep-w1024-d2-b4096
syclnn,32,auto,True,AdaptiveCpp 25.10.0 $HOME/.local/opt/fnn-rocm/acpp/bin/acpp / host Clang 18.1.3 $HOME/.local/opt/fnn-rocm/acpp/bin/acpp,AMD Radeon RX 7900 XTX,gpu,70253211,float,,,,,,,,,,,,,,2,457.58649740261865,487.7216495552849,3cfc82443213ebd19ce89f8affa8d16f4483c7b8,v0.2.0-9-gda3d659,2870.619519686923,167.88372093023256,91.54651162790698,ws-amd,a4f461ced1fa,14.855026354527755,0.17863036749622552,256-1024-1024-1024-1024-16,True,2.8674633460032055,train,65536,{},,,,,,,,,,,,,,,,,,,,,22855.04367173408,1,2.656057258,24674.166869937257,714.22011474169,,,32,2026-09-05T05:39:32+00:00,0.2.0,sweep-w1024-d4-b32
syclnn,32,auto,True,AdaptiveCpp 25.10.0 $HOME/.local/opt/fnn-rocm/acpp/bin/acpp / host Clang 18.1.3 $HOME/.local/opt/fnn-rocm/acpp/bin/acpp,AMD Radeon RX 7900 XTX,gpu,70253211,double,,,,,,,,,,,,,,2,276.3787817540752,294.58018561368107,3cfc82443213ebd19ce89f8affa8d16f4483c7b8,v0.2.0-9-gda3d659,6298.368410859359,220.5874125874126,96.27972027972028,ws-amd,6800dab6cdd7,7.427513177263878,0.0787247087500873,256-1024-1024-1024-1024-16,True,4.747515350492904,train,65536,{},,,,,,,,,,,,,,,,,,,,,13804.273427614262,1,4.668880704,14036.769014863225,431.3835446129457,,,32,2026-09-05T05:40:08+00:00,0.2.0,sweep-w1024-d4-b32
syclnn,256,auto,True,AdaptiveCpp 25.10.0 $HOME/.local/opt/fnn-rocm/acpp/bin/acpp / host Clang 18.1.3 $HOME/.local/opt/fnn-rocm/acpp/bin/acpp,AMD Radeon RX 7900 XTX,gpu,70253211,double,,,,,,,,,,,,,,2,748.5954539260168,755.8341955532453,3cfc82443213ebd19ce89f8affa8d16f4483c7b8,v0.2.0-9-gda3d659,2735.295424066804,260.66037735849056,95.60377358490567,ws-amd,363cd01357dd,39.58896481903316,0.0061824465010431595,256-1024-1024-1024-1024-16,True,1.7527657989994623,train,65536,{},,,,,,,,,,,,,,,,,,,,,37390.04950770386,1,1.681411604,38976.7739464227,146.0548808894682,,,32,2026-09-05T05:40:26+00:00,0.2.0,sweep-w1024-d4-b256
syclnn,4096,auto,True,AdaptiveCpp 25.10.0 $HOME/.local/opt/fnn-rocm/acpp/bin/acpp / host Clang 18.1.3 $HOME/.local/opt/fnn-rocm/acpp/bin/acpp,AMD Radeon RX 7900 XTX,gpu,70253211,float,,,,,,,,,,,,,,2,10359.078580878353,10381.295943144918,3cfc82443213ebd19ce89f8affa8d16f4483c7b8,v0.2.0-9-gda3d659,115.73813811075524,174.25,59.5,ws-amd,c0177ce8d711,188.48139780087362,0.0001379744935547933,256-1024-1024-1024-1024-16,True,0.12666305199672934,train,65536,{},,,,,,,,,,,,,,,,,,,,,517404.2387806371,1,0.089831997,729539.6093665824,126.31939423355398,,,32,2026-09-05T05:40:28+00:00,0.2.0,sweep-w1024-d4-b4096
syclnn,4096,auto,True,AdaptiveCpp 25.10.0 $HOME/.local/opt/fnn-rocm/acpp/bin/acpp / host Clang 18.1.3 $HOME/.local/opt/fnn-rocm/acpp/bin/acpp,AMD Radeon RX 7900 XTX,gpu,70253211,double,,,,,,,,,,,,,,2,1011.8812188025634,1014.0514245243701,3cfc82443213ebd19ce89f8affa8d16f4483c7b8,v0.2.0-9-gda3d659,2213.994802445901,288.20512820512823,95.23076923076923,ws-amd,1ae0d9b6e927,94.24069890043681,0.0012175917509011924,256-1024-1024-1024-1024-16,True,1.2967060605005827,train,65536,{},,,,,,,,,,,,,,,,,,,,,50540.36685438207,1,1.218015144,53805.57074584288,12.338956751558122,,,32,2026-09-05T05:40:38+00:00,0.2.0,sweep-w1024-d4-b4096
syclnn,32,auto,True,AdaptiveCpp 25.10.0 $HOME/.local/opt/fnn-rocm/acpp/bin/acpp / host Clang 18.1.3 $HOME/.local/opt/fnn-rocm/acpp/bin/acpp,AMD Radeon RX 7900 XTX,gpu,70253211,float,,,,,,,,,,,,,,2,590.5645489965035,628.8015005327344,3cfc82443213ebd19ce89f8affa8d16f4483c7b8,v0.2.0-9-gda3d659,6088.94631646591,194.25477707006368,92.68789808917198,ws-amd,ef3ca0638560,14.967840410421658,0.3485089369933121,256-1024-1024-1024-1024-1024-1024-1024-1024-16,True,5.014489873501589,train,65536,{},,,,,,,,,,,,,,,,,,,,,13069.325425566489,1,5.066973073,12933.954662047994,408.4164195489528,,,32,2026-09-05T05:41:17+00:00,0.2.0,sweep-w1024-d8-b32
syclnn,32,auto,True,AdaptiveCpp 25.10.0 $HOME/.local/opt/fnn-rocm/acpp/bin/acpp / host Clang 18.1.3 $HOME/.local/opt/fnn-rocm/acpp/bin/acpp,AMD Radeon RX 7900 XTX,gpu,70253211,double,,,,,,,,,,,,,,2,308.11927307612507,328.0688987893681,3cfc82443213ebd19ce89f8affa8d16f4483c7b8,v0.2.0-9-gda3d659,13615.574238149347,235.95138888888889,96.02083333333333,ws-amd,92d2ccb12537,7.483920205210829,0.02556900875060819,256-1024-1024-1024-1024-1024-1024-1024-1024-16,True,9.6111480499967,train,65536,{},,,,,,,,,,,,,,,,,,,,,6818.748359622085,1,9.471473101,6919.30381907337,213.08588623819017,,,32,2026-09-05T05:42:28+00:00,0.2.0,sweep-w1024-d8-b32
syclnn,256,auto,True,AdaptiveCpp 25.10.0 $HOME/.local/opt/fnn-rocm/acpp/bin/acpp / host Clang 18.1.3 $HOME/.local/opt/fnn-rocm/acpp/bin/acpp,AMD Radeon RX 7900 XTX,gpu,70253211,float,,,,,,,,,,,,,,2,3433.1124861421617,3465.2629631496156,3cfc82443213ebd19ce89f8affa8d16f4483c7b8,v0.2.0-9-gda3d659,1169.6663778331713,229.73076923076923,91.88461538461539,ws-amd,f39c6f28aa58,82.49187989251081,0.00937544050248107,256-1024-1024-1024-1024-1024-1024-1024-1024-16,True,0.8625933355069719,train,65536,{},,,,,,,,,,,,,,,,,,,,,75975.546416067,1,0.824780513,79458.71533945904,296.7794781877617,,,32,2026-09-05T05:42:35+00:00,0.2.0,sweep-w1024-d8-b256
syclnn,256,auto,True,AdaptiveCpp 25.10.0 $HOME/.local/opt/fnn-rocm/acpp/bin/acpp / host Clang 18.1.3 $HOME/.local/opt/fnn-rocm/acpp/bin/acpp,AMD Radeon RX 7900 XTX,gpu,70253211,double,,,,,,,,,,,,,,2,795.3629317533133,802.8113616411005,3cfc82443213ebd19ce89f8affa8d16f4483c7b8,v0.2.0-9-gda3d659,6037.392729289189,272.39639639639637,97.30630630630631,ws-amd,7feff589d149,41.245939946255405,0.012494680755480658,256-1024-1024-1024-1024-1024-1024-1024-1024-16,True,3.723306471001706,train,65536,{},,,,,,,,,,,,,,,,,,,,,17601.559396309487,1,3.64166741,17996.151933050907,68.75609139183393,,,32,2026-09-05T05:43:03+00:00,0.2.0,sweep-w1024-d8-b256
syclnn,4096,auto,True,AdaptiveCpp 25.10.0 $HOME/.local/opt/fnn-rocm/acpp/bin/acpp / host Clang 18.1.3 $HOME/.local/opt/fnn-rocm/acpp/bin/acpp,AMD Radeon RX 7900 XTX,gpu,70253211,float,,,,,,,,,,,,,,2,13577.067431592794,13603.51064054744,3cfc82443213ebd19ce89f8affa8d16f4483c7b8,v0.2.0-9-gda3d659,295.96780309671885,230.42857142857142,77.42857142857143,ws-amd,b969ad17a252,208.41207290974836,0.0015969887463143095,256-1024-1024-1024-1024-1024-1024-1024-1024-16,True,0.2181163174973335,train,65536,{},,,,,,,,,,,,,,,,,,,,,300463.53593330394,1,0.176206214,371927.859479462,73.35535545246678,,,32,2026-09-05T05:43:06+00:00,0.2.0,sweep-w1024-d8-b4096
syclnn,4096,auto,True,AdaptiveCpp 25.10.0 $HOME/.local/opt/fnn-rocm/acpp/bin/acpp / host Clang 18.1.3 $HOME/.local/opt/fnn-rocm/acpp/bin/acpp,AMD Radeon RX 7900 XTX,gpu,70253211,double,,,,,,,,,,,,,,2,1055.591475887841,1057.6473856863513,3cfc82443213ebd19ce89f8affa8d16f4483c7b8,v0.2.0-9-gda3d659,4994.515533235666,298.70238095238096,97.8452380952381,ws-amd,60d759701c78,104.20603645487418,0.004778934257046785,256-1024-1024-1024-1024-1024-1024-1024-1024-16,True,2.8054223799990723,train,65536,{},,,,,,,,,,,,,,,,,,,,,23360.475223706482,1,2.718423655,24108.0892154023,5.703241021412715,,,32,2026-09-05T05:43:28+00:00,0.2.0,sweep-w1024-d8-b4096
syclnn,32,auto,True,AdaptiveCpp 25.10.0 $HOME/.local/opt/fnn-rocm/acpp/bin/acpp / host Clang 18.1.3 $HOME/.local/opt/fnn-rocm/acpp/bin/acpp,AMD Radeon RX 7900 XTX,gpu,70253211,float,,,,,,,,,,,,,,2,1955.0435465516298,2080.9453315609876,3cfc82443213ebd19ce89f8affa8d16f4483c7b8,v0.2.0-9-gda3d659,5994.605928886129,283.6320754716981,95.85849056603773,ws-amd,8ef903639076,15.568173427367823,0.0763329737528693,256-4096-4096-16,True,3.528165645999252,train,65536,{},,,,,,,,,,,,,,,,,,,,,18575.091584578593,1,3.43452556,19081.529269504113,580.471612018081,,,32,2026-09-05T05:43:55+00:00,0.2.0,sweep-w4096-d2-b32
syclnn,32,auto,True,AdaptiveCpp 25.10.0 $HOME/.local/opt/fnn-rocm/acpp/bin/acpp / host Clang 18.1.3 $HOME/.local/opt/fnn-rocm/acpp/bin/acpp,AMD Radeon RX 7900 XTX,gpu,70253211,double,,,,,,,,,,,,,,2,578.3682049819628,615.6142241452318,3cfc82443213ebd19ce89f8affa8d16f4483c7b8,v0.2.0-9-gda3d659,22860.121782615475,319.8767507002801,98.49019607843137,ws-amd,557016dd7717,7.784086713683911,0.0038193597429199144,256-4096-4096-16,True,11.926169900005334,train,65536,{},,,,,,,,,,,,,,,,,,,,,5495.14224176621,1,11.826163806,5541.611047764308,171.72319505519405,,,32,2026-09-05T05:45:23+00:00,0.2.0,sweep-w4096-d2-b32
syclnn,256,auto,True,AdaptiveCpp 25.10.0 $HOME/.local/opt/fnn-rocm/acpp/bin/acpp / host Clang 18.1.3 $HOME/.local/opt/fnn-rocm/acpp/bin/acpp,AMD Radeon RX 7900 XTX,gpu,70253211,float,,,,,,,,,,,,,,2,9742.26671440249,9826.008345177941,3cfc82443213ebd19ce89f8affa8d16f4483c7b8,v0.2.0-9-gda3d659,1258.951076985817,306.9047619047619,90.95238095238095,ws-amd,66c761be4b0d,104.75469775144914,0.0052342947528813966,256-4096-4096-16,True,0.7080197739996947,train,65536,{},,,,,,,,,,,,,,,,,,,,,92562.38654152089,1,0.650824276,100696.91991636771,361.57182242781596,,,32,2026-09-05T05:45:30+00:00,0.2.0,sweep-w4096-d2-b256
syclnn,256,auto,True,AdaptiveCpp 25.10.0 $HOME/.local/opt/fnn-rocm/acpp/bin/acpp / host Clang 18.1.3 $HOME/.local/opt/fnn-rocm/acpp/bin/acpp,AMD Radeon RX 7900 XTX,gpu,70253211,double,,,,,,,,,,,,,,2,998.0123813293037,1006.5909993036045,3cfc82443213ebd19ce89f8affa8d16f4483c7b8,v0.2.0-9-gda3d659,13370.15120046858,323.1835748792271,99.01449275362319,ws-amd,4558c6000e49,52.37734887572457,0.0027371152536943555,256-4096-4096-16,True,6.911454814005992,train,65536,{},,,,,,,,,,,,,,,,,,,,,9482.229395060496,1,6.810293039,9623.080772692136,37.03995857445506,,,32,2026-09-05T05:46:22+00:00,0.2.0,sweep-w4096-d2-b256
syclnn,4096,auto,True,AdaptiveCpp 25.10.0 $HOME/.local/opt/fnn-rocm/acpp/bin/acpp / host Clang 18.1.3 $HOME/.local/opt/fnn-rocm/acpp/bin/acpp,AMD Radeon RX 7900 XTX,gpu,70253211,float,,,,,,,,,,,,,,2,20703.3758110394,20726.607483345466,3cfc82443213ebd19ce89f8affa8d16f4483c7b8,v0.2.0-9-gda3d659,518.4168338242889,279.4,82.3,ws-amd,73e07656bc1c,450.06677613574163,0.0006913587494636886,256-4096-4096-16,True,0.33316873249714263,train,65536,{},,,,,,,,,,,,,,,,,,,,,196705.13348836557,1,0.280199248,233890.70623058916,48.023714230558,,,32,2026-09-05T05:46:27+00:00,0.2.0,sweep-w4096-d2-b4096
syclnn,4096,auto,True,AdaptiveCpp 25.10.0 $HOME/.local/opt/fnn-rocm/acpp/bin/acpp / host Clang 18.1.3 $HOME/.local/opt/fnn-rocm/acpp/bin/acpp,AMD Radeon RX 7900 XTX,gpu,70253211,double,,,,,,,,,,,,,,2,1110.0812183802157,1111.3268627299053,3cfc82443213ebd19ce89f8affa8d16f4483c7b8,v0.2.0-9-gda3d659,12226.485282645022,329.0698924731183,98.88172043010752,ws-amd,b1d8e668431a,225.03338806787082,0.003908362494257744,256-4096-4096-16,True,6.213705234506051,train,65536,{},,,,,,,,,,,,,,,,,,,,,10547.008190228335,1,6.109057157,10727.678316924283,2.5749531714424645,,,32,2026-09-05T05:47:14+00:00,0.2.0,sweep-w4096-d2-b4096
syclnn,32,auto,True,AdaptiveCpp 25.10.0 $HOME/.local/opt/fnn-rocm/acpp/bin/acpp / host Clang 18.1.3 $HOME/.local/opt/fnn-rocm/acpp/bin/acpp,AMD Radeon RX 7900 XTX,gpu,70253211,float,,,,,,,,,,,,,,2,2375.942515066759,2526.5191643934922,3cfc82443213ebd19ce89f8affa8d16f4483c7b8,v0.2.0-9-gda3d659,16104.574848720455,316.15354330708664,96.94881889763779,ws-amd,ac33451d258a,15.689605816943157,0.08889705625188071,256-4096-4096-4096-4096-16,True,8.456373369001085,train,65536,{},,,,,,,,,,,,,,,,,,,,,7749.894327069133,1,8.474858784,7732.990209079099,242.18419772091042,,,32,2026-09-05T05:48:18+00:00,0.2.0,sweep-w4096-d4-b32
syclnn,32,auto,True,AdaptiveCpp 25.10.0 $HOME/.local/opt/fnn-rocm/acpp/bin/acpp / host Clang 18.1.3 $HOME/.local/opt/fnn-rocm/acpp/bin/acpp,AMD Radeon RX 7900 XTX,gpu,70253211,double,,,,,,,,,,,,,,2,638.6655057502721,679.1412795901696,3cfc82443213ebd19ce89f8affa8d16f4483c7b8,v0.2.0-9-gda3d659,63439.10594104706,336.20531914893616,98.99468085106383,ws-amd,5289b15f25f8,7.8448029084715785,0.042308231750212144,256-4096-4096-4096-4096-16,True,31.459123484499287,train,65536,{},,,,,,,,,,,,,,,,,,,,,2083.2112513335364,1,31.300090852,2093.795839439629,65.10035160417301,,,32,2026-09-05T05:52:08+00:00,0.2.0,sweep-w4096-d4-b32
syclnn,256,auto,True,AdaptiveCpp 25.10.0 $HOME/.local/opt/fnn-rocm/acpp/bin/acpp / host Clang 18.1.3 $HOME/.local/opt/fnn-rocm/acpp/bin/acpp,AMD Radeon RX 7900 XTX,gpu,70253211,double,,,,,,,,,,,,,,2,1029.0802629121906,1037.6179242116305,3cfc82443213ebd19ce89f8affa8d16f4483c7b8,v0.2.0-9-gda3d659,38919.591042194836,332.236301369863,99.37842465753425,ws-amd,1ce2b5ec3b4e,55.25494267192655,0.009217200000421144,256-4096-4096-4096-4096-16,True,19.52409130248998,train,65536,{},,,,,,,,,,,,,,,,,,,,,3356.6735058057197,1,19.359264683,3385.2525430653004,13.112005882053593,,,32,2026-09-05T05:54:48+00:00,0.2.0,sweep-w4096-d4-b256
syclnn,4096,auto,True,AdaptiveCpp 25.10.0 $HOME/.local/opt/fnn-rocm/acpp/bin/acpp / host Clang 18.1.3 $HOME/.local/opt/fnn-rocm/acpp/bin/acpp,AMD Radeon RX 7900 XTX,gpu,70253211,float,,,,,,,,,,,,,,2,23240.315434015938,23261.690219569893,3cfc82443213ebd19ce89f8affa8d16f4483c7b8,v0.2.0-9-gda3d659,1571.2059064549976,309.1923076923077,91.15384615384616,ws-amd,8cd195f61b62,579.7956911159525,0.002565209251770284,256-4096-4096-4096-4096-16,True,0.8645260030025383,train,65536,{},,,,,,,,,,,,,,,,,,,,,75805.7013581899,1,0.780160625,84003.21408171555,18.50725130815183,,,32,2026-09-05T05:54:59+00:00,0.2.0,sweep-w4096-d4-b4096
syclnn,4096,auto,True,AdaptiveCpp 25.10.0 $HOME/.local/opt/fnn-rocm/acpp/bin/acpp / host Clang 18.1.3 $HOME/.local/opt/fnn-rocm/acpp/bin/acpp,AMD Radeon RX 7900 XTX,gpu,70253211,double,,,,,,,,,,,,,,2,1123.7342417097598,1124.7677723648999,3cfc82443213ebd19ce89f8affa8d16f4483c7b8,v0.2.0-9-gda3d659,35405.22044909476,330.70786516853934,99.43820224719101,ws-amd,3fc49435ad1a,289.89784555797627,0.007699246743868571,256-4096-4096-4096-4096-16,True,17.87954506051028,train,65536,{},,,,,,,,,,,,,,,,,,,,,3665.4176478318964,1,17.708669043,3700.7863121088426,0.8948773554277091,,,32,2026-09-05T05:57:12+00:00,0.2.0,sweep-w4096-d4-b4096
syclnn,32,auto,True,AdaptiveCpp 25.10.0 $HOME/.local/opt/fnn-rocm/acpp/bin/acpp / host Clang 18.1.3 $HOME/.local/opt/fnn-rocm/acpp/bin/acpp,AMD Radeon RX 7900 XTX,gpu,70253211,float,,,,,,,,,,,,,,2,2580.159720144964,2742.895401588004,3cfc82443213ebd19ce89f8affa8d16f4483c7b8,v0.2.0-9-gda3d659,36128.99417436014,334.1576994434137,98.04638218923934,ws-amd,4c07699aed1e,15.72601270089048,0.009779786247236189,256-4096-4096-4096-4096-4096-4096-4096-4096-16,True,18.014441398496274,train,65536,{},,,,,,,,,,,,,,,,,,,,,3637.970145744875,1,17.868119437,3667.7614693067712,113.68656705452734,,,32,2026-09-05T05:59:28+00:00,0.2.0,sweep-w4096-d8-b32
syclnn,32,auto,True,AdaptiveCpp 25.10.0 $HOME/.local/opt/fnn-rocm/acpp/bin/acpp / host Clang 18.1.3 $HOME/.local/opt/fnn-rocm/acpp/bin/acpp,AMD Radeon RX 7900 XTX,gpu,70253211,double,,,,,,,,,,,,,,2,658.1918992932456,699.7053398820156,3cfc82443213ebd19ce89f8affa8d16f4483c7b8,v0.2.0-9-gda3d659,142760.81497644127,337.1123755334282,99.1394025604552,ws-amd,23c974f73320,7.86300635044524,0.09335696099878987,256-4096-4096-4096-4096-4096-4096-4096-4096-16,True,70.61790965100226,train,65536,{},,,,,,,,,,,,,,,,,,,,,928.0365324304082,1,70.269856629,932.6331821908633,29.001141638450257,,,32,2026-09-05T06:08:02+00:00,0.2.0,sweep-w4096-d8-b32
syclnn,256,auto,True,AdaptiveCpp 25.10.0 $HOME/.local/opt/fnn-rocm/acpp/bin/acpp / host Clang 18.1.3 $HOME/.local/opt/fnn-rocm/acpp/bin/acpp,AMD Radeon RX 7900 XTX,gpu,70253211,float,,,,,,,,,,,,,,2,12637.908668002256,12741.63513494766,3cfc82443213ebd19ce89f8affa8d16f4483c7b8,v0.2.0-9-gda3d659,7268.484771563977,327.3873873873874,95.87387387387388,ws-amd,d9aa15fdf710,112.34175765132852,0.015848663504584692,256-4096-4096-4096-4096-4096-4096-4096-4096-16,True,3.6778344659978757,train,65536,{},,,,,,,,,,,,,,,,,,,,,17819.18153356004,1,3.54230805,18500.93189947159,69.60617786546891,,,32,2026-09-05T06:08:37+00:00,0.2.0,sweep-w4096-d8-b256
syclnn,256,auto,True,AdaptiveCpp 25.10.0 $HOME/.local/opt/fnn-rocm/acpp/bin/acpp / host Clang 18.1.3 $HOME/.local/opt/fnn-rocm/acpp/bin/acpp,AMD Radeon RX 7900 XTX,gpu,70253211,double,,,,,,,,,,,,,,2,1038.4830151151616,1047.0064327921257,3cfc82443213ebd19ce89f8affa8d16f4483c7b8,v0.2.0-9-gda3d659,89909.41619169632,335.03515332834706,99.55272999252057,ws-amd,fc659f70b45c,56.17087882566426,0.03494217499246588,256-4096-4096-4096-4096-4096-4096-4096-4096-16,True,44.75772391150531,train,65536,{},,,,,,,,,,,,,,,,,,,,,1464.2388904667575,1,44.485392343,1473.2026975212777,5.719683165885772,,,32,2026-09-05T06:14:05+00:00,0.2.0,sweep-w4096-d8-b256
syclnn,4096,auto,True,AdaptiveCpp 25.10.0 $HOME/.local/opt/fnn-rocm/acpp/bin/acpp / host Clang 18.1.3 $HOME/.local/opt/fnn-rocm/acpp/bin/acpp,AMD Radeon RX 7900 XTX,gpu,70253211,float,,,,,,,,,,,,,,2,24352.844185619037,24373.779313062234,3cfc82443213ebd19ce89f8affa8d16f4483c7b8,v0.2.0-9-gda3d659,3626.1859959681315,320.3333333333333,94.33333333333333,ws-amd,d16a45ba76b1,634.038677194187,0.0010539197537582368,256-4096-4096-4096-4096-4096-4096-4096-4096-16,True,1.908612222992815,train,65536,{},,,,,,,,,,,,,,,,,,,,,34336.99062098415,1,1.769334291,37039.91966546925,8.383054350826209,,,32,2026-09-05T06:14:27+00:00,0.2.0,sweep-w4096-d8-b4096
syclnn,4096,auto,True,AdaptiveCpp 25.10.0 $HOME/.local/opt/fnn-rocm/acpp/bin/acpp / host Clang 18.1.3 $HOME/.local/opt/fnn-rocm/acpp/bin/acpp,AMD Radeon RX 7900 XTX,gpu,70253211,double,,,,,,,,,,,,,,2,1129.8011737882543,1130.772416875035,3cfc82443213ebd19ce89f8affa8d16f4483c7b8,v0.2.0-9-gda3d659,81725.19031772875,331.28536585365856,99.53577235772357,ws-amd,3fac82c095bd,317.0193385970935,0.007095956505509093,256-4096-4096-4096-4096-4096-4096-4096-4096-16,True,41.140102484991075,train,65536,{},,,,,,,,,,,,,,,,,,,,,1592.9955454998963,1,40.858871212,1603.960120678823,0.3889149281005606,,,32,2026-09-05T06:19:30+00:00,0.2.0,sweep-w4096-d8-b4096
ompnn,40,openblas,True,Clang 18.1.8 /usr/bin/clang++-18,"AMD Ryzen Threadripper 2950X 16-Core Processor (OpenMP host, 16 threads)",cpu,202011,float,,,,,,,,,,,,,,5,0.16868685956548568,0.20846872138977854,7d2a071c4c34ad3209aec7f92f64895d8344121c,v0.1.0-13-gd3e14d2,,,,3d58acb1b5b9,652566461a30,1.2191103789126854,1.0500001371838147e-05,17-4-1,True,0.000217586598591879,train,124,{},,,,,,,,,,,,,,,,,,,,,569888.0390725868,1,0.00020218599999999998,613296.6674250443,18383.485131373767,,,16,2026-09-06T14:41:15+00:00,0.1.0,monk
ompnn,40,openblas,True,Clang 18.1.8 /usr/bin/clang++-18,"AMD Ryzen Threadripper 2950X 16-Core Processor (OpenMP host, 16 threads)",cpu,202011,double,,,,,,,,,,,,,,5,0.1593494045597498,0.19692919002915898,7d2a071c4c34ad3209aec7f92f64895d8344121c,v0.1.0-13-gd3e14d2,,,,3d58acb1b5b9,df4f6989b654,0.6095551894563427,2.563800080679357e-06,17-4-1,True,0.00023033659963402897,train,124,{},,,,,,,,,,,,,,,,,,,,,538342.5829721277,1,0.000221341,560221.558590591,17365.889773294442,,,16,2026-09-06T14:41:15+00:00,0.1.0,monk
ompnn,40,openblas,True,Clang 18.1.8 /usr/bin/clang++-18,"AMD Ryzen Threadripper 2950X 16-Core Processor (OpenMP host, 16 threads)",cpu,202011,float,,,,,,,,,,,,,,5,5.359081337900775,5.843650216790616,7d2a071c4c34ad3209aec7f92f64895d8344121c,v0.1.0-13-gd3e14d2,,,,3d58acb1b5b9,6473b23ca499,6.563354603463993,2.8214001213200043e-05,12-64-64-3,True,0.005374055399443023,train,1000,{},,,,,,,,,,,,,,,,,,,,,186079.2131215547,1,0.005361675,186508.88015405633,4651.980328038867,,,16,2026-09-06T14:41:16+00:00,0.1.0,cup
ompnn,40,openblas,True,Clang 18.1.8 /usr/bin/clang++-18,"AMD Ryzen Threadripper 2950X 16-Core Processor (OpenMP host, 16 threads)",cpu,202011,double,,,,,,,,,,,,,,5,4.96694343989326,5.416055155581664,7d2a071c4c34ad3209aec7f92f64895d8344121c,v0.1.0-13-gd3e14d2,,,,3d58acb1b5b9,e62d40bb6c9b,3.2816773017319965,1.3788000796921378e-05,12-64-64-3,True,0.005798334599239752,train,1000,{},,,,,,,,,,,,,,,,,,,,,172463.31388518264,1,0.005780617,172991.9141849391,4311.582847129565,,,16,2026-09-06T14:41:16+00:00,0.1.0,cup
ompnn,64,openblas,True,Clang 18.1.8 /usr/bin/clang++-18,"AMD Ryzen Threadripper 2950X 16-Core Processor (OpenMP host, 16 threads)",cpu,202011,float,,,,,,,,,,,,,,3,69.422864050968,72.50102414647124,7d2a071c4c34ad3209aec7f92f64895d8344121c,v0.1.0-13-gd3e14d2,,,,3d58acb1b5b9,b6d9f49a80a3,24.563545832993224,0.06612655416392954,784-512-256-10,True,2.0806609173305333,train,60000,{},,,,,,,,,,,,,,,,,,,,,28836.990929295385,1,2.010916826,29837.136585777418,450.8182915279845,,,16,2026-09-06T14:41:38+00:00,0.1.0,mnist-512-256
ompnn,256,openblas,True,Clang 18.1.8 /usr/bin/clang++-18,"AMD Ryzen Threadripper 2950X 16-Core Processor (OpenMP host, 16 threads)",cpu,202011,float,,,,,,,,,,,,,,3,134.4910639520865,136.24564512622024,7d2a071c4c34ad3209aec7f92f64895d8344121c,v0.1.0-13-gd3e14d2,,,,3d58acb1b5b9,bb46503e01dc,57.89303578299346,0.0072546024991124725,784-512-256-10,True,1.0740151483332738,train,60000,{},,,,,,,,,,,,,,,,,,,,,55865.133832713516,1,1.0039562065,59763.563003582065,218.80510751146127,,,16,2026-09-06T14:41:51+00:00,0.1.0,mnist-512-256
ompnn,1024,openblas,True,Clang 18.1.8 /usr/bin/clang++-18,"AMD Ryzen Threadripper 2950X 16-Core Processor (OpenMP host, 16 threads)",cpu,202011,float,,,,,,,,,,,,,,3,177.3100091922323,178.23408698342143,7d2a071c4c34ad3209aec7f92f64895d8344121c,v0.1.0-13-gd3e14d2,,,,3d58acb1b5b9,f4e9510db972,87.61278113399811,0.011950472833025971,784-512-256-10,True,0.8146491033306423,train,60000,{},,,,,,,,,,,,,,,,,,,,,73651.34234444465,1,0.743987583,80646.50724150594,72.42381997203724,,,16,2026-09-06T14:42:01+00:00,0.1.0,mnist-512-256
ompnn,64,openblas,True,Clang 18.1.8 /usr/bin/clang++-18,"AMD Ryzen Threadripper 2950X 16-Core Processor (OpenMP host, 16 threads)",cpu,202011,double,,,,,,,,,,,,,,3,39.86069639564906,41.62809113946107,7d2a071c4c34ad3209aec7f92f64895d8344121c,v0.1.0-13-gd3e14d2,,,,3d58acb1b5b9,985f2cf33ab0,12.281772916496612,0.03916165199916577,784-512-256-10,True,3.623756057000719,train,60000,{},,,,,,,,,,,,,,,,,,,,,16557.405922533402,1,3.450837634,17387.082895132236,258.8474459222722,,,16,2026-09-06T14:42:40+00:00,0.1.0,mnist-512-256
ompnn,256,openblas,True,Clang 18.1.8 /usr/bin/clang++-18,"AMD Ryzen Threadripper 2950X 16-Core Processor (OpenMP host, 16 threads)",cpu,202011,double,,,,,,,,,,,,,,3,75.65639255058991,76.64341189723906,7d2a071c4c34ad3209aec7f92f64895d8344121c,v0.1.0-13-gd3e14d2,,,,3d58acb1b5b9,22ac1bfcee92,28.94651789149673,0.004396254167659208,784-512-256-10,True,1.9092298103350913,train,60000,{},,,,,,,,,,,,,,,,,,,,,31426.284921388968,1,1.774758801,33807.4108809561,123.08628260877346,,,16,2026-09-06T14:43:01+00:00,0.1.0,mnist-512-256
ompnn,1024,openblas,True,Clang 18.1.8 /usr/bin/clang++-18,"AMD Ryzen Threadripper 2950X 16-Core Processor (OpenMP host, 16 threads)",cpu,202011,double,,,,,,,,,,,,,,3,90.50435594677052,90.97603301518473,7d2a071c4c34ad3209aec7f92f64895d8344121c,v0.1.0-13-gd3e14d2,,,,3d58acb1b5b9,c46a92fa456b,43.806390566999056,0.006168944334300708,784-512-256-10,True,1.5960053909996834,train,60000,{},,,,,,,,,,,,,,,,,,,,,37593.85797714508,1,1.45797314,41153.021515883345,36.967293677525994,,,16,2026-09-06T14:43:19+00:00,0.1.0,mnist-512-256
ompnn,64,openblas,True,Clang 18.1.8 /usr/bin/clang++-18,"AMD Ryzen Threadripper 2950X 16-Core Processor (OpenMP host, 16 threads)",cpu,202011,float,,,,,,,,,,,,,,3,85.76699165180486,89.04993865759926,7d2a071c4c34ad3209aec7f92f64895d8344121c,v0.1.0-13-gd3e14d2,,,,3d58acb1b5b9,58cc91fe505b,27.300586878582358,0.07187883000005968,784-1024-1024-10,True,6.690797811000569,train,60000,{},,,,,,,,,,,,,,,,,,,,,8967.54044806913,1,6.585418311,9111.038534906518,140.19254900481408,,,16,2026-09-06T14:44:28+00:00,0.1.0,mnist
ompnn,256,openblas,True,Clang 18.1.8 /usr/bin/clang++-18,"AMD Ryzen Threadripper 2950X 16-Core Processor (OpenMP host, 16 threads)",cpu,202011,float,,,,,,,,,,,,,,3,172.27108451262933,174.14538255006252,7d2a071c4c34ad3209aec7f92f64895d8344121c,v0.1.0-13-gd3e14d2,,,,3d58acb1b5b9,38a71fad1bc7,75.80495846807432,0.09854230466832314,784-1024-1024-10,True,3.331084851665461,train,60000,{},,,,,,,,,,,,,,,,,,,,,18012.149996719978,1,3.246429073,18481.845329383545,70.54758748715325,,,16,2026-09-06T14:45:04+00:00,0.1.0,mnist
ompnn,1024,openblas,True,Clang 18.1.8 /usr/bin/clang++-18,"AMD Ryzen Threadripper 2950X 16-Core Processor (OpenMP host, 16 threads)",cpu,202011,float,,,,,,,,,,,,,,3,208.5586844319269,209.39725648097635,7d2a071c4c34ad3209aec7f92f64895d8344121c,v0.1.0-13-gd3e14d2,,,,3d58acb1b5b9,a0654cbb59f3,136.3814738763404,0.0625726966682123,784-1024-1024-10,True,2.7515018210009052,train,60000,{},,,,,,,,,,,,,,,,,,,,,21806.273047703813,1,2.680864543,22380.83985133299,21.442835163575417,,,16,2026-09-06T14:45:34+00:00,0.1.0,mnist
ompnn,64,openblas,True,Clang 18.1.8 /usr/bin/clang++-18,"AMD Ryzen Threadripper 2950X 16-Core Processor (OpenMP host, 16 threads)",cpu,202011,double,,,,,,,,,,,,,,3,54.32620182700484,56.405673639986325,7d2a071c4c34ad3209aec7f92f64895d8344121c,v0.1.0-13-gd3e14d2,,,,3d58acb1b5b9,591546a481e0,13.650293439291179,0.2432519508341393,784-1024-1024-10,True,10.56303552800091,train,60000,{},,,,,,,,,,,,,,,,,,,,,5680.185382407324,1,10.412187876,5762.477657390284,88.80023147830117,,,16,2026-09-06T14:47:25+00:00,0.1.0,mnist
ompnn,256,openblas,True,Clang 18.1.8 /usr/bin/clang++-18,"AMD Ryzen Threadripper 2950X 16-Core Processor (OpenMP host, 16 threads)",cpu,202011,double,,,,,,,,,,,,,,3,94.89649327979329,95.92896086782063,7d2a071c4c34ad3209aec7f92f64895d8344121c,v0.1.0-13-gd3e14d2,,,,3d58acb1b5b9,bfa73e6d2a0f,37.90247923403716,0.05819882883467198,784-1024-1024-10,True,6.047110701004082,train,60000,{},,,,,,,,,,,,,,,,,,,,,9922.093867082242,1,5.886467722,10192.86995760749,38.86153431273878,,,16,2026-09-06T14:48:28+00:00,0.1.0,mnist
ompnn,1024,openblas,True,Clang 18.1.8 /usr/bin/clang++-18,"AMD Ryzen Threadripper 2950X 16-Core Processor (OpenMP host, 16 threads)",cpu,202011,double,,,,,,,,,,,,,,3,114.48459115245974,114.94491040719998,7d2a071c4c34ad3209aec7f92f64895d8344121c,v0.1.0-13-gd3e14d2,,,,3d58acb1b5b9,930ce74ad868,68.1907369381702,0.066400609500608,784-1024-1024-10,True,5.0124614520027535,train,60000,{},,,,,,,,,,,,,,,,,,,,,11970.166868021839,1,4.864247220999999,12334.89937373395,11.770664086888141,,,16,2026-09-06T14:49:21+00:00,0.1.0,mnist
ompnn,256,openblas,True,Clang 18.1.8 /usr/bin/clang++-18,"AMD Ryzen Threadripper 2950X 16-Core Processor (OpenMP host, 1 threads)",cpu,202011,float,,,,,,,,,,,,,,3,30.418109042110835,30.814946124885704,7d2a071c4c34ad3209aec7f92f64895d8344121c,v0.1.0-13-gd3e14d2,,,,3d58acb1b5b9,a3affe3c33a2,57.89303578299346,0.02228939916676609,784-512-256-10,True,4.7486659936694195,train,60000,{},,,,,,,,,,,,,,,,,,,,,12635.127439998452,1,4.6565523905,12885.06924616765,49.48758247332727,,1,1,2026-09-06T14:50:11+00:00,0.1.0,mnist-512-256
ompnn,256,openblas,True,Clang 18.1.8 /usr/bin/clang++-18,"AMD Ryzen Threadripper 2950X 16-Core Processor (OpenMP host, 2 threads)",cpu,202011,float,,,,,,,,,,,,,,3,56.05574194920645,56.78704964085513,7d2a071c4c34ad3209aec7f92f64895d8344121c,v0.1.0-13-gd3e14d2,,,,3d58acb1b5b9,e4bc4fe01785,57.89303578299346,0.02521598316767859,784-512-256-10,True,2.576817913335011,train,60000,{},,,,,,,,,,,,,,,,,,,,,23284.532325509113,1,2.524421629,23767.820442802902,91.19775160824402,,2,2,2026-09-06T14:50:39+00:00,0.1.0,mnist-512-256
ompnn,256,openblas,True,Clang 18.1.8 /usr/bin/clang++-18,"AMD Ryzen Threadripper 2950X 16-Core Processor (OpenMP host, 4 threads)",cpu,202011,float,,,,,,,,,,,,,,3,99.4645785951601,100.7622014406332,7d2a071c4c34ad3209aec7f92f64895d8344121c,v0.1.0-13-gd3e14d2,,,,3d58acb1b5b9,8b7dc2aeb8f9,57.89303578299346,0.05612053899919056,784-512-256-10,True,1.4522299499997946,train,60000,{},,,,,,,,,,,,,,,,,,,,,41315.77096313741,1,1.3438594515,44647.5261479381,161.82010293895485,,4,4,2026-09-06T14:50:56+00:00,0.1.0,mnist-512-256
ompnn,256,openblas,True,Clang 18.1.8 /usr/bin/clang++-18,"AMD Ryzen Threadripper 2950X 16-Core Processor (OpenMP host, 8 threads)",cpu,202011,float,,,,,,,,,,,,,,3,145.34135146353134,147.23748635612102,7d2a071c4c34ad3209aec7f92f64895d8344121c,v0.1.0-13-gd3e14d2,,,,3d58acb1b5b9,e3f43a27ec42,57.89303578299346,0.0014381853349429985,784-512-256-10,True,0.9938358116633026,train,60000,{},,,,,,,,,,,,,,,,,,,,,60372.1452737579,1,0.9163392585,65477.93237432269,236.4575689888851,,8,8,2026-09-06T14:51:08+00:00,0.1.0,mnist-512-256
ompnn,256,openblas,True,Clang 18.1.8 /usr/bin/clang++-18,"AMD Ryzen Threadripper 2950X 16-Core Processor (OpenMP host, 16 threads)",cpu,202011,float,,,,,,,,,,,,,,3,134.8063590266557,136.56505356554305,7d2a071c4c34ad3209aec7f92f64895d8344121c,v0.1.0-13-gd3e14d2,,,,3d58acb1b5b9,2cd88ef83cb0,57.89303578299346,0.008279679500750037,784-512-256-10,True,1.071503162335527,train,60000,{},,,,,,,,,,,,,,,,,,,,,55996.1016533256,1,0.985731686,60868.490738563916,219.31806480885857,,16,16,2026-09-06T14:51:21+00:00,0.1.0,mnist-512-256
ompnn,256,openblas,True,Clang 18.1.8 /usr/bin/clang++-18,"AMD Ryzen Threadripper 2950X 16-Core Processor (OpenMP host, 32 threads)",cpu,202011,float,,,,,,,,,,,,,,3,120.82060246695305,122.39683770747084,7d2a071c4c34ad3209aec7f92f64895d8344121c,v0.1.0-13-gd3e14d2,,,,3d58acb1b5b9,3bcae1c69886,57.89303578299346,0.09467809666724247,784-512-256-10,True,1.1955364983344527,train,60000,{},,,,,,,,,,,,,,,,,,,,,50186.67358427641,1,1.0519401565,57037.46513454827,196.56447153841594,,32,32,2026-09-06T14:51:36+00:00,0.1.0,mnist-512-256
ompnn,40,omp,True,Clang 18.1.8 /usr/bin/clang++-18,"AMD Ryzen Threadripper 2950X 16-Core Processor (OpenMP host, 16 threads)",cpu,202011,float,,,,,,,,,,,,,,3,0.09462118717058503,0.1169359483995678,7d2a071c4c34ad3209aec7f92f64895d8344121c,v0.1.0-13-gd3e14d2,,,,3d58acb1b5b9,e4b36204a6c8,1.2191103789126854,8.208332777333792e-06,17-4-1,True,0.0003879046659373368,train,124,"{""blas"": ""omp""}",,,,,,,,,,,,,,,,,,,,,319666.17287359806,1,0.0003708265,334388.18423170946,10311.812028180582,,,16,2026-09-06T14:51:36+00:00,0.1.0,monk
ompnn,40,omp,True,Clang 18.1.8 /usr/bin/clang++-18,"AMD Ryzen Threadripper 2950X 16-Core Processor (OpenMP host, 16 threads)",cpu,202011,float,,,,,,,,,,,,,,3,4.802978113915656,5.2372640620562025,7d2a071c4c34ad3209aec7f92f64895d8344121c,v0.1.0-13-gd3e14d2,,,,3d58acb1b5b9,06594e2abf14,6.563354603463993,0.00020971083237479246,12-64-64-3,True,0.005996279665851034,train,1000,"{""blas"": ""omp""}",,,,,,,,,,,,,,,,,,,,,166770.07339984918,1,0.0059634925,167686.97202184793,4169.251834996229,,,16,2026-09-06T14:51:37+00:00,0.1.0,cup
ompnn,256,omp,True,Clang 18.1.8 /usr/bin/clang++-18,"AMD Ryzen Threadripper 2950X 16-Core Processor (OpenMP host, 16 threads)",cpu,202011,float,,,,,,,,,,,,,,3,6.513628971004081,6.598606295385181,7d2a071c4c34ad3209aec7f92f64895d8344121c,v0.1.0-13-gd3e14d2,,,,3d58acb1b5b9,e23b32054ad8,57.89303578299346,0.41396272650066024,784-512-256-10,True,22.175877785334404,train,60000,"{""blas"": ""omp""}",,,,,,,,,,,,,,,,,,,,,2705.6426167571985,1,22.101915015499998,2714.696892007874,10.597100248965694,,,16,2026-09-06T14:55:19+00:00,0.1.0,mnist-512-256
ompnn,40,openblas,True,Clang 22.1.8 /usr/bin/clang++-22,"AMD Ryzen Threadripper 2950X 16-Core Processor (OpenMP host, 16 threads)",cpu,202011,float,,,,,,,,,,,,,,5,0.03218511351968649,0.0397754127411993,7d2a071c4c34ad3209aec7f92f64895d8344121c,v0.1.0-13-gd3e14d2,,,,3d58acb1b5b9,652566461a30,1.2191103789126854,8.620199514553081e-06,17-4-1,True,0.001140402999590151,train,124,{},,,,,,,,,,,,,,,,,,,,,108733.49162056248,1,0.001131358,109602.79593196847,3507.5319877600796,,,16,2026-09-06T14:26:30+00:00,0.1.0,monk
ompnn,40,openblas,True,Clang 22.1.8 /usr/bin/clang++-22,"AMD Ryzen Threadripper 2950X 16-Core Processor (OpenMP host, 16 threads)",cpu,202011,double,,,,,,,,,,,,,,5,0.03134551546124255,0.03873781008396801,7d2a071c4c34ad3209aec7f92f64895d8344121c,v0.1.0-13-gd3e14d2,,,,3d58acb1b5b9,df4f6989b654,0.6095551894563427,2.8242007829250206e-06,17-4-1,True,0.001170949000515975,train,124,{},,,,,,,,,,,,,,,,,,,,,105897.01169338699,1,0.0011634079999999999,106583.41699558539,3416.032635270548,,,16,2026-09-06T14:26:30+00:00,0.1.0,monk
ompnn,40,openblas,True,Clang 22.1.8 /usr/bin/clang++-22,"AMD Ryzen Threadripper 2950X 16-Core Processor (OpenMP host, 16 threads)",cpu,202011,float,,,,,,,,,,,,,,5,5.889268499284762,6.4217769749440485,7d2a071c4c34ad3209aec7f92f64895d8344121c,v0.1.0-13-gd3e14d2,,,,3d58acb1b5b9,6473b23ca499,6.563354603463993,0.00015418219845741987,12-64-64-3,True,0.004890250801690854,train,1000,{},,,,,,,,,,,,,,,,,,,,,204488.4895584987,1,0.004808612,207960.2180421294,5112.212238962467,,,16,2026-09-06T14:26:30+00:00,0.1.0,cup
ompnn,40,openblas,True,Clang 22.1.8 /usr/bin/clang++-22,"AMD Ryzen Threadripper 2950X 16-Core Processor (OpenMP host, 16 threads)",cpu,202011,double,,,,,,,,,,,,,,5,4.82123157856713,5.2571680075166665,7d2a071c4c34ad3209aec7f92f64895d8344121c,v0.1.0-13-gd3e14d2,,,,3d58acb1b5b9,e62d40bb6c9b,3.2816773017319965,0.00011828819988295419,12-64-64-3,True,0.005973577400436625,train,1000,{},,,,,,,,,,,,,,,,,,,,,167403.87425580312,1,0.005897690000000001,169557.91165693686,4185.096856395078,,,16,2026-09-06T14:26:31+00:00,0.1.0,cup
ompnn,64,openblas,True,Clang 22.1.8 /usr/bin/clang++-22,"AMD Ryzen Threadripper 2950X 16-Core Processor (OpenMP host, 16 threads)",cpu,202011,float,,,,,,,,,,,,,,3,71.48379739534778,74.65333780001696,7d2a071c4c34ad3209aec7f92f64895d8344121c,v0.1.0-13-gd3e14d2,,,,3d58acb1b5b9,b6d9f49a80a3,24.563545832993224,0.06250196666708963,784-512-256-10,True,2.0206738486643494,train,60000,{},,,,,,,,,,,,,,,,,,,,,29693.06503355777,1,1.934633345,31013.628579838212,464.20158335795315,,,16,2026-09-06T14:26:53+00:00,0.1.0,mnist-512-256
ompnn,256,openblas,True,Clang 22.1.8 /usr/bin/clang++-22,"AMD Ryzen Threadripper 2950X 16-Core Processor (OpenMP host, 16 threads)",cpu,202011,float,,,,,,,,,,,,,,3,140.67216071714256,142.50738097390953,7d2a071c4c34ad3209aec7f92f64895d8344121c,v0.1.0-13-gd3e14d2,,,,3d58acb1b5b9,bb46503e01dc,57.89303578299346,0.021952256999308473,784-512-256-10,True,1.026823212664264,train,60000,{},,,,,,,,,,,,,,,,,,,,,58432.64863901937,1,0.9601826875,62488.10854548968,228.86120716949253,,,16,2026-09-06T14:27:05+00:00,0.1.0,mnist-512-256
ompnn,1024,openblas,True,Clang 22.1.8 /usr/bin/clang++-22,"AMD Ryzen Threadripper 2950X 16-Core Processor (OpenMP host, 16 threads)",cpu,202011,float,,,,,,,,,,,,,,3,168.60036077026578,169.4790469182393,7d2a071c4c34ad3209aec7f92f64895d8344121c,v0.1.0-13-gd3e14d2,,,,3d58acb1b5b9,f4e9510db972,87.61278113399811,0.0029288281657500193,784-512-256-10,True,0.8567326863364239,train,60000,{},,,,,,,,,,,,,,,,,,,,,70033.51331974167,1,0.7825969305,76667.81923316015,68.86628809774598,,,16,2026-09-06T14:27:15+00:00,0.1.0,mnist-512-256
ompnn,64,openblas,True,Clang 22.1.8 /usr/bin/clang++-22,"AMD Ryzen Threadripper 2950X 16-Core Processor (OpenMP host, 16 threads)",cpu,202011,double,,,,,,,,,,,,,,3,42.22870760392452,44.101098269565206,7d2a071c4c34ad3209aec7f92f64895d8344121c,v0.1.0-13-gd3e14d2,,,,3d58acb1b5b9,985f2cf33ab0,12.281772916496612,0.06820038266596384,784-512-256-10,True,3.4205508100033817,train,60000,{},,,,,,,,,,,,,,,,,,,,,17541.03456803809,1,3.254601624,18435.436016976557,274.2248404136621,,,16,2026-09-06T14:27:52+00:00,0.1.0,mnist-512-256
ompnn,256,openblas,True,Clang 22.1.8 /usr/bin/clang++-22,"AMD Ryzen Threadripper 2950X 16-Core Processor (OpenMP host, 16 threads)",cpu,202011,double,,,,,,,,,,,,,,3,78.56451778491233,79.58947676590016,7d2a071c4c34ad3209aec7f92f64895d8344121c,v0.1.0-13-gd3e14d2,,,,3d58acb1b5b9,22ac1bfcee92,28.94651789149673,0.0209599404988694,784-512-256-10,True,1.8385582203336526,train,60000,{},,,,,,,,,,,,,,,,,,,,,32634.26707755357,1,1.6958972875,35379.50113031241,127.81754605375149,,,16,2026-09-06T14:28:12+00:00,0.1.0,mnist-512-256
ompnn,1024,openblas,True,Clang 22.1.8 /usr/bin/clang++-22,"AMD Ryzen Threadripper 2950X 16-Core Processor (OpenMP host, 16 threads)",cpu,202011,double,,,,,,,,,,,,,,3,90.92432416351947,91.39818995948421,7d2a071c4c34ad3209aec7f92f64895d8344121c,v0.1.0-13-gd3e14d2,,,,3d58acb1b5b9,c46a92fa456b,43.806390566999056,0.0434708065004088,784-512-256-10,True,1.5886336393353606,train,60000,{},,,,,,,,,,,,,,,,,,,,,37768.305110989786,1,1.445697715,41502.45198388516,37.13883335913995,,,16,2026-09-06T14:28:30+00:00,0.1.0,mnist-512-256
ompnn,64,openblas,True,Clang 22.1.8 /usr/bin/clang++-22,"AMD Ryzen Threadripper 2950X 16-Core Processor (OpenMP host, 16 threads)",cpu,202011,float,,,,,,,,,,,,,,3,90.92648171609557,94.40692116195075,7d2a071c4c34ad3209aec7f92f64895d8344121c,v0.1.0-13-gd3e14d2,,,,3d58acb1b5b9,58cc91fe505b,27.300586878582358,0.03828525516534409,784-1024-1024-10,True,6.31113828633291,train,60000,{},,,,,,,,,,,,,,,,,,,,,9507.001317010125,1,6.2142820405000005,9655.178121779038,148.62612058925828,,,16,2026-09-06T14:29:36+00:00,0.1.0,mnist
ompnn,256,openblas,True,Clang 22.1.8 /usr/bin/clang++-22,"AMD Ryzen Threadripper 2950X 16-Core Processor (OpenMP host, 16 threads)",cpu,202011,float,,,,,,,,,,,,,,3,162.85100826777867,164.62281649696487,7d2a071c4c34ad3209aec7f92f64895d8344121c,v0.1.0-13-gd3e14d2,,,,3d58acb1b5b9,38a71fad1bc7,75.80495846807432,0.038481432500702795,784-1024-1024-10,True,3.5237706300007026,train,60000,{},,,,,,,,,,,,,,,,,,,,,17027.214963758306,1,3.4869434615,17207.04699186302,66.68992527472004,,,16,2026-09-06T14:30:14+00:00,0.1.0,mnist
ompnn,1024,openblas,True,Clang 22.1.8 /usr/bin/clang++-22,"AMD Ryzen Threadripper 2950X 16-Core Processor (OpenMP host, 16 threads)",cpu,202011,float,,,,,,,,,,,,,,3,211.02910878125755,211.8776139041288,7d2a071c4c34ad3209aec7f92f64895d8344121c,v0.1.0-13-gd3e14d2,,,,3d58acb1b5b9,a0654cbb59f3,136.3814738763404,0.07888265733102662,784-1024-1024-10,True,2.7192912073320863,train,60000,{},,,,,,,,,,,,,,,,,,,,,22064.573238136705,1,2.634954629,22770.790563012764,21.696830350834425,,,16,2026-09-06T14:30:44+00:00,0.1.0,mnist
ompnn,64,openblas,True,Clang 22.1.8 /usr/bin/clang++-22,"AMD Ryzen Threadripper 2950X 16-Core Processor (OpenMP host, 16 threads)",cpu,202011,double,,,,,,,,,,,,,,3,54.254799041521345,56.331537733563266,7d2a071c4c34ad3209aec7f92f64895d8344121c,v0.1.0-13-gd3e14d2,,,,3d58acb1b5b9,591546a481e0,13.650293439291179,0.028110116164800303,784-1024-1024-10,True,10.57693715833011,train,60000,{},,,,,,,,,,,,,,,,,,,,,5672.719720448146,1,10.3949896285,5772.011530968503,88.68351829633936,,,16,2026-09-06T14:32:32+00:00,0.1.0,mnist
ompnn,256,openblas,True,Clang 22.1.8 /usr/bin/clang++-22,"AMD Ryzen Threadripper 2950X 16-Core Processor (OpenMP host, 16 threads)",cpu,202011,double,,,,,,,,,,,,,,3,89.87224566723827,90.85004977261308,7d2a071c4c34ad3209aec7f92f64895d8344121c,v0.1.0-13-gd3e14d2,,,,3d58acb1b5b9,bfa73e6d2a0f,37.90247923403716,0.17603194133456057,784-1024-1024-10,True,6.385170368666877,train,60000,{},,,,,,,,,,,,,,,,,,,,,9396.773544904967,1,6.2445984165,9608.304009023701,36.80402971754445,,,16,2026-09-06T14:33:38+00:00,0.1.0,mnist
ompnn,1024,openblas,True,Clang 22.1.8 /usr/bin/clang++-22,"AMD Ryzen Threadripper 2950X 16-Core Processor (OpenMP host, 16 threads)",cpu,202011,double,,,,,,,,,,,,,,3,114.9790940074913,115.4414015576292,7d2a071c4c34ad3209aec7f92f64895d8344121c,v0.1.0-13-gd3e14d2,,,,3d58acb1b5b9,930ce74ad868,68.1907369381702,0.18589251700177556,784-1024-1024-10,True,4.990903824330114,train,60000,{},,,,,,,,,,,,,,,,,,,,,12021.870609388729,1,4.844434871,12385.34557646239,11.82150609923225,,,16,2026-09-06T14:34:31+00:00,0.1.0,mnist
ompnn,256,openblas,True,Clang 22.1.8 /usr/bin/clang++-22,"AMD Ryzen Threadripper 2950X 16-Core Processor (OpenMP host, 1 threads)",cpu,202011,float,,,,,,,,,,,,,,3,29.766557735521225,30.154894627852723,7d2a071c4c34ad3209aec7f92f64895d8344121c,v0.1.0-13-gd3e14d2,,,,3d58acb1b5b9,a3affe3c33a2,57.89303578299346,0.042474335498505766,784-512-256-10,True,4.8526081276650075,train,60000,{},,,,,,,,,,,,,,,,,,,,,12364.48491645893,1,4.7767983815,12560.714354696907,48.42756592279748,,1,1,2026-09-06T14:35:22+00:00,0.1.0,mnist-512-256
ompnn,256,openblas,True,Clang 22.1.8 /usr/bin/clang++-22,"AMD Ryzen Threadripper 2950X 16-Core Processor (OpenMP host, 2 threads)",cpu,202011,float,,,,,,,,,,,,,,3,58.507143002338076,59.27043186813828,7d2a071c4c34ad3209aec7f92f64895d8344121c,v0.1.0-13-gd3e14d2,,,,3d58acb1b5b9,e4bc4fe01785,57.89303578299346,0.009640670835021403,784-512-256-10,True,2.4688513673318084,train,60000,{},,,,,,,,,,,,,,,,,,,,,24302.79959090633,1,2.394550803,25056.891641150116,95.18596506438311,,2,2,2026-09-06T14:35:49+00:00,0.1.0,mnist-512-256
ompnn,256,openblas,True,Clang 22.1.8 /usr/bin/clang++-22,"AMD Ryzen Threadripper 2950X 16-Core Processor (OpenMP host, 4 threads)",cpu,202011,float,,,,,,,,,,,,,,3,79.95330247618729,80.99637965330379,7d2a071c4c34ad3209aec7f92f64895d8344121c,v0.1.0-13-gd3e14d2,,,,3d58acb1b5b9,8b7dc2aeb8f9,57.89303578299346,0.03314184666911979,784-512-256-10,True,1.8066225600002024,train,60000,{},,,,,,,,,,,,,,,,,,,,,33211.142896385216,1,1.715718842,34970.76474957777,130.07697634417545,,4,4,2026-09-06T14:36:10+00:00,0.1.0,mnist-512-256
ompnn,256,openblas,True,Clang 22.1.8 /usr/bin/clang++-22,"AMD Ryzen Threadripper 2950X 16-Core Processor (OpenMP host, 8 threads)",cpu,202011,float,,,,,,,,,,,,,,3,88.59243884247594,89.74822288340656,7d2a071c4c34ad3209aec7f92f64895d8344121c,v0.1.0-13-gd3e14d2,,,,3d58acb1b5b9,e3f43a27ec42,57.89303578299346,0.11368916350086966,784-512-256-10,True,1.6304488496680278,train,60000,{},,,,,,,,,,,,,,,,,,,,,36799.68249983216,1,1.5788450955,38002.46152774017,144.1320897910093,,8,8,2026-09-06T14:36:27+00:00,0.1.0,mnist-512-256
ompnn,256,openblas,True,Clang 22.1.8 /usr/bin/clang++-22,"AMD Ryzen Threadripper 2950X 16-Core Processor (OpenMP host, 16 threads)",cpu,202011,float,,,,,,,,,,,,,,3,136.94258362432578,138.7291475201254,7d2a071c4c34ad3209aec7f92f64895d8344121c,v0.1.0-13-gd3e14d2,,,,3d58acb1b5b9,2cd88ef83cb0,57.89303578299346,0.005376498833356891,784-512-256-10,True,1.0547883366671158,train,60000,{},,,,,,,,,,,,,,,,,,,,,56883.45037032354,1,0.9844367655,60948.55668004813,222.79351395043386,,16,16,2026-09-06T14:36:40+00:00,0.1.0,mnist-512-256
ompnn,256,openblas,True,Clang 22.1.8 /usr/bin/clang++-22,"AMD Ryzen Threadripper 2950X 16-Core Processor (OpenMP host, 32 threads)",cpu,202011,float,,,,,,,,,,,,,,3,141.11211906265862,142.95307905118,7d2a071c4c34ad3209aec7f92f64895d8344121c,v0.1.0-13-gd3e14d2,,,,3d58acb1b5b9,3bcae1c69886,57.89303578299346,0.06361943699933681,784-512-256-10,True,1.0236217906688883,train,60000,{},,,,,,,,,,,,,,,,,,,,,58615.39930758298,1,0.9389653605,63900.12083944176,229.57698062136666,,32,32,2026-09-06T14:36:53+00:00,0.1.0,mnist-512-256
ompnn,40,omp,True,Clang 22.1.8 /usr/bin/clang++-22,"AMD Ryzen Threadripper 2950X 16-Core Processor (OpenMP host, 16 threads)",cpu,202011,float,,,,,,,,,,,,,,3,0.09293924448618165,0.11485734878741283,7d2a071c4c34ad3209aec7f92f64895d8344121c,v0.1.0-13-gd3e14d2,,,,3d58acb1b5b9,e4b36204a6c8,1.2191103789126854,3.649349916183076e-05,17-4-1,True,0.00039492466506393004,train,124,"{""blas"": ""omp""}",,,,,,,,,,,,,,,,,,,,,313983.93407493806,1,0.0003743215,331266.0373502457,10128.514002417356,,,16,2026-09-06T14:36:53+00:00,0.1.0,monk
ompnn,40,omp,True,Clang 22.1.8 /usr/bin/clang++-22,"AMD Ryzen Threadripper 2950X 16-Core Processor (OpenMP host, 16 threads)",cpu,202011,float,,,,,,,,,,,,,,3,4.6918010692282905,5.116034373546951,7d2a071c4c34ad3209aec7f92f64895d8344121c,v0.1.0-13-gd3e14d2,,,,3d58acb1b5b9,06594e2abf14,6.563354603463993,0.000321885832818225,12-64-64-3,True,0.00613836767054939,train,1000,"{""blas"": ""omp""}",,,,,,,,,,,,,,,,,,,,,162909.75934820453,1,0.0060549925,165152.9708748607,4072.7439837051134,,,16,2026-09-06T14:36:54+00:00,0.1.0,cup
ompnn,256,omp,True,Clang 22.1.8 /usr/bin/clang++-22,"AMD Ryzen Threadripper 2950X 16-Core Processor (OpenMP host, 16 threads)",cpu,202011,float,,,,,,,,,,,,,,3,6.611029912960745,6.6972779378187255,7d2a071c4c34ad3209aec7f92f64895d8344121c,v0.1.0-13-gd3e14d2,,,,3d58acb1b5b9,e23b32054ad8,57.89303578299346,0.3054852834999693,784-512-256-10,True,21.849158436996124,train,60000,"{""blas"": ""omp""}",,,,,,,,,,,,,,,,,,,,,2746.1011907170255,1,21.7172907995,2762.7755484759355,10.755562996975017,,,16,2026-09-06T14:40:35+00:00,0.1.0,mnist-512-256
ompnn,40,openblas,True,GNU 14.2.0 /usr/bin/g++-14,"AMD Ryzen Threadripper 2950X 16-Core Processor (OpenMP host, 16 threads)",cpu,201511,double,,,,,,,,,,,,,,5,0.15091571533902412,0.18650656189456555,7d2a071c4c34ad3209aec7f92f64895d8344121c,v0.1.0-13-gd3e14d2,,,,3d58acb1b5b9,df4f6989b654,0.6095551894563427,2.1119797020219245e-05,17-4-1,True,0.00024320860102307053,train,124,{},,,,,,,,,,,,,,,,,,,,,509850.3896588652,1,0.0002296105,540044.9892317642,16446.7867631892,,,16,2026-09-06T14:07:19+00:00,0.1.0,monk
ompnn,40,openblas,True,GNU 14.2.0 /usr/bin/g++-14,"AMD Ryzen Threadripper 2950X 16-Core Processor (OpenMP host, 16 threads)",cpu,201511,double,,,,,,,,,,,,,,5,4.791097978933573,5.2243097236190215,7d2a071c4c34ad3209aec7f92f64895d8344121c,v0.1.0-13-gd3e14d2,,,,3d58acb1b5b9,e62d40bb6c9b,3.2816773017319965,0.00026950460160151107,12-64-64-3,True,0.00601114820165094,train,1000,{},,,,,,,,,,,,,,,,,,,,,166357.5687129713,1,0.005907689,169270.92810742068,4158.939217824282,,,16,2026-09-06T14:07:20+00:00,0.1.0,cup
ompnn,64,openblas,True,GNU 14.2.0 /usr/bin/g++-14,"AMD Ryzen Threadripper 2950X 16-Core Processor (OpenMP host, 16 threads)",cpu,201511,float,,,,,,,,,,,,,,3,93.3308230472911,97.46904493012394,7d2a071c4c34ad3209aec7f92f64895d8344121c,v0.1.0-13-gd3e14d2,,,,3d58acb1b5b9,b6d9f49a80a3,24.563545832993224,0.03497486716757203,784-512-256-10,True,1.5476713403331814,train,60000,{},,,,,,,,,,,,,,,,,,,,,38767.920834589626,1,1.4596165165,41106.68749067968,606.0718290474179,,,16,2026-09-06T14:07:41+00:00,0.1.0,mnist-512-256
ompnn,1024,openblas,True,GNU 14.2.0 /usr/bin/g++-14,"AMD Ryzen Threadripper 2950X 16-Core Processor (OpenMP host, 16 threads)",cpu,201511,float,,,,,,,,,,,,,,3,243.1653120031021,244.43260461356058,7d2a071c4c34ad3209aec7f92f64895d8344121c,v0.1.0-13-gd3e14d2,,,,3d58acb1b5b9,f4e9510db972,87.61278113399811,0.003297799502130716,784-512-256-10,True,0.5940215683319062,train,60000,{},,,,,,,,,,,,,,,,,,,,,101006.43343387042,1,0.496452709,120857.43296850457,99.32299287663925,,,16,2026-09-06T14:07:58+00:00,0.1.0,mnist-512-256
ompnn,64,openblas,True,GNU 14.2.0 /usr/bin/g++-14,"AMD Ryzen Threadripper 2950X 16-Core Processor (OpenMP host, 16 threads)",cpu,201511,double,,,,,,,,,,,,,,3,53.63678691230893,56.0150036479836,7d2a071c4c34ad3209aec7f92f64895d8344121c,v0.1.0-13-gd3e14d2,,,,3d58acb1b5b9,985f2cf33ab0,12.281772916496612,0.020846160832054927,784-512-256-10,True,2.6930293240002356,train,60000,{},,,,,,,,,,,,,,,,,,,,,22279.742543195105,1,2.5333127639999997,23684.402831201307,348.30664175861676,,,16,2026-09-06T14:08:27+00:00,0.1.0,mnist-512-256
ompnn,256,openblas,True,GNU 14.2.0 /usr/bin/g++-14,"AMD Ryzen Threadripper 2950X 16-Core Processor (OpenMP host, 16 threads)",cpu,201511,double,,,,,,,,,,,,,,3,107.70527179722053,109.110403385128,7d2a071c4c34ad3209aec7f92f64895d8344121c,v0.1.0-13-gd3e14d2,,,,3d58acb1b5b9,22ac1bfcee92,28.94651789149673,0.024107696832895265,784-512-256-10,True,1.341117640666198,train,60000,{},,,,,,,,,,,,,,,,,,,,,44738.804546777195,1,1.193148334,50287.125489964434,175.22698447487733,,,16,2026-09-06T14:08:43+00:00,0.1.0,mnist-512-256
ompnn,1024,openblas,True,GNU 14.2.0 /usr/bin/g++-14,"AMD Ryzen Threadripper 2950X 16-Core Processor (OpenMP host, 16 threads)",cpu,201511,double,,,,,,,,,,,,,,3,133.8259992771561,134.5234536080148,7d2a071c4c34ad3209aec7f92f64895d8344121c,v0.1.0-13-gd3e14d2,,,,3d58acb1b5b9,c46a92fa456b,43.806390566999056,0.01589844083355274,784-512-256-10,True,1.0793525980019087,train,60000,{},,,,,,,,,,,,,,,,,,,,,55588.87810255115,1,0.9449534255,63495.19286440218,54.66239680084197,,,16,2026-09-06T14:08:56+00:00,0.1.0,mnist-512-256
ompnn,64,openblas,True,GNU 14.2.0 /usr/bin/g++-14,"AMD Ryzen Threadripper 2950X 16-Core Processor (OpenMP host, 16 threads)",cpu,201511,float,,,,,,,,,,,,,,3,136.495688398227,141.72040367505548,7d2a071c4c34ad3209aec7f92f64895d8344121c,v0.1.0-13-gd3e14d2,,,,3d58acb1b5b9,58cc91fe505b,27.300586878582358,0.021486059000987545,784-1024-1024-10,True,4.204159169671281,train,60000,{},,,,,,,,,,,,,,,,,,,,,14271.58144554535,1,4.1410248995,14489.166681235021,223.11238993202562,,,16,2026-09-06T14:09:40+00:00,0.1.0,mnist
ompnn,256,openblas,True,GNU 14.2.0 /usr/bin/g++-14,"AMD Ryzen Threadripper 2950X 16-Core Processor (OpenMP host, 16 threads)",cpu,201511,float,,,,,,,,,,,,,,3,258.27016610972777,261.0801284829055,7d2a071c4c34ad3209aec7f92f64895d8344121c,v0.1.0-13-gd3e14d2,,,,3d58acb1b5b9,38a71fad1bc7,75.80495846807432,0.010677477165396798,784-1024-1024-10,True,2.221896584664743,train,60000,{},,,,,,,,,,,,,,,,,,,,,27003.957076181054,1,2.1326748374999998,28133.684022049147,105.76549854837579,,,16,2026-09-06T14:10:05+00:00,0.1.0,mnist
ompnn,1024,openblas,True,GNU 14.2.0 /usr/bin/g++-14,"AMD Ryzen Threadripper 2950X 16-Core Processor (OpenMP host, 16 threads)",cpu,201511,float,,,,,,,,,,,,,,3,323.6218785375055,324.92309628608126,7d2a071c4c34ad3209aec7f92f64895d8344121c,v0.1.0-13-gd3e14d2,,,,3d58acb1b5b9,a0654cbb59f3,136.3814738763404,0.017146121501961264,784-1024-1024-10,True,1.7732101506650604,train,60000,{},,,,,,,,,,,,,,,,,,,,,33836.93691212877,1,1.700134261,35291.330441578575,33.27298796359329,,,16,2026-09-06T14:10:25+00:00,0.1.0,mnist
ompnn,64,openblas,True,GNU 14.2.0 /usr/bin/g++-14,"AMD Ryzen Threadripper 2950X 16-Core Processor (OpenMP host, 16 threads)",cpu,201511,double,,,,,,,,,,,,,,3,71.91811467661718,74.67096113529333,7d2a071c4c34ad3209aec7f92f64895d8344121c,v0.1.0-13-gd3e14d2,,,,3d58acb1b5b9,591546a481e0,13.650293439291179,0.030557309165789803,784-1024-1024-10,True,7.979208056000061,train,60000,{},,,,,,,,,,,,,,,,,,,,,7519.543240244535,1,7.813293805000001,7679.219737212991,117.55552598915624,,,16,2026-09-06T14:11:48+00:00,0.1.0,mnist
ompnn,256,openblas,True,GNU 14.2.0 /usr/bin/g++-14,"AMD Ryzen Threadripper 2950X 16-Core Processor (OpenMP host, 16 threads)",cpu,201511,double,,,,,,,,,,,,,,3,138.94974982879836,140.46151394256557,7d2a071c4c34ad3209aec7f92f64895d8344121c,v0.1.0-13-gd3e14d2,,,,3d58acb1b5b9,bfa73e6d2a0f,37.90247923403716,0.032003454500227235,784-1024-1024-10,True,4.129907399668203,train,60000,{},,,,,,,,,,,,,,,,,,,,,14528.170778071297,1,3.947217322,15200.581854357803,56.90200221411258,,,16,2026-09-06T14:12:32+00:00,0.1.0,mnist
ompnn,1024,openblas,True,GNU 14.2.0 /usr/bin/g++-14,"AMD Ryzen Threadripper 2950X 16-Core Processor (OpenMP host, 16 threads)",cpu,201511,double,,,,,,,,,,,,,,3,176.85501784479325,177.5661158990543,7d2a071c4c34ad3209aec7f92f64895d8344121c,v0.1.0-13-gd3e14d2,,,,3d58acb1b5b9,930ce74ad868,68.1907369381702,0.0235592640019604,784-1024-1024-10,True,3.2447459336641864,train,60000,{},,,,,,,,,,,,,,,,,,,,,18491.432373025258,1,3.0729832285,19525.000801676193,18.183241833474835,,,16,2026-09-06T14:13:07+00:00,0.1.0,mnist
ompnn,256,openblas,True,GNU 14.2.0 /usr/bin/g++-14,"AMD Ryzen Threadripper 2950X 16-Core Processor (OpenMP host, 1 threads)",cpu,201511,float,,,,,,,,,,,,,,3,29.03134392320831,29.410089157357174,7d2a071c4c34ad3209aec7f92f64895d8344121c,v0.1.0-13-gd3e14d2,,,,3d58acb1b5b9,a3affe3c33a2,57.89303578299346,0.04153270033323864,784-512-256-10,True,4.975499597334419,train,60000,{},,,,,,,,,,,,,,,,,,,,,12059.090514678059,1,4.932049316500001,12165.328477002871,47.23143784915573,,1,1,2026-09-06T14:13:59+00:00,0.1.0,mnist-512-256
ompnn,256,openblas,True,GNU 14.2.0 /usr/bin/g++-14,"AMD Ryzen Threadripper 2950X 16-Core Processor (OpenMP host, 2 threads)",cpu,201511,float,,,,,,,,,,,,,,3,54.72426944258704,55.43820663745072,7d2a071c4c34ad3209aec7f92f64895d8344121c,v0.1.0-13-gd3e14d2,,,,3d58acb1b5b9,e4bc4fe01785,57.89303578299346,0.07108793716664241,784-512-256-10,True,2.639513354336183,train,60000,{},,,,,,,,,,,,,,,,,,,,,22731.462942376183,1,2.5485195505,23543.080133808846,89.03156319097339,,2,2,2026-09-06T14:14:28+00:00,0.1.0,mnist-512-256
ompnn,256,openblas,True,GNU 14.2.0 /usr/bin/g++-14,"AMD Ryzen Threadripper 2950X 16-Core Processor (OpenMP host, 4 threads)",cpu,201511,float,,,,,,,,,,,,,,3,100.16090470290108,101.46761187445354,7d2a071c4c34ad3209aec7f92f64895d8344121c,v0.1.0-13-gd3e14d2,,,,3d58acb1b5b9,8b7dc2aeb8f9,57.89303578299346,0.016982974334193157,784-512-256-10,True,1.4421339386705465,train,60000,{},,,,,,,,,,,,,,,,,,,,,41605.012122044594,1,1.3915479435,43117.450807400084,162.95296414467467,,4,4,2026-09-06T14:14:45+00:00,0.1.0,mnist-512-256
ompnn,256,openblas,True,GNU 14.2.0 /usr/bin/g++-14,"AMD Ryzen Threadripper 2950X 16-Core Processor (OpenMP host, 8 threads)",cpu,201511,float,,,,,,,,,,,,,,3,147.44346714227,149.3670264040883,7d2a071c4c34ad3209aec7f92f64895d8344121c,v0.1.0-13-gd3e14d2,,,,3d58acb1b5b9,e3f43a27ec42,57.89303578299346,0.007800237833483381,784-512-256-10,True,0.9796665989997564,train,60000,{},,,,,,,,,,,,,,,,,,,,,61245.3257682361,1,0.932662583,64331.94715178147,239.87752592559139,,8,8,2026-09-06T14:14:57+00:00,0.1.0,mnist-512-256
ompnn,256,openblas,True,GNU 14.2.0 /usr/bin/g++-14,"AMD Ryzen Threadripper 2950X 16-Core Processor (OpenMP host, 16 threads)",cpu,201511,float,,,,,,,,,,,,,,3,193.99874865970048,196.52967184672409,7d2a071c4c34ad3209aec7f92f64895d8344121c,v0.1.0-13-gd3e14d2,,,,3d58acb1b5b9,2cd88ef83cb0,57.89303578299346,0.02453232949968276,784-512-256-10,True,0.744568926335584,train,60000,{},,,,,,,,,,,,,,,,,,,,,80583.54019055242,1,0.6484895035,92522.70033080035,315.6188657463303,,16,16,2026-09-06T14:15:07+00:00,0.1.0,mnist-512-256
ompnn,256,openblas,True,GNU 14.2.0 /usr/bin/g++-14,"AMD Ryzen Threadripper 2950X 16-Core Processor (OpenMP host, 32 threads)",cpu,201511,float,,,,,,,,,,,,,,3,144.45295116852265,146.3374959198278,7d2a071c4c34ad3209aec7f92f64895d8344121c,v0.1.0-13-gd3e14d2,,,,3d58acb1b5b9,3bcae1c69886,57.89303578299346,0.05425887183325051,784-512-256-10,True,0.9999480026647992,train,60000,{},,,,,,,,,,,,,,,,,,,,,60003.12000234386,1,0.9589124675,62570.8831969066,235.01222000918008,,32,32,2026-09-06T14:15:19+00:00,0.1.0,mnist-512-256
ompnn,40,omp,True,GNU 14.2.0 /usr/bin/g++-14,"AMD Ryzen Threadripper 2950X 16-Core Processor (OpenMP host, 16 threads)",cpu,201511,float,,,,,,,,,,,,,,3,0.08644764769374923,0.10683482180112427,7d2a071c4c34ad3209aec7f92f64895d8344121c,v0.1.0-13-gd3e14d2,,,,3d58acb1b5b9,e4b36204a6c8,1.2191103789126854,4.188833311976242e-05,17-4-1,True,0.0004245806679440041,train,124,"{""blas"": ""omp""}",,,,,,,,,,,,,,,,,,,,,292052.8638302339,1,0.000412276,300769.38749769574,9421.060123555933,,,16,2026-09-06T15:04:14+00:00,0.1.0,monk
ompnn,40,omp,True,GNU 14.2.0 /usr/bin/g++-14,"AMD Ryzen Threadripper 2950X 16-Core Processor (OpenMP host, 16 threads)",cpu,201511,float,,,,,,,,,,,,,,3,5.953487960969886,6.491803169274111,7d2a071c4c34ad3209aec7f92f64895d8344121c,v0.1.0-13-gd3e14d2,,,,3d58acb1b5b9,06594e2abf14,6.563354603463993,0.00042608933290466666,12-64-64-3,True,0.004837500334057647,train,1000,"{""blas"": ""omp""}",,,,,,,,,,,,,,,,,,,,,206718.33197812102,1,0.0048585355,205823.33915230216,5167.958299453026,,,16,2026-09-06T15:04:14+00:00,0.1.0,cup
ompnn,256,omp,True,GNU 14.2.0 /usr/bin/g++-14,"AMD Ryzen Threadripper 2950X 16-Core Processor (OpenMP host, 16 threads)",cpu,201511,float,,,,,,,,,,,,,,3,9.744572737231593,9.871701212330983,7d2a071c4c34ad3209aec7f92f64895d8344121c,v0.1.0-13-gd3e14d2,,,,3d58acb1b5b9,e23b32054ad8,57.89303578299346,0.019852422333011432,784-512-256-10,True,14.823168125997958,train,60000,"{""blas"": ""omp""}",,,,,,,,,,,,,,,,,,,,,4047.7177004265104,1,14.7535315735,4066.822896002121,15.853560993337165,,,16,2026-09-06T15:06:46+00:00,0.1.0,mnist-512-256
ompnn,40,mkl,True,GNU 14.2.0 /usr/bin/g++-14,"AMD Ryzen Threadripper 2950X 16-Core Processor (OpenMP host, 16 threads)",cpu,201511,float,,,,,,,,,,,,,,5,0.1100902460145593,0.1360531157154645,7d2a071c4c34ad3209aec7f92f64895d8344121c,v0.1.0-13-gd3e14d2,,,,3d58acb1b5b9,652566461a30,1.2191103789126854,5.6500022765248905e-06,17-4-1,True,0.0003333992004627362,train,124,{},,,,,,,,,,,,,,,,,,,,,371926.50680594356,1,0.000323871,382868.4877621028,11997.62925180463,,,16,2026-09-06T14:56:02+00:00,0.1.0,monk
ompnn,40,mkl,True,GNU 14.2.0 /usr/bin/g++-14,"AMD Ryzen Threadripper 2950X 16-Core Processor (OpenMP host, 16 threads)",cpu,201511,double,,,,,,,,,,,,,,5,0.13749648891974467,0.1699226443275833,7d2a071c4c34ad3209aec7f92f64895d8344121c,v0.1.0-13-gd3e14d2,,,,3d58acb1b5b9,df4f6989b654,0.6095551894563427,4.732020024675874e-05,17-4-1,True,0.00026694499829318377,train,124,{},,,,,,,,,,,,,,,,,,,,,464515.1652694077,1,0.000247361,501291.6344937157,14984.360169980891,,,16,2026-09-06T14:56:02+00:00,0.1.0,monk
ompnn,40,mkl,True,GNU 14.2.0 /usr/bin/g++-14,"AMD Ryzen Threadripper 2950X 16-Core Processor (OpenMP host, 16 threads)",cpu,201511,float,,,,,,,,,,,,,,5,5.269015628105142,5.745440753006134,7d2a071c4c34ad3209aec7f92f64895d8344121c,v0.1.0-13-gd3e14d2,,,,3d58acb1b5b9,6473b23ca499,6.563354603463993,0.0003192831994965669,12-64-64-3,True,0.005465916602406651,train,1000,{},,,,,,,,,,,,,,,,,,,,,182951.9315314285,1,0.0053359105,187409.44024454683,4573.798288285713,,,16,2026-09-06T14:56:03+00:00,0.1.0,cup
ompnn,40,mkl,True,GNU 14.2.0 /usr/bin/g++-14,"AMD Ryzen Threadripper 2950X 16-Core Processor (OpenMP host, 16 threads)",cpu,201511,double,,,,,,,,,,,,,,5,4.448838084841473,4.851102642367017,7d2a071c4c34ad3209aec7f92f64895d8344121c,v0.1.0-13-gd3e14d2,,,,3d58acb1b5b9,e62d40bb6c9b,3.2816773017319965,0.00013210460310801846,12-64-64-3,True,0.006473600398749113,train,1000,{},,,,,,,,,,,,,,,,,,,,,154473.54461255114,1,0.0064446595,155167.2357554344,3861.8386153137785,,,16,2026-09-06T14:56:03+00:00,0.1.0,cup
ompnn,64,mkl,True,GNU 14.2.0 /usr/bin/g++-14,"AMD Ryzen Threadripper 2950X 16-Core Processor (OpenMP host, 16 threads)",cpu,201511,float,,,,,,,,,,,,,,3,104.31117172313508,108.93625440594701,7d2a071c4c34ad3209aec7f92f64895d8344121c,v0.1.0-13-gd3e14d2,,,,3d58acb1b5b9,b6d9f49a80a3,24.563545832993224,0.008762488000987334,784-512-256-10,True,1.384755224333882,train,60000,{},,,,,,,,,,,,,,,,,,,,,43328.95731002726,1,1.2958085045,46303.13799580407,677.3760326134262,,,16,2026-09-06T14:56:18+00:00,0.1.0,mnist-512-256
ompnn,256,mkl,True,GNU 14.2.0 /usr/bin/g++-14,"AMD Ryzen Threadripper 2950X 16-Core Processor (OpenMP host, 16 threads)",cpu,201511,float,,,,,,,,,,,,,,3,188.61654973776004,191.07725632729102,7d2a071c4c34ad3209aec7f92f64895d8344121c,v0.1.0-13-gd3e14d2,,,,3d58acb1b5b9,bb46503e01dc,57.89303578299346,0.005207346500052834,784-512-256-10,True,0.7658153020020109,train,60000,{},,,,,,,,,,,,,,,,,,,,,78347.87297034508,1,0.6738005055,89047.12820818742,306.86250246718487,,,16,2026-09-06T14:56:28+00:00,0.1.0,mnist-512-256
ompnn,1024,mkl,True,GNU 14.2.0 /usr/bin/g++-14,"AMD Ryzen Threadripper 2950X 16-Core Processor (OpenMP host, 16 threads)",cpu,201511,float,,,,,,,,,,,,,,3,233.4376463442036,234.65424176144413,7d2a071c4c34ad3209aec7f92f64895d8344121c,v0.1.0-13-gd3e14d2,,,,3d58acb1b5b9,f4e9510db972,87.61278113399811,0.005983081001128543,784-512-256-10,True,0.6187752586702118,train,60000,{},,,,,,,,,,,,,,,,,,,,,96965.73862527066,1,0.5302291370000001,113158.62485316418,95.34964298151615,,,16,2026-09-06T14:56:36+00:00,0.1.0,mnist-512-256
ompnn,64,mkl,True,GNU 14.2.0 /usr/bin/g++-14,"AMD Ryzen Threadripper 2950X 16-Core Processor (OpenMP host, 16 threads)",cpu,201511,double,,,,,,,,,,,,,,3,81.82285366193177,85.45082042022409,7d2a071c4c34ad3209aec7f92f64895d8344121c,v0.1.0-13-gd3e14d2,,,,3d58acb1b5b9,985f2cf33ab0,12.281772916496612,0.010613945164853478,784-512-256-10,True,1.765343465003146,train,60000,{},,,,,,,,,,,,,,,,,,,,,33987.72034420683,1,1.601636167,37461.691510366596,531.3413613811,,,16,2026-09-06T14:56:56+00:00,0.1.0,mnist-512-256
ompnn,256,mkl,True,GNU 14.2.0 /usr/bin/g++-14,"AMD Ryzen Threadripper 2950X 16-Core Processor (OpenMP host, 16 threads)",cpu,201511,double,,,,,,,,,,,,,,3,117.09941036939965,118.62709864026874,7d2a071c4c34ad3209aec7f92f64895d8344121c,v0.1.0-13-gd3e14d2,,,,3d58acb1b5b9,22ac1bfcee92,28.94651789149673,0.02815815983194625,784-512-256-10,True,1.233528329001274,train,60000,{},,,,,,,,,,,,,,,,,,,,,48640.95828960733,1,1.0844532545,55327.419371030155,190.51041996762874,,,16,2026-09-06T14:57:10+00:00,0.1.0,mnist-512-256
ompnn,1024,mkl,True,GNU 14.2.0 /usr/bin/g++-14,"AMD Ryzen Threadripper 2950X 16-Core Processor (OpenMP host, 16 threads)",cpu,201511,double,,,,,,,,,,,,,,3,145.4948984364453,146.25316699098968,7d2a071c4c34ad3209aec7f92f64895d8344121c,v0.1.0-13-gd3e14d2,,,,3d58acb1b5b9,c46a92fa456b,43.806390566999056,0.0049278219982321625,784-512-256-10,True,0.9927869743357102,train,60000,{},,,,,,,,,,,,,,,,,,,,,60435.92588444965,1,0.835293277,71831.05820687696,59.428660453042156,,,16,2026-09-06T14:57:22+00:00,0.1.0,mnist-512-256
ompnn,64,mkl,True,GNU 14.2.0 /usr/bin/g++-14,"AMD Ryzen Threadripper 2950X 16-Core Processor (OpenMP host, 16 threads)",cpu,201511,float,,,,,,,,,,,,,,3,130.45613047743655,135.44966650674195,7d2a071c4c34ad3209aec7f92f64895d8344121c,v0.1.0-13-gd3e14d2,,,,3d58acb1b5b9,58cc91fe505b,27.300586878582358,0.021798746500280686,784-1024-1024-10,True,4.398793662665412,train,60000,{},,,,,,,,,,,,,,,,,,,,,13640.10331042523,1,4.328182397,13862.632046557903,213.24028175298108,,,16,2026-09-06T14:58:09+00:00,0.1.0,mnist
ompnn,256,mkl,True,GNU 14.2.0 /usr/bin/g++-14,"AMD Ryzen Threadripper 2950X 16-Core Processor (OpenMP host, 16 threads)",cpu,201511,float,,,,,,,,,,,,,,3,238.1762493239249,240.76759120775858,7d2a071c4c34ad3209aec7f92f64895d8344121c,v0.1.0-13-gd3e14d2,,,,3d58acb1b5b9,38a71fad1bc7,75.80495846807432,0.004204711665806826,784-1024-1024-10,True,2.4093485459986064,train,60000,{},,,,,,,,,,,,,,,,,,,,,24902.997160641906,1,2.34073875,25632.93319256581,97.5367388791808,,,16,2026-09-06T14:58:35+00:00,0.1.0,mnist
ompnn,1024,mkl,True,GNU 14.2.0 /usr/bin/g++-14,"AMD Ryzen Threadripper 2950X 16-Core Processor (OpenMP host, 16 threads)",cpu,201511,float,,,,,,,,,,,,,,3,284.5753728978441,285.7195925893422,7d2a071c4c34ad3209aec7f92f64895d8344121c,v0.1.0-13-gd3e14d2,,,,3d58acb1b5b9,a0654cbb59f3,136.3814738763404,0.007786273832607549,784-1024-1024-10,True,2.016511809003229,train,60000,{},,,,,,,,,,,,,,,,,,,,,29754.350920294524,1,1.9450978380000001,30846.777384572877,29.25844507162295,,,16,2026-09-06T14:58:58+00:00,0.1.0,mnist
ompnn,64,mkl,True,GNU 14.2.0 /usr/bin/g++-14,"AMD Ryzen Threadripper 2950X 16-Core Processor (OpenMP host, 16 threads)",cpu,201511,double,,,,,,,,,,,,,,3,81.6228042464067,84.74712207130088,7d2a071c4c34ad3209aec7f92f64895d8344121c,v0.1.0-13-gd3e14d2,,,,3d58acb1b5b9,591546a481e0,13.650293439291179,0.019682823333520005,784-1024-1024-10,True,7.03050581633579,train,60000,{},,,,,,,,,,,,,,,,,,,,,8534.23659227854,1,6.8793279505000005,8721.782190313968,133.41856539262116,,,16,2026-09-06T15:00:11+00:00,0.1.0,mnist
ompnn,256,mkl,True,GNU 14.2.0 /usr/bin/g++-14,"AMD Ryzen Threadripper 2950X 16-Core Processor (OpenMP host, 16 threads)",cpu,201511,double,,,,,,,,,,,,,,3,134.5019756916553,135.9653483161614,7d2a071c4c34ad3209aec7f92f64895d8344121c,v0.1.0-13-gd3e14d2,,,,3d58acb1b5b9,bfa73e6d2a0f,37.90247923403716,0.01957183100118165,784-1024-1024-10,True,4.266477105998395,train,60000,{},,,,,,,,,,,,,,,,,,,,,14063.124800469179,1,4.106527079999999,14610.886238207884,55.080572135170954,,,16,2026-09-06T15:00:56+00:00,0.1.0,mnist
ompnn,1024,mkl,True,GNU 14.2.0 /usr/bin/g++-14,"AMD Ryzen Threadripper 2950X 16-Core Processor (OpenMP host, 16 threads)",cpu,201511,double,,,,,,,,,,,,,,3,183.16802128842215,183.9045026454586,7d2a071c4c34ad3209aec7f92f64895d8344121c,v0.1.0-13-gd3e14d2,,,,3d58acb1b5b9,930ce74ad868,68.1907369381702,0.030703777333352722,784-1024-1024-10,True,3.132913682003467,train,60000,{},,,,,,,,,,,,,,,,,,,,,19151.501155190017,1,2.9635661994999998,20245.878094480544,18.832309469270182,,,16,2026-09-06T15:01:30+00:00,0.1.0,mnist
ompnn,256,mkl,True,GNU 14.2.0 /usr/bin/g++-14,"AMD Ryzen Threadripper 2950X 16-Core Processor (OpenMP host, 1 threads)",cpu,201511,float,,,,,,,,,,,,,,3,28.91853954679506,29.295813126029472,7d2a071c4c34ad3209aec7f92f64895d8344121c,v0.1.0-13-gd3e14d2,,,,3d58acb1b5b9,a3affe3c33a2,57.89303578299346,0.04872575316646088,784-512-256-10,True,4.994907843332233,train,60000,{},,,,,,,,,,,,,,,,,,,,,12012.23363511997,1,4.941920679,12141.028538754497,47.04791507088655,,1,1,2026-09-06T15:02:23+00:00,0.1.0,mnist-512-256
ompnn,256,mkl,True,GNU 14.2.0 /usr/bin/g++-14,"AMD Ryzen Threadripper 2950X 16-Core Processor (OpenMP host, 2 threads)",cpu,201511,float,,,,,,,,,,,,,,3,54.2796681333195,54.987805023952454,7d2a071c4c34ad3209aec7f92f64895d8344121c,v0.1.0-13-gd3e14d2,,,,3d58acb1b5b9,e4bc4fe01785,57.89303578299346,0.0077981601668093425,784-512-256-10,True,2.6611334403375317,train,60000,{},,,,,,,,,,,,,,,,,,,,,22546.783671392946,1,2.5788655425,23266.04431723683,88.30823604628904,,2,2,2026-09-06T15:02:52+00:00,0.1.0,mnist-512-256
ompnn,256,mkl,True,GNU 14.2.0 /usr/bin/g++-14,"AMD Ryzen Threadripper 2950X 16-Core Processor (OpenMP host, 4 threads)",cpu,201511,float,,,,,,,,,,,,,,3,75.5362879826862,76.52174043553899,7d2a071c4c34ad3209aec7f92f64895d8344121c,v0.1.0-13-gd3e14d2,,,,3d58acb1b5b9,8b7dc2aeb8f9,57.89303578299346,0.027064129998810582,784-512-256-10,True,1.9122655329992995,train,60000,{},,,,,,,,,,,,,,,,,,,,,31376.39567549638,1,1.8621809055,32220.28527023794,122.89088306236083,,4,4,2026-09-06T15:03:14+00:00,0.1.0,mnist-512-256
ompnn,256,mkl,True,GNU 14.2.0 /usr/bin/g++-14,"AMD Ryzen Threadripper 2950X 16-Core Processor (OpenMP host, 8 threads)",cpu,201511,float,,,,,,,,,,,,,,3,149.9594237686782,151.9158064018188,7d2a071c4c34ad3209aec7f92f64895d8344121c,v0.1.0-13-gd3e14d2,,,,3d58acb1b5b9,e3f43a27ec42,57.89303578299346,0.011021545164112467,784-512-256-10,True,0.963230161665706,train,60000,{},,,,,,,,,,,,,,,,,,,,,62290.40824079106,1,0.8826180785,67979.57288838833,243.970765609765,,8,8,2026-09-06T15:03:26+00:00,0.1.0,mnist-512-256
ompnn,256,mkl,True,GNU 14.2.0 /usr/bin/g++-14,"AMD Ryzen Threadripper 2950X 16-Core Processor (OpenMP host, 16 threads)",cpu,201511,float,,,,,,,,,,,,,,3,188.28145052934173,190.73778538780536,7d2a071c4c34ad3209aec7f92f64895d8344121c,v0.1.0-13-gd3e14d2,,,,3d58acb1b5b9,2cd88ef83cb0,57.89303578299346,0.014780429999518674,784-512-256-10,True,0.7671782833300919,train,60000,{},,,,,,,,,,,,,,,,,,,,,78208.6788739091,1,0.677339497,88581.8710790462,306.31732558947726,,16,16,2026-09-06T15:03:36+00:00,0.1.0,mnist-512-256
ompnn,256,mkl,True,GNU 14.2.0 /usr/bin/g++-14,"AMD Ryzen Threadripper 2950X 16-Core Processor (OpenMP host, 32 threads)",cpu,201511,float,,,,,,,,,,,,,,3,41.208705520211005,41.74631758744799,7d2a071c4c34ad3209aec7f92f64895d8344121c,v0.1.0-13-gd3e14d2,,,,3d58acb1b5b9,3bcae1c69886,57.89303578299346,0.033381660333057894,784-512-256-10,True,3.5052166326640872,train,60000,{},,,,,,,,,,,,,,,,,,,,,17117.34431500683,1,3.3292445005,18022.106814620838,67.04293190044342,,32,32,2026-09-06T15:04:13+00:00,0.1.0,mnist-512-256
ompnn,64,rocblas,True,Clang 22.0.0 /usr/bin/amdclang++,AMD Radeon RX 7900 XTX,gpu,70253.21,float,,,,,,,,,,,,,,3,212.09391235415768,221.4980046000267,f94918f1451075d9e8653d1b41885c7616530ffd,v0.1.0-11-gfd388bf,884.2093989791756,148.13333333333333,77.3,ws-amd,181527c21b11,24.563545832993224,9.342999934836005e-05,784-512-256-10,True,0.6810447239937881,train,60000,{},,,,,,,,,,,,,,,,,,,,,88099.94099674908,1,0.6452420139999999,92988.36513767377,1377.2957442491775,,,32,2026-09-05T09:03:06+00:00,0.1.0,mnist-512-256
ompnn,1024,rocblas,True,Clang 22.0.0 /usr/bin/amdclang++,AMD Radeon RX 7900 XTX,gpu,70253.21,float,,,,,,,,,,,,,,3,1532.2341159643904,1540.2195846015838,f94918f1451075d9e8653d1b41885c7616530ffd,v0.1.0-11-gfd388bf,67.21153489088465,113.66666666666667,41.666666666666664,ws-amd,fdbefe1fc2b1,87.61278113399811,0.0013329901654894338,784-512-256-10,True,0.09427112899720669,train,60000,{},,,,,,,,,,,,,,,,,,,,,636462.0922464802,1,0.0550670795,1089580.2091701631,625.8543907090389,,,32,2026-09-05T09:03:12+00:00,0.1.0,mnist-512-256
ompnn,64,rocblas,True,Clang 22.0.0 /usr/bin/amdclang++,AMD Radeon RX 7900 XTX,gpu,70253.21,double,,,,,,,,,,,,,,3,141.06020736574152,147.31471598206502,f94918f1451075d9e8653d1b41885c7616530ffd,v0.1.0-11-gfd388bf,1576.3739942382672,173.44444444444446,81.2,ws-amd,dd22b58953cb,12.281772916496612,0.0034552668366814032,784-512-256-10,True,1.0239984946674667,train,60000,{},,,,,,,,,,,,,,,,,,,,,58593.8361359451,1,0.945092467,63485.85148547163,916.0169715919418,,,32,2026-09-05T09:03:24+00:00,0.1.0,mnist-512-256
ompnn,1024,rocblas,True,Clang 22.0.0 /usr/bin/amdclang++,AMD Radeon RX 7900 XTX,gpu,70253.21,double,,,,,,,,,,,,,,3,527.4534506758623,530.2023536953598,f94918f1451075d9e8653d1b41885c7616530ffd,v0.1.0-11-gfd388bf,483.04019355487253,203.75,74.66666666666667,ws-amd,4e44c714e0a0,43.806390566999056,0.0013787316614374268,784-512-256-10,True,0.2738543843346027,train,60000,{},,,,,,,,,,,,,,,,,,,,,219094.538675307,1,0.19635590349999998,305567.58890623326,215.44296303071857,,,32,2026-09-05T09:03:34+00:00,0.1.0,mnist-512-256
ompnn,64,rocblas,True,Clang 22.0.0 /usr/bin/amdclang++,AMD Radeon RX 7900 XTX,gpu,70253.21,float,,,,,,,,,,,,,,3,744.3181255717832,772.8087711528325,f94918f1451075d9e8653d1b41885c7616530ffd,v0.1.0-11-gfd388bf,1205.9734280440898,177.76470588235293,78.61764705882354,ws-amd,dc61998d2942,27.300586878582358,0.005486341503759151,784-1024-1024-10,True,0.7709735666576307,train,60000,{},,,,,,,,,,,,,,,,,,,,,77823.67981838272,1,0.730087049,82181.981014705,1216.6435278273832,,,32,2026-09-05T09:03:44+00:00,0.1.0,mnist
ompnn,256,rocblas,True,Clang 22.0.0 /usr/bin/amdclang++,AMD Radeon RX 7900 XTX,gpu,70253.21,float,,,,,,,,,,,,,,3,2314.116162448559,2339.2935936694776,f94918f1451075d9e8653d1b41885c7616530ffd,v0.1.0-11-gfd388bf,431.05386891659873,197.0909090909091,72.81818181818181,ws-amd,a07f2bf0ec6c,75.80495846807432,0.0008732116645357169,784-1024-1024-10,True,0.24797787134108754,train,60000,{},,,,,,,,,,,,,,,,,,,,,241957.07332881915,1,0.2087154535,287472.724198642,947.6652038712084,,,32,2026-09-05T09:03:48+00:00,0.1.0,mnist
ompnn,1024,rocblas,True,Clang 22.0.0 /usr/bin/amdclang++,AMD Radeon RX 7900 XTX,gpu,70253.21,float,,,,,,,,,,,,,,3,4920.184846181633,4939.967908677461,f94918f1451075d9e8653d1b41885c7616530ffd,v0.1.0-11-gfd388bf,159.05235930946947,169.8,56.2,ws-amd,fc7525ec2a95,136.3814738763404,0.0011461383304170597,784-1024-1024-10,True,0.11663171566518334,train,60000,{},,,,,,,,,,,,,,,,,,,,,514439.8301765793,1,0.077252714,776671.7425616918,505.86583300696964,,,32,2026-09-05T09:03:50+00:00,0.1.0,mnist
ompnn,64,rocblas,True,Clang 22.0.0 /usr/bin/amdclang++,AMD Radeon RX 7900 XTX,gpu,70253.21,double,,,,,,,,,,,,,,3,353.8808353698447,367.42651310099325,f94918f1451075d9e8653d1b41885c7616530ffd,v0.1.0-11-gfd388bf,3194.0222452727758,220.5,88.65277777777777,ws-amd,67f16fd4f322,13.650293439291179,0.0029477933324717487,784-1024-1024-10,True,1.6215899326683332,train,60000,{},,,,,,,,,,,,,,,,,,,,,37000.723050413704,1,1.542136452,38907.06293997906,578.4446370214675,,,32,2026-09-05T09:04:08+00:00,0.1.0,mnist
ompnn,256,rocblas,True,Clang 22.0.0 /usr/bin/amdclang++,AMD Radeon RX 7900 XTX,gpu,70253.21,double,,,,,,,,,,,,,,3,665.1995936455799,672.4369213514948,f94918f1451075d9e8653d1b41885c7616530ffd,v0.1.0-11-gfd388bf,2010.817897528148,261.94736842105266,89.89473684210526,ws-amd,a9c251f749b5,37.90247923403716,0.0011770483300399537,784-1024-1024-10,True,0.8626728059995609,train,60000,{},,,,,,,,,,,,,,,,,,,,,69551.28245926248,1,0.784872518,76445.53557932067,272.40918963211135,,,32,2026-09-05T09:04:19+00:00,0.1.0,mnist
ompnn,1024,rocblas,True,Clang 22.0.0 /usr/bin/amdclang++,AMD Radeon RX 7900 XTX,gpu,70253.21,double,,,,,,,,,,,,,,3,853.6912460450518,857.1237649037197,f94918f1451075d9e8653d1b41885c7616530ffd,v0.1.0-11-gfd388bf,1639.5687653476343,275.3333333333333,89.36666666666666,ws-amd,0f5fb193821f,68.1907369381702,0.0028519750048872083,784-1024-1024-10,True,0.6721980606671423,train,60000,{},,,,,,,,,,,,,,,,,,,,,89259.40658092836,1,0.586929155,102226.98853663182,87.77174980457956,,,32,2026-09-05T09:04:27+00:00,0.1.0,mnist
ompnn,40,omp,True,Clang 22.0.0 /usr/bin/amdclang++,AMD Radeon RX 7900 XTX,gpu,70253.21,float,,,,,,,,,,,,,,3,0.0227477812695962,0.02811244982532922,f94918f1451075d9e8653d1b41885c7616530ffd,v0.1.0-11-gfd388bf,,82.0,3.0,ws-amd,f49e853f6e21,1.2191103789126854,0.00011810166567253555,17-4-1,True,0.0016135199985001236,train,124,"{""blas"": ""omp""}",,,,,,,,,,,,,,,,,,,,,76850.61239728445,1,0.001544555,80282.0229774919,2479.0520128156277,,,32,2026-09-05T09:04:27+00:00,0.1.0,monk
ompnn,40,omp,True,Clang 22.0.0 /usr/bin/amdclang++,AMD Radeon RX 7900 XTX,gpu,70253.21,float,,,,,,,,,,,,,,3,2.3985575333427804,2.6154354386406253,f94918f1451075d9e8653d1b41885c7616530ffd,v0.1.0-11-gfd388bf,,81.0,42.0,ws-amd,ee4fefd60e74,6.563354603463993,0.0004680518322857097,12-64-64-3,True,0.012007216670705626,train,1000,"{""blas"": ""omp""}",,,,,,,,,,,,,,,,,,,,,83283.24768551321,1,0.011976805,83494.72167243267,2082.0811921378304,,,32,2026-09-05T09:04:28+00:00,0.1.0,cup
ompnn,256,omp,True,Clang 22.0.0 /usr/bin/amdclang++,AMD Radeon RX 7900 XTX,gpu,70253.21,float,,,,,,,,,,,,,,3,406.06590778284675,411.36347608453804,f94918f1451075d9e8653d1b41885c7616530ffd,v0.1.0-11-gfd388bf,664.4127782359137,219.2,86.8,ws-amd,e25efd0cf523,57.89303578299346,0.0006735133356414735,784-512-256-10,True,0.355719200335443,train,60000,"{""blas"": ""omp""}",,,,,,,,,,,,,,,,,,,,,168672.36838332043,1,0.317080162,189226.5969007547,660.6334428346717,,,32,2026-09-05T09:04:32+00:00,0.1.0,mnist-512-256
ompnn,64,rocblas,True,GNU 14.2.0 /usr/bin/g++-14,AMD Radeon RX 7900 XTX,gpu,70253.21,float,,,,,,,,,,,,,,3,26.893382516566145,28.085815845661045,f94918f1451075d9e8653d1b41885c7616530ffd,v0.1.0-11-gfd388bf,7256.8135256816895,150.7,74.66666666666667,ws-amd,181527c21b11,24.563545832993224,0.007114189332544818,784-512-256-10,True,5.371040251668698,train,60000,{},,,,,,,,,,,,,,,,,,,,,11171.020358925618,1,5.3214089715,11275.20931417665,174.64028494453714,,,32,2026-09-05T09:11:03+00:00,0.1.0,mnist-512-256
ompnn,1024,rocblas,True,GNU 14.2.0 /usr/bin/g++-14,AMD Radeon RX 7900 XTX,gpu,70253.21,float,,,,,,,,,,,,,,3,368.11821630541857,370.0367197772175,f94918f1451075d9e8653d1b41885c7616530ffd,v0.1.0-11-gfd388bf,558.9810027529165,159.44444444444446,69.66666666666667,ws-amd,fdbefe1fc2b1,87.61278113399811,0.002757717336256349,784-512-256-10,True,0.39238873166808236,train,60000,{},,,,,,,,,,,,,,,,,,,,,152909.589796155,1,0.3546328985,169189.04098797252,150.36109663288573,,,32,2026-09-05T09:11:24+00:00,0.1.0,mnist-512-256
ompnn,64,rocblas,True,GNU 14.2.0 /usr/bin/g++-14,AMD Radeon RX 7900 XTX,gpu,70253.21,double,,,,,,,,,,,,,,3,24.887498584486114,25.990992455949204,f94918f1451075d9e8653d1b41885c7616530ffd,v0.1.0-11-gfd388bf,8433.760965794005,161.93822393822393,76.2084942084942,ws-amd,dd22b58953cb,12.281772916496612,0.021102279672049917,784-512-256-10,True,5.803935638997548,train,60000,{},,,,,,,,,,,,,,,,,,,,,10337.812776015408,1,5.726185198,10478.18013656917,161.61447306504087,,,32,2026-09-05T09:12:25+00:00,0.1.0,mnist-512-256
ompnn,1024,rocblas,True,GNU 14.2.0 /usr/bin/g++-14,AMD Radeon RX 7900 XTX,gpu,70253.21,double,,,,,,,,,,,,,,3,248.38448647850203,249.67897960202257,f94918f1451075d9e8653d1b41885c7616530ffd,v0.1.0-11-gfd388bf,961.7333645190811,192.54166666666666,76.625,ws-amd,4e44c714e0a0,43.806390566999056,0.003063004837410066,784-512-256-10,True,0.5815397010010201,train,60000,{},,,,,,,,,,,,,,,,,,,,,103174.38327378228,1,0.50460876,118904.00000190247,101.45481021921924,,,32,2026-09-05T09:12:50+00:00,0.1.0,mnist-512-256
ompnn,64,rocblas,True,GNU 14.2.0 /usr/bin/g++-14,AMD Radeon RX 7900 XTX,gpu,70253.21,float,,,,,,,,,,,,,,3,85.8907288355087,89.17841219277028,f94918f1451075d9e8653d1b41885c7616530ffd,v0.1.0-11-gfd388bf,10521.005519166894,175.14333333333335,79.73666666666666,ws-amd,dc61998d2942,27.300586878582358,0.0032421551732113585,784-1024-1024-10,True,6.681158813997172,train,60000,{},,,,,,,,,,,,,,,,,,,,,8980.478038375424,1,6.6313946139999995,9047.870544957439,140.39480666660248,,,32,2026-09-05T09:14:00+00:00,0.1.0,mnist
ompnn,256,rocblas,True,GNU 14.2.0 /usr/bin/g++-14,AMD Radeon RX 7900 XTX,gpu,70253.21,float,,,,,,,,,,,,,,3,332.7681723980434,336.3886681661545,f94918f1451075d9e8653d1b41885c7616530ffd,v0.1.0-11-gfd388bf,2790.931967210723,181.72727272727272,78.64935064935065,ws-amd,a07f2bf0ec6c,75.80495846807432,0.0074186054941187685,784-1024-1024-10,True,1.7244726136656634,train,60000,{},,,,,,,,,,,,,,,,,,,,,34793.2460768163,1,1.6831983835,35646.422066564446,136.2735471341972,,,32,2026-09-05T09:14:19+00:00,0.1.0,mnist
ompnn,1024,rocblas,True,GNU 14.2.0 /usr/bin/g++-14,AMD Radeon RX 7900 XTX,gpu,70253.21,float,,,,,,,,,,,,,,3,1100.996625298249,1105.4235087847253,f94918f1451075d9e8653d1b41885c7616530ffd,v0.1.0-11-gfd388bf,891.4221283686929,197.30434782608697,76.6086956521739,ws-amd,fc7525ec2a95,136.3814738763404,0.0017658771685091779,784-1024-1024-10,True,0.521209226998811,train,60000,{},,,,,,,,,,,,,,,,,,,,,115116.91829687596,1,0.48104497599999996,124728.46198065273,113.19830299192802,,,32,2026-09-05T09:14:25+00:00,0.1.0,mnist
ompnn,64,rocblas,True,GNU 14.2.0 /usr/bin/g++-14,AMD Radeon RX 7900 XTX,gpu,70253.21,double,,,,,,,,,,,,,,3,70.27429638415455,72.96422156930373,f94918f1451075d9e8653d1b41885c7616530ffd,v0.1.0-11-gfd388bf,14430.074490845916,196.55464480874318,83.13387978142076,ws-amd,67f16fd4f322,13.650293439291179,0.015555935829373979,784-1024-1024-10,True,8.165853370669842,train,60000,{},,,,,,,,,,,,,,,,,,,,,7347.670509919801,1,8.0895579785,7416.968907258571,114.86858230507956,,,32,2026-09-05T09:15:50+00:00,0.1.0,mnist
ompnn,256,rocblas,True,GNU 14.2.0 /usr/bin/g++-14,AMD Radeon RX 7900 XTX,gpu,70253.21,double,,,,,,,,,,,,,,3,228.63880449977958,231.12637961296457,f94918f1451075d9e8653d1b41885c7616530ffd,v0.1.0-11-gfd388bf,4874.823388341611,217.46846846846847,84.54054054054055,ws-amd,a9c251f749b5,37.90247923403716,0.00417113299772609,784-1024-1024-10,True,2.5098521716621085,train,60000,{},,,,,,,,,,,,,,,,,,,,,23905.790419626977,1,2.4315342935,24675.777824887173,93.63101247687233,,,32,2026-09-05T09:16:17+00:00,0.1.0,mnist
ompnn,1024,rocblas,True,GNU 14.2.0 /usr/bin/g++-14,AMD Radeon RX 7900 XTX,gpu,70253.21,double,,,,,,,,,,,,,,3,514.9860058460913,517.0566598269141,f94918f1451075d9e8653d1b41885c7616530ffd,v0.1.0-11-gfd388bf,2461.6481136429647,251.75,88.0625,ws-amd,0f5fb193821f,68.1907369381702,0.0023449803314483653,784-1024-1024-10,True,1.1143013469991274,train,60000,{},,,,,,,,,,,,,,,,,,,,,53845.39842977232,1,1.033281032,58067.45516644691,52.94797512260945,,,32,2026-09-05T09:16:30+00:00,0.1.0,mnist
ompnn,40,omp,True,GNU 14.2.0 /usr/bin/g++-14,AMD Radeon RX 7900 XTX,gpu,70253.21,float,,,,,,,,,,,,,,3,0.0016784298664662101,0.0020742583572064977,f94918f1451075d9e8653d1b41885c7616530ffd,v0.1.0-11-gfd388bf,18.55418770246615,92.5,40.0,ws-amd,f49e853f6e21,1.2191103789126854,0.0011806826611670332,17-4-1,True,0.021868057005728286,train,124,"{""blas"": ""omp""}",,,,,,,,,,,,,,,,,,,,,5670.371170493953,1,0.021792711,5689.975882303032,182.91519904819205,,,32,2026-09-05T09:16:30+00:00,0.1.0,monk
ompnn,40,omp,True,GNU 14.2.0 /usr/bin/g++-14,AMD Radeon RX 7900 XTX,gpu,70253.21,float,,,,,,,,,,,,,,3,0.13790708017294978,0.15037665751594906,f94918f1451075d9e8653d1b41885c7616530ffd,v0.1.0-11-gfd388bf,255.33412150699587,140.3,66.5,ws-amd,ee4fefd60e74,6.563354603463993,0.0034391850009948544,12-64-64-3,True,0.20883626833286448,train,1000,"{""blas"": ""omp""}",,,,,,,,,,,,,,,,,,,,,4788.440283782979,1,0.20459088250000002,4887.803345782038,119.71100709457448,,,32,2026-09-05T09:16:33+00:00,0.1.0,cup
ompnn,256,omp,True,GNU 14.2.0 /usr/bin/g++-14,AMD Radeon RX 7900 XTX,gpu,70253.21,float,,,,,,,,,,,,,,3,10.613295510344338,10.751757412204245,f94918f1451075d9e8653d1b41885c7616530ffd,v0.1.0-11-gfd388bf,28298.5113351928,231.04746317512274,94.96235679214402,ws-amd,e25efd0cf523,57.89303578299346,0.028035357997092447,784-512-256-10,True,13.609857546999896,train,60000,"{""blas"": ""omp""}",,,,,,,,,,,,,,,,,,,,,4408.56928831163,1,13.566376528500001,4422.699006912647,17.26689637922055,,,32,2026-09-05T09:18:52+00:00,0.1.0,mnist-512-256
syclnn,40,auto,True,AdaptiveCpp 25.10.0 $HOME/.local/opt/fnn-rocm/acpp/bin/acpp / host Clang 18.1.3 $HOME/.local/opt/fnn-rocm/acpp/bin/acpp,AMD Radeon RX 7900 XTX,gpu,70253211,float,,,,,,,,,,,,,,5,0.018774236318814603,0.023201813410566433,f94918f1451075d9e8653d1b41885c7616530ffd,v0.2.0-9-gda3d659,,49.0,3.0,ws-amd,0258aa07a264,1.2191103789126854,9.462439920753223e-05,17-4-1,True,0.0019550196011550725,train,124,"{""blas"": ""auto""}",,,,,,,,,,,,,,,,,,,,,63426.474050049335,1,0.0018963225,65389.721421329974,2046.0152919370753,portable-acpp-ws-amd-gpu,,16,2026-09-05T11:12:40+00:00,0.2.0,monk
syclnn,40,auto,True,AdaptiveCpp 25.10.0 $HOME/.local/opt/fnn-rocm/acpp/bin/acpp / host Clang 18.1.3 $HOME/.local/opt/fnn-rocm/acpp/bin/acpp,AMD Radeon RX 7900 XTX,gpu,70253211,float,,,,,,,,,,,,,,5,1.6350272432848008,1.7828666337097296,f94918f1451075d9e8653d1b41885c7616530ffd,v0.2.0-9-gda3d659,15.982993311277824,79.5,48.0,ws-amd,fd5be5338b22,6.563354603463993,0.0004832087986869696,12-64-64-3,True,0.017614385398337616,train,1000,"{""blas"": ""auto""}",,,,,,,,,,,,,,,,,,,,,56771.77928072225,1,0.0174827285,57199.309592893354,1419.2944820180562,portable-acpp-ws-amd-gpu,,16,2026-09-05T11:12:42+00:00,0.2.0,cup
syclnn,256,auto,True,AdaptiveCpp 25.10.0 $HOME/.local/opt/fnn-rocm/acpp/bin/acpp / host Clang 18.1.3 $HOME/.local/opt/fnn-rocm/acpp/bin/acpp,AMD Radeon RX 7900 XTX,gpu,70253211,float,,,,,,,,,,,,,,5,583.1477333532711,590.7555253106975,f94918f1451075d9e8653d1b41885c7616530ffd,v0.2.0-9-gda3d659,534.3916627176659,141.52631578947367,76.94736842105263,ws-amd,0fc65c5fde95,57.89303578299346,0.0048191540001426,784-512-256-10,True,0.24769956520176492,train,60000,"{""blas"": ""auto""}",,,,,,,,,,,,,,,,,,,,,242228.92741505904,1,0.2149472765,279138.21927397157,948.7299657089812,portable-acpp-ws-amd-gpu,,16,2026-09-05T11:12:48+00:00,0.2.0,mnist-512-256
syclnn,40,auto,True,AdaptiveCpp 25.10.0 $HOME/.local/opt/fnn-rocm/acpp/bin/acpp / host Clang 18.1.3 $HOME/.local/opt/fnn-rocm/acpp/bin/acpp,AdaptiveCpp OpenMP host device,cpu,1.2,float,,,,,,,,,,,,,,5,0.02868631767692486,0.03545148675417697,7d2a071c4c34ad3209aec7f92f64895d8344121c,v0.2.0-9-gda3d659,,,,ws-amd,86107839ee46,1.2191103789126854,9.222998050972733e-06,17-4-1,True,0.0012794949987437576,train,124,"{""blas"": ""auto""}",,,,,,,,,,,,,,,,,,,,,96913.23539501641,1,0.001209513,102520.60126679085,3126.233399839239,,,16,2026-09-06T14:06:13+00:00,0.2.0,monk
syclnn,40,auto,True,AdaptiveCpp 25.10.0 $HOME/.local/opt/fnn-rocm/acpp/bin/acpp / host Clang 18.1.3 $HOME/.local/opt/fnn-rocm/acpp/bin/acpp,AdaptiveCpp OpenMP host device,cpu,1.2,float,,,,,,,,,,,,,,5,1.2322665398914263,1.3436882515765396,7d2a071c4c34ad3209aec7f92f64895d8344121c,v0.2.0-9-gda3d659,,,,ws-amd,d804201c09e0,6.563354603463993,0.0019947366992710165,12-64-64-3,True,0.023371567000867798,train,1000,"{""blas"": ""auto""}",,,,,,,,,,,,,,,,,,,,,42787.032635118965,1,0.023253625,43004.04775599503,1069.6758158779742,,,16,2026-09-06T14:06:14+00:00,0.2.0,cup
syclnn,256,auto,True,AdaptiveCpp 25.10.0 $HOME/.local/opt/fnn-rocm/acpp/bin/acpp / host Clang 18.1.3 $HOME/.local/opt/fnn-rocm/acpp/bin/acpp,AdaptiveCpp OpenMP host device,cpu,1.2,float,,,,,,,,,,,,,,5,116.42941587705357,117.94836334620322,7d2a071c4c34ad3209aec7f92f64895d8344121c,v0.2.0-9-gda3d659,,,,ws-amd,6495416a5496,57.89303578299346,0.023479398200288548,784-512-256-10,True,1.2406266828009394,train,60000,"{""blas"": ""auto""}",,,,,,,,,,,,,,,,,,,,,48362.65480324761,1,1.172593261,51168.63792039139,189.42039797938648,,,16,2026-09-06T14:06:36+00:00,0.2.0,mnist-512-256
syclnn,40,auto,True,Clang 22.1.0 /opt/sycl/bin/clang++,AMD Ryzen Threadripper 2950X 16-Core Processor ,cpu,2026.21.6.0.17_160000,float,,,,,,,,,,,,,,5,0.01614193644744537,0.019948731398651973,7d2a071c4c34ad3209aec7f92f64895d8344121c,v0.2.0-7-g01733d3-dirty,,,,ad57e8df7bf9,86107839ee46,1.2191103789126854,3.4326099557801994e-05,17-4-1,True,0.002273828801116906,train,124,"{""blas"": ""auto""}",,,,,,,,,,,,,,,,,,,,,54533.56907920734,1,0.0021247239999999997,58360.521178280105,1759.1473896518496,,,16,2026-09-06T15:08:08+00:00,0.2.0,monk
syclnn,40,auto,True,Clang 22.1.0 /opt/sycl/bin/clang++,AMD Ryzen Threadripper 2950X 16-Core Processor ,cpu,2026.21.6.0.17_160000,float,,,,,,,,,,,,,,5,2.3848727519126176,2.600513277372883,7d2a071c4c34ad3209aec7f92f64895d8344121c,v0.2.0-7-g01733d3-dirty,,,,ad57e8df7bf9,d804201c09e0,6.563354603463993,0.00015185629890766134,12-64-64-3,True,0.012076116001117044,train,1000,"{""blas"": ""auto""}",,,,,,,,,,,,,,,,,,,,,82808.08166363256,1,0.01169665,85494.56468305028,2070.202041590814,,,16,2026-09-06T15:08:09+00:00,0.2.0,cup
syclnn,256,auto,True,Clang 22.1.0 /opt/sycl/bin/clang++,AMD Ryzen Threadripper 2950X 16-Core Processor ,cpu,2026.21.6.0.17_160000,float,,,,,,,,,,,,,,5,131.32130036550708,133.03452855043815,7d2a071c4c34ad3209aec7f92f64895d8344121c,v0.2.0-7-g01733d3-dirty,,,,ad57e8df7bf9,6495416a5496,57.89303578299346,0.003336339199449867,784-512-256-10,True,1.0999391538003693,train,60000,"{""blas"": ""auto""}",,,,,,,,,,,,,,,,,,,,,54548.47187928138,1,1.0467300160000002,57321.371397454976,213.6481815271854,,,16,2026-09-06T15:08:28+00:00,0.2.0,mnist-512-256
syclnn,40,mklcpu,True,Clang 22.1.0 /opt/sycl/bin/clang++,AMD Ryzen Threadripper 2950X 16-Core Processor ,cpu,2026.21.6.0.17_160000,float,,,,,,,,,,,,,,5,0.016854734900502575,0.020829630969016914,7d2a071c4c34ad3209aec7f92f64895d8344121c,v0.2.0-9-gda3d659,,,,06c179eb2eec,26b510ad50a5,1.2191103789126854,5.289800028549516e-05,17-4-1,True,0.002177667000796646,train,124,"{""blas"": ""mklcpu""}",,,,,,,,,,,,,,,,,,,,,56941.67196115735,1,0.0020645855,60060.481873964534,1836.8281277792694,,,16,2026-09-06T09:16:25+00:00,0.2.0,monk
syclnn,40,mklcpu,True,Clang 22.1.0 /opt/sycl/bin/clang++,AMD Ryzen Threadripper 2950X 16-Core Processor ,cpu,2026.21.6.0.17_160000,double,,,,,,,,,,,,,,5,0.01695379507962517,0.020952052768412104,7d2a071c4c34ad3209aec7f92f64895d8344121c,v0.2.0-9-gda3d659,,,,06c179eb2eec,9a28e467ff79,0.6095551894563427,2.3472199973184355e-05,17-4-1,True,0.002164943001116626,train,124,"{""blas"": ""mklcpu""}",,,,,,,,,,,,,,,,,,,,,57276.334728463415,1,0.0020032055,61900.78851121366,1847.6237009181746,,,16,2026-09-06T09:16:26+00:00,0.2.0,monk
syclnn,40,mklcpu,True,Clang 22.1.0 /opt/sycl/bin/clang++,AMD Ryzen Threadripper 2950X 16-Core Processor ,cpu,2026.21.6.0.17_160000,float,,,,,,,,,,,,,,5,1.8062392697381497,1.9695596753744382,7d2a071c4c34ad3209aec7f92f64895d8344121c,v0.2.0-9-gda3d659,,,,06c179eb2eec,c583e246acb7,6.563354603463993,0.00010699579870561068,12-64-64-3,True,0.015944731399940792,train,1000,"{""blas"": ""mklcpu""}",,,,,,,,,,,,,,,,,,,,,62716.64131035242,1,0.0156039845,64086.19542015054,1567.9160327588104,,,16,2026-09-06T09:16:26+00:00,0.2.0,cup
syclnn,40,mklcpu,True,Clang 22.1.0 /opt/sycl/bin/clang++,AMD Ryzen Threadripper 2950X 16-Core Processor ,cpu,2026.21.6.0.17_160000,double,,,,,,,,,,,,,,5,1.593339786592699,1.7374097913936035,7d2a071c4c34ad3209aec7f92f64895d8344121c,v0.2.0-9-gda3d659,,,,06c179eb2eec,2cf411206785,3.2816773017319965,0.0009446420008316636,12-64-64-3,True,0.01807524059986463,train,1000,"{""blas"": ""mklcpu""}",,,,,,,,,,,,,,,,,,,,,55324.29814557983,1,0.0171991505,58142.406510135486,1383.1074536394958,,,16,2026-09-06T09:16:27+00:00,0.2.0,cup
syclnn,64,mklcpu,True,Clang 22.1.0 /opt/sycl/bin/clang++,AMD Ryzen Threadripper 2950X 16-Core Processor ,cpu,2026.21.6.0.17_160000,float,,,,,,,,,,,,,,3,57.44799572039276,59.995198726355284,7d2a071c4c34ad3209aec7f92f64895d8344121c,v0.2.0-9-gda3d659,,,,06c179eb2eec,03b2fd62beb8,24.563545832993224,0.003146377333905548,784-512-256-10,True,2.5143686596663124,train,60000,"{""blas"": ""mklcpu""}",,,,,,,,,,,,,,,,,,,,,23862.849136833713,1,2.4282326925,24709.32879922092,373.055874839167,,,16,2026-09-06T09:16:59+00:00,0.2.0,mnist-512-256
syclnn,256,mklcpu,True,Clang 22.1.0 /opt/sycl/bin/clang++,AMD Ryzen Threadripper 2950X 16-Core Processor ,cpu,2026.21.6.0.17_160000,float,,,,,,,,,,,,,,3,123.79297835787716,125.40799145193714,7d2a071c4c34ad3209aec7f92f64895d8344121c,v0.2.0-9-gda3d659,,,,06c179eb2eec,30fadd93c732,57.89303578299346,0.015305778832650052,784-512-256-10,True,1.1668306386685192,train,60000,"{""blas"": ""mklcpu""}",,,,,,,,,,,,,,,,,,,,,51421.344290776025,1,1.0850068154999999,55299.19180493849,201.40026513887275,,,16,2026-09-06T09:17:13+00:00,0.2.0,mnist-512-256
syclnn,1024,mklcpu,True,Clang 22.1.0 /opt/sycl/bin/clang++,AMD Ryzen Threadripper 2950X 16-Core Processor ,cpu,2026.21.6.0.17_160000,float,,,,,,,,,,,,,,3,183.3018147894478,184.25711977704134,7d2a071c4c34ad3209aec7f92f64895d8344121c,v0.2.0-9-gda3d659,,,,06c179eb2eec,d4b60168deea,87.61278113399811,0.004862933333546038,784-512-256-10,True,0.7880196939998617,train,60000,"{""blas"": ""mklcpu""}",,,,,,,,,,,,,,,,,,,,,76140.22905373039,1,0.698593126,85886.90292953154,74.87122523616821,,,16,2026-09-06T09:17:23+00:00,0.2.0,mnist-512-256
syclnn,64,mklcpu,True,Clang 22.1.0 /opt/sycl/bin/clang++,AMD Ryzen Threadripper 2950X 16-Core Processor ,cpu,2026.21.6.0.17_160000,double,,,,,,,,,,,,,,3,34.22166347018779,35.739027530799525,7d2a071c4c34ad3209aec7f92f64895d8344121c,v0.2.0-9-gda3d659,,,,06c179eb2eec,d4245dc1e94f,12.281772916496612,0.009445145333302207,784-512-256-10,True,4.220877226667653,train,60000,"{""blas"": ""mklcpu""}",,,,,,,,,,,,,,,,,,,,,14215.05454385592,1,4.0404506865,14849.828560084321,222.22868603561423,,,16,2026-09-06T09:18:07+00:00,0.2.0,mnist-512-256
syclnn,256,mklcpu,True,Clang 22.1.0 /opt/sycl/bin/clang++,AMD Ryzen Threadripper 2950X 16-Core Processor ,cpu,2026.21.6.0.17_160000,double,,,,,,,,,,,,,,3,65.11402188572285,65.96350462171728,7d2a071c4c34ad3209aec7f92f64895d8344121c,v0.2.0-9-gda3d659,,,,06c179eb2eec,cd45c5f5e1f3,28.94651789149673,0.014398265167983482,784-512-256-10,True,2.2183461536672744,train,60000,"{""blas"": ""mklcpu""}",,,,,,,,,,,,,,,,,,,,,27047.17651968363,1,2.0492353185,29279.214279753298,105.93477470209422,,,16,2026-09-06T09:18:32+00:00,0.2.0,mnist-512-256
syclnn,1024,mklcpu,True,Clang 22.1.0 /opt/sycl/bin/clang++,AMD Ryzen Threadripper 2950X 16-Core Processor ,cpu,2026.21.6.0.17_160000,double,,,,,,,,,,,,,,3,86.92129354914375,87.37429694876073,7d2a071c4c34ad3209aec7f92f64895d8344121c,v0.2.0-9-gda3d659,,,,06c179eb2eec,f3979e296d72,43.806390566999056,0.02407268449921185,784-512-256-10,True,1.6617957936662908,train,60000,"{""blas"": ""mklcpu""}",,,,,,,,,,,,,,,,,,,,,36105.51923929634,1,1.496229713,40100.79433571575,35.50376058530807,,,16,2026-09-06T09:18:50+00:00,0.2.0,mnist-512-256
syclnn,64,mklcpu,True,Clang 22.1.0 /opt/sycl/bin/clang++,AMD Ryzen Threadripper 2950X 16-Core Processor ,cpu,2026.21.6.0.17_160000,float,,,,,,,,,,,,,,3,89.84966985495956,93.28889162246047,7d2a071c4c34ad3209aec7f92f64895d8344121c,v0.2.0-9-gda3d659,,,,06c179eb2eec,8937e6f53356,27.300586878582358,0.054344509500272586,784-1024-1024-10,True,6.3867747196660885,train,60000,"{""blas"": ""mklcpu""}",,,,,,,,,,,,,,,,,,,,,9394.413085410488,1,6.3143774335,9502.124418739817,146.86599123525062,,,16,2026-09-06T09:19:57+00:00,0.2.0,mnist
syclnn,256,mklcpu,True,Clang 22.1.0 /opt/sycl/bin/clang++,AMD Ryzen Threadripper 2950X 16-Core Processor ,cpu,2026.21.6.0.17_160000,float,,,,,,,,,,,,,,3,171.65398027938582,173.52156426346215,7d2a071c4c34ad3209aec7f92f64895d8344121c,v0.2.0-9-gda3d659,,,,06c179eb2eec,215b0f1c2c66,75.80495846807432,0.0195791394993039,784-1024-1024-10,True,3.3430602603330044,train,60000,"{""blas"": ""mklcpu""}",,,,,,,,,,,,,,,,,,,,,17947.6274214762,1,3.2909046264999997,18232.06893230821,70.29487406744846,,,16,2026-09-06T09:20:33+00:00,0.2.0,mnist
syclnn,1024,mklcpu,True,Clang 22.1.0 /opt/sycl/bin/clang++,AMD Ryzen Threadripper 2950X 16-Core Processor ,cpu,2026.21.6.0.17_160000,float,,,,,,,,,,,,,,3,230.94678437716684,231.8753744223335,7d2a071c4c34ad3209aec7f92f64895d8344121c,v0.2.0-9-gda3d659,,,,06c179eb2eec,3c628b7f8c80,136.3814738763404,0.041423845833681305,784-1024-1024-10,True,2.484769820664951,train,60000,"{""blas"": ""mklcpu""}",,,,,,,,,,,,,,,,,,,,,24147.105901319806,1,2.3935252405,25067.62785900941,23.74465413629781,,,16,2026-09-06T09:21:01+00:00,0.2.0,mnist
syclnn,64,mklcpu,True,Clang 22.1.0 /opt/sycl/bin/clang++,AMD Ryzen Threadripper 2950X 16-Core Processor ,cpu,2026.21.6.0.17_160000,double,,,,,,,,,,,,,,3,50.73748644125929,52.67959115993821,7d2a071c4c34ad3209aec7f92f64895d8344121c,v0.2.0-9-gda3d659,,,,06c179eb2eec,5e48c94c6c97,13.650293439291179,0.048496406333773834,784-1024-1024-10,True,11.310170058667913,train,60000,"{""blas"": ""mklcpu""}",,,,,,,,,,,,,,,,,,,,,5304.960021712235,1,11.142598722999999,5384.7402649573105,82.9342083394346,,,16,2026-09-06T09:22:57+00:00,0.2.0,mnist
syclnn,256,mklcpu,True,Clang 22.1.0 /opt/sycl/bin/clang++,AMD Ryzen Threadripper 2950X 16-Core Processor ,cpu,2026.21.6.0.17_160000,double,,,,,,,,,,,,,,3,85.42874212616886,86.35820120608615,7d2a071c4c34ad3209aec7f92f64895d8344121c,v0.2.0-9-gda3d659,,,,06c179eb2eec,c40d7aae61f9,37.90247923403716,0.003567363500527776,784-1024-1024-10,True,6.717289587999403,train,60000,"{""blas"": ""mklcpu""}",,,,,,,,,,,,,,,,,,,,,8932.174088071388,1,6.549339697500001,9161.228882799142,34.984348511612936,,,16,2026-09-06T09:24:08+00:00,0.2.0,mnist
syclnn,1024,mklcpu,True,Clang 22.1.0 /opt/sycl/bin/clang++,AMD Ryzen Threadripper 2950X 16-Core Processor ,cpu,2026.21.6.0.17_160000,double,,,,,,,,,,,,,,3,107.80129977985072,108.23474687937004,7d2a071c4c34ad3209aec7f92f64895d8344121c,v0.2.0-9-gda3d659,,,,06c179eb2eec,bcf7da576aa6,68.1907369381702,0.027001580666062175,784-1024-1024-10,True,5.323215964667422,train,60000,"{""blas"": ""mklcpu""}",,,,,,,,,,,,,,,,,,,,,11271.381886109259,1,5.1486278855,11653.590302957622,11.083525521340771,,,16,2026-09-06T09:25:04+00:00,0.2.0,mnist
syclnn,40,netlib,True,Clang 22.1.0 /opt/sycl/bin/clang++,AMD Ryzen Threadripper 2950X 16-Core Processor ,cpu,2026.21.6.0.17_160000,float,,,,,,,,,,,,,,5,0.029032273873644755,0.035879030702608054,7d2a071c4c34ad3209aec7f92f64895d8344121c,v0.2.0-9-gda3d659,,,,06c179eb2eec,5362a8051550,1.2191103789126854,2.5078200269490437e-05,17-4-1,True,0.0012642482004594057,train,124,"{""blas"": ""netlib""}",,,,,,,,,,,,,,,,,,,,,98082.00632988093,1,0.0011435885,108430.61118575431,3163.935688060675,,,16,2026-09-06T09:25:04+00:00,0.2.0,monk
syclnn,40,netlib,True,Clang 22.1.0 /opt/sycl/bin/clang++,AMD Ryzen Threadripper 2950X 16-Core Processor ,cpu,2026.21.6.0.17_160000,double,,,,,,,,,,,,,,5,0.02883915334846911,0.03564036606055359,7d2a071c4c34ad3209aec7f92f64895d8344121c,v0.2.0-9-gda3d659,,,,06c179eb2eec,5aadbdc1040e,0.6095551894563427,8.195179980248208e-05,17-4-1,True,0.0012727142006042414,train,124,"{""blas"": ""netlib""}",,,,,,,,,,,,,,,,,,,,,97429.57212320647,1,0.001143083,108478.56192419973,3142.889423329241,,,16,2026-09-06T09:25:05+00:00,0.2.0,monk
syclnn,40,netlib,True,Clang 22.1.0 /opt/sycl/bin/clang++,AMD Ryzen Threadripper 2950X 16-Core Processor ,cpu,2026.21.6.0.17_160000,float,,,,,,,,,,,,,,5,2.2858008921581834,2.492483326299473,7d2a071c4c34ad3209aec7f92f64895d8344121c,v0.2.0-9-gda3d659,,,,06c179eb2eec,8d8fb09aeaae,6.563354603463993,0.0001779938000254326,12-64-64-3,True,0.012599522600066849,train,1000,"{""blas"": ""netlib""}",,,,,,,,,,,,,,,,,,,,,79368.08653327027,1,0.012289118,81372.8047855021,1984.2021633317565,,,16,2026-09-06T09:25:05+00:00,0.2.0,cup
syclnn,40,netlib,True,Clang 22.1.0 /opt/sycl/bin/clang++,AMD Ryzen Threadripper 2950X 16-Core Processor ,cpu,2026.21.6.0.17_160000,double,,,,,,,,,,,,,,5,1.8943847607433177,2.0656752939187233,7d2a071c4c34ad3209aec7f92f64895d8344121c,v0.2.0-9-gda3d659,,,,06c179eb2eec,d79517c400bc,3.2816773017319965,0.0001099059998523437,12-64-64-3,True,0.015202824999869335,train,1000,"{""blas"": ""netlib""}",,,,,,,,,,,,,,,,,,,,,65777.24863692076,1,0.014813329,67506.77042277262,1644.431215923019,,,16,2026-09-06T09:25:06+00:00,0.2.0,cup
syclnn,64,netlib,True,Clang 22.1.0 /opt/sycl/bin/clang++,AMD Ryzen Threadripper 2950X 16-Core Processor ,cpu,2026.21.6.0.17_160000,float,,,,,,,,,,,,,,3,57.218165359683255,59.75517785197652,7d2a071c4c34ad3209aec7f92f64895d8344121c,v0.2.0-9-gda3d659,,,,06c179eb2eec,cdbff71bcef6,24.563545832993224,0.01944964949992345,784-512-256-10,True,2.524468218999876,train,60000,"{""blas"": ""netlib""}",,,,,,,,,,,,,,,,,,,,,23767.381798836956,1,2.4410426550000004,24579.660612280448,371.5634021218177,,,16,2026-09-06T09:25:33+00:00,0.2.0,mnist-512-256
syclnn,256,netlib,True,Clang 22.1.0 /opt/sycl/bin/clang++,AMD Ryzen Threadripper 2950X 16-Core Processor ,cpu,2026.21.6.0.17_160000,float,,,,,,,,,,,,,,3,124.93274184082316,126.56262438041634,7d2a071c4c34ad3209aec7f92f64895d8344121c,v0.2.0-9-gda3d659,,,,06c179eb2eec,062b4b8b7b32,57.89303578299346,0.003533181832608534,784-512-256-10,True,1.1561856233335372,train,60000,"{""blas"": ""netlib""}",,,,,,,,,,,,,,,,,,,,,51894.78124369581,1,1.060627754,56570.27149602574,203.25455987114194,,,16,2026-09-06T09:25:46+00:00,0.2.0,mnist-512-256
syclnn,1024,netlib,True,Clang 22.1.0 /opt/sycl/bin/clang++,AMD Ryzen Threadripper 2950X 16-Core Processor ,cpu,2026.21.6.0.17_160000,float,,,,,,,,,,,,,,3,177.85693827235164,178.78386646673349,7d2a071c4c34ad3209aec7f92f64895d8344121c,v0.2.0-9-gda3d659,,,,06c179eb2eec,4a52d53a15b9,87.61278113399811,0.007331319833610905,784-512-256-10,True,0.8121439703342427,train,60000,"{""blas"": ""netlib""}",,,,,,,,,,,,,,,,,,,,,73878.52670420817,1,0.7200333765,83329.47049156686,72.64721792580471,,,16,2026-09-06T09:25:56+00:00,0.2.0,mnist-512-256
syclnn,64,netlib,True,Clang 22.1.0 /opt/sycl/bin/clang++,AMD Ryzen Threadripper 2950X 16-Core Processor ,cpu,2026.21.6.0.17_160000,double,,,,,,,,,,,,,,3,34.31750157608654,35.83911502970789,7d2a071c4c34ad3209aec7f92f64895d8344121c,v0.2.0-9-gda3d659,,,,06c179eb2eec,8325af2ea279,12.281772916496612,0.004172049334253636,784-512-256-10,True,4.2090896296673845,train,60000,"{""blas"": ""netlib""}",,,,,,,,,,,,,,,,,,,,,14254.863944235227,1,4.048948985,14818.660403546675,222.85103966154404,,,16,2026-09-06T09:26:41+00:00,0.2.0,mnist-512-256
syclnn,256,netlib,True,Clang 22.1.0 /opt/sycl/bin/clang++,AMD Ryzen Threadripper 2950X 16-Core Processor ,cpu,2026.21.6.0.17_160000,double,,,,,,,,,,,,,,3,65.69534143982388,66.55240811720303,7d2a071c4c34ad3209aec7f92f64895d8344121c,v0.2.0-9-gda3d659,,,,06c179eb2eec,7dcce63f077d,28.94651789149673,0.011020011500174398,784-512-256-10,True,2.198716633999235,train,60000,"{""blas"": ""netlib""}",,,,,,,,,,,,,,,,,,,,,27288.646054797107,1,2.0454631735,29333.209601292292,106.88053038128866,,,16,2026-09-06T09:27:05+00:00,0.2.0,mnist-512-256
syclnn,1024,netlib,True,Clang 22.1.0 /opt/sycl/bin/clang++,AMD Ryzen Threadripper 2950X 16-Core Processor ,cpu,2026.21.6.0.17_160000,double,,,,,,,,,,,,,,3,88.14235303822845,88.6017201730949,7d2a071c4c34ad3209aec7f92f64895d8344121c,v0.2.0-9-gda3d659,,,,06c179eb2eec,34de2865d8b3,43.806390566999056,0.009947566999471746,784-512-256-10,True,1.6387744939978195,train,60000,"{""blas"": ""netlib""}",,,,,,,,,,,,,,,,,,,,,36612.72506971288,1,1.4789289335,40569.90071727473,36.00251298521766,,,16,2026-09-06T09:27:24+00:00,0.2.0,mnist-512-256
syclnn,64,netlib,True,Clang 22.1.0 /opt/sycl/bin/clang++,AMD Ryzen Threadripper 2950X 16-Core Processor ,cpu,2026.21.6.0.17_160000,float,,,,,,,,,,,,,,3,89.15129928219905,92.56378916209816,7d2a071c4c34ad3209aec7f92f64895d8344121c,v0.2.0-9-gda3d659,,,,06c179eb2eec,1fba30181319,27.300586878582358,0.018650837499686546,784-1024-1024-10,True,6.436805796666401,train,60000,"{""blas"": ""netlib""}",,,,,,,,,,,,,,,,,,,,,9321.393544461725,1,6.348172408,9451.539142885862,145.72445241175163,,,16,2026-09-06T09:28:31+00:00,0.2.0,mnist
syclnn,256,netlib,True,Clang 22.1.0 /opt/sycl/bin/clang++,AMD Ryzen Threadripper 2950X 16-Core Processor ,cpu,2026.21.6.0.17_160000,float,,,,,,,,,,,,,,3,175.06777043066742,176.97249622643466,7d2a071c4c34ad3209aec7f92f64895d8344121c,v0.2.0-9-gda3d659,,,,06c179eb2eec,639138273db7,75.80495846807432,0.054333004833703846,784-1024-1024-10,True,3.277871184332374,train,60000,"{""blas"": ""netlib""}",,,,,,,,,,,,,,,,,,,,,18304.563122184012,1,3.204522801,18723.536615584842,71.69287222855404,,,16,2026-09-06T09:29:06+00:00,0.2.0,mnist
syclnn,1024,netlib,True,Clang 22.1.0 /opt/sycl/bin/clang++,AMD Ryzen Threadripper 2950X 16-Core Processor ,cpu,2026.21.6.0.17_160000,float,,,,,,,,,,,,,,3,216.6654088537203,217.53657639275366,7d2a071c4c34ad3209aec7f92f64895d8344121c,v0.2.0-9-gda3d659,,,,06c179eb2eec,a0e653321da5,136.3814738763404,0.023926495666577452,784-1024-1024-10,True,2.648551990998385,train,60000,"{""blas"": ""netlib""}",,,,,,,,,,,,,,,,,,,,,22653.88793722818,1,2.5569879425,23465.108693996117,22.27632313827438,,,16,2026-09-06T09:29:35+00:00,0.2.0,mnist
syclnn,64,netlib,True,Clang 22.1.0 /opt/sycl/bin/clang++,AMD Ryzen Threadripper 2950X 16-Core Processor ,cpu,2026.21.6.0.17_160000,double,,,,,,,,,,,,,,3,51.08182776088256,53.037113008369325,7d2a071c4c34ad3209aec7f92f64895d8344121c,v0.2.0-9-gda3d659,,,,06c179eb2eec,50e25d980125,13.650293439291179,0.08374538266556009,784-1024-1024-10,True,11.233928486001483,train,60000,"{""blas"": ""netlib""}",,,,,,,,,,,,,,,,,,,,,5340.963321492171,1,11.0810726595,5414.638261446732,83.49705992599428,,,16,2026-09-06T09:31:30+00:00,0.2.0,mnist
syclnn,256,netlib,True,Clang 22.1.0 /opt/sycl/bin/clang++,AMD Ryzen Threadripper 2950X 16-Core Processor ,cpu,2026.21.6.0.17_160000,double,,,,,,,,,,,,,,3,84.26557680279771,85.1823807207128,7d2a071c4c34ad3209aec7f92f64895d8344121c,v0.2.0-9-gda3d659,,,,06c179eb2eec,753f2e72e39e,37.90247923403716,0.029249591668000008,784-1024-1024-10,True,6.8100121280003805,train,60000,"{""blas"": ""netlib""}",,,,,,,,,,,,,,,,,,,,,8810.556996411366,1,6.6269710975,9053.91001669447,34.50801490261118,,,16,2026-09-06T09:32:41+00:00,0.2.0,mnist
syclnn,1024,netlib,True,Clang 22.1.0 /opt/sycl/bin/clang++,AMD Ryzen Threadripper 2950X 16-Core Processor ,cpu,2026.21.6.0.17_160000,double,,,,,,,,,,,,,,3,110.96347636936144,111.4096379377572,7d2a071c4c34ad3209aec7f92f64895d8344121c,v0.2.0-9-gda3d659,,,,06c179eb2eec,a78235c8cce9,68.1907369381702,0.09598776983330026,784-1024-1024-10,True,5.171517861335208,train,60000,"{""blas"": ""netlib""}",,,,,,,,,,,,,,,,,,,,,11602.009624406268,1,5.012520128,11970.026746593843,11.40864279733283,,,16,2026-09-06T09:33:36+00:00,0.2.0,mnist
syclnn,40,auto,True,Clang 22.1.0 /opt/sycl/bin/clang++,AMD Ryzen Threadripper 2950X 16-Core Processor ,cpu,2026.21.6.0.17_160000,double,,,,,,,,,,,,,,5,0.017031149223061374,0.021047649541141675,7d2a071c4c34ad3209aec7f92f64895d8344121c,v0.2.0-9-gda3d659,,,,06c179eb2eec,50808d144fa9,0.6095551894563427,5.0988399016205135e-05,17-4-1,True,0.0021551099998760037,train,124,{},,,,,,,,,,,,,,,,,,,,,57537.66629412627,1,0.002004726,61853.839377550845,1856.053751423428,,,16,2026-09-06T09:39:15+00:00,0.2.0,monk
syclnn,40,auto,True,Clang 22.1.0 /opt/sycl/bin/clang++,AMD Ryzen Threadripper 2950X 16-Core Processor ,cpu,2026.21.6.0.17_160000,double,,,,,,,,,,,,,,5,1.862592032789061,2.031007863087186,7d2a071c4c34ad3209aec7f92f64895d8344121c,v0.2.0-9-gda3d659,,,,06c179eb2eec,43137e73ea13,3.2816773017319965,0.0008588728000177084,12-64-64-3,True,0.015462323199608363,train,1000,{},,,,,,,,,,,,,,,,,,,,,64673.3344718424,1,0.014752936500000001,67783.11558515824,1616.83336179606,,,16,2026-09-06T09:39:16+00:00,0.2.0,cup
syclnn,64,auto,True,Clang 22.1.0 /opt/sycl/bin/clang++,AMD Ryzen Threadripper 2950X 16-Core Processor ,cpu,2026.21.6.0.17_160000,float,,,,,,,,,,,,,,3,57.108434045251414,59.640581129614176,7d2a071c4c34ad3209aec7f92f64895d8344121c,v0.2.0-9-gda3d659,,,,06c179eb2eec,80c886e7594b,24.563545832993224,0.0066166630009925065,784-512-256-10,True,2.5293188723323206,train,60000,{},,,,,,,,,,,,,,,,,,,,,23721.801413150075,1,2.429458327,24696.863219749313,370.8508287589129,,,16,2026-09-06T09:39:43+00:00,0.2.0,mnist-512-256
syclnn,1024,auto,True,Clang 22.1.0 /opt/sycl/bin/clang++,AMD Ryzen Threadripper 2950X 16-Core Processor ,cpu,2026.21.6.0.17_160000,float,,,,,,,,,,,,,,3,184.17970230615393,185.1395825366288,7d2a071c4c34ad3209aec7f92f64895d8344121c,v0.2.0-9-gda3d659,,,,06c179eb2eec,e9cba01b8344,87.61278113399811,0.0325033325001034,784-512-256-10,True,0.7842636196680056,train,60000,{},,,,,,,,,,,,,,,,,,,,,76504.88750887003,1,0.683682624,87760.01889438102,75.22980605038886,,,16,2026-09-06T09:40:07+00:00,0.2.0,mnist-512-256
syclnn,64,auto,True,Clang 22.1.0 /opt/sycl/bin/clang++,AMD Ryzen Threadripper 2950X 16-Core Processor ,cpu,2026.21.6.0.17_160000,double,,,,,,,,,,,,,,3,34.60348898716326,36.13778291786701,7d2a071c4c34ad3209aec7f92f64895d8344121c,v0.2.0-9-gda3d659,,,,06c179eb2eec,600214a8565f,12.281772916496612,0.01032816733398434,784-512-256-10,True,4.174302772000374,train,60000,{},,,,,,,,,,,,,,,,,,,,,14373.657896225699,1,3.9874477295,15047.219191390783,224.70818511099512,,,16,2026-09-06T09:40:51+00:00,0.2.0,mnist-512-256
syclnn,256,auto,True,Clang 22.1.0 /opt/sycl/bin/clang++,AMD Ryzen Threadripper 2950X 16-Core Processor ,cpu,2026.21.6.0.17_160000,double,,,,,,,,,,,,,,3,66.16735681924024,67.0305814470013,7d2a071c4c34ad3209aec7f92f64895d8344121c,v0.2.0-9-gda3d659,,,,06c179eb2eec,6271d4cbf53a,28.94651789149673,0.004277503667253768,784-512-256-10,True,2.183031738665401,train,60000,{},,,,,,,,,,,,,,,,,,,,,27484.71263028043,1,2.0001357029999998,29997.964593105415,107.6484578019317,,,16,2026-09-06T09:41:15+00:00,0.2.0,mnist-512-256
syclnn,1024,auto,True,Clang 22.1.0 /opt/sycl/bin/clang++,AMD Ryzen Threadripper 2950X 16-Core Processor ,cpu,2026.21.6.0.17_160000,double,,,,,,,,,,,,,,3,88.34690550798878,88.80733869882862,7d2a071c4c34ad3209aec7f92f64895d8344121c,v0.2.0-9-gda3d659,,,,06c179eb2eec,f703b303b87d,43.806390566999056,0.0160761661669917,784-512-256-10,True,1.6349801860002724,train,60000,{},,,,,,,,,,,,,,,,,,,,,36697.69243306904,1,1.4669183835,40902.07108649273,36.08606422585122,,,16,2026-09-06T09:41:34+00:00,0.2.0,mnist-512-256
syclnn,64,auto,True,Clang 22.1.0 /opt/sycl/bin/clang++,AMD Ryzen Threadripper 2950X 16-Core Processor ,cpu,2026.21.6.0.17_160000,float,,,,,,,,,,,,,,3,88.10130464605076,91.47360334423234,7d2a071c4c34ad3209aec7f92f64895d8344121c,v0.2.0-9-gda3d659,,,,06c179eb2eec,57d92a9f5c40,27.300586878582358,0.017703620665997732,784-1024-1024-10,True,6.513519888331454,train,60000,{},,,,,,,,,,,,,,,,,,,,,9211.609241799673,1,6.438121093,9319.4892008534,144.00815781346822,,,16,2026-09-06T09:42:42+00:00,0.2.0,mnist
syclnn,256,auto,True,Clang 22.1.0 /opt/sycl/bin/clang++,AMD Ryzen Threadripper 2950X 16-Core Processor ,cpu,2026.21.6.0.17_160000,float,,,,,,,,,,,,,,3,174.74298422004185,176.6441763632586,7d2a071c4c34ad3209aec7f92f64895d8344121c,v0.2.0-9-gda3d659,,,,06c179eb2eec,0ce86267feed,75.80495846807432,0.023992454333589652,784-1024-1024-10,True,3.283963602666821,train,60000,{},,,,,,,,,,,,,,,,,,,,,18270.60444618679,1,3.186048388,18832.105697448056,71.55986741423159,,,16,2026-09-06T09:43:18+00:00,0.2.0,mnist
syclnn,1024,auto,True,Clang 22.1.0 /opt/sycl/bin/clang++,AMD Ryzen Threadripper 2950X 16-Core Processor ,cpu,2026.21.6.0.17_160000,float,,,,,,,,,,,,,,3,217.0961975885459,217.96909724145914,7d2a071c4c34ad3209aec7f92f64895d8344121c,v0.2.0-9-gda3d659,,,,06c179eb2eec,cdf88b93e2b4,136.3814738763404,0.021096204333541202,784-1024-1024-10,True,2.643296411333722,train,60000,{},,,,,,,,,,,,,,,,,,,,,22698.9299205101,1,2.5448489945,23577.037431169276,22.320614421834932,,,16,2026-09-06T09:43:46+00:00,0.2.0,mnist
syclnn,64,auto,True,Clang 22.1.0 /opt/sycl/bin/clang++,AMD Ryzen Threadripper 2950X 16-Core Processor ,cpu,2026.21.6.0.17_160000,double,,,,,,,,,,,,,,3,51.060106271308115,53.014560074228775,7d2a071c4c34ad3209aec7f92f64895d8344121c,v0.2.0-9-gda3d659,,,,06c179eb2eec,14b407021909,13.650293439291179,0.04287751550024588,784-1024-1024-10,True,11.238707513667274,train,60000,{},,,,,,,,,,,,,,,,,,,,,5338.692187427659,1,11.023790357,5442.77404204268,83.46155453011906,,,16,2026-09-06T09:45:42+00:00,0.2.0,mnist
syclnn,256,auto,True,Clang 22.1.0 /opt/sycl/bin/clang++,AMD Ryzen Threadripper 2950X 16-Core Processor ,cpu,2026.21.6.0.17_160000,double,,,,,,,,,,,,,,3,85.0119501654049,85.93687457627843,7d2a071c4c34ad3209aec7f92f64895d8344121c,v0.2.0-9-gda3d659,,,,06c179eb2eec,3e592dc5b7b5,37.90247923403716,0.012901704999723762,784-1024-1024-10,True,6.750222749666136,train,60000,{},,,,,,,,,,,,,,,,,,,,,8888.595565674863,1,6.565645012,9138.47761953902,34.81366596555988,,,16,2026-09-06T09:46:53+00:00,0.2.0,mnist
syclnn,1024,auto,True,Clang 22.1.0 /opt/sycl/bin/clang++,AMD Ryzen Threadripper 2950X 16-Core Processor ,cpu,2026.21.6.0.17_160000,double,,,,,,,,,,,,,,3,108.81064037659785,109.24814582935576,7d2a071c4c34ad3209aec7f92f64895d8344121c,v0.2.0-9-gda3d659,,,,06c179eb2eec,23e46080c2f7,68.1907369381702,0.0033581004997049746,784-1024-1024-10,True,5.273837172668816,train,60000,{},,,,,,,,,,,,,,,,,,,,,11376.91552385132,1,5.13692934,11680.129514882523,11.187300265120465,,,16,2026-09-06T09:47:48+00:00,0.2.0,mnist
syclnn,40,auto,True,Clang 22.1.0 /opt/sycl/bin/clang++,AMD Ryzen Threadripper 2950X 16-Core Processor ,cpu,2026.21.6.0.17_160000,float,,,,,,,,,,,,,,5,0.029549855792696474,0.03651867531486247,7d2a071c4c34ad3209aec7f92f64895d8344121c,v0.2.0-9-gda3d659,,,,06c179eb2eec,53322825559f,1.2191103789126854,5.976210013614036e-05,17-4-1,True,0.001242104200355243,train,124,"{""memory"": ""shared""}",,,,,,,,,,,,,,,,,,,,,99830.59389424486,1,0.0011713125,105864.14812443306,3220.3417385240273,,,16,2026-09-06T10:26:09+00:00,0.2.0,monk
syclnn,40,auto,True,Clang 22.1.0 /opt/sycl/bin/clang++,AMD Ryzen Threadripper 2950X 16-Core Processor ,cpu,2026.21.6.0.17_160000,float,,,,,,,,,,,,,,5,2.3683612980975237,2.582508855610571,7d2a071c4c34ad3209aec7f92f64895d8344121c,v0.2.0-9-gda3d659,,,,06c179eb2eec,e089b616455b,6.563354603463993,0.00013410430037765625,12-64-64-3,True,0.012160306800797115,train,1000,"{""memory"": ""shared""}",,,,,,,,,,,,,,,,,,,,,82234.76729505291,1,0.011916917499999999,83914.3176077203,2055.8691823763224,,,16,2026-09-06T10:26:09+00:00,0.2.0,cup
syclnn,256,auto,True,Clang 22.1.0 /opt/sycl/bin/clang++,AMD Ryzen Threadripper 2950X 16-Core Processor ,cpu,2026.21.6.0.17_160000,float,,,,,,,,,,,,,,3,124.09426820297776,125.71321194844782,7d2a071c4c34ad3209aec7f92f64895d8344121c,v0.2.0-9-gda3d659,,,,06c179eb2eec,e498262fb0af,57.89303578299346,0.006134379999517936,784-512-256-10,True,1.1639976776665815,train,60000,"{""memory"": ""shared""}",,,,,,,,,,,,,,,,,,,,,51546.49459462801,1,1.0808204595,55513.38288669766,201.89043716229304,,,16,2026-09-06T10:26:22+00:00,0.2.0,mnist-512-256
syclnn,40,auto,True,Clang 22.1.0 /opt/sycl/bin/clang++,AMD Ryzen Threadripper 2950X 16-Core Processor ,cpu,2026.21.6.0.17_160000,float,,,,,,,,,,,,,,5,0.03238425741759631,0.040021521263681574,7d2a071c4c34ad3209aec7f92f64895d8344121c,v0.2.0-9-gda3d659,,,,06c179eb2eec,d761fdc7ca87,1.2191103789126854,5.9357099962653505e-05,17-4-1,True,0.001133390200266149,train,124,"{""loss_reduction"": false}",,,,,,,,,,,,,,,,,,,,,109406.275059447,1,0.0009899969999999998,125252.90480678226,3529.2346793369998,,,16,2026-09-06T10:26:23+00:00,0.2.0,monk
syclnn,40,auto,True,Clang 22.1.0 /opt/sycl/bin/clang++,AMD Ryzen Threadripper 2950X 16-Core Processor ,cpu,2026.21.6.0.17_160000,float,,,,,,,,,,,,,,5,2.534237415571925,2.7633835146653576,7d2a071c4c34ad3209aec7f92f64895d8344121c,v0.2.0-9-gda3d659,,,,06c179eb2eec,ce1f4639c7c8,6.563354603463993,8.004709961824223e-05,12-64-64-3,True,0.01136436539964052,train,1000,"{""loss_reduction"": false}",,,,,,,,,,,,,,,,,,,,,87994.3547073585,1,0.011178976,89453.63153118854,2199.8588676839627,,,16,2026-09-06T10:26:23+00:00,0.2.0,cup
syclnn,256,auto,True,Clang 22.1.0 /opt/sycl/bin/clang++,AMD Ryzen Threadripper 2950X 16-Core Processor ,cpu,2026.21.6.0.17_160000,float,,,,,,,,,,,,,,3,126.7617987595771,128.4155433219825,7d2a071c4c34ad3209aec7f92f64895d8344121c,v0.2.0-9-gda3d659,,,,06c179eb2eec,ae1264c1cc8a,57.89303578299346,0.007432807332709901,784-512-256-10,True,1.1395029213332843,train,60000,"{""loss_reduction"": false}",,,,,,,,,,,,,,,,,,,,,52654.53811193088,1,1.0538721485,56932.90223619568,206.2302742717293,,,16,2026-09-06T10:26:36+00:00,0.2.0,mnist-512-256
syclnn,40,auto,True,Clang 22.1.0 /opt/sycl/bin/clang++,AMD Ryzen Threadripper 2950X 16-Core Processor ,cpu,2026.21.6.0.17_160000,float,,,,,,,,,,,,,,5,0.028934999080207024,0.03575881534105794,7d2a071c4c34ad3209aec7f92f64895d8344121c,v0.2.0-9-gda3d659,,,,06c179eb2eec,d88ab4718af2,1.2191103789126854,2.8590099827852144e-05,17-4-1,True,0.0012684983987128362,train,124,"{""bias_gemv"": false}",,,,,,,,,,,,,,,,,,,,,97753.37527096967,1,0.001131652,109574.32143450461,3153.3346861603122,,,16,2026-09-06T10:26:37+00:00,0.2.0,monk
syclnn,40,auto,True,Clang 22.1.0 /opt/sycl/bin/clang++,AMD Ryzen Threadripper 2950X 16-Core Processor ,cpu,2026.21.6.0.17_160000,float,,,,,,,,,,,,,,5,2.3208775701972324,2.5307316424385733,7d2a071c4c34ad3209aec7f92f64895d8344121c,v0.2.0-9-gda3d659,,,,06c179eb2eec,3e8c9860cf63,6.563354603463993,0.0007192033997853297,12-64-64-3,True,0.01240909920015838,train,1000,"{""bias_gemv"": false}",,,,,,,,,,,,,,,,,,,,,80586.02674295945,1,0.012145297999999999,82336.39059329793,2014.6506685739864,,,16,2026-09-06T10:26:37+00:00,0.2.0,cup
syclnn,256,auto,True,Clang 22.1.0 /opt/sycl/bin/clang++,AMD Ryzen Threadripper 2950X 16-Core Processor ,cpu,2026.21.6.0.17_160000,float,,,,,,,,,,,,,,3,128.15517464802824,129.82709730368776,7d2a071c4c34ad3209aec7f92f64895d8344121c,v0.2.0-9-gda3d659,,,,06c179eb2eec,dcd176f4e47c,57.89303578299346,0.011157312666910002,784-512-256-10,True,1.127113598001112,train,60000,"{""bias_gemv"": false}",,,,,,,,,,,,,,,,,,,,,53233.3210302914,1,1.044445666,57446.74132239637,208.49717403530798,,,16,2026-09-06T10:26:50+00:00,0.2.0,mnist-512-256
syclnn,40,auto,True,Clang 22.1.0 /opt/sycl/bin/clang++,AMD Ryzen Threadripper 2950X 16-Core Processor ,cpu,2026.21.6.0.17_160000,float,,,,,,,,,,,,,,5,0.020170852117834134,0.024927796754167297,7d2a071c4c34ad3209aec7f92f64895d8344121c,v0.2.0-9-gda3d659,,,,06c179eb2eec,1345eca6ae72,1.2191103789126854,8.760930068092416e-05,17-4-1,True,0.0018196554010501131,train,124,"{""direct_input"": false}",,,,,,,,,,,,,,,,,,,,,68144.77066835857,1,0.001692883,73247.82634121791,2198.218408656728,,,16,2026-09-06T10:26:51+00:00,0.2.0,monk
syclnn,40,auto,True,Clang 22.1.0 /opt/sycl/bin/clang++,AMD Ryzen Threadripper 2950X 16-Core Processor ,cpu,2026.21.6.0.17_160000,float,,,,,,,,,,,,,,5,2.186305939261284,2.3839920259428915,7d2a071c4c34ad3209aec7f92f64895d8344121c,v0.2.0-9-gda3d659,,,,06c179eb2eec,e6b12ba7e798,6.563354603463993,0.00015251420045387862,12-64-64-3,True,0.013172904799284879,train,1000,"{""direct_input"": false}",,,,,,,,,,,,,,,,,,,,,75913.40066879458,1,0.012984144,77017.01398259292,1897.8350167198644,,,16,2026-09-06T10:26:51+00:00,0.2.0,cup
syclnn,256,auto,True,Clang 22.1.0 /opt/sycl/bin/clang++,AMD Ryzen Threadripper 2950X 16-Core Processor ,cpu,2026.21.6.0.17_160000,float,,,,,,,,,,,,,,3,121.51171428317973,123.09696582371286,7d2a071c4c34ad3209aec7f92f64895d8344121c,v0.2.0-9-gda3d659,,,,06c179eb2eec,593ca46bb6d3,57.89303578299346,0.007654712833755184,784-512-256-10,True,1.1887367473342845,train,60000,"{""direct_input"": false}",,,,,,,,,,,,,,,,,,,,,50473.748821636626,1,1.0934304030000002,54873.17696250302,197.68884955141013,,,16,2026-09-06T10:27:04+00:00,0.2.0,mnist-512-256
syclnn,40,auto,True,Clang 22.1.0 /opt/sycl/bin/clang++,AMD Ryzen Threadripper 2950X 16-Core Processor ,cpu,2026.21.6.0.17_160000,float,,,,,,,,,,,,,,5,0.02912793022743259,0.0359972459436667,7d2a071c4c34ad3209aec7f92f64895d8344121c,v0.2.0-9-gda3d659,,,,06c179eb2eec,2231eb9185c4,1.2191103789126854,9.857209952315307e-05,17-4-1,True,0.0012600963993463666,train,124,"{""fine_deps"": false}",,,,,,,,,,,,,,,,,,,,,98405.16968727227,1,0.001152033,107635.80557154179,3174.360312492654,,,16,2026-09-06T10:27:05+00:00,0.2.0,monk
syclnn,40,auto,True,Clang 22.1.0 /opt/sycl/bin/clang++,AMD Ryzen Threadripper 2950X 16-Core Processor ,cpu,2026.21.6.0.17_160000,float,,,,,,,,,,,,,,5,2.1078906558956407,2.2984864217643155,7d2a071c4c34ad3209aec7f92f64895d8344121c,v0.2.0-9-gda3d659,,,,06c179eb2eec,a917a89fd48c,6.563354603463993,0.00011260419923928705,12-64-64-3,True,0.013662947800185066,train,1000,"{""fine_deps"": false}",,,,,,,,,,,,,,,,,,,,,73190.64777415419,1,0.013411059999999999,74565.32145855734,1829.7661943538549,,,16,2026-09-06T10:27:05+00:00,0.2.0,cup
syclnn,256,auto,True,Clang 22.1.0 /opt/sycl/bin/clang++,AMD Ryzen Threadripper 2950X 16-Core Processor ,cpu,2026.21.6.0.17_160000,float,,,,,,,,,,,,,,3,118.04744686224095,119.58750329300001,7d2a071c4c34ad3209aec7f92f64895d8344121c,v0.2.0-9-gda3d659,,,,06c179eb2eec,6bc75d21a4bf,57.89303578299346,0.02252546233285102,784-512-256-10,True,1.223621889667508,train,60000,"{""fine_deps"": false}",,,,,,,,,,,,,,,,,,,,,49034.755349386294,1,1.1386742585,52692.85711177777,192.0527917850963,,,16,2026-09-06T10:27:19+00:00,0.2.0,mnist-512-256
syclnn,40,auto,True,Clang 22.1.0 /opt/sycl/bin/clang++,AMD Ryzen Threadripper 2950X 16-Core Processor ,cpu,2026.21.6.0.17_160000,float,,,,,,,,,,,,,,5,0.025182557054794996,0.031121425130925816,7d2a071c4c34ad3209aec7f92f64895d8344121c,v0.2.0-9-gda3d659,,,,06c179eb2eec,15047ce9de41,1.2191103789126854,5.4807199194328816e-05,17-4-1,True,0.001457516801019665,train,124,"{""fine_deps"": false, ""join_kernels"": true}",,,,,,,,,,,,,,,,,,,,,85076.20626619931,1,0.0012649325,98028.94620859216,2744.3937505225585,,,16,2026-09-06T10:27:20+00:00,0.2.0,monk
syclnn,40,auto,True,Clang 22.1.0 /opt/sycl/bin/clang++,AMD Ryzen Threadripper 2950X 16-Core Processor ,cpu,2026.21.6.0.17_160000,float,,,,,,,,,,,,,,5,2.032427292794737,2.2161996508908057,7d2a071c4c34ad3209aec7f92f64895d8344121c,v0.2.0-9-gda3d659,,,,06c179eb2eec,06f9ba15644f,6.563354603463993,0.00033965469992836006,12-64-64-3,True,0.014170248599839397,train,1000,"{""fine_deps"": false, ""join_kernels"": true}",,,,,,,,,,,,,,,,,,,,,70570.39211092837,1,0.013757536,72687.43472668361,1764.2598027732092,,,16,2026-09-06T10:27:20+00:00,0.2.0,cup
syclnn,256,auto,True,Clang 22.1.0 /opt/sycl/bin/clang++,AMD Ryzen Threadripper 2950X 16-Core Processor ,cpu,2026.21.6.0.17_160000,float,,,,,,,,,,,,,,3,115.39868944850747,116.90418997825411,7d2a071c4c34ad3209aec7f92f64895d8344121c,v0.2.0-9-gda3d659,,,,06c179eb2eec,c37de39f571f,57.89303578299346,0.007512162666292177,784-512-256-10,True,1.251707802664896,train,60000,"{""fine_deps"": false, ""join_kernels"": true}",,,,,,,,,,,,,,,,,,,,,47934.50985306596,1,1.173398953,51133.503951575454,187.74349692450835,,,16,2026-09-06T10:27:34+00:00,0.2.0,mnist-512-256
syclnn,40,auto,True,Clang 22.1.0 /opt/sycl/bin/clang++,AMD Ryzen Threadripper 2950X 16-Core Processor ,cpu,2026.21.6.0.17_160000,float,,,,,,,,,,,,,,5,0.028780308975761767,0.03556764426603514,7d2a071c4c34ad3209aec7f92f64895d8344121c,v0.2.0-9-gda3d659,,,,06c179eb2eec,3fc966535582,1.2191103789126854,8.857520006131368e-05,17-4-1,True,0.0012753163988236337,train,124,"{""queue"": ""in_order""}",,,,,,,,,,,,,,,,,,,,,97230.77356676273,1,0.0011802474999999999,105062.7093046162,3136.4765666697654,,,16,2026-09-06T10:27:35+00:00,0.2.0,monk
syclnn,40,auto,True,Clang 22.1.0 /opt/sycl/bin/clang++,AMD Ryzen Threadripper 2950X 16-Core Processor ,cpu,2026.21.6.0.17_160000,float,,,,,,,,,,,,,,5,1.5688271774617564,1.7106807487405122,7d2a071c4c34ad3209aec7f92f64895d8344121c,v0.2.0-9-gda3d659,,,,06c179eb2eec,615fef858aa3,6.563354603463993,0.00010704719970817261,12-64-64-3,True,0.01835766259900993,train,1000,"{""queue"": ""in_order""}",,,,,,,,,,,,,,,,,,,,,54473.16588408877,1,0.017936644,55751.78946518646,1361.8291471022192,,,16,2026-09-06T10:27:35+00:00,0.2.0,cup
syclnn,256,auto,True,Clang 22.1.0 /opt/sycl/bin/clang++,AMD Ryzen Threadripper 2950X 16-Core Processor ,cpu,2026.21.6.0.17_160000,float,,,,,,,,,,,,,,3,115.45677025857512,116.963028515214,7d2a071c4c34ad3209aec7f92f64895d8344121c,v0.2.0-9-gda3d659,,,,06c179eb2eec,9c2673cc92c3,57.89303578299346,0.012786182332396034,784-512-256-10,True,1.25107812799979,train,60000,"{""queue"": ""in_order""}",,,,,,,,,,,,,,,,,,,,,47958.63556173533,1,1.160255984,51712.726180604644,187.8379892834634,,,16,2026-09-06T10:27:49+00:00,0.2.0,mnist-512-256
syclnn,40,auto,True,Clang 22.1.0 /opt/sycl/bin/clang++,AMD Ryzen Threadripper 2950X 16-Core Processor ,cpu,2026.21.6.0.17_160000,float,,,,,,,,,,,,,,5,0.02811820680510952,0.0347493968145098,7d2a071c4c34ad3209aec7f92f64895d8344121c,v0.2.0-9-gda3d659,,,,06c179eb2eec,6038d74d5867,1.2191103789126854,7.592609981656997e-05,17-4-1,True,0.0013053463990218006,train,124,"{""specialized_kernels"": false}",,,,,,,,,,,,,,,,,,,,,94993.94190915379,1,0.001172337,105771.63392437498,3064.320706746896,,,16,2026-09-06T10:27:50+00:00,0.2.0,monk
syclnn,40,auto,True,Clang 22.1.0 /opt/sycl/bin/clang++,AMD Ryzen Threadripper 2950X 16-Core Processor ,cpu,2026.21.6.0.17_160000,float,,,,,,,,,,,,,,5,2.3080060707640153,2.5166963002388965,7d2a071c4c34ad3209aec7f92f64895d8344121c,v0.2.0-9-gda3d659,,,,06c179eb2eec,1c06971f6867,6.563354603463993,0.0001591432999703095,12-64-64-3,True,0.012478303399984726,train,1000,"{""specialized_kernels"": false}",,,,,,,,,,,,,,,,,,,,,80139.09967930609,1,0.012255967999999999,81592.90233133768,2003.4774919826523,,,16,2026-09-06T10:27:50+00:00,0.2.0,cup
syclnn,256,auto,True,Clang 22.1.0 /opt/sycl/bin/clang++,AMD Ryzen Threadripper 2950X 16-Core Processor ,cpu,2026.21.6.0.17_160000,float,,,,,,,,,,,,,,3,123.29467093755011,124.90318307316015,7d2a071c4c34ad3209aec7f92f64895d8344121c,v0.2.0-9-gda3d659,,,,06c179eb2eec,2a9ca3d9a5e1,57.89303578299346,0.004734072333424821,784-512-256-10,True,1.1715464983329487,train,60000,"{""specialized_kernels"": false}",,,,,,,,,,,,,,,,,,,,,51214.356481263836,1,1.0853790975000002,55280.22433654799,200.58956288495003,,,16,2026-09-06T10:28:03+00:00,0.2.0,mnist-512-256
syclnn,40,auto,True,Clang 22.1.0 /opt/sycl/bin/clang++,AMD Ryzen Threadripper 2950X 16-Core Processor ,cpu,2026.21.6.0.17_160000,float,,,,,,,,,,,,,,5,0.028418822091096876,0.03512090698703559,7d2a071c4c34ad3209aec7f92f64895d8344121c,v0.2.0-9-gda3d659,,,,06c179eb2eec,80706326bf28,1.2191103789126854,4.626609952538283e-05,17-4-1,True,0.0012915383995277807,train,124,"{""derivative_from_output"": false}",,,,,,,,,,,,,,,,,,,,,96009.53409154351,1,0.001159532,106939.6963602557,3097.0817448885,,,16,2026-09-06T10:28:04+00:00,0.2.0,monk
syclnn,40,auto,True,Clang 22.1.0 /opt/sycl/bin/clang++,AMD Ryzen Threadripper 2950X 16-Core Processor ,cpu,2026.21.6.0.17_160000,float,,,,,,,,,,,,,,5,2.2533917065647326,2.457143697643386,7d2a071c4c34ad3209aec7f92f64895d8344121c,v0.2.0-9-gda3d659,,,,06c179eb2eec,8afbf78876e8,6.563354603463993,5.6858199241104426e-05,12-64-64-3,True,0.012780734000261872,train,1000,"{""derivative_from_output"": false}",,,,,,,,,,,,,,,,,,,,,78242.76758905321,1,0.012478288,80139.19858236963,1956.0691897263303,,,16,2026-09-06T10:28:04+00:00,0.2.0,cup
syclnn,256,auto,True,Clang 22.1.0 /opt/sycl/bin/clang++,AMD Ryzen Threadripper 2950X 16-Core Processor ,cpu,2026.21.6.0.17_160000,float,,,,,,,,,,,,,,3,124.22732536137775,125.84800498117548,7d2a071c4c34ad3209aec7f92f64895d8344121c,v0.2.0-9-gda3d659,,,,06c179eb2eec,3177cfab811a,57.89303578299346,0.010468674832130542,784-512-256-10,True,1.1627509453319362,train,60000,"{""derivative_from_output"": false}",,,,,,,,,,,,,,,,,,,,,51601.76411025966,1,1.091309144,54979.83805036275,202.10690943185034,,,16,2026-09-06T10:28:18+00:00,0.2.0,mnist-512-256
syclnn,40,auto,True,Clang 22.1.0 /opt/sycl/bin/clang++,AMD Ryzen Threadripper 2950X 16-Core Processor ,cpu,2026.21.6.0.17_160000,float,,,,,,,,,,,,,,5,0.027497785432181697,0.03398265985188976,7d2a071c4c34ad3209aec7f92f64895d8344121c,v0.2.0-9-gda3d659,,,,06c179eb2eec,1f937ef5d2dc,1.2191103789126854,5.908009989070702e-05,17-4-1,True,0.0013347984000574797,train,124,"{""host_adam_correction"": false}",,,,,,,,,,,,,,,,,,,,,92897.92375737059,1,0.001184482,104687.1121722407,2996.7072179796965,,,16,2026-09-06T10:28:18+00:00,0.2.0,monk
syclnn,40,auto,True,Clang 22.1.0 /opt/sycl/bin/clang++,AMD Ryzen Threadripper 2950X 16-Core Processor ,cpu,2026.21.6.0.17_160000,float,,,,,,,,,,,,,,5,2.2778870680077405,2.483853933070204,7d2a071c4c34ad3209aec7f92f64895d8344121c,v0.2.0-9-gda3d659,,,,06c179eb2eec,f02fb304c0d2,6.563354603463993,0.0001377871994918678,12-64-64-3,True,0.012643295800080523,train,1000,"{""host_adam_correction"": false}",,,,,,,,,,,,,,,,,,,,,79093.30097249098,1,0.0124118085,80568.436098575,1977.3325243122745,,,16,2026-09-06T10:28:19+00:00,0.2.0,cup
syclnn,256,auto,True,Clang 22.1.0 /opt/sycl/bin/clang++,AMD Ryzen Threadripper 2950X 16-Core Processor ,cpu,2026.21.6.0.17_160000,float,,,,,,,,,,,,,,3,108.26688867560424,109.67934716221359,7d2a071c4c34ad3209aec7f92f64895d8344121c,v0.2.0-9-gda3d659,,,,06c179eb2eec,39ca3839b404,57.89303578299346,0.010646493166859727,784-512-256-10,True,1.3341608110010081,train,60000,"{""host_adam_correction"": false}",,,,,,,,,,,,,,,,,,,,,44972.089949923335,1,1.236934193,48507.02675983022,176.1406856371997,,,16,2026-09-06T10:28:33+00:00,0.2.0,mnist-512-256
syclnn,40,auto,True,Clang 22.1.0 /opt/sycl/bin/clang++,AMD Ryzen Threadripper 2950X 16-Core Processor ,cpu,2026.21.6.0.17_160000,float,,,,,,,,,,,,,,5,0.02123249349204809,0.026239807781149236,7d2a071c4c34ad3209aec7f92f64895d8344121c,v0.2.0-9-gda3d659,,,,06c179eb2eec,2faeba1f5c27,1.2191103789126854,2.9627000185428014e-05,17-4-1,True,0.0017286711998167447,train,124,"{""workgroup_size"": 256}",,,,,,,,,,,,,,,,,,,,,71731.3969325949,1,0.001546098,80201.90181993638,2313.9160300837066,,,16,2026-09-06T10:28:36+00:00,0.2.0,monk
syclnn,40,auto,True,Clang 22.1.0 /opt/sycl/bin/clang++,AMD Ryzen Threadripper 2950X 16-Core Processor ,cpu,2026.21.6.0.17_160000,float,,,,,,,,,,,,,,5,2.502969756243222,2.729288629237423,7d2a071c4c34ad3209aec7f92f64895d8344121c,v0.2.0-9-gda3d659,,,,06c179eb2eec,7cafe6e6c77b,6.563354603463993,0.0005982242000754923,12-64-64-3,True,0.011506331599957776,train,1000,"{""workgroup_size"": 256}",,,,,,,,,,,,,,,,,,,,,86908.67209177856,1,0.0112764815,88680.1437132673,2172.716802294464,,,16,2026-09-06T10:28:37+00:00,0.2.0,cup
syclnn,256,auto,True,Clang 22.1.0 /opt/sycl/bin/clang++,AMD Ryzen Threadripper 2950X 16-Core Processor ,cpu,2026.21.6.0.17_160000,float,,,,,,,,,,,,,,3,124.1364595039792,125.75595368053574,7d2a071c4c34ad3209aec7f92f64895d8344121c,v0.2.0-9-gda3d659,,,,06c179eb2eec,7b9de6f8583f,57.89303578299346,0.005941939500189619,784-512-256-10,True,1.1636020600005093,train,60000,"{""workgroup_size"": 256}",,,,,,,,,,,,,,,,,,,,,51564.02009117597,1,1.069153907,56119.14206847677,201.95907869043918,,,16,2026-09-06T10:28:50+00:00,0.2.0,mnist-512-256
syclnn,40,auto,True,Clang 22.1.0 /opt/sycl/bin/clang++,AMD Ryzen Threadripper 2950X 16-Core Processor ,cpu,2026.21.6.0.17_160000,float,,,,,,,,,,,,,,5,0.026798705384390064,0.03311871393406531,7d2a071c4c34ad3209aec7f92f64895d8344121c,v0.2.0-9-gda3d659,,,,06c179eb2eec,29a168220377,1.2191103789126854,4.4293999235378405e-05,17-4-1,True,0.0013696184003492817,train,124,"{""persistent_workspace"": false}",,,,,,,,,,,,,,,,,,,,,90536.16683915562,1,0.001211877,102320.61504591636,2920.521510940504,,,16,2026-09-06T10:28:50+00:00,0.2.0,monk
syclnn,40,auto,True,Clang 22.1.0 /opt/sycl/bin/clang++,AMD Ryzen Threadripper 2950X 16-Core Processor ,cpu,2026.21.6.0.17_160000,float,,,,,,,,,,,,,,5,1.6161899493298453,1.7623260690190758,7d2a071c4c34ad3209aec7f92f64895d8344121c,v0.2.0-9-gda3d659,,,,06c179eb2eec,dace18eba513,6.563354603463993,0.002958819600462447,12-64-64-3,True,0.017819687600422185,train,1000,"{""persistent_workspace"": false}",,,,,,,,,,,,,,,,,,,,,56117.70657395296,1,0.017635913500000003,56702.4781562917,1402.9426643488239,,,16,2026-09-06T10:28:51+00:00,0.2.0,cup
syclnn,256,auto,True,Clang 22.1.0 /opt/sycl/bin/clang++,AMD Ryzen Threadripper 2950X 16-Core Processor ,cpu,2026.21.6.0.17_160000,float,,,,,,,,,,,,,,3,124.62265428657571,126.2484913991418,7d2a071c4c34ad3209aec7f92f64895d8344121c,v0.2.0-9-gda3d659,,,,06c179eb2eec,73b8d19d74ea,57.89303578299346,0.012113995999243343,784-512-256-10,True,1.1590624580009414,train,60000,"{""persistent_workspace"": false}",,,,,,,,,,,,,,,,,,,,,51765.97653200089,1,1.065099779,56332.75039858965,202.7500747503368,,,16,2026-09-06T10:29:04+00:00,0.2.0,mnist-512-256
syclnn,40,auto,True,Clang 22.1.0 /opt/sycl/bin/clang++,AMD Ryzen Threadripper 2950X 16-Core Processor ,cpu,2026.21.6.0.17_160000,float,,,,,,,,,,,,,,5,0.02104798119634448,0.026011781469763122,7d2a071c4c34ad3209aec7f92f64895d8344121c,v0.2.0-9-gda3d659,,,,06c179eb2eec,d0c8ad73bf70,1.2191103789126854,0.0001826353996875695,17-4-1,True,0.0017438251990824938,train,124,"{""pinned_host"": false}",,,,,,,,,,,,,,,,,,,,,71108.04458224487,1,0.001628623,76137.9398424313,2293.8078897498344,,,16,2026-09-06T10:29:05+00:00,0.2.0,monk
syclnn,40,auto,True,Clang 22.1.0 /opt/sycl/bin/clang++,AMD Ryzen Threadripper 2950X 16-Core Processor ,cpu,2026.21.6.0.17_160000,float,,,,,,,,,,,,,,5,2.3464338101359554,2.5585986811420334,7d2a071c4c34ad3209aec7f92f64895d8344121c,v0.2.0-9-gda3d659,,,,06c179eb2eec,ec06d61b25b2,6.563354603463993,5.9504199452931755e-05,12-64-64-3,True,0.012273945199558512,train,1000,"{""pinned_host"": false}",,,,,,,,,,,,,,,,,,,,,81473.39618527623,1,0.0119456175,83712.70886582464,2036.8349046319058,,,16,2026-09-06T10:29:05+00:00,0.2.0,cup
syclnn,256,auto,True,Clang 22.1.0 /opt/sycl/bin/clang++,AMD Ryzen Threadripper 2950X 16-Core Processor ,cpu,2026.21.6.0.17_160000,float,,,,,,,,,,,,,,3,127.8560003968405,129.5240200012973,7d2a071c4c34ad3209aec7f92f64895d8344121c,v0.2.0-9-gda3d659,,,,06c179eb2eec,f266d1aa4cbf,57.89303578299346,0.007427697500436814,784-512-256-10,True,1.1297509663345409,train,60000,"{""pinned_host"": false}",,,,,,,,,,,,,,,,,,,,,53109.04950554638,1,1.0740936465000002,55861.051031736075,208.01044389672336,,,16,2026-09-06T10:29:18+00:00,0.2.0,mnist-512-256
syclnn,40,auto,True,Clang 22.1.0 /opt/sycl/bin/clang++,AMD Ryzen Threadripper 2950X 16-Core Processor ,cpu,2026.21.6.0.17_160000,float,,,,,,,,,,,,,,5,0.02559063652500117,0.03162574304637242,7d2a071c4c34ad3209aec7f92f64895d8344121c,v0.2.0-9-gda3d659,,,,06c179eb2eec,c5683df7ea2e,1.2191103789126854,2.344309978070643e-05,17-4-1,True,0.001434274601342622,train,124,"{""bias_gemv"": false, ""derivative_from_output"": false, ""direct_input"": false, ""fine_deps"": false, ""host_adam_correction"": false, ""join_kernels"": true, ""loss_reduction"": false, ""memory"": ""shared"", ""persistent_workspace"": false, ""pinned_host"": false, ""specialized_kernels"": false}",,,,,,,,,,,,,,,,,,,,,86454.85312500395,1,0.0012546175000000001,98834.90386512222,2788.866229838837,,,16,2026-09-06T10:29:18+00:00,0.2.0,monk
syclnn,40,auto,True,Clang 22.1.0 /opt/sycl/bin/clang++,AMD Ryzen Threadripper 2950X 16-Core Processor ,cpu,2026.21.6.0.17_160000,float,,,,,,,,,,,,,,5,1.9218164752013704,2.0955873878080333,7d2a071c4c34ad3209aec7f92f64895d8344121c,v0.2.0-9-gda3d659,,,,06c179eb2eec,2817c7422d24,6.563354603463993,0.000509237900405423,12-64-64-3,True,0.014985822200833354,train,1000,"{""bias_gemv"": false, ""derivative_from_output"": false, ""direct_input"": false, ""fine_deps"": false, ""host_adam_correction"": false, ""join_kernels"": true, ""loss_reduction"": false, ""memory"": ""shared"", ""persistent_workspace"": false, ""pinned_host"": false, ""specialized_kernels"": false}",,,,,,,,,,,,,,,,,,,,,66729.7387222698,1,0.014740832499999999,67838.77369205574,1668.243468056745,,,16,2026-09-06T10:29:19+00:00,0.2.0,cup
syclnn,256,auto,True,Clang 22.1.0 /opt/sycl/bin/clang++,AMD Ryzen Threadripper 2950X 16-Core Processor ,cpu,2026.21.6.0.17_160000,float,,,,,,,,,,,,,,3,103.28109953384578,104.62851301665143,7d2a071c4c34ad3209aec7f92f64895d8344121c,v0.2.0-9-gda3d659,,,,06c179eb2eec,d9b7f0aeb449,57.89303578299346,0.015427240833863154,784-512-256-10,True,1.3985660556669852,train,60000,"{""bias_gemv"": false, ""derivative_from_output"": false, ""direct_input"": false, ""fine_deps"": false, ""host_adam_correction"": false, ""join_kernels"": true, ""loss_reduction"": false, ""memory"": ""shared"", ""persistent_workspace"": false, ""pinned_host"": false, ""specialized_kernels"": false}",,,,,,,,,,,,,,,,,,,,,42901.08411889463,1,1.3310934505,45075.7232540376,168.0292461323373,,,16,2026-09-06T10:29:34+00:00,0.2.0,mnist-512-256
syclnn,40,auto,True,Clang 22.1.0 /opt/sycl/bin/clang++,AMD Ryzen Threadripper 2950X 16-Core Processor ,cpu,2026.21.6.0.17_160000,float,,,,,,,,,,,,,,5,0.015375034987237711,0.019000969567924547,7d2a071c4c34ad3209aec7f92f64895d8344121c,v0.2.0-9-gda3d659,,,,06c179eb2eec,f787faace69d,1.2191103789126854,8.496720038237955e-05,17-4-1,True,0.002387246600119397,train,124,"{""blas_queue"": ""dedicated""}",,,,,,,,,,,,,,,,,,,,,51942.68576769497,1,0.0023010390000000004,53888.69984385314,1675.5705086353216,,,16,2026-09-06T10:29:35+00:00,0.2.0,monk
syclnn,40,auto,True,Clang 22.1.0 /opt/sycl/bin/clang++,AMD Ryzen Threadripper 2950X 16-Core Processor ,cpu,2026.21.6.0.17_160000,float,,,,,,,,,,,,,,5,0.9586712624820571,1.0453544511844712,7d2a071c4c34ad3209aec7f92f64895d8344121c,v0.2.0-9-gda3d659,,,,06c179eb2eec,c8206c80cc37,6.563354603463993,0.0010455390009155956,12-64-64-3,True,0.030041580599208827,train,1000,"{""blas_queue"": ""dedicated""}",,,,,,,,,,,,,,,,,,,,,33287.19661396032,1,0.030241412000000002,33067.23905616576,832.179915349008,,,16,2026-09-06T10:29:35+00:00,0.2.0,cup
syclnn,256,auto,True,Clang 22.1.0 /opt/sycl/bin/clang++,AMD Ryzen Threadripper 2950X 16-Core Processor ,cpu,2026.21.6.0.17_160000,float,,,,,,,,,,,,,,3,105.51836544319808,106.8949664759474,7d2a071c4c34ad3209aec7f92f64895d8344121c,v0.2.0-9-gda3d659,,,,06c179eb2eec,9d8840a3f89d,57.89303578299346,0.019494080000489022,784-512-256-10,True,1.3689127896674715,train,60000,"{""blas_queue"": ""dedicated""}",,,,,,,,,,,,,,,,,,,,,43830.40355300856,1,1.2630271770000001,47504.91604029831,171.66908058261686,,,16,2026-09-06T10:29:50+00:00,0.2.0,mnist-512-256
syclnn,40,auto,True,Clang 22.1.0 /opt/sycl/bin/clang++,AMD Ryzen Threadripper 2950X 16-Core Processor ,cpu,2026.21.6.0.17_160000,float,,,,,,,,,,,,,,5,0.01889786871934292,0.02335460236239633,7d2a071c4c34ad3209aec7f92f64895d8344121c,v0.2.0-9-gda3d659,,,,06c179eb2eec,5f4aa66cab63,1.2191103789126854,4.559809967759039e-05,17-4-1,True,0.0019422295998083427,train,124,"{""sync_ops"": true}",,,,,,,,,,,,,,,,,,,,,63844.15107886122,1,0.0018162084999999999,68274.0995871344,2059.4887444793944,,,16,2026-09-06T10:29:51+00:00,0.2.0,monk
syclnn,40,auto,True,Clang 22.1.0 /opt/sycl/bin/clang++,AMD Ryzen Threadripper 2950X 16-Core Processor ,cpu,2026.21.6.0.17_160000,float,,,,,,,,,,,,,,5,1.3934584191273385,1.5194551229207238,7d2a071c4c34ad3209aec7f92f64895d8344121c,v0.2.0-9-gda3d659,,,,06c179eb2eec,1c178d506684,6.563354603463993,0.00037471870018634945,12-64-64-3,True,0.020668001000012738,train,1000,"{""sync_ops"": true}",,,,,,,,,,,,,,,,,,,,,48383.97288636592,1,0.0204882785,48808.395493062046,1209.599322159148,,,16,2026-09-06T10:29:52+00:00,0.2.0,cup
syclnn,256,auto,True,Clang 22.1.0 /opt/sycl/bin/clang++,AMD Ryzen Threadripper 2950X 16-Core Processor ,cpu,2026.21.6.0.17_160000,float,,,,,,,,,,,,,,3,114.27396870054467,115.76479603348147,7d2a071c4c34ad3209aec7f92f64895d8344121c,v0.2.0-9-gda3d659,,,,06c179eb2eec,036be49bcc65,57.89303578299346,0.014109525000094436,784-512-256-10,True,1.2640275089991821,train,60000,"{""sync_ops"": true}",,,,,,,,,,,,,,,,,,,,,47467.32137776507,1,1.181034358,50802.92507459804,185.9136753962465,,,16,2026-09-06T10:30:06+00:00,0.2.0,mnist-512-256
syclnn,64,auto,True,AdaptiveCpp 25.10.0 $HOME/.local/opt/fnn-rocm/acpp/bin/acpp / host Clang 18.1.3 $HOME/.local/opt/fnn-rocm/acpp/bin/acpp,AdaptiveCpp OpenMP host device,cpu,1.2,float,,,,,,,,,,,,,,3,57.20115223053912,59.737410372865014,7d2a071c4c34ad3209aec7f92f64895d8344121c,v0.2.0-9-gda3d659,,,,ws-amd,80c886e7594b,24.563545832993224,0.08030878700083122,784-512-256-10,True,2.5252190623335387,train,60000,{},,,,,,,,,,,,,,,,,,,,,23760.314855438475,1,2.4359342120000003,24631.207076293565,371.4529222400215,,,16,2026-09-06T13:57:38+00:00,0.2.0,mnist-512-256
syclnn,1024,auto,True,AdaptiveCpp 25.10.0 $HOME/.local/opt/fnn-rocm/acpp/bin/acpp / host Clang 18.1.3 $HOME/.local/opt/fnn-rocm/acpp/bin/acpp,AdaptiveCpp OpenMP host device,cpu,1.2,float,,,,,,,,,,,,,,3,153.01090832850315,153.8083476994681,7d2a071c4c34ad3209aec7f92f64895d8344121c,v0.2.0-9-gda3d659,,,,ws-amd,e9cba01b8344,87.61278113399811,0.015996645665533493,784-512-256-10,True,0.9440205379990706,train,60000,{},,,,,,,,,,,,,,,,,,,,,63557.939244812354,1,0.8071684,74333.93081295055,62.49864025739881,,,16,2026-09-06T13:58:05+00:00,0.2.0,mnist-512-256
syclnn,64,auto,True,AdaptiveCpp 25.10.0 $HOME/.local/opt/fnn-rocm/acpp/bin/acpp / host Clang 18.1.3 $HOME/.local/opt/fnn-rocm/acpp/bin/acpp,AdaptiveCpp OpenMP host device,cpu,1.2,float,,,,,,,,,,,,,,3,84.62634143100354,87.86562718489999,7d2a071c4c34ad3209aec7f92f64895d8344121c,v0.2.0-9-gda3d659,,,,ws-amd,57d92a9f5c40,27.300586878582358,0.08553825549946215,784-1024-1024-10,True,6.7809808423286695,train,60000,{},,,,,,,,,,,,,,,,,,,,,8848.277468277773,1,6.6354617625,9042.324731503566,138.32807108740917,,,16,2026-09-06T13:59:16+00:00,0.2.0,mnist
syclnn,256,auto,True,AdaptiveCpp 25.10.0 $HOME/.local/opt/fnn-rocm/acpp/bin/acpp / host Clang 18.1.3 $HOME/.local/opt/fnn-rocm/acpp/bin/acpp,AdaptiveCpp OpenMP host device,cpu,1.2,float,,,,,,,,,,,,,,3,149.70266446161895,151.33141957738746,7d2a071c4c34ad3209aec7f92f64895d8344121c,v0.2.0-9-gda3d659,,,,ws-amd,0ce86267feed,75.80495846807432,0.021092978999756262,784-1024-1024-10,True,3.833262434331118,train,60000,{},,,,,,,,,,,,,,,,,,,,,15652.463411488196,1,3.7010424795,16211.648564516294,61.305481694995436,,,16,2026-09-06T13:59:57+00:00,0.2.0,mnist
syclnn,1024,auto,True,AdaptiveCpp 25.10.0 $HOME/.local/opt/fnn-rocm/acpp/bin/acpp / host Clang 18.1.3 $HOME/.local/opt/fnn-rocm/acpp/bin/acpp,AdaptiveCpp OpenMP host device,cpu,1.2,float,,,,,,,,,,,,,,3,183.11458973011017,183.8508562497187,7d2a071c4c34ad3209aec7f92f64895d8344121c,v0.2.0-9-gda3d659,,,,ws-amd,cdf88b93e2b4,136.3814738763404,0.00713452766649425,784-1024-1024-10,True,3.1338278443339127,train,60000,{},,,,,,,,,,,,,,,,,,,,,19145.914511061106,1,3.003502422,19976.67774812269,18.826815935876752,,,16,2026-09-06T14:00:31+00:00,0.2.0,mnist
syclnn,1,auto,True,AdaptiveCpp 25.10.0 $HOME/.local/opt/fnn-rocm/acpp/bin/acpp / host Clang 18.1.3 $HOME/.local/opt/fnn-rocm/acpp/bin/acpp,AdaptiveCpp OpenMP host device,cpu,1.2,float,,,,,,,,,,,,,,3,0.0047561572639260785,0.00541673466169359,7d2a071c4c34ad3209aec7f92f64895d8344121c,v0.2.0-9-gda3d659,,,,ws-amd,d0a420e6a3dc,0.3673469387755102,7.678849942749366e-05,17-4-1,True,0.0037542913341894746,infer,124,{},,,,,,,,,,,,,,,,,,,,,33028.86988837555,1,,,33028.86988837555,,,16,2026-09-06T14:00:32+00:00,0.2.0,monk
syclnn,124,auto,True,AdaptiveCpp 25.10.0 $HOME/.local/opt/fnn-rocm/acpp/bin/acpp / host Clang 18.1.3 $HOME/.local/opt/fnn-rocm/acpp/bin/acpp,AdaptiveCpp OpenMP host device,cpu,1.2,float,,,,,,,,,,,,,,3,0.09050911542316249,0.10307982589860172,7d2a071c4c34ad3209aec7f92f64895d8344121c,v0.2.0-9-gda3d659,,,,ws-amd,02ac32cb8347,1.354368932038835,9.233165959206756e-06,17-4-1,True,0.0001972839963855222,infer,124,{},,,,,,,,,,,,,,,,,,,,,628535.5237719618,1,,,5068.834869128724,,,16,2026-09-06T14:00:32+00:00,0.2.0,monk
syclnn,1,auto,True,AdaptiveCpp 25.10.0 $HOME/.local/opt/fnn-rocm/acpp/bin/acpp / host Clang 18.1.3 $HOME/.local/opt/fnn-rocm/acpp/bin/acpp,AdaptiveCpp OpenMP host device,cpu,1.2,float,,,,,,,,,,,,,,3,0.1455316140524646,0.1530730070274934,7d2a071c4c34ad3209aec7f92f64895d8344121c,v0.2.0-9-gda3d659,,,,ws-amd,f90a61515044,0.4745635442087479,0.0036872111644091488,12-64-64-3,True,0.142301561999678,infer,2048,{},,,,,,,,,,,,,,,,,,,,,14391.971326390882,1,,,14391.971326390882,,,16,2026-09-06T14:00:34+00:00,0.2.0,cup
syclnn,1000,auto,True,AdaptiveCpp 25.10.0 $HOME/.local/opt/fnn-rocm/acpp/bin/acpp / host Clang 18.1.3 $HOME/.local/opt/fnn-rocm/acpp/bin/acpp,AdaptiveCpp OpenMP host device,cpu,1.2,float,,,,,,,,,,,,,,3,7.645421391843264,8.041604225044004,7d2a071c4c34ad3209aec7f92f64895d8344121c,v0.2.0-9-gda3d659,,,,ws-amd,a0960b233872,9.157562233749674,0.00020649083307944238,12-64-64-3,True,0.0013226216688053682,infer,1000,{},,,,,,,,,,,,,,,,,,,,,756074.1091617153,1,,,756.0741091617152,,,16,2026-09-06T14:00:34+00:00,0.2.0,cup
syclnn,1,auto,True,AdaptiveCpp 25.10.0 $HOME/.local/opt/fnn-rocm/acpp/bin/acpp / host Clang 18.1.3 $HOME/.local/opt/fnn-rocm/acpp/bin/acpp,AdaptiveCpp OpenMP host device,cpu,1.2,float,,,,,,,,,,,,,,3,4.662843917157909,4.676404370834453,7d2a071c4c34ad3209aec7f92f64895d8344121c,v0.2.0-9-gda3d659,,,,ws-amd,dcdf6c6a0f02,0.49783203379422,0.04593981433329947,784-512-256-10,True,0.469997254665941,infer,2048,{},,,,,,,,,,,,,,,,,,,,,4357.472261100021,1,,,4357.472261100021,,,16,2026-09-06T14:00:40+00:00,0.2.0,mnist-512-256
syclnn,4096,auto,True,AdaptiveCpp 25.10.0 $HOME/.local/opt/fnn-rocm/acpp/bin/acpp / host Clang 18.1.3 $HOME/.local/opt/fnn-rocm/acpp/bin/acpp,AdaptiveCpp OpenMP host device,cpu,1.2,float,,,,,,,,,,,,,,3,93.66063763743833,93.9330209212374,7d2a071c4c34ad3209aec7f92f64895d8344121c,v0.2.0-9-gda3d659,,,,ws-amd,287f9ff03300,108.72034544069088,0.011174541832588147,784-512-256-10,True,0.6855046220007353,infer,60000,{},,,,,,,,,,,,,,,,,,,,,87526.7621462305,1,,,21.881690536557624,,,16,2026-09-06T14:00:49+00:00,0.2.0,mnist-512-256
syclnn,1,auto,True,AdaptiveCpp 25.10.0 $HOME/.local/opt/fnn-rocm/acpp/bin/acpp / host Clang 18.1.3 $HOME/.local/opt/fnn-rocm/acpp/bin/acpp,AdaptiveCpp OpenMP host device,cpu,1.2,float,,,,,,,,,,,,,,3,10.948159894109505,10.972365873660864,7d2a071c4c34ad3209aec7f92f64895d8344121c,v0.2.0-9-gda3d659,,,,ws-amd,20a919e8a82e,0.49869007705240015,0.07879683950159233,784-1024-1024-10,True,0.6964864183343403,infer,2048,{},,,,,,,,,,,,,,,,,,,,,2940.4737064332544,1,,,2940.4737064332544,,,16,2026-09-06T14:00:58+00:00,0.2.0,mnist
syclnn,4096,auto,True,AdaptiveCpp 25.10.0 $HOME/.local/opt/fnn-rocm/acpp/bin/acpp / host Clang 18.1.3 $HOME/.local/opt/fnn-rocm/acpp/bin/acpp,AdaptiveCpp OpenMP host device,cpu,1.2,float,,,,,,,,,,,,,,3,156.2948789150845,156.64044115381617,7d2a071c4c34ad3209aec7f92f64895d8344121c,v0.2.0-9-gda3d659,,,,ws-amd,f3d81c8328f2,174.16334549536907,0.016368279000744224,784-1024-1024-10,True,1.4293228386668488,infer,60000,{},,,,,,,,,,,,,,,,,,,,,41977.92015690655,1,,,10.494480039226637,,,16,2026-09-06T14:01:14+00:00,0.2.0,mnist
syclnn,40,generic,True,Clang 22.1.0 /opt/sycl/bin/clang++,AMD Ryzen Threadripper 2950X 16-Core Processor ,cpu,2026.21.6.0.17_160000,float,,,,,,,,,,,,,,5,0.020809391429011163,0.0257169244556437,7d2a071c4c34ad3209aec7f92f64895d8344121c,v0.2.0-9-gda3d659,,,,c7b5005e728b,423c2189bba7,1.2191103789126854,2.0316001609899104e-05,17-4-1,True,0.0017638190009165555,train,124,"{""blas"": ""generic""}",,,,,,,,,,,,,,,,,,,,,70301.99807098365,1,0.0017131295,72382.15207898761,2267.8063893865697,,,16,2026-09-06T11:46:00+00:00,0.2.0,monk
syclnn,40,generic,True,Clang 22.1.0 /opt/sycl/bin/clang++,AMD Ryzen Threadripper 2950X 16-Core Processor ,cpu,2026.21.6.0.17_160000,double,,,,,,,,,,,,,,5,0.02162993946684623,0.02673098447624632,7d2a071c4c34ad3209aec7f92f64895d8344121c,v0.2.0-9-gda3d659,,,,c7b5005e728b,2796599c5f80,0.6095551894563427,1.2190002598799678e-05,17-4-1,True,0.0016969071992207318,train,124,"{""blas"": ""generic""}",,,,,,,,,,,,,,,,,,,,,73074.11982042644,1,0.0016444889999999998,75403.36238187061,2357.2296716266596,,,16,2026-09-06T11:46:01+00:00,0.2.0,monk
syclnn,40,generic,True,Clang 22.1.0 /opt/sycl/bin/clang++,AMD Ryzen Threadripper 2950X 16-Core Processor ,cpu,2026.21.6.0.17_160000,float,,,,,,,,,,,,,,5,2.286667826194993,2.493428648632298,7d2a071c4c34ad3209aec7f92f64895d8344121c,v0.2.0-9-gda3d659,,,,c7b5005e728b,c1b1ec5ff6b3,6.563354603463993,6.848200282547588e-05,12-64-64-3,True,0.012594745800015517,train,1000,"{""blas"": ""generic""}",,,,,,,,,,,,,,,,,,,,,79398.18840954837,1,0.012517074,79890.87545539797,1984.9547102387091,,,16,2026-09-06T11:46:01+00:00,0.2.0,cup
syclnn,40,generic,True,Clang 22.1.0 /opt/sycl/bin/clang++,AMD Ryzen Threadripper 2950X 16-Core Processor ,cpu,2026.21.6.0.17_160000,double,,,,,,,,,,,,,,5,2.4962023056605878,2.7219092648331826,7d2a071c4c34ad3209aec7f92f64895d8344121c,v0.2.0-9-gda3d659,,,,c7b5005e728b,8e571fed8c10,3.2816773017319965,0.0002878140017855916,12-64-64-3,True,0.011537526399479248,train,1000,"{""blas"": ""generic""}",,,,,,,,,,,,,,,,,,,,,86673.69116877041,1,0.0113727245,87929.67771267123,2166.8422792192605,,,16,2026-09-06T11:46:02+00:00,0.2.0,cup
syclnn,64,generic,True,Clang 22.1.0 /opt/sycl/bin/clang++,AMD Ryzen Threadripper 2950X 16-Core Processor ,cpu,2026.21.6.0.17_160000,float,,,,,,,,,,,,,,3,3.5867802690948904,3.745815538621664,7d2a071c4c34ad3209aec7f92f64895d8344121c,v0.2.0-9-gda3d659,,,,c7b5005e728b,3571ddb56f40,24.563545832993224,0.29679924283603754,784-512-256-10,True,40.2716166486692,train,60000,"{""blas"": ""generic""}",,,,,,,,,,,,,,,,,,,,,1489.8830738145382,1,40.2762687265,1489.7109860755959,23.291838720633947,,,16,2026-09-06T11:53:02+00:00,0.2.0,mnist-512-256
syclnn,256,generic,True,Clang 22.1.0 /opt/sycl/bin/clang++,AMD Ryzen Threadripper 2950X 16-Core Processor ,cpu,2026.21.6.0.17_160000,float,,,,,,,,,,,,,,3,4.75236568153565,4.81436542421292,7d2a071c4c34ad3209aec7f92f64895d8344121c,v0.2.0-9-gda3d659,,,,c7b5005e728b,6428bdeeb6f3,57.89303578299346,0.01775789416812401,784-512-256-10,True,30.39442872866736,train,60000,"{""blas"": ""generic""}",,,,,,,,,,,,,,,,,,,,,1974.0459850594036,1,30.261346779500002,1982.727353055083,7.731680108149331,,,16,2026-09-06T11:58:12+00:00,0.2.0,mnist-512-256
syclnn,1024,generic,True,Clang 22.1.0 /opt/sycl/bin/clang++,AMD Ryzen Threadripper 2950X 16-Core Processor ,cpu,2026.21.6.0.17_160000,float,,,,,,,,,,,,,,3,6.295707032154561,6.32851805661252,7d2a071c4c34ad3209aec7f92f64895d8344121c,v0.2.0-9-gda3d659,,,,c7b5005e728b,ee5df2f70721,87.61278113399811,0.02123687100053573,784-512-256-10,True,22.943481846004335,train,60000,"{""blas"": ""generic""}",,,,,,,,,,,,,,,,,,,,,2615.121819901505,1,22.911781165999997,2618.7400955556072,2.5715364562364798,,,16,2026-09-06T12:02:06+00:00,0.2.0,mnist-512-256
syclnn,64,generic,True,Clang 22.1.0 /opt/sycl/bin/clang++,AMD Ryzen Threadripper 2950X 16-Core Processor ,cpu,2026.21.6.0.17_160000,double,,,,,,,,,,,,,,3,3.342411337295296,3.490611463318136,7d2a071c4c34ad3209aec7f92f64895d8344121c,v0.2.0-9-gda3d659,,,,c7b5005e728b,fb7e89d7d62b,12.281772916496612,0.20534117483233416,784-512-256-10,True,43.21593766399989,train,60000,"{""blas"": ""generic""}",,,,,,,,,,,,,,,,,,,,,1388.3766786803221,1,43.100945306,1392.0808366040064,21.7049554100357,,,16,2026-09-06T12:09:27+00:00,0.2.0,mnist-512-256
syclnn,256,generic,True,Clang 22.1.0 /opt/sycl/bin/clang++,AMD Ryzen Threadripper 2950X 16-Core Processor ,cpu,2026.21.6.0.17_160000,double,,,,,,,,,,,,,,3,4.439484993932154,4.497402870141219,7d2a071c4c34ad3209aec7f92f64895d8344121c,v0.2.0-9-gda3d659,,,,c7b5005e728b,21a89ffc449d,28.94651789149673,0.06531133466583583,784-512-256-10,True,32.53653074566682,train,60000,"{""blas"": ""generic""}",,,,,,,,,,,,,,,,,,,,,1844.0810567362266,1,32.3588352265,1854.2076554987832,7.222650805550221,,,16,2026-09-06T12:14:59+00:00,0.2.0,mnist-512-256
syclnn,1024,generic,True,Clang 22.1.0 /opt/sycl/bin/clang++,AMD Ryzen Threadripper 2950X 16-Core Processor ,cpu,2026.21.6.0.17_160000,double,,,,,,,,,,,,,,3,5.876482985620766,5.907109160883245,7d2a071c4c34ad3209aec7f92f64895d8344121c,v0.2.0-9-gda3d659,,,,c7b5005e728b,6fb47ca1be8f,43.806390566999056,0.040500077334097995,784-512-256-10,True,24.580253249000332,train,60000,"{""blas"": ""generic""}",,,,,,,,,,,,,,,,,,,,,2440.983800784891,1,24.3573029935,2463.3269133291,2.400300737438476,,,16,2026-09-06T12:19:10+00:00,0.2.0,mnist-512-256
syclnn,64,generic,True,Clang 22.1.0 /opt/sycl/bin/clang++,AMD Ryzen Threadripper 2950X 16-Core Processor ,cpu,2026.21.6.0.17_160000,float,,,,,,,,,,,,,,3,4.876523617746944,5.063184806407525,7d2a071c4c34ad3209aec7f92f64895d8344121c,v0.2.0-9-gda3d659,,,,c7b5005e728b,209a7d01535f,27.300586878582358,0.1935805343333925,784-1024-1024-10,True,117.67596037300245,train,60000,"{""blas"": ""generic""}",,,,,,,,,,,,,,,,,,,,,509.8747425541756,1,117.709314654,509.730263712491,7.971041808596945,,,16,2026-09-06T12:39:05+00:00,0.2.0,mnist
syclnn,256,generic,True,Clang 22.1.0 /opt/sycl/bin/clang++,AMD Ryzen Threadripper 2950X 16-Core Processor ,cpu,2026.21.6.0.17_160000,float,,,,,,,,,,,,,,3,6.246238924709354,6.314197592242229,7d2a071c4c34ad3209aec7f92f64895d8344121c,v0.2.0-9-gda3d659,,,,c7b5005e728b,7a35bad642a0,75.80495846807432,0.07261570850096177,784-1024-1024-10,True,91.87122153299667,train,60000,"{""blas"": ""generic""}",,,,,,,,,,,,,,,,,,,,,653.0880835022997,1,91.805232135,653.5575217735927,2.5579283270506736,,,16,2026-09-06T12:54:38+00:00,0.2.0,mnist
syclnn,1024,generic,True,Clang 22.1.0 /opt/sycl/bin/clang++,AMD Ryzen Threadripper 2950X 16-Core Processor ,cpu,2026.21.6.0.17_160000,float,,,,,,,,,,,,,,3,8.953646716936131,8.989647509203962,7d2a071c4c34ad3209aec7f92f64895d8344121c,v0.2.0-9-gda3d659,,,,c7b5005e728b,b3130e1603b2,136.3814738763404,0.04863425083506456,784-1024-1024-10,True,64.09115951766823,train,60000,"{""blas"": ""generic""}",,,,,,,,,,,,,,,,,,,,,936.1665548188373,1,63.9817008175,937.7681310964628,0.92056377890519,,,16,2026-09-06T13:05:30+00:00,0.2.0,mnist
syclnn,64,generic,True,Clang 22.1.0 /opt/sycl/bin/clang++,AMD Ryzen Threadripper 2950X 16-Core Processor ,cpu,2026.21.6.0.17_160000,double,,,,,,,,,,,,,,3,4.538065433013153,4.711771284629042,7d2a071c4c34ad3209aec7f92f64895d8344121c,v0.2.0-9-gda3d659,,,,c7b5005e728b,bd6c16c693d9,13.650293439291179,0.2983586403352092,784-1024-1024-10,True,126.45247374033109,train,60000,"{""blas"": ""generic""}",,,,,,,,,,,,,,,,,,,,,474.4865657844655,1,126.3482322605,474.8780329296121,7.417806645097143,,,16,2026-09-06T13:26:56+00:00,0.2.0,mnist
syclnn,256,generic,True,Clang 22.1.0 /opt/sycl/bin/clang++,AMD Ryzen Threadripper 2950X 16-Core Processor ,cpu,2026.21.6.0.17_160000,double,,,,,,,,,,,,,,3,5.797186358260454,5.8602593634874305,7d2a071c4c34ad3209aec7f92f64895d8344121c,v0.2.0-9-gda3d659,,,,c7b5005e728b,1fdcd3ed0c7b,37.90247923403716,0.16543655150113068,784-1024-1024-10,True,98.98760614833736,train,60000,"{""blas"": ""generic""}",,,,,,,,,,,,,,,,,,,,,606.13648854269,1,98.80577066449999,607.2519813011028,2.374034580125536,,,16,2026-09-06T13:43:41+00:00,0.2.0,mnist
syclnn,1024,generic,True,Clang 22.1.0 /opt/sycl/bin/clang++,AMD Ryzen Threadripper 2950X 16-Core Processor ,cpu,2026.21.6.0.17_160000,double,,,,,,,,,,,,,,3,8.370495792877584,8.404151853893275,7d2a071c4c34ad3209aec7f92f64895d8344121c,v0.2.0-9-gda3d659,,,,c7b5005e728b,95b7e6b0e9a4,68.1907369381702,0.0528348071675282,784-1024-1024-10,True,68.55622584366938,train,60000,"{""blas"": ""generic""}",,,,,,,,,,,,,,,,,,,,,875.1940361597447,1,68.4047031895,877.1326707431704,0.8606074688904155,,,16,2026-09-06T13:55:18+00:00,0.2.0,mnist
syclnn,256,mklcpu,True,Clang 22.1.0 /opt/sycl/bin/clang++,AMD Ryzen Threadripper 2950X 16-Core Processor ,cpu,2026.21.6.0.17_160000,float,,,,,,,,,,,,,,3,28.161541147954416,28.528938865548472,7d2a071c4c34ad3209aec7f92f64895d8344121c,v0.2.0-9-gda3d659,,,,06c179eb2eec,bfea3ebf40fe,57.89303578299346,0.044760412667528726,784-512-256-10,True,5.129173834667502,train,60000,"{""blas"": ""mklcpu""}",,,,,,,,,,,,,,,,,,,,,11697.790313610903,1,4.9640031055,12087.019029766801,45.81634539497604,,1,1,2026-09-06T09:34:30+00:00,0.2.0,mnist-512-256
syclnn,256,mklcpu,True,Clang 22.1.0 /opt/sycl/bin/clang++,AMD Ryzen Threadripper 2950X 16-Core Processor ,cpu,2026.21.6.0.17_160000,float,,,,,,,,,,,,,,3,36.36213896989077,36.836522342384086,7d2a071c4c34ad3209aec7f92f64895d8344121c,v0.2.0-9-gda3d659,,,,06c179eb2eec,8695215069e7,57.89303578299346,0.1634633376658403,784-512-256-10,True,3.9724131773327827,train,60000,"{""blas"": ""mklcpu""}",,,,,,,,,,,,,,,,,,,,,15104.169007989774,1,3.928046483,15274.76832559672,59.15799528129328,,2,2,2026-09-06T09:35:14+00:00,0.2.0,mnist-512-256
syclnn,256,mklcpu,True,Clang 22.1.0 /opt/sycl/bin/clang++,AMD Ryzen Threadripper 2950X 16-Core Processor ,cpu,2026.21.6.0.17_160000,float,,,,,,,,,,,,,,3,62.88859903956542,63.70904873116557,7d2a071c4c34ad3209aec7f92f64895d8344121c,v0.2.0-9-gda3d659,,,,06c179eb2eec,47493d0e1560,57.89303578299346,0.012268635999741484,784-512-256-10,True,2.296846204335452,train,60000,"{""blas"": ""mklcpu""}",,,,,,,,,,,,,,,,,,,,,26122.776477913914,1,2.2083945935,27169.05763879285,102.3142078718295,,4,4,2026-09-06T09:35:39+00:00,0.2.0,mnist-512-256
syclnn,256,mklcpu,True,Clang 22.1.0 /opt/sycl/bin/clang++,AMD Ryzen Threadripper 2950X 16-Core Processor ,cpu,2026.21.6.0.17_160000,float,,,,,,,,,,,,,,3,103.12626664753454,104.47166016812503,7d2a071c4c34ad3209aec7f92f64895d8344121c,v0.2.0-9-gda3d659,,,,06c179eb2eec,05d9217be8f2,57.89303578299346,0.008835358666450022,784-512-256-10,True,1.4006658506671859,train,60000,"{""blas"": ""mklcpu""}",,,,,,,,,,,,,,,,,,,,,42836.76936324243,1,1.3133464645,45684.822414961476,167.7773466726995,,8,8,2026-09-06T09:35:56+00:00,0.2.0,mnist-512-256
syclnn,256,mklcpu,True,Clang 22.1.0 /opt/sycl/bin/clang++,AMD Ryzen Threadripper 2950X 16-Core Processor ,cpu,2026.21.6.0.17_160000,float,,,,,,,,,,,,,,3,125.03924884033307,126.67052087875808,7d2a071c4c34ad3209aec7f92f64895d8344121c,v0.2.0-9-gda3d659,,,,06c179eb2eec,ec6778066290,57.89303578299346,0.024281375499413116,784-512-256-10,True,1.155200797666718,train,60000,"{""blas"": ""mklcpu""}",,,,,,,,,,,,,,,,,,,,,51939.02230779998,1,1.067238298,56219.87152488788,203.4278373722166,,16,16,2026-09-06T09:36:10+00:00,0.2.0,mnist-512-256
syclnn,256,mklcpu,True,Clang 22.1.0 /opt/sycl/bin/clang++,AMD Ryzen Threadripper 2950X 16-Core Processor ,cpu,2026.21.6.0.17_160000,float,,,,,,,,,,,,,,3,115.79218922495689,117.30282338425106,7d2a071c4c34ad3209aec7f92f64895d8344121c,v0.2.0-9-gda3d659,,,,06c179eb2eec,8b2f37af1f48,57.89303578299346,0.006925829999090638,784-512-256-10,True,1.2474540896655526,train,60000,"{""blas"": ""mklcpu""}",,,,,,,,,,,,,,,,,,,,,48097.962479794536,1,1.166827367,51421.48847113902,188.38368637919527,,32,32,2026-09-06T09:36:25+00:00,0.2.0,mnist-512-256
syclnn,256,netlib,True,Clang 22.1.0 /opt/sycl/bin/clang++,AMD Ryzen Threadripper 2950X 16-Core Processor ,cpu,2026.21.6.0.17_160000,float,,,,,,,,,,,,,,3,28.21187431390264,28.579928682004265,7d2a071c4c34ad3209aec7f92f64895d8344121c,v0.2.0-9-gda3d659,,,,06c179eb2eec,0453e6f5735c,57.89303578299346,0.1500197471662723,784-512-256-10,True,5.120022809998773,train,60000,"{""blas"": ""netlib""}",,,,,,,,,,,,,,,,,,,,,11718.697792288622,1,4.9401299565,12145.429478237655,45.898233019797104,,1,1,2026-09-06T09:37:19+00:00,0.2.0,mnist-512-256
syclnn,256,netlib,True,Clang 22.1.0 /opt/sycl/bin/clang++,AMD Ryzen Threadripper 2950X 16-Core Processor ,cpu,2026.21.6.0.17_160000,float,,,,,,,,,,,,,,3,36.386370171856846,36.861069666548524,7d2a071c4c34ad3209aec7f92f64895d8344121c,v0.2.0-9-gda3d659,,,,06c179eb2eec,a6e0a9cd6608,57.89303578299346,0.1912668636662902,784-512-256-10,True,3.9697677816657233,train,60000,"{""blas"": ""netlib""}",,,,,,,,,,,,,,,,,,,,,15114.234207126308,1,3.9107217184999996,15342.436593267408,59.19741731124471,,2,2,2026-09-06T09:38:03+00:00,0.2.0,mnist-512-256
syclnn,256,netlib,True,Clang 22.1.0 /opt/sycl/bin/clang++,AMD Ryzen Threadripper 2950X 16-Core Processor ,cpu,2026.21.6.0.17_160000,float,,,,,,,,,,,,,,3,65.91687420513553,66.77683101668455,7d2a071c4c34ad3209aec7f92f64895d8344121c,v0.2.0-9-gda3d659,,,,06c179eb2eec,c90f80588943,57.89303578299346,0.03031496716721449,784-512-256-10,True,2.1913272093346072,train,60000,"{""blas"": ""netlib""}",,,,,,,,,,,,,,,,,,,,,27380.66672307642,1,2.1249818135,28235.53576732764,107.24094466538266,,4,4,2026-09-06T09:38:28+00:00,0.2.0,mnist-512-256
syclnn,256,netlib,True,Clang 22.1.0 /opt/sycl/bin/clang++,AMD Ryzen Threadripper 2950X 16-Core Processor ,cpu,2026.21.6.0.17_160000,float,,,,,,,,,,,,,,3,103.01202210547542,104.35592518263529,7d2a071c4c34ad3209aec7f92f64895d8344121c,v0.2.0-9-gda3d659,,,,06c179eb2eec,361a11b00ebc,57.89303578299346,0.00898941783331475,784-512-256-10,True,1.4022192463332128,train,60000,"{""blas"": ""netlib""}",,,,,,,,,,,,,,,,,,,,,42789.31426515455,1,1.3137177465,45671.91100207916,167.5914808718553,,8,8,2026-09-06T09:38:44+00:00,0.2.0,mnist-512-256
syclnn,256,netlib,True,Clang 22.1.0 /opt/sycl/bin/clang++,AMD Ryzen Threadripper 2950X 16-Core Processor ,cpu,2026.21.6.0.17_160000,float,,,,,,,,,,,,,,3,129.480272862466,131.16948285538504,7d2a071c4c34ad3209aec7f92f64895d8344121c,v0.2.0-9-gda3d659,,,,06c179eb2eec,638630e6c9e3,57.89303578299346,0.0038327761673524474,784-512-256-10,True,1.1155787426663057,train,60000,"{""blas"": ""netlib""}",,,,,,,,,,,,,,,,,,,,,53783.74264876731,1,1.0319388135,58142.98213718656,210.6529920410053,,16,16,2026-09-06T09:38:58+00:00,0.2.0,mnist-512-256
syclnn,256,netlib,True,Clang 22.1.0 /opt/sycl/bin/clang++,AMD Ryzen Threadripper 2950X 16-Core Processor ,cpu,2026.21.6.0.17_160000,float,,,,,,,,,,,,,,3,114.43675696692962,115.92970804860613,7d2a071c4c34ad3209aec7f92f64895d8344121c,v0.2.0-9-gda3d659,,,,06c179eb2eec,b9680eea09cf,57.89303578299346,0.018957937665012192,784-512-256-10,True,1.2622294080016825,train,60000,"{""blas"": ""netlib""}",,,,,,,,,,,,,,,,,,,,,47534.94065313365,1,1.1691224894999999,51320.542149232184,186.1785175581068,,32,32,2026-09-06T09:39:13+00:00,0.2.0,mnist-512-256
syclnn,32,auto,True,Clang 22.1.0 /opt/sycl/bin/clang++,AMD Ryzen Threadripper 2950X 16-Core Processor ,cpu,2026.21.6.0.17_160000,float,,,,,,,,,,,,,,2,17.999592899889592,19.458491332555187,7d2a071c4c34ad3209aec7f92f64895d8344121c,v0.2.0-9-gda3d659,,,,06c179eb2eec,662e1d07c501,12.141714285714286,0.006005883751640795,256-256-256-16,True,0.6189068545027112,train,16384,{},,,,,,,,,,,,,,,,,,,,,26472.481086292813,1,0.608310174,26933.628106637585,827.2650339466504,,,16,2026-09-06T10:30:12+00:00,0.2.0,sweep-w256-d2-b32
syclnn,256,auto,True,Clang 22.1.0 /opt/sycl/bin/clang++,AMD Ryzen Threadripper 2950X 16-Core Processor ,cpu,2026.21.6.0.17_160000,float,,,,,,,,,,,,,,2,78.89888588006414,80.12712645317546,7d2a071c4c34ad3209aec7f92f64895d8344121c,v0.2.0-9-gda3d659,,,,06c179eb2eec,dbf23ca69a67,36.136054421768705,0.004226058001222555,256-256-256-16,True,0.14119428049889393,train,16384,{},,,,,,,,,,,,,,,,,,,,,116038.694641943,1,0.129714784,126307.88484371989,453.27615094508985,,,16,2026-09-06T10:30:14+00:00,0.2.0,sweep-w256-d2-b256
syclnn,4096,auto,True,Clang 22.1.0 /opt/sycl/bin/clang++,AMD Ryzen Threadripper 2950X 16-Core Processor ,cpu,2026.21.6.0.17_160000,float,,,,,,,,,,,,,,2,170.31337404677691,171.4709995315234,7d2a071c4c34ad3209aec7f92f64895d8344121c,v0.2.0-9-gda3d659,,,,06c179eb2eec,e8cce6a06da0,49.1425267418329,0.0007410087491734885,256-256-256-16,True,0.06540925800072728,train,16384,{},,,,,,,,,,,,,,,,,,,,,250484.41919059574,1,0.055756905,293847.01320849854,61.15342265395404,,,16,2026-09-06T10:30:15+00:00,0.2.0,sweep-w256-d2-b4096
syclnn,32,auto,True,Clang 22.1.0 /opt/sycl/bin/clang++,AMD Ryzen Threadripper 2950X 16-Core Processor ,cpu,2026.21.6.0.17_160000,float,,,,,,,,,,,,,,2,20.929702341477803,22.479053656541563,7d2a071c4c34ad3209aec7f92f64895d8344121c,v0.2.0-9-gda3d659,,,,06c179eb2eec,a02e9fb1539f,12.486103542234332,0.027942985250774655,256-256-256-256-256-16,True,1.1478889149984752,train,16384,{},,,,,,,,,,,,,,,,,,,,,14273.158130481435,1,1.138415912,14391.928140934138,446.03619157754486,,,16,2026-09-06T10:30:24+00:00,0.2.0,sweep-w256-d4-b32
syclnn,256,auto,True,Clang 22.1.0 /opt/sycl/bin/clang++,AMD Ryzen Threadripper 2950X 16-Core Processor ,cpu,2026.21.6.0.17_160000,float,,,,,,,,,,,,,,2,89.1399652762246,90.40735303363113,7d2a071c4c34ad3209aec7f92f64895d8344121c,v0.2.0-9-gda3d659,,,,06c179eb2eec,76a3d861aed4,39.36769759450172,0.005352472498998395,256-256-256-256-256-16,True,0.26951966200067545,train,16384,{},,,,,,,,,,,,,,,,,,,,,60789.62803077031,1,0.252664226,64844.95355507907,237.45948449519653,,,16,2026-09-06T10:30:26+00:00,0.2.0,sweep-w256-d4-b256
syclnn,4096,auto,True,Clang 22.1.0 /opt/sycl/bin/clang++,AMD Ryzen Threadripper 2950X 16-Core Processor ,cpu,2026.21.6.0.17_160000,float,,,,,,,,,,,,,,2,180.68954382147746,181.81124409537136,7d2a071c4c34ad3209aec7f92f64895d8344121c,v0.2.0-9-gda3d659,,,,06c179eb2eec,31c982bd0b3e,55.317941753432926,0.0074204162519890815,256-256-256-256-256-16,True,0.13296272049774416,train,16384,{},,,,,,,,,,,,,,,,,,,,,123222.50882553183,1,0.123031692,133168.93991834234,30.083620318733356,,,16,2026-09-06T10:30:28+00:00,0.2.0,sweep-w256-d4-b4096
syclnn,32,auto,True,Clang 22.1.0 /opt/sycl/bin/clang++,AMD Ryzen Threadripper 2950X 16-Core Processor ,cpu,2026.21.6.0.17_160000,float,,,,,,,,,,,,,,2,51.29257286099763,54.843516297106284,7d2a071c4c34ad3209aec7f92f64895d8344121c,v0.2.0-9-gda3d659,,,,06c179eb2eec,6a4720b25404,14.522554042234162,0.011809217252448434,256-1024-1024-16,True,2.375971611996647,train,16384,{},,,,,,,,,,,,,,,,,,,,,6895.705284219162,1,2.368711788,6916.839812678806,215.49079013184883,,,16,2026-09-06T10:30:46+00:00,0.2.0,sweep-w1024-d2-b32
syclnn,256,auto,True,Clang 22.1.0 /opt/sycl/bin/clang++,AMD Ryzen Threadripper 2950X 16-Core Processor ,cpu,2026.21.6.0.17_160000,float,,,,,,,,,,,,,,2,165.14927978224463,166.89920469788132,7d2a071c4c34ad3209aec7f92f64895d8344121c,v0.2.0-9-gda3d659,,,,06c179eb2eec,c0fce6966b6a,70.56709168184578,0.023999387502044556,256-1024-1024-16,True,0.7379365939996205,train,16384,{},,,,,,,,,,,,,,,,,,,,,22202.449550846402,1,0.725117045,22594.97292606051,86.72831855799376,,,16,2026-09-06T10:30:52+00:00,0.2.0,sweep-w1024-d2-b256
syclnn,4096,auto,True,Clang 22.1.0 /opt/sycl/bin/clang++,AMD Ryzen Threadripper 2950X 16-Core Processor ,cpu,2026.21.6.0.17_160000,float,,,,,,,,,,,,,,2,252.23300006275704,252.92496644108448,7d2a071c4c34ad3209aec7f92f64895d8344121c,v0.2.0-9-gda3d659,,,,06c179eb2eec,b29c4a978c5b,146.05592208608232,0.009293234999859123,256-1024-1024-16,True,0.48316317450007773,train,16384,{},,,,,,,,,,,,,,,,,,,,,33909.86909743753,1,0.465446686,35200.59438128645,8.278776635116584,,,16,2026-09-06T10:30:56+00:00,0.2.0,sweep-w1024-d2-b4096
syclnn,32,auto,True,Clang 22.1.0 /opt/sycl/bin/clang++,AMD Ryzen Threadripper 2950X 16-Core Processor ,cpu,2026.21.6.0.17_160000,float,,,,,,,,,,,,,,2,61.94607962459261,66.02564610075497,7d2a071c4c34ad3209aec7f92f64895d8344121c,v0.2.0-9-gda3d659,,,,06c179eb2eec,9fde37a685cb,14.855026354527755,0.010655167750883265,256-1024-1024-1024-1024-16,True,5.295381551502942,train,16384,{},,,,,,,,,,,,,,,,,,,,,3094.016897677538,1,5.298651883,3092.107268372513,96.68802805242306,,,16,2026-09-06T10:31:36+00:00,0.2.0,sweep-w1024-d4-b32
syclnn,256,auto,True,Clang 22.1.0 /opt/sycl/bin/clang++,AMD Ryzen Threadripper 2950X 16-Core Processor ,cpu,2026.21.6.0.17_160000,float,,,,,,,,,,,,,,2,200.6629542475171,202.6033177273329,7d2a071c4c34ad3209aec7f92f64895d8344121c,v0.2.0-9-gda3d659,,,,06c179eb2eec,50556ba4dd19,79.17792963806632,0.057461350750600104,256-1024-1024-1024-1024-16,True,1.6347219070012216,train,16384,{},,,,,,,,,,,,,,,,,,,,,10022.49980857922,1,1.612402455,10161.234838854174,39.150389877262576,,,16,2026-09-06T10:31:49+00:00,0.2.0,sweep-w1024-d4-b256
syclnn,4096,auto,True,Clang 22.1.0 /opt/sycl/bin/clang++,AMD Ryzen Threadripper 2950X 16-Core Processor ,cpu,2026.21.6.0.17_160000,float,,,,,,,,,,,,,,2,256.20846772705534,256.75796412278316,7d2a071c4c34ad3209aec7f92f64895d8344121c,v0.2.0-9-gda3d659,,,,06c179eb2eec,e3b682d980f8,188.48139780087362,0.025743953499841155,256-1024-1024-1024-1024-16,True,1.2803172749991063,train,16384,{},,,,,,,,,,,,,,,,,,,,,12796.82803624706,1,1.220943338,13419.132149767296,3.12422559478688,,,16,2026-09-06T10:32:00+00:00,0.2.0,sweep-w1024-d4-b4096
syclnn,40,auto,True,AdaptiveCpp 25.10.0 $HOME/.local/opt/fnn-rocm/acpp/bin/acpp / host Clang 18.1.3 $HOME/.local/opt/fnn-rocm/acpp/bin/acpp,AMD Radeon RX 7900 XTX,gpu,70253211,float,,,,,,,,,,,,,,5,0.013943607251167077,0.017231964497410057,3cfc82443213ebd19ce89f8affa8d16f4483c7b8,v0.2.0-9-gda3d659,,51.0,2.0,ws-amd,3c5a922f0dd2,1.2191103789126854,0.0001278229989111427,17-4-1,True,0.0026323174010030926,train,124,"{""memory"": ""shared""}",,,,,,,,,,,,,,,,,,,,,47106.781253942834,1,0.00253877,48842.54973865297,1519.5735888368656,,,32,2026-09-05T05:33:41+00:00,0.2.0,monk
syclnn,40,auto,True,AdaptiveCpp 25.10.0 $HOME/.local/opt/fnn-rocm/acpp/bin/acpp / host Clang 18.1.3 $HOME/.local/opt/fnn-rocm/acpp/bin/acpp,AMD Radeon RX 7900 XTX,gpu,70253211,float,,,,,,,,,,,,,,5,1.3828456346233504,1.5078827289678873,3cfc82443213ebd19ce89f8affa8d16f4483c7b8,v0.2.0-9-gda3d659,18.438849669182673,92.0,70.0,ws-amd,c3200a64b601,6.563354603463993,0.001128459701430988,12-64-64-3,True,0.02082661960157566,train,1000,"{""memory"": ""shared""}",,,,,,,,,,,,,,,,,,,,,48015.473424421885,1,0.0212715605,47011.125488419144,1200.3868356105472,,,32,2026-09-05T05:33:42+00:00,0.2.0,cup
syclnn,256,auto,True,AdaptiveCpp 25.10.0 $HOME/.local/opt/fnn-rocm/acpp/bin/acpp / host Clang 18.1.3 $HOME/.local/opt/fnn-rocm/acpp/bin/acpp,AMD Radeon RX 7900 XTX,gpu,70253211,float,,,,,,,,,,,,,,3,123.48320648236619,125.09417826776907,3cfc82443213ebd19ce89f8affa8d16f4483c7b8,v0.2.0-9-gda3d659,1395.5001113773906,132.50943396226415,92.83018867924528,ws-amd,5291c2b36125,57.89303578299346,0.003063227670887958,784-512-256-10,True,1.1697577679976046,train,60000,"{""memory"": ""shared""}",,,,,,,,,,,,,,,,,,,,,51292.670706267854,1,1.097125498,54688.36528672128,200.8962935995491,,,32,2026-09-05T05:33:55+00:00,0.2.0,mnist-512-256
syclnn,40,auto,True,AdaptiveCpp 25.10.0 $HOME/.local/opt/fnn-rocm/acpp/bin/acpp / host Clang 18.1.3 $HOME/.local/opt/fnn-rocm/acpp/bin/acpp,AMD Radeon RX 7900 XTX,gpu,70253211,float,,,,,,,,,,,,,,5,0.01851699004546655,0.022883900077985034,3cfc82443213ebd19ce89f8affa8d16f4483c7b8,v0.2.0-9-gda3d659,,26.0,2.0,ws-amd,2181f4030a8c,1.2191103789126854,0.00023993700160644953,17-4-1,True,0.001982179604237899,train,124,"{""loss_reduction"": false}",,,,,,,,,,,,,,,,,,,,,62557.39880225185,1,0.001925535,64397.68687663429,2017.9806065242533,,,32,2026-09-05T05:33:56+00:00,0.2.0,monk
syclnn,40,auto,True,AdaptiveCpp 25.10.0 $HOME/.local/opt/fnn-rocm/acpp/bin/acpp / host Clang 18.1.3 $HOME/.local/opt/fnn-rocm/acpp/bin/acpp,AMD Radeon RX 7900 XTX,gpu,70253211,float,,,,,,,,,,,,,,5,1.6119798402555836,1.7577352812975824,3cfc82443213ebd19ce89f8affa8d16f4483c7b8,v0.2.0-9-gda3d659,14.741399462756817,73.5,54.5,ws-amd,c7b162076954,6.563354603463993,0.00011286800145171583,12-64-64-3,True,0.01786622839863412,train,1000,"{""loss_reduction"": false}",,,,,,,,,,,,,,,,,,,,,55971.52223109665,1,0.017682271,56553.821621668394,1399.2880557774163,,,32,2026-09-05T05:33:56+00:00,0.2.0,cup
syclnn,256,auto,True,AdaptiveCpp 25.10.0 $HOME/.local/opt/fnn-rocm/acpp/bin/acpp / host Clang 18.1.3 $HOME/.local/opt/fnn-rocm/acpp/bin/acpp,AMD Radeon RX 7900 XTX,gpu,70253211,float,,,,,,,,,,,,,,3,568.8807170382813,576.3023803600814,3cfc82443213ebd19ce89f8affa8d16f4483c7b8,v0.2.0-9-gda3d659,260.6778151211329,124.0909090909091,70.72727272727273,ws-amd,8aa4299c3cbb,57.89303578299346,0.001909856170338231,784-512-256-10,True,0.25391164733446203,train,60000,"{""loss_reduction"": false}",,,,,,,,,,,,,,,,,,,,,236302.66917596626,1,0.19656529,305242.0902998693,925.5187876058679,,,32,2026-09-05T05:34:00+00:00,0.2.0,mnist-512-256
syclnn,40,auto,True,AdaptiveCpp 25.10.0 $HOME/.local/opt/fnn-rocm/acpp/bin/acpp / host Clang 18.1.3 $HOME/.local/opt/fnn-rocm/acpp/bin/acpp,AMD Radeon RX 7900 XTX,gpu,70253211,float,,,,,,,,,,,,,,5,0.018864652633092966,0.023313552839938342,3cfc82443213ebd19ce89f8affa8d16f4483c7b8,v0.2.0-9-gda3d659,,51.0,1.0,ws-amd,7b169a22c343,1.2191103789126854,0.00011012900213245268,17-4-1,True,0.0019456493959296496,train,124,"{""bias_gemv"": false}",,,,,,,,,,,,,,,,,,,,,63731.93457126002,1,0.00189491,65438.46409592012,2055.86885713742,,,32,2026-09-05T05:34:00+00:00,0.2.0,monk
syclnn,40,auto,True,AdaptiveCpp 25.10.0 $HOME/.local/opt/fnn-rocm/acpp/bin/acpp / host Clang 18.1.3 $HOME/.local/opt/fnn-rocm/acpp/bin/acpp,AMD Radeon RX 7900 XTX,gpu,70253211,float,,,,,,,,,,,,,,5,1.7731524112091248,1.933481098501822,3cfc82443213ebd19ce89f8affa8d16f4483c7b8,v0.2.0-9-gda3d659,18.147317743772874,90.5,67.0,ws-amd,bd54f372b6d0,6.563354603463993,2.287899842485716e-05,12-64-64-3,True,0.016242258599959314,train,1000,"{""bias_gemv"": false}",,,,,,,,,,,,,,,,,,,,,61567.792055872385,1,0.0160966115,62124.876406441195,1539.1948013968097,,,32,2026-09-05T05:34:01+00:00,0.2.0,cup
syclnn,256,auto,True,AdaptiveCpp 25.10.0 $HOME/.local/opt/fnn-rocm/acpp/bin/acpp / host Clang 18.1.3 $HOME/.local/opt/fnn-rocm/acpp/bin/acpp,AMD Radeon RX 7900 XTX,gpu,70253211,float,,,,,,,,,,,,,,3,593.2277178919854,600.9670141336927,3cfc82443213ebd19ce89f8affa8d16f4483c7b8,v0.2.0-9-gda3d659,273.8681164748705,126.54545454545455,72.9090909090909,ws-amd,c76e1c5376fa,57.89303578299346,0.0013124515001739778,784-512-256-10,True,0.24349071299851252,train,60000,"{""bias_gemv"": false}",,,,,,,,,,,,,,,,,,,,,246415.9690573765,1,0.187871356,319367.4718566464,965.1292121413912,,,32,2026-09-05T05:34:04+00:00,0.2.0,mnist-512-256
syclnn,40,auto,True,AdaptiveCpp 25.10.0 $HOME/.local/opt/fnn-rocm/acpp/bin/acpp / host Clang 18.1.3 $HOME/.local/opt/fnn-rocm/acpp/bin/acpp,AMD Radeon RX 7900 XTX,gpu,70253211,float,,,,,,,,,,,,,,5,0.016717242587272748,0.02065971348514309,3cfc82443213ebd19ce89f8affa8d16f4483c7b8,v0.2.0-9-gda3d659,,52.0,2.0,ws-amd,bc90e17f9aa7,1.2191103789126854,8.984799787867823e-05,17-4-1,True,0.0021955773991066962,train,124,"{""direct_input"": false}",,,,,,,,,,,,,,,,,,,,,56477.17090294848,1,0.0021261895000000003,58320.29553339436,1821.8442226757572,,,32,2026-09-05T05:34:05+00:00,0.2.0,monk
syclnn,40,auto,True,AdaptiveCpp 25.10.0 $HOME/.local/opt/fnn-rocm/acpp/bin/acpp / host Clang 18.1.3 $HOME/.local/opt/fnn-rocm/acpp/bin/acpp,AMD Radeon RX 7900 XTX,gpu,70253211,float,,,,,,,,,,,,,,5,1.5456781542181814,1.6854385876001108,3cfc82443213ebd19ce89f8affa8d16f4483c7b8,v0.2.0-9-gda3d659,18.314881039666943,91.0,68.5,ws-amd,c4339f9a40b6,6.563354603463993,0.0004128249012865133,12-64-64-3,True,0.018632598203839734,train,1000,"{""direct_input"": false}",,,,,,,,,,,,,,,,,,,,,53669.38035479796,1,0.018354356500000002,54482.97792406941,1341.734508869949,,,32,2026-09-05T05:34:05+00:00,0.2.0,cup
syclnn,256,auto,True,AdaptiveCpp 25.10.0 $HOME/.local/opt/fnn-rocm/acpp/bin/acpp / host Clang 18.1.3 $HOME/.local/opt/fnn-rocm/acpp/bin/acpp,AMD Radeon RX 7900 XTX,gpu,70253211,float,,,,,,,,,,,,,,3,585.0877538990952,592.7208555196852,3cfc82443213ebd19ce89f8affa8d16f4483c7b8,v0.2.0-9-gda3d659,278.61474432982504,128.0909090909091,74.0,ws-amd,14ed52dd41e0,57.89303578299346,0.0014270631606146944,784-512-256-10,True,0.2468782486685086,train,60000,"{""direct_input"": false}",,,,,,,,,,,,,,,,,,,,,243034.77654916426,1,0.19086334500000002,314361.04192766815,951.8862081508934,,,32,2026-09-05T05:34:09+00:00,0.2.0,mnist-512-256
syclnn,40,auto,True,AdaptiveCpp 25.10.0 $HOME/.local/opt/fnn-rocm/acpp/bin/acpp / host Clang 18.1.3 $HOME/.local/opt/fnn-rocm/acpp/bin/acpp,AMD Radeon RX 7900 XTX,gpu,70253211,float,,,,,,,,,,,,,,5,0.019056780728598573,0.02355099100504662,3cfc82443213ebd19ce89f8affa8d16f4483c7b8,v0.2.0-9-gda3d659,,52.0,2.0,ws-amd,3686c2160d51,1.2191103789126854,0.0001201209990540522,17-4-1,True,0.001926033600466326,train,124,"{""fine_deps"": false}",,,,,,,,,,,,,,,,,,,,,64381.01597499517,1,0.0018500245,67026.13938355952,2076.806966935328,,,32,2026-09-05T05:34:10+00:00,0.2.0,monk
syclnn,40,auto,True,AdaptiveCpp 25.10.0 $HOME/.local/opt/fnn-rocm/acpp/bin/acpp / host Clang 18.1.3 $HOME/.local/opt/fnn-rocm/acpp/bin/acpp,AMD Radeon RX 7900 XTX,gpu,70253211,float,,,,,,,,,,,,,,5,1.7537872031078883,1.9123648855944595,3cfc82443213ebd19ce89f8affa8d16f4483c7b8,v0.2.0-9-gda3d659,18.63692546400125,93.0,69.0,ws-amd,e7277a388e4c,6.563354603463993,0.0005854328977875425,12-64-64-3,True,0.016421604598872364,train,1000,"{""fine_deps"": false}",,,,,,,,,,,,,,,,,,,,,60895.38899680168,1,0.016023251500000002,62409.30562688852,1522.384724920042,,,32,2026-09-05T05:34:10+00:00,0.2.0,cup
syclnn,256,auto,True,AdaptiveCpp 25.10.0 $HOME/.local/opt/fnn-rocm/acpp/bin/acpp / host Clang 18.1.3 $HOME/.local/opt/fnn-rocm/acpp/bin/acpp,AMD Radeon RX 7900 XTX,gpu,70253211,float,,,,,,,,,,,,,,3,607.6109176023211,615.5378582175204,3cfc82443213ebd19ce89f8affa8d16f4483c7b8,v0.2.0-9-gda3d659,279.56691683412646,132.72727272727272,73.45454545454545,ws-amd,d20aa434b7a8,57.89303578299346,0.0008736864983802661,784-512-256-10,True,0.23772686733476198,train,60000,"{""fine_deps"": false}",,,,,,,,,,,,,,,,,,,,,252390.48775883316,1,0.18158679249999998,330420.5067667573,988.5294103887633,,,32,2026-09-05T05:34:13+00:00,0.2.0,mnist-512-256
syclnn,40,auto,True,AdaptiveCpp 25.10.0 $HOME/.local/opt/fnn-rocm/acpp/bin/acpp / host Clang 18.1.3 $HOME/.local/opt/fnn-rocm/acpp/bin/acpp,AMD Radeon RX 7900 XTX,gpu,70253211,float,,,,,,,,,,,,,,5,0.01899148507588198,0.02347029650833715,3cfc82443213ebd19ce89f8affa8d16f4483c7b8,v0.2.0-9-gda3d659,,64.0,2.0,ws-amd,f746b5b121ce,1.2191103789126854,0.00014698999875690762,17-4-1,True,0.0019326556008309125,train,124,"{""fine_deps"": false, ""join_kernels"": true}",,,,,,,,,,,,,,,,,,,,,64160.42255365534,1,0.0018795545,65973.08032302336,2069.6910501179145,,,32,2026-09-05T05:34:14+00:00,0.2.0,monk
syclnn,40,auto,True,AdaptiveCpp 25.10.0 $HOME/.local/opt/fnn-rocm/acpp/bin/acpp / host Clang 18.1.3 $HOME/.local/opt/fnn-rocm/acpp/bin/acpp,AMD Radeon RX 7900 XTX,gpu,70253211,float,,,,,,,,,,,,,,5,1.7037461778607565,1.8577991438943398,3cfc82443213ebd19ce89f8affa8d16f4483c7b8,v0.2.0-9-gda3d659,20.336566186335403,101.5,70.5,ws-amd,ecb14ee4b3c6,6.563354603463993,0.0007533448020694763,12-64-64-3,True,0.01690392640302889,train,1000,"{""fine_deps"": false, ""join_kernels"": true}",,,,,,,,,,,,,,,,,,,,,59157.853397942934,1,0.016904452,59156.01404884346,1478.9463349485734,,,32,2026-09-05T05:34:15+00:00,0.2.0,cup
syclnn,256,auto,True,AdaptiveCpp 25.10.0 $HOME/.local/opt/fnn-rocm/acpp/bin/acpp / host Clang 18.1.3 $HOME/.local/opt/fnn-rocm/acpp/bin/acpp,AMD Radeon RX 7900 XTX,gpu,70253211,float,,,,,,,,,,,,,,3,590.8112288339272,598.5189993661622,3cfc82443213ebd19ce89f8affa8d16f4483c7b8,v0.2.0-9-gda3d659,278.44415513129206,129.27272727272728,73.9090909090909,ws-amd,5995310c9e14,57.89303578299346,0.00020856316162584654,784-512-256-10,True,0.24448661933032176,train,60000,"{""fine_deps"": false, ""join_kernels"": true}",,,,,,,,,,,,,,,,,,,,,245412.20359767423,1,0.1867729715,321245.62520011095,961.1977974242241,,,32,2026-09-05T05:34:18+00:00,0.2.0,mnist-512-256
syclnn,40,auto,True,AdaptiveCpp 25.10.0 $HOME/.local/opt/fnn-rocm/acpp/bin/acpp / host Clang 18.1.3 $HOME/.local/opt/fnn-rocm/acpp/bin/acpp,AMD Radeon RX 7900 XTX,gpu,70253211,float,,,,,,,,,,,,,,5,0.021660109523270122,0.026768269615723976,3cfc82443213ebd19ce89f8affa8d16f4483c7b8,v0.2.0-9-gda3d659,,51.0,2.0,ws-amd,915f06889ce9,1.2191103789126854,0.0002475568006047981,17-4-1,True,0.0016945436014793812,train,124,"{""queue"": ""in_order""}",,,,,,,,,,,,,,,,,,,,,73176.04568672339,1,0.00160489,77263.86232078211,2360.517602797529,,,32,2026-09-05T05:34:19+00:00,0.2.0,monk
syclnn,40,auto,True,AdaptiveCpp 25.10.0 $HOME/.local/opt/fnn-rocm/acpp/bin/acpp / host Clang 18.1.3 $HOME/.local/opt/fnn-rocm/acpp/bin/acpp,AMD Radeon RX 7900 XTX,gpu,70253211,float,,,,,,,,,,,,,,5,2.2941068194889205,2.501540276733056,3cfc82443213ebd19ce89f8affa8d16f4483c7b8,v0.2.0-9-gda3d659,,55.0,39.0,ws-amd,a619635a72b1,6.563354603463993,0.0007158608990721401,12-64-64-3,True,0.012553905404638499,train,1000,"{""queue"": ""in_order""}",,,,,,,,,,,,,,,,,,,,,79656.48678780976,1,0.012289853,81367.93824954619,1991.4121696952438,,,32,2026-09-05T05:34:19+00:00,0.2.0,cup
syclnn,256,auto,True,AdaptiveCpp 25.10.0 $HOME/.local/opt/fnn-rocm/acpp/bin/acpp / host Clang 18.1.3 $HOME/.local/opt/fnn-rocm/acpp/bin/acpp,AMD Radeon RX 7900 XTX,gpu,70253211,float,,,,,,,,,,,,,,3,751.4415309308349,761.2448972281168,3cfc82443213ebd19ce89f8affa8d16f4483c7b8,v0.2.0-9-gda3d659,222.16068152934895,132.44444444444446,69.66666666666667,ws-amd,6a54d5aede1b,57.89303578299346,0.0030261693318607286,784-512-256-10,True,0.19222445666673593,train,60000,"{""queue"": ""in_order""}",,,,,,,,,,,,,,,,,,,,,312135.09997858084,1,0.144031745,416574.83216633945,1222.5291415827749,,,32,2026-09-05T05:34:22+00:00,0.2.0,mnist-512-256
syclnn,40,auto,True,AdaptiveCpp 25.10.0 $HOME/.local/opt/fnn-rocm/acpp/bin/acpp / host Clang 18.1.3 $HOME/.local/opt/fnn-rocm/acpp/bin/acpp,AMD Radeon RX 7900 XTX,gpu,70253211,float,,,,,,,,,,,,,,5,0.01865896234310791,0.023059354072672594,3cfc82443213ebd19ce89f8affa8d16f4483c7b8,v0.2.0-9-gda3d659,,63.0,1.0,ws-amd,162f4ea87107,1.2191103789126854,0.00012900900037493513,17-4-1,True,0.0019670975976623594,train,124,"{""specialized_kernels"": false}",,,,,,,,,,,,,,,,,,,,,63037.03494293213,1,0.001871419,66259.88087114644,2033.452740094585,,,32,2026-09-05T05:34:23+00:00,0.2.0,monk
syclnn,40,auto,True,AdaptiveCpp 25.10.0 $HOME/.local/opt/fnn-rocm/acpp/bin/acpp / host Clang 18.1.3 $HOME/.local/opt/fnn-rocm/acpp/bin/acpp,AMD Radeon RX 7900 XTX,gpu,70253211,float,,,,,,,,,,,,,,5,1.8458572308648173,2.012759898048674,3cfc82443213ebd19ce89f8affa8d16f4483c7b8,v0.2.0-9-gda3d659,19.23751766514033,96.0,68.5,ws-amd,3274592f8852,6.563354603463993,0.0016185816988581788,12-64-64-3,True,0.015602506801951677,train,1000,"{""specialized_kernels"": false}",,,,,,,,,,,,,,,,,,,,,64092.26496058393,1,0.015489707,64559.00037360293,1602.3066240145984,,,32,2026-09-05T05:34:24+00:00,0.2.0,cup
syclnn,256,auto,True,AdaptiveCpp 25.10.0 $HOME/.local/opt/fnn-rocm/acpp/bin/acpp / host Clang 18.1.3 $HOME/.local/opt/fnn-rocm/acpp/bin/acpp,AMD Radeon RX 7900 XTX,gpu,70253211,float,,,,,,,,,,,,,,3,587.9008688891718,595.5706706328571,3cfc82443213ebd19ce89f8affa8d16f4483c7b8,v0.2.0-9-gda3d659,278.13591634748445,128.72727272727272,73.27272727272727,ws-amd,1683818fc25f,57.89303578299346,0.0005575748315702067,784-512-256-10,True,0.24569693232964104,train,60000,"{""specialized_kernels"": false}",,,,,,,,,,,,,,,,,,,,,244203.2931835737,1,0.188159586,318878.25263391045,956.4628983023304,,,32,2026-09-05T05:34:27+00:00,0.2.0,mnist-512-256
syclnn,40,auto,True,AdaptiveCpp 25.10.0 $HOME/.local/opt/fnn-rocm/acpp/bin/acpp / host Clang 18.1.3 $HOME/.local/opt/fnn-rocm/acpp/bin/acpp,AMD Radeon RX 7900 XTX,gpu,70253211,float,,,,,,,,,,,,,,5,0.018922147006503354,0.023384606261306454,3cfc82443213ebd19ce89f8affa8d16f4483c7b8,v0.2.0-9-gda3d659,,51.0,1.0,ws-amd,9bbd30cf1d99,1.2191103789126854,0.0001221018988871946,17-4-1,True,0.0019397375988774001,train,124,"{""derivative_from_output"": false}",,,,,,,,,,,,,,,,,,,,,63926.17231926809,1,0.001857289,66763.97695781324,2062.134590944132,,,32,2026-09-05T05:34:28+00:00,0.2.0,monk
syclnn,40,auto,True,AdaptiveCpp 25.10.0 $HOME/.local/opt/fnn-rocm/acpp/bin/acpp / host Clang 18.1.3 $HOME/.local/opt/fnn-rocm/acpp/bin/acpp,AMD Radeon RX 7900 XTX,gpu,70253211,float,,,,,,,,,,,,,,5,1.7282459918367543,1.8845142344527994,3cfc82443213ebd19ce89f8affa8d16f4483c7b8,v0.2.0-9-gda3d659,17.460771153797396,87.0,55.0,ws-amd,489661f23161,6.563354603463993,8.977199904620925e-05,12-64-64-3,True,0.016664294397924096,train,1000,"{""derivative_from_output"": false}",,,,,,,,,,,,,,,,,,,,,60008.54138322064,1,0.016527372,60505.68717156001,1500.213534580516,,,32,2026-09-05T05:34:29+00:00,0.2.0,cup
syclnn,256,auto,True,AdaptiveCpp 25.10.0 $HOME/.local/opt/fnn-rocm/acpp/bin/acpp / host Clang 18.1.3 $HOME/.local/opt/fnn-rocm/acpp/bin/acpp,AMD Radeon RX 7900 XTX,gpu,70253211,float,,,,,,,,,,,,,,3,590.2777438569238,597.9785545014917,3cfc82443213ebd19ce89f8affa8d16f4483c7b8,v0.2.0-9-gda3d659,257.63075229625974,120.63636363636364,74.72727272727273,ws-amd,a676020d20f0,57.89303578299346,0.004073728996445397,784-512-256-10,True,0.24470758300352222,train,60000,"{""derivative_from_output"": false}",,,,,,,,,,,,,,,,,,,,,245190.60367302303,1,0.186911831,321006.96718336677,960.3298643860069,,,32,2026-09-05T05:34:33+00:00,0.2.0,mnist-512-256
syclnn,40,auto,True,AdaptiveCpp 25.10.0 $HOME/.local/opt/fnn-rocm/acpp/bin/acpp / host Clang 18.1.3 $HOME/.local/opt/fnn-rocm/acpp/bin/acpp,AMD Radeon RX 7900 XTX,gpu,70253211,float,,,,,,,,,,,,,,5,0.018865038501160124,0.023314029708277666,3cfc82443213ebd19ce89f8affa8d16f4483c7b8,v0.2.0-9-gda3d659,,51.0,2.0,ws-amd,9a4d0002fec2,1.2191103789126854,0.00013527499977499273,17-4-1,True,0.0019456095993518828,train,124,"{""host_adam_correction"": false}",,,,,,,,,,,,,,,,,,,,,63733.23817959503,1,0.0018521499999999999,66949.22117539076,2055.910909019194,,,32,2026-09-05T05:34:33+00:00,0.2.0,monk
syclnn,40,auto,True,AdaptiveCpp 25.10.0 $HOME/.local/opt/fnn-rocm/acpp/bin/acpp / host Clang 18.1.3 $HOME/.local/opt/fnn-rocm/acpp/bin/acpp,AMD Radeon RX 7900 XTX,gpu,70253211,float,,,,,,,,,,,,,,5,1.7295827824517345,1.8859718978608513,3cfc82443213ebd19ce89f8affa8d16f4483c7b8,v0.2.0-9-gda3d659,18.746812457757187,93.5,70.5,ws-amd,d72e8c0a09db,6.563354603463993,0.00017770790145732462,12-64-64-3,True,0.01665141460252926,train,1000,"{""host_adam_correction"": false}",,,,,,,,,,,,,,,,,,,,,60054.95772401856,1,0.0165269615,60507.19002401016,1501.373943100464,,,32,2026-09-05T05:34:34+00:00,0.2.0,cup
syclnn,256,auto,True,AdaptiveCpp 25.10.0 $HOME/.local/opt/fnn-rocm/acpp/bin/acpp / host Clang 18.1.3 $HOME/.local/opt/fnn-rocm/acpp/bin/acpp,AMD Radeon RX 7900 XTX,gpu,70253211,float,,,,,,,,,,,,,,3,593.3232543092472,601.063796926693,3cfc82443213ebd19ce89f8affa8d16f4483c7b8,v0.2.0-9-gda3d659,275.5192788863933,128.27272727272728,73.54545454545455,ws-amd,a3ac4208a9ff,57.89303578299346,0.0002648035006131977,784-512-256-10,True,0.2434515063262855,train,60000,"{""host_adam_correction"": false}",,,,,,,,,,,,,,,,,,,,,246455.653141801,1,0.187635626,319768.69893567014,965.284641472054,,,32,2026-09-05T05:34:37+00:00,0.2.0,mnist-512-256
syclnn,40,auto,True,AdaptiveCpp 25.10.0 $HOME/.local/opt/fnn-rocm/acpp/bin/acpp / host Clang 18.1.3 $HOME/.local/opt/fnn-rocm/acpp/bin/acpp,AMD Radeon RX 7900 XTX,gpu,70253211,float,,,,,,,,,,,,,,5,0.019706215023554876,0.02435358308272802,3cfc82443213ebd19ce89f8affa8d16f4483c7b8,v0.2.0-9-gda3d659,,51.0,1.0,ws-amd,744db37360a0,1.2191103789126854,0.00016681099950801572,17-4-1,True,0.0018625596014317126,train,124,"{""workgroup_size"": 256}",,,,,,,,,,,,,,,,,,,,,66575.05075525296,1,0.0017769995,69780.54861579872,2147.582282427515,,,32,2026-09-05T05:34:39+00:00,0.2.0,monk
syclnn,40,auto,True,AdaptiveCpp 25.10.0 $HOME/.local/opt/fnn-rocm/acpp/bin/acpp / host Clang 18.1.3 $HOME/.local/opt/fnn-rocm/acpp/bin/acpp,AMD Radeon RX 7900 XTX,gpu,70253211,float,,,,,,,,,,,,,,5,1.7238066062186665,1.8796734389705425,3cfc82443213ebd19ce89f8affa8d16f4483c7b8,v0.2.0-9-gda3d659,14.829642104625236,74.0,51.5,ws-amd,7527372d237e,6.563354603463993,0.00011666710197459976,12-64-64-3,True,0.016707210597814992,train,1000,"{""workgroup_size"": 256}",,,,,,,,,,,,,,,,,,,,,59854.39604925925,1,0.016564391499999997,60370.46395576923,1496.3599012314814,,,32,2026-09-05T05:34:39+00:00,0.2.0,cup
syclnn,256,auto,True,AdaptiveCpp 25.10.0 $HOME/.local/opt/fnn-rocm/acpp/bin/acpp / host Clang 18.1.3 $HOME/.local/opt/fnn-rocm/acpp/bin/acpp,AMD Radeon RX 7900 XTX,gpu,70253211,float,,,,,,,,,,,,,,3,597.3978447440911,605.1915447941514,3cfc82443213ebd19ce89f8affa8d16f4483c7b8,v0.2.0-9-gda3d659,274.1521675881668,128.72727272727272,73.45454545454545,ws-amd,c4a1f1227baf,57.89303578299346,0.002405581166385673,784-512-256-10,True,0.24179102966445498,train,60000,"{""workgroup_size"": 256}",,,,,,,,,,,,,,,,,,,,,248148.16365712526,1,0.187333896,320283.7355178905,971.9136409904072,,,32,2026-09-05T05:34:44+00:00,0.2.0,mnist-512-256
syclnn,40,auto,True,AdaptiveCpp 25.10.0 $HOME/.local/opt/fnn-rocm/acpp/bin/acpp / host Clang 18.1.3 $HOME/.local/opt/fnn-rocm/acpp/bin/acpp,AMD Radeon RX 7900 XTX,gpu,70253211,float,,,,,,,,,,,,,,5,0.018366549971942227,0.022697981329754233,3cfc82443213ebd19ce89f8affa8d16f4483c7b8,v0.2.0-9-gda3d659,,52.0,2.0,ws-amd,38d8997d801b,1.2191103789126854,0.00013014199794270098,17-4-1,True,0.001998415600974113,train,124,"{""persistent_workspace"": false}",,,,,,,,,,,,,,,,,,,,,62049.15531061563,1,0.001904505,65108.781546911145,2001.5856551811494,,,32,2026-09-05T05:34:44+00:00,0.2.0,monk
syclnn,40,auto,True,AdaptiveCpp 25.10.0 $HOME/.local/opt/fnn-rocm/acpp/bin/acpp / host Clang 18.1.3 $HOME/.local/opt/fnn-rocm/acpp/bin/acpp,AMD Radeon RX 7900 XTX,gpu,70253211,float,,,,,,,,,,,,,,5,1.817408180539732,1.9817384806419374,3cfc82443213ebd19ce89f8affa8d16f4483c7b8,v0.2.0-9-gda3d659,18.93154778468306,94.5,71.0,ws-amd,e3f0fcd66579,6.563354603463993,0.0005037297989474616,12-64-64-3,True,0.015846742800204084,train,1000,"{""persistent_workspace"": false}",,,,,,,,,,,,,,,,,,,,,63104.450713185135,1,0.015604697,64083.26928744595,1577.6112678296283,,,32,2026-09-05T05:34:45+00:00,0.2.0,cup
syclnn,256,auto,True,AdaptiveCpp 25.10.0 $HOME/.local/opt/fnn-rocm/acpp/bin/acpp / host Clang 18.1.3 $HOME/.local/opt/fnn-rocm/acpp/bin/acpp,AMD Radeon RX 7900 XTX,gpu,70253211,float,,,,,,,,,,,,,,3,594.6624517452599,602.4204656395374,3cfc82443213ebd19ce89f8affa8d16f4483c7b8,v0.2.0-9-gda3d659,278.12116771961155,129.54545454545453,73.72727272727273,ws-amd,a491f8f7112b,57.89303578299346,0.0006229313342676901,784-512-256-10,True,0.24290324633087343,train,60000,"{""persistent_workspace"": false}",,,,,,,,,,,,,,,,,,,,,247011.93131964287,1,0.1876914865,319673.52978474065,967.4633976686013,,,32,2026-09-05T05:34:48+00:00,0.2.0,mnist-512-256
syclnn,40,auto,True,AdaptiveCpp 25.10.0 $HOME/.local/opt/fnn-rocm/acpp/bin/acpp / host Clang 18.1.3 $HOME/.local/opt/fnn-rocm/acpp/bin/acpp,AMD Radeon RX 7900 XTX,gpu,70253211,float,,,,,,,,,,,,,,5,0.01921985726187185,0.023752526302269705,3cfc82443213ebd19ce89f8affa8d16f4483c7b8,v0.2.0-9-gda3d659,,51.0,2.0,ws-amd,c3f002bdb3c2,1.2191103789126854,0.00011279699974693375,17-4-1,True,0.0019096916017588227,train,124,"{""pinned_host"": false}",,,,,,,,,,,,,,,,,,,,,64931.95020902653,1,0.0018779744999999999,66028.58558516104,2094.579039000856,,,32,2026-09-05T05:34:49+00:00,0.2.0,monk
syclnn,40,auto,True,AdaptiveCpp 25.10.0 $HOME/.local/opt/fnn-rocm/acpp/bin/acpp / host Clang 18.1.3 $HOME/.local/opt/fnn-rocm/acpp/bin/acpp,AMD Radeon RX 7900 XTX,gpu,70253211,float,,,,,,,,,,,,,,5,1.7259603361664042,1.8820219094792838,3cfc82443213ebd19ce89f8affa8d16f4483c7b8,v0.2.0-9-gda3d659,18.755648207006743,93.5,70.5,ws-amd,7dd3b2862dfc,6.563354603463993,9.290989837609093e-05,12-64-64-3,True,0.016686362598557027,train,1000,"{""pinned_host"": false}",,,,,,,,,,,,,,,,,,,,,59929.178339111255,1,0.0166202165,60167.68794798792,1498.2294584777815,,,32,2026-09-05T05:34:49+00:00,0.2.0,cup
syclnn,256,auto,True,AdaptiveCpp 25.10.0 $HOME/.local/opt/fnn-rocm/acpp/bin/acpp / host Clang 18.1.3 $HOME/.local/opt/fnn-rocm/acpp/bin/acpp,AMD Radeon RX 7900 XTX,gpu,70253211,float,,,,,,,,,,,,,,3,654.0394425843451,662.5720934488534,3cfc82443213ebd19ce89f8affa8d16f4483c7b8,v0.2.0-9-gda3d659,260.65322403125174,142.77777777777777,80.0,ws-amd,892a6f1260f1,57.89303578299346,0.001249114667492307,784-512-256-10,True,0.2208512676685738,train,60000,"{""pinned_host"": false}",,,,,,,,,,,,,,,,,,,,,271676.0498293384,1,0.18910876599999998,317277.7300022147,1064.064528498242,,,32,2026-09-05T05:34:52+00:00,0.2.0,mnist-512-256
syclnn,40,auto,True,AdaptiveCpp 25.10.0 $HOME/.local/opt/fnn-rocm/acpp/bin/acpp / host Clang 18.1.3 $HOME/.local/opt/fnn-rocm/acpp/bin/acpp,AMD Radeon RX 7900 XTX,gpu,70253211,float,,,,,,,,,,,,,,5,0.01774795199887038,0.02193349778413144,3cfc82443213ebd19ce89f8affa8d16f4483c7b8,v0.2.0-9-gda3d659,,63.0,2.0,ws-amd,8b9832d1120c,1.2191103789126854,0.00023314090212807033,17-4-1,True,0.0020680696005001666,train,124,"{""bias_gemv"": false, ""derivative_from_output"": false, ""direct_input"": false, ""fine_deps"": false, ""host_adam_correction"": false, ""join_kernels"": true, ""loss_reduction"": false, ""memory"": ""shared"", ""persistent_workspace"": false, ""pinned_host"": false, ""specialized_kernels"": false}",,,,,,,,,,,,,,,,,,,,,59959.29729348102,1,0.0017986094999999998,68942.14669721249,1934.1708804348714,,,32,2026-09-05T05:34:53+00:00,0.2.0,monk
syclnn,40,auto,True,AdaptiveCpp 25.10.0 $HOME/.local/opt/fnn-rocm/acpp/bin/acpp / host Clang 18.1.3 $HOME/.local/opt/fnn-rocm/acpp/bin/acpp,AMD Radeon RX 7900 XTX,gpu,70253211,float,,,,,,,,,,,,,,5,1.6648206809280481,1.8153539981226567,3cfc82443213ebd19ce89f8affa8d16f4483c7b8,v0.2.0-9-gda3d659,20.63253244519001,103.0,71.5,ws-amd,503d16013a07,6.563354603463993,0.0011483773996587843,12-64-64-3,True,0.01729916040203534,train,1000,"{""bias_gemv"": false, ""derivative_from_output"": false, ""direct_input"": false, ""fine_deps"": false, ""host_adam_correction"": false, ""join_kernels"": true, ""loss_reduction"": false, ""memory"": ""shared"", ""persistent_workspace"": false, ""pinned_host"": false, ""specialized_kernels"": false}",,,,,,,,,,,,,,,,,,,,,57806.273643335,1,0.016859771500000002,59312.784873745164,1445.156841083375,,,32,2026-09-05T05:34:54+00:00,0.2.0,cup
syclnn,256,auto,True,AdaptiveCpp 25.10.0 $HOME/.local/opt/fnn-rocm/acpp/bin/acpp / host Clang 18.1.3 $HOME/.local/opt/fnn-rocm/acpp/bin/acpp,AMD Radeon RX 7900 XTX,gpu,70253211,float,,,,,,,,,,,,,,3,113.20671034903553,114.6836141441813,3cfc82443213ebd19ce89f8affa8d16f4483c7b8,v0.2.0-9-gda3d659,1555.2933617292147,137.24561403508773,94.42105263157895,ws-amd,9cac914b2bba,57.89303578299346,0.0011551269999472424,784-512-256-10,True,1.2759441516730778,train,60000,"{""bias_gemv"": false, ""derivative_from_output"": false, ""direct_input"": false, ""fine_deps"": false, ""host_adam_correction"": false, ""join_kernels"": true, ""loss_reduction"": false, ""memory"": ""shared"", ""persistent_workspace"": false, ""pinned_host"": false, ""specialized_kernels"": false}",,,,,,,,,,,,,,,,,,,,,47024.001733402816,1,1.22724475,48890.00339989232,184.17734012249437,,,32,2026-09-05T05:35:07+00:00,0.2.0,mnist-512-256
syclnn,40,auto,True,AdaptiveCpp 25.10.0 $HOME/.local/opt/fnn-rocm/acpp/bin/acpp / host Clang 18.1.3 $HOME/.local/opt/fnn-rocm/acpp/bin/acpp,AMD Radeon RX 7900 XTX,gpu,70253211,float,,,,,,,,,,,,,,5,0.012411431077505386,0.015338451222636343,3cfc82443213ebd19ce89f8affa8d16f4483c7b8,v0.2.0-9-gda3d659,,27.0,1.0,ws-amd,39940386dffd,1.2191103789126854,0.00015078429714776576,17-4-1,True,0.002957273804349825,train,124,"{""blas_queue"": ""dedicated""}",,,,,,,,,,,,,,,,,,,,,41930.510396977654,1,0.0027903449999999996,44438.949305551825,1352.5971095799243,,,32,2026-09-05T05:35:09+00:00,0.2.0,monk
syclnn,40,auto,True,AdaptiveCpp 25.10.0 $HOME/.local/opt/fnn-rocm/acpp/bin/acpp / host Clang 18.1.3 $HOME/.local/opt/fnn-rocm/acpp/bin/acpp,AMD Radeon RX 7900 XTX,gpu,70253211,float,,,,,,,,,,,,,,5,1.1988074064139806,1.3072037386029614,3cfc82443213ebd19ce89f8affa8d16f4483c7b8,v0.2.0-9-gda3d659,15.931402342073852,79.5,67.0,ws-amd,5745694087f1,6.563354603463993,0.0006334252975648269,12-64-64-3,True,0.024023875599959867,train,1000,"{""blas_queue"": ""dedicated""}",,,,,,,,,,,,,,,,,,,,,41625.25716715211,1,0.0239214725,41803.44667327649,1040.6314291788026,,,32,2026-09-05T05:35:09+00:00,0.2.0,cup
syclnn,256,auto,True,AdaptiveCpp 25.10.0 $HOME/.local/opt/fnn-rocm/acpp/bin/acpp / host Clang 18.1.3 $HOME/.local/opt/fnn-rocm/acpp/bin/acpp,AMD Radeon RX 7900 XTX,gpu,70253211,float,,,,,,,,,,,,,,3,469.5957216146952,475.7221049474378,3cfc82443213ebd19ce89f8affa8d16f4483c7b8,v0.2.0-9-gda3d659,350.42373751782,127.42857142857143,73.21428571428571,ws-amd,89d66da46e61,57.89303578299346,0.004504905664362013,784-512-256-10,True,0.3075953066678873,train,60000,"{""blas_queue"": ""dedicated""}",,,,,,,,,,,,,,,,,,,,,195061.49378534697,1,0.25719444550000004,233286.53106546187,763.9908506592757,,,32,2026-09-05T05:35:14+00:00,0.2.0,mnist-512-256
syclnn,40,auto,True,AdaptiveCpp 25.10.0 $HOME/.local/opt/fnn-rocm/acpp/bin/acpp / host Clang 18.1.3 $HOME/.local/opt/fnn-rocm/acpp/bin/acpp,AMD Radeon RX 7900 XTX,gpu,70253211,float,,,,,,,,,,,,,,5,0.013716961817614339,0.01695186868044318,3cfc82443213ebd19ce89f8affa8d16f4483c7b8,v0.2.0-9-gda3d659,,64.0,2.0,ws-amd,6910f2a611b5,1.2191103789126854,0.00022152939927764246,17-4-1,True,0.0026758111955132334,train,124,"{""sync_ops"": true}",,,,,,,,,,,,,,,,,,,,,46341.087221670066,1,0.002571965,48212.1646289899,1494.8737813441955,,,32,2026-09-05T05:35:14+00:00,0.2.0,monk
syclnn,40,auto,True,AdaptiveCpp 25.10.0 $HOME/.local/opt/fnn-rocm/acpp/bin/acpp / host Clang 18.1.3 $HOME/.local/opt/fnn-rocm/acpp/bin/acpp,AMD Radeon RX 7900 XTX,gpu,70253211,float,,,,,,,,,,,,,,5,1.3813469584224591,1.506248542256762,3cfc82443213ebd19ce89f8affa8d16f4483c7b8,v0.2.0-9-gda3d659,17.16144440435164,85.5,58.0,ws-amd,35b988b3a926,6.563354603463993,0.0008527516998583437,12-64-64-3,True,0.02084921519854106,train,1000,"{""sync_ops"": true}",,,,,,,,,,,,,,,,,,,,,47963.436056335384,1,0.0207262265,48248.049397703915,1199.0859014083846,,,32,2026-09-05T05:35:15+00:00,0.2.0,cup
syclnn,256,auto,True,AdaptiveCpp 25.10.0 $HOME/.local/opt/fnn-rocm/acpp/bin/acpp / host Clang 18.1.3 $HOME/.local/opt/fnn-rocm/acpp/bin/acpp,AMD Radeon RX 7900 XTX,gpu,70253211,float,,,,,,,,,,,,,,3,495.9016165279321,502.3711886691145,3cfc82443213ebd19ce89f8affa8d16f4483c7b8,v0.2.0-9-gda3d659,303.4290192117478,124.91666666666667,59.5,ws-amd,8b87ae7e447c,57.89303578299346,0.002187487669289112,784-512-256-10,True,0.2912784213355432,train,60000,"{""sync_ops"": true}",,,,,,,,,,,,,,,,,,,,,205988.48251406156,1,0.2350971665,255213.624618483,806.7882231800745,,,32,2026-09-05T05:35:19+00:00,0.2.0,mnist-512-256
