backend,batch,blas,check_ok,compiler,device,device_type,driver,dtype,epoch_act_ms,epoch_biasgrad_ms,epoch_d2h_ms,epoch_delta_ms,epoch_device_total_ms,epoch_gemm_ms,epoch_h2d_ms,epoch_loss_ms,epoch_other_ms,epoch_reg_ms,epoch_update_ms,epoch_wait_ms,epoch_wall_ms,epochs,gflops_gemm,gflops_total,git_bench,git_lib,gpu_energy_j,gpu_power_w,gpu_util_pct,host,id,intensity,iqr_epoch_s,layers,losses_finite,median_epoch_s,mode,n_samples,options,prof_act_ms,prof_batches,prof_biasgrad_ms,prof_bytes_d2h,prof_bytes_h2d,prof_d2h_ms,prof_delta_ms,prof_device_total_ms,prof_epoch_wall_ms,prof_epochs,prof_gemm_ms,prof_h2d_ms,prof_launches,prof_loss_ms,prof_other_ms,prof_reg_ms,prof_unprofiled,prof_update_ms,prof_wait_ms,prof_wall_ms,samples_per_s,seed,steady_epoch_s,steady_samples_per_s,steps_per_s,tag,threads,threads_effective,timestamp,version,workload
syclnn,1,auto,True,Clang 22.1.0 /opt/sycl/bin/clang++,AMD Ryzen Threadripper 2950X 16-Core Processor ,cpu,2026.21.6.0.17_160000,float,3.129618133333333,0.0,0.09525553333333334,0.0,4.4852542,1.1646800666666666,0.09570046666666668,0.0,0.0,0.0,0.0,11.064395733333333,63.07145013333333,3,0.000280982119575988,0.00032000741396154183,110c2a5a1f7beb2ae372b3d9063938442373a9ae,v0.2.0-5-g0c57d4f,,,,a0f580195416,8dd95af37409,0.3673469387755102,0.0017803353354490098,17-4-1,True,0.06354852766768697,infer,124,"{""profile"": true}",46.944272,0,0.0,7440,126480,1.428833,0.0,67.278813,,0,17.470201,1.435507,9315,0.0,0.0,0.0,0,0.0,165.965936,946.071752,1951.2647192776942,1,,,1951.2647192776942,,,16,2026-09-04T12:43:17+00:00,0.2.0,monk
syclnn,124,auto,True,Clang 22.1.0 /opt/sycl/bin/clang++,AMD Ryzen Threadripper 2950X 16-Core Processor ,cpu,2026.21.6.0.17_160000,float,0.03585744,0.0,0.0013752,0.0,0.40783616,0.026155119999999997,0.3444484,0.0,0.0,0.0,0.0,0.47316347999999997,0.59288888,5,0.028020998150423315,0.03191280344909322,110c2a5a1f7beb2ae372b3d9063938442373a9ae,v0.2.0-5-g0c57d4f,,,,a0f580195416,10c8a827ca64,1.354368932038835,0.0002439352043438703,17-4-1,True,0.0006372364005073905,infer,124,"{""profile"": true}",0.896436,0,0.0,12400,210800,0.03438,0.0,10.195904,,0,0.653878,8.61121,150,0.0,0.0,0.0,0,0.0,11.829087,14.822222,194590.26493349523,1,,,1569.2763301088326,,,16,2026-09-04T12:43:17+00:00,0.2.0,monk
syclnn,1,auto,True,Clang 22.1.0 /opt/sycl/bin/clang++,AMD Ryzen Threadripper 2950X 16-Core Processor ,cpu,2026.21.6.0.17_160000,double,1.4315391333333334,0.0,0.08701326666666667,0.0,2.848510333333333,1.1669245333333333,0.16303340000000002,0.0,0.0,0.0,0.0,4.0250156,37.42754753333334,3,0.0006503088718145273,0.0007406295484554339,110c2a5a1f7beb2ae372b3d9063938442373a9ae,v0.2.0-5-g0c57d4f,,,,a0f580195416,53aa2cbe9050,0.1836734693877551,0.006145157337111112,17-4-1,True,0.027457721667209018,infer,124,"{""profile"": true}",21.473087,0,0.0,14880,252960,1.305199,0.0,42.727655,,0,17.503868,2.445501,9315,0.0,0.0,0.0,0,0.0,60.375234,561.413213,4516.033832045329,1,,,4516.033832045329,,,16,2026-09-04T12:43:17+00:00,0.2.0,monk
syclnn,124,auto,True,Clang 22.1.0 /opt/sycl/bin/clang++,AMD Ryzen Threadripper 2950X 16-Core Processor ,cpu,2026.21.6.0.17_160000,double,0.037432599999999996,0.0,0.02198796,0.0,0.51466056,0.029438640000000002,0.42580136,0.0,0.0,0.0,0.0,0.57795868,0.70990492,5,0.02394869073197871,0.027274897778086858,110c2a5a1f7beb2ae372b3d9063938442373a9ae,v0.2.0-5-g0c57d4f,,,,a0f580195416,db5621463187,0.6771844660194175,6.318200030364096e-05,17-4-1,True,0.0007455939950887114,infer,124,"{""profile"": true}",0.935815,0,0.0,24800,421600,0.549699,0.0,12.866514,,0,0.735966,10.645034,150,0.0,0.0,0.0,0,0.0,14.448967,17.747623,166310.35230540766,1,,,1341.2125185919974,,,16,2026-09-04T12:43:17+00:00,0.2.0,monk
syclnn,1,auto,True,Clang 22.1.0 /opt/sycl/bin/clang++,AMD Ryzen Threadripper 2950X 16-Core Processor ,cpu,2026.21.6.0.17_160000,float,92.03207653333334,0.0,2.2319137333333336,0.0,130.1123844,35.38045373333333,0.4679404,0.0,0.0,0.0,0.0,118.6310756,2869.120917333333,3,0.007133444089414448,0.007503096453225087,110c2a5a1f7beb2ae372b3d9063938442373a9ae,v0.2.0-5-g0c57d4f,,,,a0f580195416,29d8f8a91e64,0.4745635442087479,0.26537063399640237,12-64-64-3,True,2.9031384756672196,infer,2048,"{""profile"": true}",1380.481148,0,0.0,368640,1474560,33.478706,0.0,1951.685766,,0,530.706806,7.019106,215055,0.0,0.0,0.0,0,0.0,1779.466134,43036.81376,705.4434423867136,1,,,705.4434423867136,,,16,2026-09-04T12:44:03+00:00,0.2.0,cup
syclnn,1000,auto,True,Clang 22.1.0 /opt/sycl/bin/clang++,AMD Ryzen Threadripper 2950X 16-Core Processor ,cpu,2026.21.6.0.17_160000,float,0.16939696,0.0,0.28697208,0.0,1.11631396,0.13365352,0.5262914,0.0,0.0,0.0,0.0,1.17266936,1.3414572,5,6.815384778743748,7.168555429857447,110c2a5a1f7beb2ae372b3d9063938442373a9ae,v0.2.0-5-g0c57d4f,,,,a0f580195416,c50c24072515,9.157562233749674,0.00033021519775502375,12-64-64-3,True,0.0014837019960395991,infer,1000,"{""profile"": true}",4.234924,0,0.0,300000,1200000,7.174302,0.0,27.907849,,0,3.341338,13.157285,200,0.0,0.0,0.0,0,0.0,29.316734,33.53643,673989.7922017155,1,,,673.9897922017155,,,16,2026-09-04T12:44:03+00:00,0.2.0,cup
syclnn,1,auto,True,Clang 22.1.0 /opt/sycl/bin/clang++,AMD Ryzen Threadripper 2950X 16-Core Processor ,cpu,2026.21.6.0.17_160000,double,98.71863833333333,0.0,2.502801466666667,0.0,142.09688926666666,40.02360746666667,0.851842,0.0,0.0,0.0,0.0,31.607512933333332,3014.4016724666667,3,0.006924053245802512,0.00728285505561269,110c2a5a1f7beb2ae372b3d9063938442373a9ae,v0.2.0-5-g0c57d4f,,,,a0f580195416,2bfd0b3e8716,0.23728177210437396,0.4480389240003815,12-64-64-3,True,2.990932516666362,infer,2048,"{""profile"": true}",1480.779575,0,0.0,737280,2949120,37.542022,0.0,2131.453339,,0,600.354112,12.77763,215055,0.0,0.0,0.0,0,0.0,474.112694,45216.025087,684.7362782636977,1,,,684.7362782636977,,,16,2026-09-04T12:44:51+00:00,0.2.0,cup
syclnn,1000,auto,True,Clang 22.1.0 /opt/sycl/bin/clang++,AMD Ryzen Threadripper 2950X 16-Core Processor ,cpu,2026.21.6.0.17_160000,double,0.28892996,0.0,0.5534758399999999,0.0,1.830508,0.20105088,0.7870513200000001,0.0,0.0,0.0,0.0,1.87931952,2.09453216,5,5.065196374520639,5.327672927156004,110c2a5a1f7beb2ae372b3d9063938442373a9ae,v0.2.0-5-g0c57d4f,,,,a0f580195416,c95193a60563,4.578781116874837,0.0007010579982306808,12-64-64-3,True,0.0019963687984272836,infer,1000,"{""profile"": true}",7.223249,0,0.0,600000,2400000,13.836896,0.0,45.7627,,0,5.026272,19.676283,200,0.0,0.0,0.0,0,0.0,46.982988,52.363304,500909.4515942087,1,,,500.9094515942087,,,16,2026-09-04T12:44:52+00:00,0.2.0,cup
syclnn,1,auto,True,Clang 22.1.0 /opt/sycl/bin/clang++,AMD Ryzen Threadripper 2950X 16-Core Processor ,cpu,2026.21.6.0.17_160000,float,97.6873654,0.0,2.3984659333333336,0.0,423.6822978,318.1127009333333,5.483765533333334,0.0,0.0,0.0,0.0,187.08026246666668,13618.517076466667,3,0.16570545784991336,0.1661873614317287,110c2a5a1f7beb2ae372b3d9063938442373a9ae,v0.2.0-5-g0c57d4f,,,,a0f580195416,4068160f7f7b,0.49783203379422,0.8473850913384613,784-512-256-10,True,13.225417366668504,infer,2048,"{""profile"": true}",1465.310481,0,0.0,1228800,96337920,35.976989,0.0,6355.234467,,0,4771.690514,82.256483,215055,0.0,0.0,0.0,0,0.0,2806.203937,204277.756147,154.85333605890528,1,,,154.85333605890528,,,16,2026-09-04T12:48:32+00:00,0.2.0,mnist-512-256
syclnn,4096,auto,True,Clang 22.1.0 /opt/sycl/bin/clang++,AMD Ryzen Threadripper 2950X 16-Core Processor ,cpu,2026.21.6.0.17_160000,float,19.5686272,0.0,9.48542736,0.0,336.18302991999997,207.79897572000002,99.32999964000001,0.0,0.0,0.0,0.0,253.52841784,342.08423708000004,5,140.3379956847161,140.74612577085063,110c2a5a1f7beb2ae372b3d9063938442373a9ae,v0.2.0-5-g0c57d4f,,,,a0f580195416,7d2562e43e6e,108.72034544069088,0.002794048807118088,784-512-256-10,True,0.45750118980067783,infer,60000,"{""profile"": true}",489.21568,0,0.0,60000000,4704000000,237.135684,0.0,8404.575748,,0,5194.974393,2483.249991,2650,0.0,0.0,0.0,0,0.0,6338.210446,8552.105927,131147.1999146943,1,,,32.78679997867358,,,16,2026-09-04T12:48:45+00:00,0.2.0,mnist-512-256
syclnn,1,auto,True,Clang 22.1.0 /opt/sycl/bin/clang++,AMD Ryzen Threadripper 2950X 16-Core Processor ,cpu,2026.21.6.0.17_160000,double,108.06957506666666,0.0,3.2495798,0.0,648.2023028666666,526.8512869333333,10.031861066666666,0.0,0.0,0.0,0.0,535.1237058666667,31845.168017333333,3,0.0696485946928912,0.06985114630275614,110c2a5a1f7beb2ae372b3d9063938442373a9ae,v0.2.0-5-g0c57d4f,,,,a0f580195416,795a17281a94,0.24891601689711,0.7652983456791809,784-512-256-10,True,31.465442334670417,infer,2048,"{""profile"": true}",1621.043626,0,0.0,2457600,192675840,48.743697,0.0,9723.034543,,0,7902.769304,150.477916,215055,0.0,0.0,0.0,0,0.0,8026.855588,477677.52026,65.08727823423594,1,,,65.08727823423594,,,16,2026-09-04T12:57:18+00:00,0.2.0,mnist-512-256
syclnn,4096,auto,True,Clang 22.1.0 /opt/sycl/bin/clang++,AMD Ryzen Threadripper 2950X 16-Core Processor ,cpu,2026.21.6.0.17_160000,double,27.53079036,0.0,14.72378492,0.0,731.8140739199999,519.93500624,169.6244924,0.0,0.0,0.0,0.0,591.10459952,738.10217732,5,67.28821072948347,67.48389788538785,110c2a5a1f7beb2ae372b3d9063938442373a9ae,v0.2.0-5-g0c57d4f,,,,a0f580195416,5e13c36655e6,54.36017272034544,0.01623464559088461,784-512-256-10,True,0.9541760629974305,infer,60000,"{""profile"": true}",688.269759,0,0.0,120000000,9408000000,368.094623,0.0,18295.351848,,0,12998.375156,4240.61231,2650,0.0,0.0,0.0,0,0.0,14777.614988,18452.554433,62881.47683302507,1,,,15.720369208256269,,,16,2026-09-04T12:57:44+00:00,0.2.0,mnist-512-256
syclnn,1,auto,True,Clang 22.1.0 /opt/sycl/bin/clang++,AMD Ryzen Threadripper 2950X 16-Core Processor ,cpu,2026.21.6.0.17_160000,float,161.29633166666665,0.0,3.9732712,0.0,1307.7248465999999,1136.2707009333333,6.1845428,0.0,0.0,0.0,0.0,2540.9798982666666,105118.26697853333,3,0.07218066271258873,0.07234025150764867,110c2a5a1f7beb2ae372b3d9063938442373a9ae,v0.2.0-5-g0c57d4f,,,,a0f580195416,680e10247917,0.49869007705240015,2.422896204671517,784-1024-1024-10,True,105.64110089100238,infer,2048,"{""profile"": true}",2419.444975,0,0.0,1228800,96337920,59.599068,0.0,19615.872699,,0,17044.060514,92.768142,215055,0.0,0.0,0.0,0,0.0,38114.698474,1576774.004678,19.386393957717942,1,,,19.386393957717942,,,16,2026-09-04T13:25:44+00:00,0.2.0,mnist
syclnn,4096,auto,True,Clang 22.1.0 /opt/sycl/bin/clang++,AMD Ryzen Threadripper 2950X 16-Core Processor ,cpu,2026.21.6.0.17_160000,float,51.2860106,0.0,10.533885560000002,0.0,835.109096,680.9710560799999,92.31814376,0.0,0.0,0.0,0.0,761.26048736,841.7060736,5,234.6909541972264,235.20984728000312,110c2a5a1f7beb2ae372b3d9063938442373a9ae,v0.2.0-5-g0c57d4f,,,,a0f580195416,845be43c9ca1,174.16334549536907,0.011098927195416719,784-1024-1024-10,True,0.9518723922024946,infer,60000,"{""profile"": true}",1282.150265,0,0.0,60000000,4704000000,263.347139,0.0,20877.7274,,0,17024.276402,2307.953594,2650,0.0,0.0,0.0,0,0.0,19031.512184,21042.65184,63033.65922943589,1,,,15.758414807358974,,,16,2026-09-04T13:26:10+00:00,0.2.0,mnist
syclnn,1,auto,True,Clang 22.1.0 /opt/sycl/bin/clang++,AMD Ryzen Threadripper 2950X 16-Core Processor ,cpu,2026.21.6.0.17_160000,double,150.9305488,0.0,4.6263474,0.0,1990.9838418,1826.232945,9.1940006,0.0,0.0,0.0,0.0,5476.718828,185112.62321,3,0.04116122797016482,0.041252233933924146,110c2a5a1f7beb2ae372b3d9063938442373a9ae,v0.2.0-5-g0c57d4f,,,,a0f580195416,9a80c48913e8,0.24934503852620007,2.326083956994495,784-1024-1024-10,True,185.25309005666836,infer,2048,"{""profile"": true}",2263.958232,0,0.0,2457600,192675840,69.395211,0.0,29864.757627,,0,27393.494175,137.910009,215055,0.0,0.0,0.0,0,0.0,82150.78242,2776689.34815,11.0551462292668,1,,,11.0551462292668,,,16,2026-09-04T14:15:41+00:00,0.2.0,mnist
syclnn,4096,auto,True,Clang 22.1.0 /opt/sycl/bin/clang++,AMD Ryzen Threadripper 2950X 16-Core Processor ,cpu,2026.21.6.0.17_160000,double,76.36614632,0.0,15.940843359999999,0.0,1649.11682788,1382.85230544,173.95753276,0.0,0.0,0.0,0.0,1507.24479172,1656.86855628,5,119.20287812291986,119.46643130977631,110c2a5a1f7beb2ae372b3d9063938442373a9ae,v0.2.0-5-g0c57d4f,,,,a0f580195416,53f2223b5f1a,87.08167274768454,0.004023521800991192,784-1024-1024-10,True,1.8740809242008254,infer,60000,"{""profile"": true}",1909.153658,0,0.0,120000000,9408000000,398.521084,0.0,41227.920697,,0,34571.307636,4348.938319,2650,0.0,0.0,0.0,0,0.0,37681.119793,41421.713907,32015.693252726604,1,,,8.00392331318165,,,16,2026-09-04T14:16:31+00:00,0.2.0,mnist
cudann,1,rocblas,True,Clang 22.0.0 /usr/bin/hipcc (hipcc),AMD Radeon RX 7900 XTX,gpu,70253.21,float,1.6929844666666667,0.0,0.8787616,0.0,4.462432866666666,1.8275984,0.0630884,0.0,0.0,0.0,0.0,4.256986866666667,9.582270733333333,3,0.0018403166642805687,0.002095916200986203,3913e2051df87aa83481b7bcf016a7201f7fbe23,v0.1.0-4-gb8ce600,,47.0,4.0,ws-amd,7fb6c423cf77,0.3673469387755102,2.2757002928603526e-05,17-4-1,True,0.009702677993724743,infer,124,"{""profile"": true}",25.394767,0,0.0,7440,126480,13.181424,0.0,66.936493,,0,27.413976,0.946326,9315,0.0,0.0,0.0,0,0.0,63.854803,143.734061,12779.976835281728,1,,,12779.976835281728,,,32,2026-09-04T04:20:37+00:00,0.1.0,monk
cudann,124,rocblas,True,Clang 22.0.0 /usr/bin/hipcc (hipcc),AMD Radeon RX 7900 XTX,gpu,70253.21,float,0.02534268,0.0,0.012187680000000001,0.0,0.13287592,0.02629948,0.06904608,0.0,0.0,0.0,0.0,0.09491156,0.28541204,5,0.04123678964857694,0.046964121544212624,3913e2051df87aa83481b7bcf016a7201f7fbe23,v0.1.0-4-gb8ce600,,37.0,10.0,ws-amd,62f8cc4e2fea,1.354368932038835,6.465998012572527e-06,17-4-1,True,0.0004330113995820284,infer,124,"{""profile"": true}",0.633567,0,0.0,12400,210800,0.304692,0.0,3.321898,,0,0.657487,1.726152,150,0.0,0.0,0.0,0,0.0,2.372789,7.135301,286366.5947817843,1,,,2309.408022433744,,,32,2026-09-04T04:20:38+00:00,0.1.0,monk
cudann,1,rocblas,True,Clang 22.0.0 /usr/bin/hipcc (hipcc),AMD Radeon RX 7900 XTX,gpu,70253.21,double,1.9863853333333334,0.0,0.9209510000000001,0.0,5.682819133333334,2.696058266666667,0.07942453333333334,0.0,0.0,0.0,0.0,0.1261564,11.373376466666667,3,0.001527689282523649,0.0017398683495408224,3913e2051df87aa83481b7bcf016a7201f7fbe23,v0.1.0-4-gb8ce600,,62.0,29.0,ws-amd,9079a8958e3d,0.1836734693877551,6.67236648344751e-05,17-4-1,True,0.011688240667960295,infer,124,"{""profile"": true}",29.79578,0,0.0,14880,252960,13.814265,0.0,85.242287,,0,40.440874,1.191368,9315,0.0,0.0,0.0,0,0.0,1.892346,170.600647,10608.953350858674,1,,,10608.953350858674,,,32,2026-09-04T04:20:38+00:00,0.1.0,monk
cudann,124,rocblas,True,Clang 22.0.0 /usr/bin/hipcc (hipcc),AMD Radeon RX 7900 XTX,gpu,70253.21,double,0.031616439999999996,0.0,0.0122034,0.0,0.14513432,0.03285968,0.0684548,0.0,0.0,0.0,0.0,0.12740884,0.29550224,5,0.04014502181363823,0.04572071928775465,3913e2051df87aa83481b7bcf016a7201f7fbe23,v0.1.0-4-gb8ce600,,62.0,9.0,ws-amd,4de867529131,0.6771844660194175,9.106000652536772e-06,17-4-1,True,0.0004447874031029642,infer,124,"{""profile"": true}",0.790411,0,0.0,24800,421600,0.305085,0.0,3.628358,,0,0.821492,1.71137,150,0.0,0.0,0.0,0,0.0,3.185221,7.387556,278784.87370582105,1,,,2248.265110530815,,,32,2026-09-04T04:20:38+00:00,0.1.0,monk
cudann,1,rocblas,True,Clang 22.0.0 /usr/bin/hipcc (hipcc),AMD Radeon RX 7900 XTX,gpu,70253.21,float,42.370078400000004,0.0,14.6685398,0.0,109.77593646666666,52.60376493333333,0.13355333333333333,0.0,0.0,0.0,0.0,25.484989066666667,231.35517986666667,3,0.08922544444302626,0.0938490730909837,3913e2051df87aa83481b7bcf016a7201f7fbe23,v0.1.0-4-gb8ce600,465.507012911592,136.0,94.55555555555556,ws-amd,c02170b85f90,0.4745635442087479,0.000281957327388227,12-64-64-3,True,0.2321016849988761,infer,2048,"{""profile"": true}",635.551176,0,0.0,368640,1474560,220.028097,0.0,1646.639047,,0,789.056474,2.0033,215055,0.0,0.0,0.0,0,0.0,382.274836,3470.327698,8823.718793811931,1,,,8823.718793811931,,,32,2026-09-04T04:20:42+00:00,0.1.0,cup
cudann,1000,rocblas,True,Clang 22.0.0 /usr/bin/hipcc (hipcc),AMD Radeon RX 7900 XTX,gpu,70253.21,float,0.03562944,0.0,0.013449359999999999,0.0,0.17586404000000003,0.04631404,0.08047119999999999,0.0,0.0,0.0,0.0,0.13236556,0.35399112000000005,5,19.736446531810497,20.759181696235807,3913e2051df87aa83481b7bcf016a7201f7fbe23,v0.1.0-4-gb8ce600,,51.0,4.0,ws-amd,253220a5f26f,9.157562233749674,2.1324004046618917e-05,12-64-64-3,True,0.0005123516020830721,infer,1000,"{""profile"": true}",0.890736,0,0.0,300000,1200000,0.336234,0.0,4.396601,,0,1.157851,2.01178,200,0.0,0.0,0.0,0,0.0,3.309139,8.849778,1951784.6649337914,1,,,1951.7846649337914,,,32,2026-09-04T04:20:42+00:00,0.1.0,cup
cudann,1,rocblas,True,Clang 22.0.0 /usr/bin/hipcc (hipcc),AMD Radeon RX 7900 XTX,gpu,70253.21,double,48.44621946666667,0.0,14.686761933333335,0.0,137.111422,73.80573366666665,0.17270693333333334,0.0,0.0,0.0,0.0,38.57517326666667,258.95976966666666,3,0.07971489092840758,0.08384568630484009,3913e2051df87aa83481b7bcf016a7201f7fbe23,v0.1.0-4-gb8ce600,523.0860478022369,136.75,95.0,ws-amd,dd28a495503a,0.23728177210437396,0.001409187990551175,12-64-64-3,True,0.25979306700173765,infer,2048,"{""profile"": true}",726.693292,0,0.0,737280,2949120,220.301429,0.0,2056.67133,,0,1107.086005,2.590604,215055,0.0,0.0,0.0,0,0.0,578.627599,3884.396545,7883.197283268155,1,,,7883.197283268155,,,32,2026-09-04T04:20:46+00:00,0.1.0,cup
cudann,1000,rocblas,True,Clang 22.0.0 /usr/bin/hipcc (hipcc),AMD Radeon RX 7900 XTX,gpu,70253.21,double,0.11907388,0.0,0.014815799999999999,0.0,0.31596804,0.0930878,0.08899056,0.0,0.0,0.0,0.0,0.28613732,0.49610808,5,15.48573636403059,16.28820134175528,3913e2051df87aa83481b7bcf016a7201f7fbe23,v0.1.0-4-gb8ce600,,63.0,4.0,ws-amd,dd76cef76dfb,4.578781116874837,6.979994941502723e-06,12-64-64-3,True,0.0006529879989102483,infer,1000,"{""profile"": true}",2.976847,0,0.0,600000,2400000,0.370395,0.0,7.899201,,0,2.327195,2.224764,200,0.0,0.0,0.0,0,0.0,7.153433,12.402702,1531421.7132150505,1,,,1531.4217132150504,,,32,2026-09-04T04:20:47+00:00,0.1.0,cup
cudann,1,rocblas,True,Clang 22.0.0 /usr/bin/hipcc (hipcc),AMD Radeon RX 7900 XTX,gpu,70253.21,float,42.2874646,0.0,14.743899599999999,0.0,160.43121146666667,100.62150226666667,2.7783450000000003,0.0,0.0,0.0,0.0,70.90640806666667,283.3667413333333,3,7.682043602847637,7.704384474270393,3913e2051df87aa83481b7bcf016a7201f7fbe23,v0.1.0-4-gb8ce600,586.1754147172906,137.9090909090909,91.68181818181819,ws-amd,d4ffd10d6791,0.49783203379422,0.0009616663349637511,784-512-256-10,True,0.2852787556669985,infer,2048,"{""profile"": true}",634.311969,0,0.0,1228800,96337920,221.158494,0.0,2406.468172,,0,1509.322534,41.675175,215055,0.0,0.0,0.0,0,0.0,1063.596121,4250.50112,7178.943259240092,1,,,7178.943259240092,,,32,2026-09-04T04:20:52+00:00,0.1.0,mnist-512-256
cudann,4096,rocblas,True,Clang 22.0.0 /usr/bin/hipcc (hipcc),AMD Radeon RX 7900 XTX,gpu,70253.21,float,0.76231452,0.0,0.47326392,0.0,86.12720687999999,4.13579484,80.7558336,0.0,0.0,0.0,0.0,18.00567432,88.37151328,5,337.0286097052839,338.0087542116786,3913e2051df87aa83481b7bcf016a7201f7fbe23,v0.1.0-4-gb8ce600,338.35609748963907,71.73913043478261,12.478260869565217,ws-amd,046a51ef4d07,108.72034544069088,0.002547544002300145,784-512-256-10,True,0.1905025215994101,infer,60000,"{""profile"": true}",19.057863,0,0.0,60000000,4704000000,11.831598,0.0,2153.180172,,0,103.394871,2018.89584,2650,0.0,0.0,0.0,0,0.0,450.141858,2209.287832,314956.4609237476,1,,,78.7391152309369,,,32,2026-09-04T04:20:59+00:00,0.1.0,mnist-512-256
cudann,1,rocblas,True,Clang 22.0.0 /usr/bin/hipcc (hipcc),AMD Radeon RX 7900 XTX,gpu,70253.21,double,43.085025200000004,0.0,14.437328733333334,0.0,443.26376633333336,380.1688062,5.5726062,0.0,0.0,0.0,0.0,154.78109733333335,566.0859156,3,3.849384123863129,3.8605788788286093,3913e2051df87aa83481b7bcf016a7201f7fbe23,v0.1.0-4-gb8ce600,1329.311964783119,157.06976744186048,95.34883720930233,ws-amd,723f350df650,0.24891601689711,0.0009366496621321385,784-512-256-10,True,0.5693180439993739,infer,2048,"{""profile"": true}",646.275378,0,0.0,2457600,192675840,216.559931,0.0,6648.956495,,0,5702.532093,83.589093,215055,0.0,0.0,0.0,0,0.0,2321.71646,8491.288734,3597.286299961805,1,,,3597.286299961805,,,32,2026-09-04T04:21:09+00:00,0.1.0,mnist-512-256
cudann,4096,rocblas,True,Clang 22.0.0 /usr/bin/hipcc (hipcc),AMD Radeon RX 7900 XTX,gpu,70253.21,double,1.07493044,0.0,0.88795044,0.0,224.4417276,62.95118976,159.52765696,0.0,0.0,0.0,0.0,90.80945104,227.44718556,5,149.14913442152388,149.58288900652667,3913e2051df87aa83481b7bcf016a7201f7fbe23,v0.1.0-4-gb8ce600,916.5401880865538,85.78,24.12,ws-amd,4d5e69fb4a3a,54.36017272034544,0.004984394001076031,784-512-256-10,True,0.4304738357954193,infer,60000,"{""profile"": true}",26.873261,0,0.0,120000000,9408000000,22.198761,0.0,5611.04319,,0,1573.779744,3988.191424,2650,0.0,0.0,0.0,0,0.0,2270.236276,5686.179639,139381.2933813583,1,,,34.84532334533958,,,32,2026-09-04T04:21:21+00:00,0.1.0,mnist-512-256
cudann,1,rocblas,True,Clang 22.0.0 /usr/bin/hipcc (hipcc),AMD Radeon RX 7900 XTX,gpu,70253.21,float,42.25643413333333,0.0,14.705553266666668,0.0,218.9513438,159.22352106666668,2.7658353333333334,0.0,0.0,0.0,0.0,91.52475306666666,342.678124,3,22.1191874869177,22.16809219831939,3913e2051df87aa83481b7bcf016a7201f7fbe23,v0.1.0-4-gb8ce600,741.6886579679849,146.42307692307693,92.61538461538461,ws-amd,54e0330737b9,0.49869007705240015,0.00045278532585746323,784-1024-1024-10,True,0.3447343930019997,infer,2048,"{""profile"": true}",633.846512,0,0.0,1228800,96337920,220.583299,0.0,3284.270157,,0,2388.352816,41.48753,215055,0.0,0.0,0.0,0,0.0,1372.871296,5140.17186,5940.805563859479,1,,,5940.805563859479,,,32,2026-09-04T04:21:28+00:00,0.1.0,mnist
cudann,4096,rocblas,True,Clang 22.0.0 /usr/bin/hipcc (hipcc),AMD Radeon RX 7900 XTX,gpu,70253.21,float,1.3278062800000001,0.0,0.474136,0.0,93.46018552,10.14443548,81.51380776,0.0,0.0,0.0,0.0,24.48919056,95.77107652000001,5,1121.3599304897766,1123.8392161240458,3913e2051df87aa83481b7bcf016a7201f7fbe23,v0.1.0-4-gb8ce600,377.34441013931064,77.08,14.76,ws-amd,db9dde64fc1e,174.16334549536907,0.001335836405633034,784-1024-1024-10,True,0.19921867540106178,infer,60000,"{""profile"": true}",33.195157,0,0.0,60000000,4704000000,11.8534,0.0,2336.504638,,0,253.610887,2037.845194,2650,0.0,0.0,0.0,0,0.0,612.229764,2394.276913,301176.58336604026,1,,,75.29414584151007,,,32,2026-09-04T04:21:35+00:00,0.1.0,mnist
cudann,1,rocblas,True,Clang 22.0.0 /usr/bin/hipcc (hipcc),AMD Radeon RX 7900 XTX,gpu,70253.21,double,43.104222199999995,0.0,14.402888333333333,0.0,727.7426982666667,664.6246666666667,5.610921066666666,0.0,0.0,0.0,0.0,235.88442886666664,850.3784113999999,3,8.931563123053825,8.951310481186095,3913e2051df87aa83481b7bcf016a7201f7fbe23,v0.1.0-4-gb8ce600,2279.886306370405,179.890625,97.03125,ws-amd,63be68e9c6cb,0.24934503852620007,0.00200582666244975,784-1024-1024-10,True,0.8537413403391838,infer,2048,"{""profile"": true}",646.563333,0,0.0,2457600,192675840,216.043325,0.0,10916.140474,,0,9969.37,84.163816,215055,0.0,0.0,0.0,0,0.0,3538.266433,12755.676171,2398.8530287011145,1,,,2398.8530287011145,,,32,2026-09-04T04:21:50+00:00,0.1.0,mnist
cudann,4096,rocblas,True,Clang 22.0.0 /usr/bin/hipcc (hipcc),AMD Radeon RX 7900 XTX,gpu,70253.21,double,2.11888028,0.0,0.8786535999999999,0.0,383.47751552,217.9832632,162.49671844,0.0,0.0,0.0,0.0,246.97916716,386.40211048,5,378.7278325470798,379.56518587940525,3913e2051df87aa83481b7bcf016a7201f7fbe23,v0.1.0-4-gb8ce600,1828.8647748249641,126.046875,43.953125,ws-amd,8a13a7e27236,87.08167274768454,0.002942639397224389,784-1024-1024-10,True,0.5898585231974721,infer,60000,"{""profile"": true}",52.972007,0,0.0,120000000,9408000000,21.96634,0.0,9586.937888,,0,5449.58158,4062.417961,2650,0.0,0.0,0.0,0,0.0,6174.479179,9660.052762,101719.30664789813,1,,,25.429826661974534,,,32,2026-09-04T04:22:06+00:00,0.1.0,mnist
syclnn,1,auto,True,AdaptiveCpp 25.10.0 $HOME/.local/opt/fnn-rocm/acpp/bin/acpp / host Clang 18.1.3 $HOME/.local/opt/fnn-rocm/acpp/bin/acpp,AMD Radeon RX 7900 XTX,gpu,70253211,float,1.9143638,0.0,0.9713868666666666,0.0,10.185280333333333,7.209585266666666,0.08994440000000001,0.0,0.0,0.0,0.0,0.02413473333333333,21.943027866666668,3,0.0008073462602420016,0.000919477685275613,3913e2051df87aa83481b7bcf016a7201f7fbe23,v0.2.0-5-g0c57d4f,19.336024705597083,96.5,47.0,ws-amd,078db2ae8b4b,0.3673469387755102,0.0015069343401895238,17-4-1,True,0.02211690433129358,infer,124,"{""profile"": true}",28.715457,0,0.0,7440,126480,14.570803,0.0,152.779205,,0,108.143779,1.349166,9315,0.0,0.0,0.0,0,0.0,0.362021,329.145418,5606.571251680567,1,,,5606.571251680567,,,32,2026-09-04T04:18:29+00:00,0.2.0,monk
syclnn,124,auto,True,AdaptiveCpp 25.10.0 $HOME/.local/opt/fnn-rocm/acpp/bin/acpp / host Clang 18.1.3 $HOME/.local/opt/fnn-rocm/acpp/bin/acpp,AMD Radeon RX 7900 XTX,gpu,70253211,float,0.029327239999999997,0.0,0.0130788,0.0,0.18096804,0.07109391999999999,0.06746808,0.0,0.0,0.0,0.0,0.04684856,0.38990608000000004,5,0.03323296695537705,0.03784865681029053,3913e2051df87aa83481b7bcf016a7201f7fbe23,v0.2.0-5-g0c57d4f,,54.0,3.0,ws-amd,a1e884cf40d3,1.354368932038835,1.3267999747768044e-05,17-4-1,True,0.000537297799019143,infer,124,"{""profile"": true}",0.733181,0,0.0,12400,210800,0.32697,0.0,4.524201,,0,1.777348,1.686702,150,0.0,0.0,0.0,0,0.0,1.171214,9.747652,230784.49274567398,1,,,1861.165264078016,,,32,2026-09-04T04:18:29+00:00,0.2.0,monk
syclnn,1,auto,True,AdaptiveCpp 25.10.0 $HOME/.local/opt/fnn-rocm/acpp/bin/acpp / host Clang 18.1.3 $HOME/.local/opt/fnn-rocm/acpp/bin/acpp,AMD Radeon RX 7900 XTX,gpu,70253211,double,2.114579866666667,0.0,1.0016798,0.0,11.858283466666668,8.640255866666667,0.10176793333333332,0.0,0.0,0.0,0.0,0.020508066666666665,25.8424696,3,0.0006397092722758087,0.0007285577823141155,3913e2051df87aa83481b7bcf016a7201f7fbe23,v0.2.0-5-g0c57d4f,20.155368768435437,100.5,66.0,ws-amd,ae3bea19c033,0.1836734693877551,0.005674261328143377,17-4-1,True,0.027912679671620328,infer,124,"{""profile"": true}",31.718698,0,0.0,14880,252960,15.025197,0.0,177.874252,,0,129.603838,1.526519,9315,0.0,0.0,0.0,0,0.0,0.307621,387.637044,4442.425501915339,1,,,4442.425501915339,,,32,2026-09-04T04:18:30+00:00,0.2.0,monk
syclnn,124,auto,True,AdaptiveCpp 25.10.0 $HOME/.local/opt/fnn-rocm/acpp/bin/acpp / host Clang 18.1.3 $HOME/.local/opt/fnn-rocm/acpp/bin/acpp,AMD Radeon RX 7900 XTX,gpu,70253211,double,0.03180056,0.0,0.01369156,0.0,0.1900262,0.07768524,0.06684884,0.0,0.0,0.0,0.0,0.05229972,0.39968328,5,0.03247727641633107,0.036988009251932616,3913e2051df87aa83481b7bcf016a7201f7fbe23,v0.2.0-5-g0c57d4f,,65.0,2.0,ws-amd,b2ddf77b0c6d,0.6771844660194175,1.672399812377987e-05,17-4-1,True,0.000549799797590822,infer,124,"{""profile"": true}",0.795014,0,0.0,24800,421600,0.342289,0.0,4.750655,,0,1.942131,1.671221,150,0.0,0.0,0.0,0,0.0,1.307493,9.992082,225536.6417800769,1,,,1818.8438853232008,,,32,2026-09-04T04:18:30+00:00,0.2.0,monk
syclnn,1,auto,True,AdaptiveCpp 25.10.0 $HOME/.local/opt/fnn-rocm/acpp/bin/acpp / host Clang 18.1.3 $HOME/.local/opt/fnn-rocm/acpp/bin/acpp,AMD Radeon RX 7900 XTX,gpu,70253211,float,47.366229000000004,0.0,16.54529788888889,0.0,260.1550545555556,195.97345166666665,0.270076,0.0,0.0,0.0,0.0,0.02713888888888889,556.7314002222223,3,0.03663441285903682,0.038532794221589756,110c2a5a1f7beb2ae372b3d9063938442373a9ae,v0.2.0-5-g0c57d4f,557.5339837010833,109.8076923076923,84.73076923076923,ws-amd,e67fa183fb1d,0.4745635442087479,0.015799689829388175,12-64-64-3,True,0.5652984280022793,infer,2048,"{""profile"": true}",426.296061,0,0.0,221184,884736,148.907681,0.0,2341.395491,,0,1763.761065,2.430684,129033,0.0,0.0,0.0,0,0.0,0.24425,5010.582602,3622.865195711711,1,,,3622.865195711711,,,32,2026-09-04T14:16:57+00:00,0.2.0,cup
syclnn,1000,auto,True,AdaptiveCpp 25.10.0 $HOME/.local/opt/fnn-rocm/acpp/bin/acpp / host Clang 18.1.3 $HOME/.local/opt/fnn-rocm/acpp/bin/acpp,AMD Radeon RX 7900 XTX,gpu,70253211,float,0.04185828,0.0,0.01477076,0.0,0.25276428,0.11825084000000001,0.07788439999999999,0.0,0.0,0.0,0.0,0.04735652,0.5146396,5,14.447650219269201,15.196321967182282,3913e2051df87aa83481b7bcf016a7201f7fbe23,v0.2.0-5-g0c57d4f,,53.0,5.0,ws-amd,e779647e1a33,9.157562233749674,5.337199545465412e-05,12-64-64-3,True,0.0006999062024988234,infer,1000,"{""profile"": true}",1.046457,0,0.0,300000,1200000,0.369269,0.0,6.319107,,0,2.956271,1.94711,200,0.0,0.0,0.0,0,0.0,1.183913,12.86599,1428762.877696717,1,,,1428.762877696717,,,32,2026-09-04T04:18:40+00:00,0.2.0,cup
syclnn,1,auto,True,AdaptiveCpp 25.10.0 $HOME/.local/opt/fnn-rocm/acpp/bin/acpp / host Clang 18.1.3 $HOME/.local/opt/fnn-rocm/acpp/bin/acpp,AMD Radeon RX 7900 XTX,gpu,70253211,double,53.11070655555555,0.0,16.214269777777776,0.0,338.02981966666664,268.3924617777778,0.3123815555555556,0.0,0.0,0.0,0.0,0.019456555555555553,689.0301458888889,3,0.028967240773603863,0.030468312190274,110c2a5a1f7beb2ae372b3d9063938442373a9ae,v0.2.0-5-g0c57d4f,703.167624192647,113.0625,86.03125,ws-amd,cb490403641a,0.23728177210437396,0.023377392833936028,12-64-64-3,True,0.7149240123302055,infer,2048,"{""profile"": true}",477.996359,0,0.0,442368,1769472,145.928428,0.0,3042.268377,,0,2415.532156,2.811434,129033,0.0,0.0,0.0,0,0.0,0.175109,6201.271313,2864.6401081491163,1,,,2864.6401081491163,,,32,2026-09-04T14:17:05+00:00,0.2.0,cup
syclnn,1000,auto,True,AdaptiveCpp 25.10.0 $HOME/.local/opt/fnn-rocm/acpp/bin/acpp / host Clang 18.1.3 $HOME/.local/opt/fnn-rocm/acpp/bin/acpp,AMD Radeon RX 7900 XTX,gpu,70253211,double,0.11600344,0.0,0.01542548,0.0,0.38249344,0.15789984,0.09316468,0.0,0.0,0.0,0.0,0.039496,0.64367476,5,12.170979146119432,12.801674663580526,3913e2051df87aa83481b7bcf016a7201f7fbe23,v0.2.0-5-g0c57d4f,,52.0,5.0,ws-amd,2adebea98ea9,4.578781116874837,5.093599320389326e-05,12-64-64-3,True,0.0008308288000989705,infer,1000,"{""profile"": true}",2.900086,0,0.0,600000,2400000,0.385637,0.0,9.562336,,0,3.947496,2.329117,200,0.0,0.0,0.0,0,0.0,0.9874,16.091869,1203617.3997349122,1,,,1203.6173997349122,,,32,2026-09-04T04:18:51+00:00,0.2.0,cup
syclnn,1,auto,True,AdaptiveCpp 25.10.0 $HOME/.local/opt/fnn-rocm/acpp/bin/acpp / host Clang 18.1.3 $HOME/.local/opt/fnn-rocm/acpp/bin/acpp,AMD Radeon RX 7900 XTX,gpu,70253211,float,46.212613555555556,0.0,16.213053555555557,0.0,357.7608368888889,292.70646944444445,2.628700333333333,0.0,0.0,0.0,0.0,0.020793333333333334,719.8214341111111,3,2.9307736148375203,2.939296872434498,110c2a5a1f7beb2ae372b3d9063938442373a9ae,v0.2.0-5-g0c57d4f,762.3842968315876,118.27272727272727,84.93939393939394,ws-amd,4f4435a110cd,0.49783203379422,0.024496819503838196,784-512-256-10,True,0.7477629213341667,infer,2048,"{""profile"": true}",415.913522,0,0.0,737280,57802752,145.917482,0.0,3219.847532,,0,2634.358225,23.658303,129033,0.0,0.0,0.0,0,0.0,0.18714,6478.392907,2738.8359887461875,1,,,2738.8359887461875,,,32,2026-09-04T14:17:13+00:00,0.2.0,mnist-512-256
syclnn,4096,auto,True,AdaptiveCpp 25.10.0 $HOME/.local/opt/fnn-rocm/acpp/bin/acpp / host Clang 18.1.3 $HOME/.local/opt/fnn-rocm/acpp/bin/acpp,AMD Radeon RX 7900 XTX,gpu,70253211,float,0.8433987999999999,0.0,0.52582256,0.0,88.3047416,5.17685116,81.75866908,0.0,0.0,0.0,0.0,0.02849736,91.76704095999999,5,335.31834158178697,336.293512297063,3913e2051df87aa83481b7bcf016a7201f7fbe23,v0.2.0-5-g0c57d4f,328.2970498754876,68.41666666666667,13.833333333333334,ws-amd,6d1d71347c8f,108.72034544069088,0.0005456317972857561,784-512-256-10,True,0.19147416659980082,infer,60000,"{""profile"": true}",21.08497,0,0.0,60000000,4704000000,13.145564,0.0,2207.61854,,0,129.421279,2043.966727,2650,0.0,0.0,0.0,0,0.0,0.712434,2294.176024,313358.19899613765,1,,,78.33954974903442,,,32,2026-09-04T04:19:09+00:00,0.2.0,mnist-512-256
syclnn,1,auto,True,AdaptiveCpp 25.10.0 $HOME/.local/opt/fnn-rocm/acpp/bin/acpp / host Clang 18.1.3 $HOME/.local/opt/fnn-rocm/acpp/bin/acpp,AMD Radeon RX 7900 XTX,gpu,70253211,double,46.435932,0.0,15.96975388888889,0.0,621.6587111111111,553.712697,5.5403282222222225,0.0,0.0,0.0,0.0,0.020824444444444444,932.420643,3,2.3316410043023943,2.338421868168076,110c2a5a1f7beb2ae372b3d9063938442373a9ae,v0.2.0-5-g0c57d4f,1201.754465484817,141.72093023255815,89.83720930232558,ws-amd,a0c516750ec9,0.24891601689711,0.012067623004744177,784-512-256-10,True,0.9399062016649017,infer,2048,"{""profile"": true}",417.923388,0,0.0,1474560,115605504,143.727785,0.0,5594.9284,,0,4983.414273,49.862954,129033,0.0,0.0,0.0,0,0.0,0.18742,8391.785787,2178.9408308746956,1,,,2178.9408308746956,,,32,2026-09-04T14:17:24+00:00,0.2.0,mnist-512-256
syclnn,4096,auto,True,AdaptiveCpp 25.10.0 $HOME/.local/opt/fnn-rocm/acpp/bin/acpp / host Clang 18.1.3 $HOME/.local/opt/fnn-rocm/acpp/bin/acpp,AMD Radeon RX 7900 XTX,gpu,70253211,double,1.14744888,0.0,0.91521272,0.0,223.01310959999998,64.08821904,156.86222895999998,0.0,0.0,0.0,0.0,0.03763728,227.23494911999998,5,151.41406591967421,151.85440736437187,3913e2051df87aa83481b7bcf016a7201f7fbe23,v0.2.0-5-g0c57d4f,920.071704896749,86.84,24.76,ws-amd,ddb31b46d9d9,54.36017272034544,0.010053884197259333,784-512-256-10,True,0.4240345810016152,infer,60000,"{""profile"": true}",28.686222,0,0.0,120000000,9408000000,22.880318,0.0,5575.32774,,0,1602.205476,3921.555724,2650,0.0,0.0,0.0,0,0.0,0.940932,5680.873728,141497.89354036542,1,,,35.374473385091356,,,32,2026-09-04T04:19:39+00:00,0.2.0,mnist-512-256
syclnn,1,auto,True,AdaptiveCpp 25.10.0 $HOME/.local/opt/fnn-rocm/acpp/bin/acpp / host Clang 18.1.3 $HOME/.local/opt/fnn-rocm/acpp/bin/acpp,AMD Radeon RX 7900 XTX,gpu,70253211,float,46.02053444444445,0.0,16.448626555555556,0.0,394.85342522222226,329.5940482222222,2.790216,0.0,0.0,0.0,0.0,0.02104111111111111,703.4195745555556,3,10.651960782363325,10.67551187655391,110c2a5a1f7beb2ae372b3d9063938442373a9ae,v0.2.0-5-g0c57d4f,852.8277591975493,131.84848484848484,86.51515151515152,ws-amd,654a6293b296,0.49869007705240015,0.00023901333527942548,784-1024-1024-10,True,0.7158536186713415,infer,2048,"{""profile"": true}",414.18481,0,0.0,737280,57802752,148.037639,0.0,3553.680827,,0,2966.346434,25.111944,129033,0.0,0.0,0.0,0,0.0,0.18937,6330.776171,2860.920091178956,1,,,2860.920091178956,,,32,2026-09-04T14:17:33+00:00,0.2.0,mnist
syclnn,4096,auto,True,AdaptiveCpp 25.10.0 $HOME/.local/opt/fnn-rocm/acpp/bin/acpp / host Clang 18.1.3 $HOME/.local/opt/fnn-rocm/acpp/bin/acpp,AMD Radeon RX 7900 XTX,gpu,70253211,float,1.3824180000000001,0.0,0.51835764,0.0,92.20197456,11.176606280000001,79.12459264,0.0,0.0,0.0,0.0,0.027161360000000002,95.77969388,5,1161.7238950010449,1164.2924238788385,3913e2051df87aa83481b7bcf016a7201f7fbe23,v0.2.0-5-g0c57d4f,376.21234451777127,78.58333333333333,16.75,ws-amd,dfaa47ab142e,174.16334549536907,0.002840755000943329,784-1024-1024-10,True,0.19229684519814327,infer,60000,"{""profile"": true}",34.56045,0,0.0,60000000,4704000000,12.958941,0.0,2305.049364,,0,279.415157,1978.114816,2650,0.0,0.0,0.0,0,0.0,0.679034,2394.492347,312017.5993432228,1,,,78.0043998358057,,,32,2026-09-04T04:19:58+00:00,0.2.0,mnist
syclnn,1,auto,True,AdaptiveCpp 25.10.0 $HOME/.local/opt/fnn-rocm/acpp/bin/acpp / host Clang 18.1.3 $HOME/.local/opt/fnn-rocm/acpp/bin/acpp,AMD Radeon RX 7900 XTX,gpu,70253211,double,46.62824833333334,0.0,15.985813666666665,0.0,895.8967379999999,827.8512407777778,5.431435222222222,0.0,0.0,0.0,0.0,0.021203333333333334,1202.789163111111,3,6.227737150563515,6.241506448744745,110c2a5a1f7beb2ae372b3d9063938442373a9ae,v0.2.0-5-g0c57d4f,1738.5560361972748,159.96363636363637,92.47272727272727,ws-amd,455ec78d99a0,0.24934503852620007,0.018410702832625248,784-1024-1024-10,True,1.2244005306662682,infer,2048,"{""profile"": true}",419.654235,0,0.0,1474560,115605504,143.872323,0.0,8063.070642,,0,7450.661167,48.882917,129033,0.0,0.0,0.0,0,0.0,0.19083,10825.102468,1672.655269828708,1,,,1672.655269828708,,,32,2026-09-04T14:17:46+00:00,0.2.0,mnist
syclnn,4096,auto,True,AdaptiveCpp 25.10.0 $HOME/.local/opt/fnn-rocm/acpp/bin/acpp / host Clang 18.1.3 $HOME/.local/opt/fnn-rocm/acpp/bin/acpp,AMD Radeon RX 7900 XTX,gpu,70253211,double,2.138986,0.0,0.8951871199999999,0.0,379.95786736,218.6529318,158.27076244,0.0,0.0,0.0,0.0,0.03371252,384.2966496,5,382.8214808838301,383.667885122325,3913e2051df87aa83481b7bcf016a7201f7fbe23,v0.2.0-5-g0c57d4f,1839.6403303767147,127.73770491803279,43.78688524590164,ws-amd,3ea4cd55a74e,87.08167274768454,0.004435426002601162,784-1024-1024-10,True,0.5835509530035778,infer,60000,"{""profile"": true}",53.47465,0,0.0,120000000,9408000000,22.379678,0.0,9498.946684,,0,5466.323295,3956.769061,2650,0.0,0.0,0.0,0,0.0,0.842813,9607.41624,102818.78504554876,1,,,25.70469626138719,,,32,2026-09-04T04:20:36+00:00,0.2.0,mnist
ompnn,1,openblas,True,GNU 14.2.0 /usr/bin/g++-14,"AMD Ryzen Threadripper 2950X 16-Core Processor (OpenMP host, 16 threads)",cpu,201511,float,1.4905221333333332,0.0,0.004632,0.0,1.6221265333333332,0.12665106666666667,0.0003213333333333333,0.0,0.0,0.0,0.0,0.0,1.6786193999999999,3,0.010703919348979539,0.012190574814115587,0a347a31f5aa9c1dc6a43123a746e221b135dca5,v0.1.0-8-ge91146e,,,,59a8fc1dbe64,0ac0d55ed968,0.3673469387755102,1.2857005155334942e-05,17-4-1,True,0.0016681740041046094,infer,124,"{""profile"": true}",22.357832,0,0.0,7440,126480,0.06948,0.0,24.331898,,0,1.899766,0.00482,9315,0.0,0.0,0.0,0,0.0,0.0,25.179291,74332.77325680235,1,,,74332.77325680235,,,16,2026-09-04T10:57:13+00:00,0.1.0,monk
ompnn,124,openblas,True,GNU 14.2.0 /usr/bin/g++-14,"AMD Ryzen Threadripper 2950X 16-Core Processor (OpenMP host, 16 threads)",cpu,201511,float,0.01449968,0.0,0.0001752,0.0,0.01863368,0.0037,0.0002588,0.0,0.0,0.0,0.0,0.0,0.01921808,5,0.8355561467198203,0.9516056115420175,0a347a31f5aa9c1dc6a43123a746e221b135dca5,v0.1.0-8-ge91146e,,,,59a8fc1dbe64,f647e045318f,1.354368932038835,6.820191629231044e-08,17-4-1,True,2.1370197646319867e-05,infer,124,"{""profile"": true}",0.362492,0,0.0,12400,210800,0.00438,0.0,0.465842,,0,0.0925,0.00647,150,0.0,0.0,0.0,0,0.0,0.0,0.480452,5802473.241109863,1,,,46794.139041208575,,,16,2026-09-04T10:57:13+00:00,0.1.0,monk
ompnn,1,openblas,True,GNU 14.2.0 /usr/bin/g++-14,"AMD Ryzen Threadripper 2950X 16-Core Processor (OpenMP host, 16 threads)",cpu,201511,double,1.3288478,0.0,0.003519333333333333,0.0,1.4266173333333334,0.09378486666666667,0.00046533333333333333,0.0,0.0,0.0,0.0,0.0,1.4845725333333335,3,0.011456800351444552,0.013048022622478518,0a347a31f5aa9c1dc6a43123a746e221b135dca5,v0.1.0-8-ge91146e,,,,59a8fc1dbe64,b0c70dbbecab,0.1836734693877551,0.00023202066464970495,17-4-1,True,0.0015585503327505041,infer,124,"{""profile"": true}",19.932717,0,0.0,14880,252960,0.05279,0.0,21.39926,,0,1.406773,0.00698,9315,0.0,0.0,0.0,0,0.0,0.0,22.268588,79561.11355169828,1,,,79561.11355169828,,,16,2026-09-04T10:57:13+00:00,0.1.0,monk
ompnn,124,openblas,True,GNU 14.2.0 /usr/bin/g++-14,"AMD Ryzen Threadripper 2950X 16-Core Processor (OpenMP host, 16 threads)",cpu,201511,double,0.01487448,0.0,0.00021160000000000002,0.0,0.02068208,0.0050988,0.0004972,0.0,0.0,0.0,0.0,0.0,0.02130968,5,0.7144113762020822,0.8136351784523713,0a347a31f5aa9c1dc6a43123a746e221b135dca5,v0.1.0-8-ge91146e,,,,59a8fc1dbe64,e6ec301cb6ca,0.6771844660194175,1.952005550265313e-06,17-4-1,True,2.499400288797915e-05,infer,124,"{""profile"": true}",0.371862,0,0.0,24800,421600,0.00529,0.0,0.517052,,0,0.12747,0.01243,150,0.0,0.0,0.0,0,0.0,0.0,0.532742,4961190.1125144595,1,,,40009.59768156822,,,16,2026-09-04T10:57:13+00:00,0.1.0,monk
ompnn,1,openblas,True,GNU 14.2.0 /usr/bin/g++-14,"AMD Ryzen Threadripper 2950X 16-Core Processor (OpenMP host, 16 threads)",cpu,201511,float,33.856032066666664,0.0,0.0625536,0.0,40.587416266666665,6.666185933333334,0.0026446666666666663,0.0,0.0,0.0,0.0,0.0,41.59107553333333,3,0.49376059894816915,0.5193470856816383,0a347a31f5aa9c1dc6a43123a746e221b135dca5,v0.1.0-8-ge91146e,,,,59a8fc1dbe64,80a3284c8bcb,0.4745635442087479,0.0019746820034924895,12-64-64-3,True,0.04194213966062913,infer,2048,"{""profile"": true}",507.840481,0,0.0,368640,1474560,0.938304,0.0,608.811244,,0,99.992789,0.03967,215055,0.0,0.0,0.0,0,0.0,0.0,623.866133,48829.17315547559,1,,,48829.17315547559,,,16,2026-09-04T10:57:13+00:00,0.1.0,cup
ompnn,1000,openblas,True,GNU 14.2.0 /usr/bin/g++-14,"AMD Ryzen Threadripper 2950X 16-Core Processor (OpenMP host, 16 threads)",cpu,201511,float,0.347433,0.0,0.0011459999999999999,0.0,2.63262804,2.27112296,0.01292608,0.0,0.0,0.0,0.0,0.0,2.63423804,5,3.5544649706703426,3.738655995653655,0a347a31f5aa9c1dc6a43123a746e221b135dca5,v0.1.0-8-ge91146e,,,,59a8fc1dbe64,25387c2af885,9.157562233749674,0.00017457479843869823,12-64-64-3,True,0.0028448725992348046,infer,1000,"{""profile"": true}",8.685825,0,0.0,300000,1200000,0.02865,0.0,65.815701,,0,56.778074,0.323152,200,0.0,0.0,0.0,0,0.0,0.0,65.855951,351509.58966281073,1,,,351.50958966281075,,,16,2026-09-04T10:57:14+00:00,0.1.0,cup
ompnn,1,openblas,True,GNU 14.2.0 /usr/bin/g++-14,"AMD Ryzen Threadripper 2950X 16-Core Processor (OpenMP host, 16 threads)",cpu,201511,double,33.424610466666664,0.0,0.061578400000000005,0.0,41.45372953333333,7.961442666666667,0.006098,0.0,0.0,0.0,0.0,0.0,42.46901733333333,3,0.49178311956896315,0.5172671340719435,0a347a31f5aa9c1dc6a43123a746e221b135dca5,v0.1.0-8-ge91146e,,,,59a8fc1dbe64,100e9bdb12b0,0.23728177210437396,0.0018561886584696624,12-64-64-3,True,0.042110790663476415,infer,2048,"{""profile"": true}",501.369157,0,0.0,737280,2949120,0.923676,0.0,621.805943,,0,119.42164,0.09147,215055,0.0,0.0,0.0,0,0.0,0.0,637.03526,48633.615463702845,1,,,48633.615463702845,,,16,2026-09-04T10:57:14+00:00,0.1.0,cup
ompnn,1000,openblas,True,GNU 14.2.0 /usr/bin/g++-14,"AMD Ryzen Threadripper 2950X 16-Core Processor (OpenMP host, 16 threads)",cpu,201511,double,0.42612264000000005,0.0,0.00259964,0.0,2.5983467200000003,2.14370516,0.02591928,0.0,0.0,0.0,0.0,0.0,2.6001895200000003,5,3.344402624473978,3.5177082984479067,0a347a31f5aa9c1dc6a43123a746e221b135dca5,v0.1.0-8-ge91146e,,,,59a8fc1dbe64,c852501d7102,4.578781116874837,0.0006322906003333626,12-64-64-3,True,0.0030235594022087753,infer,1000,"{""profile"": true}",10.653066,0,0.0,600000,2400000,0.064991,0.0,64.958668,,0,53.592629,0.647982,200,0.0,0.0,0.0,0,0.0,0.0,65.004738,330736.0190342146,1,,,330.7360190342146,,,16,2026-09-04T10:57:14+00:00,0.1.0,cup
ompnn,1,openblas,True,GNU 14.2.0 /usr/bin/g++-14,"AMD Ryzen Threadripper 2950X 16-Core Processor (OpenMP host, 16 threads)",cpu,201511,float,52.14421433333334,0.0,0.34840126666666665,0.0,235.81646313333334,180.15445739999998,3.169390133333333,0.0,0.0,0.0,0.0,0.0,237.42832779999998,3,9.553584475856228,9.581368150804703,0a347a31f5aa9c1dc6a43123a746e221b135dca5,v0.1.0-8-ge91146e,,,,59a8fc1dbe64,246d5b4eb2db,0.49783203379422,0.0021703796616444893,784-512-256-10,True,0.2293928363263452,infer,2048,"{""profile"": true}",782.163215,0,0.0,1228800,96337920,5.226019,0.0,3537.246947,,0,2702.316861,47.540852,215055,0.0,0.0,0.0,0,0.0,0.0,3561.424917,8927.916114548658,1,,,8927.916114548658,,,16,2026-09-04T10:57:19+00:00,0.1.0,mnist-512-256
ompnn,4096,openblas,True,GNU 14.2.0 /usr/bin/g++-14,"AMD Ryzen Threadripper 2950X 16-Core Processor (OpenMP host, 16 threads)",cpu,201511,float,37.884660600000004,0.0,0.20370232000000002,0.0,270.51490004,159.00406112000002,73.422476,0.0,0.0,0.0,0.0,0.0,270.69138528,5,168.3745064537218,168.86417214608497,0a347a31f5aa9c1dc6a43123a746e221b135dca5,v0.1.0-8-ge91146e,,,,59a8fc1dbe64,9488668b0c49,108.72034544069088,0.026503637997666363,784-512-256-10,True,0.38132138500222934,infer,60000,"{""profile"": true}",947.116515,0,0.0,60000000,4704000000,5.092558,0.0,6762.872501,,0,3975.101528,1835.5619,2650,0.0,0.0,0.0,0,0.0,0.0,6767.284632,157347.58752029922,1,,,39.33689688007481,,,16,2026-09-04T10:57:30+00:00,0.1.0,mnist-512-256
ompnn,1,openblas,True,GNU 14.2.0 /usr/bin/g++-14,"AMD Ryzen Threadripper 2950X 16-Core Processor (OpenMP host, 16 threads)",cpu,201511,double,71.27799126666667,0.0,0.35766006666666667,0.0,351.1826368666667,272.9447182,6.602267333333333,0.0,0.0,0.0,0.0,0.0,352.78698886666666,3,6.18112785411336,6.199103771691485,0a347a31f5aa9c1dc6a43123a746e221b135dca5,v0.1.0-8-ge91146e,,,,59a8fc1dbe64,a770d611a898,0.24891601689711,0.001450736327872959,784-512-256-10,True,0.35455080233320285,infer,2048,"{""profile"": true}",1069.169869,0,0.0,2457600,192675840,5.364901,0.0,5267.739553,,0,4094.170773,99.03401,215055,0.0,0.0,0.0,0,0.0,0.0,5291.804833,5776.323129217778,1,,,5776.323129217778,,,16,2026-09-04T10:57:37+00:00,0.1.0,mnist-512-256
ompnn,4096,openblas,True,GNU 14.2.0 /usr/bin/g++-14,"AMD Ryzen Threadripper 2950X 16-Core Processor (OpenMP host, 16 threads)",cpu,201511,double,38.83499968,0.0,0.41089168,0.0,591.13968544,409.13707028,142.7567238,0.0,0.0,0.0,0.0,0.0,591.4172800399999,5,79.41107648974138,79.64201928844435,0a347a31f5aa9c1dc6a43123a746e221b135dca5,v0.1.0-8-ge91146e,,,,59a8fc1dbe64,cbcc6bdc913d,54.36017272034544,0.006680109596345574,784-512-256-10,True,0.8085118957969826,infer,60000,"{""profile"": true}",970.874992,0,0.0,120000000,9408000000,10.272292,0.0,14778.492136,,0,10228.426757,3568.918095,2650,0.0,0.0,0.0,0,0.0,0.0,14785.432001,74210.41089427088,1,,,18.55260272356772,,,16,2026-09-04T10:57:59+00:00,0.1.0,mnist-512-256
ompnn,1,openblas,True,GNU 14.2.0 /usr/bin/g++-14,"AMD Ryzen Threadripper 2950X 16-Core Processor (OpenMP host, 16 threads)",cpu,201511,float,75.11958113333334,0.0,0.34039366666666665,0.0,418.8723444666667,342.88553859999996,0.5268310666666667,0.0,0.0,0.0,0.0,0.0,420.4005166,3,18.69054555921416,18.731869669200307,0a347a31f5aa9c1dc6a43123a746e221b135dca5,v0.1.0-8-ge91146e,,,,59a8fc1dbe64,fc9fd71994d2,0.49869007705240015,0.04892066732281819,784-1024-1024-10,True,0.407973359998626,infer,2048,"{""profile"": true}",1126.793717,0,0.0,1228800,96337920,5.105905,0.0,6283.085167,,0,5143.283079,7.902466,215055,0.0,0.0,0.0,0,0.0,0.0,6306.007749,5019.935615420814,1,,,5019.935615420814,,,16,2026-09-04T10:58:08+00:00,0.1.0,mnist
ompnn,4096,openblas,True,GNU 14.2.0 /usr/bin/g++-14,"AMD Ryzen Threadripper 2950X 16-Core Processor (OpenMP host, 16 threads)",cpu,201511,float,79.47386376,0.0,0.2096836,0.0,670.8931312000001,517.9784045199999,73.23117932,0.0,0.0,0.0,0.0,0.0,671.0806192399999,5,285.70616659825964,286.3378524425717,0a347a31f5aa9c1dc6a43123a746e221b135dca5,v0.1.0-8-ge91146e,,,,59a8fc1dbe64,7b4eff20950a,174.16334549536907,0.025357562606222905,784-1024-1024-10,True,0.7819076593965292,infer,60000,"{""profile"": true}",1986.846594,0,0.0,60000000,4704000000,5.24209,0.0,16772.32828,,0,12949.460113,1830.779483,2650,0.0,0.0,0.0,0,0.0,0.0,16777.015481,76735.40382800135,1,,,19.183850957000338,,,16,2026-09-04T10:58:29+00:00,0.1.0,mnist
ompnn,1,openblas,True,GNU 14.2.0 /usr/bin/g++-14,"AMD Ryzen Threadripper 2950X 16-Core Processor (OpenMP host, 16 threads)",cpu,201511,double,149.92501099999998,0.0,0.37432613333333337,0.0,1521.3589626666667,1370.1002252,0.9594003333333333,0.0,0.0,0.0,0.0,0.0,1523.1131988000002,3,4.89177406455884,4.9025895974083635,0a347a31f5aa9c1dc6a43123a746e221b135dca5,v0.1.0-8-ge91146e,,,,59a8fc1dbe64,c4e98ea3529d,0.24934503852620007,0.020615071659752404,784-1024-1024-10,True,1.558789218669214,infer,2048,"{""profile"": true}",2248.875165,0,0.0,2457600,192675840,5.614892,0.0,22820.38444,,0,20551.503378,14.391005,215055,0.0,0.0,0.0,0,0.0,0.0,22846.697982,1313.8402392521293,1,,,1313.8402392521293,,,16,2026-09-04T10:58:55+00:00,0.1.0,mnist
ompnn,4096,openblas,True,GNU 14.2.0 /usr/bin/g++-14,"AMD Ryzen Threadripper 2950X 16-Core Processor (OpenMP host, 16 threads)",cpu,201511,double,90.05970312,0.0,0.42714396,0.0,1378.6973466,1142.86121148,145.34928804,0.0,0.0,0.0,0.0,0.0,1379.00013256,5,139.1679967635619,139.47569209469006,0a347a31f5aa9c1dc6a43123a746e221b135dca5,v0.1.0-8-ge91146e,,,,59a8fc1dbe64,2fa407a0ed06,87.08167274768454,0.13396733059780686,784-1024-1024-10,True,1.605224226799328,infer,60000,"{""profile"": true}",2251.492578,0,0.0,120000000,9408000000,10.678599,0.0,34467.433665,,0,28571.530287,3633.732201,2650,0.0,0.0,0.0,0,0.0,0.0,34475.003314,37377.955676407015,1,,,9.344488919101753,,,16,2026-09-04T10:59:38+00:00,0.1.0,mnist
ompnn,1,rocblas,True,Clang 22.0.0 /usr/bin/amdclang++,AMD Radeon RX 7900 XTX,gpu,70253.21,float,6.1369622,0.0,1.4388960666666668,0.0,15.163854333333335,7.446307200000001,0.14168886666666666,0.0,0.0,0.0,0.0,0.0,15.196399066666666,3,0.0011759435512795145,0.0013392690445127803,038b5bb282c11743937d160b136c4928e6372308,v0.1.0-8-ge91146e,19.795941956253955,98.5,41.5,ws-amd,7c8ddc30c1e2,0.3673469387755102,0.0003294003351281081,17-4-1,True,0.015184402330002436,infer,124,"{""profile"": true}",92.054433,0,0.0,7440,126480,21.583441,0.0,227.457815,,0,111.694608,2.125333,9315,0.0,0.0,0.0,0,0.0,0.0,227.945986,8166.274661663296,1,,,8166.274661663296,,,32,2026-09-04T04:28:31+00:00,0.1.0,monk
ompnn,124,rocblas,True,Clang 22.0.0 /usr/bin/amdclang++,AMD Radeon RX 7900 XTX,gpu,70253.21,float,0.06843928,0.0,0.017523200000000003,0.0,0.19513792,0.08664664,0.0225288,0.0,0.0,0.0,0.0,0.0,0.19726712,5,0.08911584862259042,0.10149304982017243,038b5bb282c11743937d160b136c4928e6372308,v0.1.0-8-ge91146e,,65.0,5.0,ws-amd,1ca69a9bee23,1.354368932038835,3.984197974205017e-06,17-4-1,True,0.0002003683999646455,infer,124,"{""profile"": true}",1.710982,0,0.0,12400,210800,0.43808,0.0,4.878448,,0,2.166166,0.56322,150,0.0,0.0,0.0,0,0.0,0.0,4.931678,618860.0598791002,1,,,4990.8069345088725,,,32,2026-09-04T04:28:31+00:00,0.1.0,monk
ompnn,1,rocblas,True,Clang 22.0.0 /usr/bin/amdclang++,AMD Radeon RX 7900 XTX,gpu,70253.21,double,6.553403933333333,0.0,1.4634842,0.0,15.708942533333333,7.670115733333334,0.021938666666666665,0.0,0.0,0.0,0.0,0.0,15.742107933333333,3,0.0011279052746203545,0.0012845587849842925,038b5bb282c11743937d160b136c4928e6372308,v0.1.0-8-ge91146e,19.082805800135247,95.0,58.5,ws-amd,87d001b0b885,0.1836734693877551,0.0006865580022955928,17-4-1,True,0.01583111667423509,infer,124,"{""profile"": true}",98.301059,0,0.0,14880,252960,21.952263,0.0,235.634138,,0,115.051736,0.32908,9315,0.0,0.0,0.0,0,0.0,0.0,236.131619,7832.675518196905,1,,,7832.675518196905,,,32,2026-09-04T04:28:31+00:00,0.1.0,monk
ompnn,124,rocblas,True,Clang 22.0.0 /usr/bin/amdclang++,AMD Radeon RX 7900 XTX,gpu,70253.21,double,0.07895532,0.0,0.01812008,0.0,0.21203,0.09111332000000001,0.02384128,0.0,0.0,0.0,0.0,0.0,0.2143836,5,0.08249541223685586,0.09395310838086363,038b5bb282c11743937d160b136c4928e6372308,v0.1.0-8-ge91146e,,64.0,5.0,ws-amd,d288708aeb4e,0.6771844660194175,1.0618200758472101e-05,17-4-1,True,0.000216448400169611,infer,124,"{""profile"": true}",1.973883,0,0.0,24800,421600,0.453002,0.0,5.30075,,0,2.277833,0.596032,150,0.0,0.0,0.0,0,0.0,0.0,5.35959,572884.8072003879,1,,,4620.0387677450635,,,32,2026-09-04T04:28:31+00:00,0.1.0,monk
ompnn,1,rocblas,True,Clang 22.0.0 /usr/bin/amdclang++,AMD Radeon RX 7900 XTX,gpu,70253.21,float,160.04241646666665,0.0,25.743213933333333,0.0,383.4525182,197.61388913333334,0.052998666666666666,0.0,0.0,0.0,0.0,0.0,384.16499366666665,3,0.05382602313057274,0.05661526720893708,038b5bb282c11743937d160b136c4928e6372308,v0.1.0-8-ge91146e,734.4928010212461,130.44827586206895,71.82758620689656,ws-amd,b87b35f2a782,0.4745635442087479,0.004723941334911275,12-64-64-3,True,0.3847465370005618,infer,2048,"{""profile"": true}",2400.636247,0,0.0,368640,1474560,386.148209,0.0,5751.787773,,0,2964.208337,0.79498,215055,0.0,0.0,0.0,0,0.0,0.0,5762.474905,5322.984882374678,1,,,5322.984882374678,,,32,2026-09-04T04:28:38+00:00,0.1.0,cup
ompnn,1000,rocblas,True,Clang 22.0.0 /usr/bin/amdclang++,AMD Radeon RX 7900 XTX,gpu,70253.21,float,0.10801427999999999,0.0,0.0195748,0.0,0.28561612000000003,0.13034824,0.0276788,0.0,0.0,0.0,0.0,0.0,0.28877252,5,34.26862625128557,36.044413450224816,038b5bb282c11743937d160b136c4928e6372308,v0.1.0-8-ge91146e,,65.0,7.0,ws-amd,7611b34ef727,9.157562233749674,1.08278007246554e-05,12-64-64-3,True,0.0002950804017018527,infer,1000,"{""profile"": true}",2.700357,0,0.0,300000,1200000,0.48937,0.0,7.140403,,0,3.258706,0.69197,200,0.0,0.0,0.0,0,0.0,0.0,7.219313,3388906.8682046644,1,,,3388.9068682046645,,,32,2026-09-04T04:28:38+00:00,0.1.0,cup
ompnn,1,rocblas,True,Clang 22.0.0 /usr/bin/amdclang++,AMD Radeon RX 7900 XTX,gpu,70253.21,double,167.12960553333332,0.0,25.528452866666665,0.0,412.2408671333333,219.51888,0.06392873333333333,0.0,0.0,0.0,0.0,0.0,413.01542753333337,3,0.049994485755064884,0.052585181021644584,038b5bb282c11743937d160b136c4928e6372308,v0.1.0-8-ge91146e,799.9285891319159,132.61290322580646,73.19354838709677,ws-amd,36b7e5453a9d,0.23728177210437396,0.008491830997324201,12-64-64-3,True,0.4142332036669056,infer,2048,"{""profile"": true}",2506.944083,0,0.0,737280,2949120,382.926793,0.0,6183.613007,,0,3292.7832,0.958931,215055,0.0,0.0,0.0,0,0.0,0.0,6195.231413,4944.074936220814,1,,,4944.074936220814,,,32,2026-09-04T04:28:45+00:00,0.1.0,cup
ompnn,1000,rocblas,True,Clang 22.0.0 /usr/bin/amdclang++,AMD Radeon RX 7900 XTX,gpu,70253.21,double,0.19405180000000002,0.0,0.0212288,0.0,0.42870475999999996,0.1804308,0.03299336,0.0,0.0,0.0,0.0,0.0,0.43243916,5,22.75187936512082,23.930873113867197,038b5bb282c11743937d160b136c4928e6372308,v0.1.0-8-ge91146e,,68.0,10.0,ws-amd,6ba20447b354,4.578781116874837,1.3238051906227957e-06,12-64-64-3,True,0.00044444680097512903,infer,1000,"{""profile"": true}",4.851295,0,0.0,600000,2400000,0.53072,0.0,10.717619,,0,4.51077,0.824834,200,0.0,0.0,0.0,0,0.0,0.0,10.810979,2249988.070126664,1,,,2249.988070126664,,,32,2026-09-04T04:28:45+00:00,0.1.0,cup
ompnn,1,rocblas,True,Clang 22.0.0 /usr/bin/amdclang++,AMD Radeon RX 7900 XTX,gpu,70253.21,float,159.31789466666666,0.0,25.644339733333332,0.0,431.96066026666665,246.26748073333334,0.7309451333333333,0.0,0.0,0.0,0.0,0.0,432.7817144,3,5.079046532561044,5.093817384094882,038b5bb282c11743937d160b136c4928e6372308,v0.1.0-8-ge91146e,868.1777180678328,134.5151515151515,73.93939393939394,ws-amd,39162f5f8131,0.49783203379422,0.008781618002103642,784-512-256-10,True,0.43148331600241363,infer,2048,"{""profile"": true}",2389.76842,0,0.0,1228800,96337920,384.665096,0.0,6479.409904,,0,3694.012211,10.964177,215055,0.0,0.0,0.0,0,0.0,0.0,6491.725716,4746.417587994396,1,,,4746.417587994396,,,32,2026-09-04T04:28:52+00:00,0.1.0,mnist-512-256
ompnn,4096,rocblas,True,Clang 22.0.0 /usr/bin/amdclang++,AMD Radeon RX 7900 XTX,gpu,70253.21,float,2.12820304,0.0,0.50522528,0.0,30.0130764,5.407062079999999,21.972586,0.0,0.0,0.0,0.0,0.0,30.305471200000003,5,537.7197352760056,539.2835284654672,038b5bb282c11743937d160b136c4928e6372308,v0.1.0-8-ge91146e,216.5252151946479,73.0,20.23076923076923,ws-amd,be11588ec948,108.72034544069088,0.0013540081970859347,784-512-256-10,True,0.11940197799704037,infer,60000,"{""profile"": true}",53.205076,0,0.0,60000000,4704000000,12.630632,0.0,750.32691,,0,135.176552,549.31465,2650,0.0,0.0,0.0,0,0.0,0.0,757.63678,502504.23825882707,1,,,125.62605956470676,,,32,2026-09-04T04:28:57+00:00,0.1.0,mnist-512-256
ompnn,1,rocblas,True,Clang 22.0.0 /usr/bin/amdclang++,AMD Radeon RX 7900 XTX,gpu,70253.21,double,166.50155746666667,0.0,26.163480933333336,0.0,718.2510316,524.3382838,1.2477094000000002,0.0,0.0,0.0,0.0,0.0,719.1625919333333,3,3.049974495807652,3.058844412665227,038b5bb282c11743937d160b136c4928e6372308,v0.1.0-8-ge91146e,1610.4261635829316,150.96296296296296,82.64814814814815,ws-amd,464b568354bc,0.24891601689711,0.011898473661858588,784-512-256-10,True,0.7185384149973592,infer,2048,"{""profile"": true}",2497.523362,0,0.0,2457600,192675840,392.452214,0.0,10773.765474,,0,7865.074257,18.715641,215055,0.0,0.0,0.0,0,0.0,0.0,10787.438879,2850.2303526910623,1,,,2850.2303526910623,,,32,2026-09-04T04:29:10+00:00,0.1.0,mnist-512-256
ompnn,4096,rocblas,True,Clang 22.0.0 /usr/bin/amdclang++,AMD Radeon RX 7900 XTX,gpu,70253.21,double,2.31746748,0.0,0.6753042,0.0,113.99611896,64.8620658,46.141281479999996,0.0,0.0,0.0,0.0,0.0,114.47062632,5,219.3787208783357,220.01671670983745,038b5bb282c11743937d160b136c4928e6372308,v0.1.0-8-ge91146e,819.9714672451664,113.36,33.8,ws-amd,ebffa10c9eaa,54.36017272034544,0.0017261789995245413,784-512-256-10,True,0.2926664889964741,infer,60000,"{""profile"": true}",57.936687,0,0.0,120000000,9408000000,16.882605,0.0,2849.902974,,0,1621.551645,1153.532037,2650,0.0,0.0,0.0,0,0.0,0.0,2861.765658,205011.51397870787,1,,,51.25287849467697,,,32,2026-09-04T04:29:19+00:00,0.1.0,mnist-512-256
ompnn,1,rocblas,True,Clang 22.0.0 /usr/bin/amdclang++,AMD Radeon RX 7900 XTX,gpu,70253.21,float,163.42094286666668,0.0,25.87365553333333,0.0,497.0386122,307.0678738666667,0.6761399333333333,0.0,0.0,0.0,0.0,0.0,497.9286732,3,15.302565637703283,15.336399048476618,e19625672ff8624df297681c3500d69a83cd9ae0,v0.1.0-8-ge91146e,1042.194386483694,139.71052631578948,76.13157894736842,ws-amd,aa5d1738263a,0.49869007705240015,0.0033778590053164526,784-1024-1024-10,True,0.4982984456679939,infer,2048,"{""profile"": true}",2451.314143,0,0.0,1228800,96337920,388.104833,0.0,7455.579183,,0,4606.018108,10.142099,215055,0.0,0.0,0.0,0,0.0,0.0,7468.930098,4109.986731454789,1,,,4109.986731454789,,,32,2026-09-04T04:29:28+00:00,0.1.0,mnist
ompnn,4096,rocblas,True,Clang 22.0.0 /usr/bin/amdclang++,AMD Radeon RX 7900 XTX,gpu,70253.21,float,2.68239436,0.0,0.49704068,0.0,34.69138308,11.347963199999999,20.16398484,0.0,0.0,0.0,0.0,0.0,34.9908796,5,1770.23489907035,1774.148823435946,e19625672ff8624df297681c3500d69a83cd9ae0,v0.1.0-8-ge91146e,314.10717261533136,100.46153846153847,23.615384615384617,ws-amd,305b3545eaf8,174.16334549536907,0.0007112933963071555,784-1024-1024-10,True,0.12619559139711783,infer,60000,"{""profile"": true}",67.059859,0,0.0,60000000,4704000000,12.426017,0.0,867.284577,,0,283.69908,504.099621,2650,0.0,0.0,0.0,0,0.0,0.0,874.77199,475452.42536396824,1,,,118.86310634099206,,,32,2026-09-04T04:29:33+00:00,0.1.0,mnist
ompnn,1,rocblas,True,Clang 22.0.0 /usr/bin/amdclang++,AMD Radeon RX 7900 XTX,gpu,70253.21,double,166.17767540000003,0.0,26.2590528,0.0,998.0331372666666,804.3468756666666,1.2495334,0.0,0.0,0.0,0.0,0.0,998.9672948,3,7.617893184148978,7.634736066279259,e19625672ff8624df297681c3500d69a83cd9ae0,v0.1.0-8-ge91146e,2567.6913498945505,172.65333333333334,87.98666666666666,ws-amd,a604e1242bd1,0.24934503852620007,0.0017427996693488712,784-1024-1024-10,True,1.000965029001236,infer,2048,"{""profile"": true}",2492.665131,0,0.0,2457600,192675840,393.885792,0.0,14970.497059,,0,12065.203135,18.743001,215055,0.0,0.0,0.0,0,0.0,0.0,14984.509422,2046.025526030112,1,,,2046.025526030112,,,32,2026-09-04T04:29:50+00:00,0.1.0,mnist
ompnn,4096,rocblas,True,Clang 22.0.0 /usr/bin/amdclang++,AMD Radeon RX 7900 XTX,gpu,70253.21,double,3.4373980399999997,0.0,0.70879108,0.0,268.96629564,219.448485,45.37162152,0.0,0.0,0.0,0.0,0.0,269.430356,5,501.65642558703763,502.7655695251072,e19625672ff8624df297681c3500d69a83cd9ae0,v0.1.0-8-ge91146e,1676.625396107309,152.04,60.4,ws-amd,5d5643e60eec,87.08167274768454,0.0011332521971780807,784-1024-1024-10,True,0.4453164129983634,infer,60000,"{""profile"": true}",85.934951,0,0.0,120000000,9408000000,17.719777,0.0,6724.157391,,0,5486.212125,1134.290538,2650,0.0,0.0,0.0,0,0.0,0.0,6735.7589,134735.65817171105,1,,,33.683914542927766,,,32,2026-09-04T04:30:03+00:00,0.1.0,mnist
ompnn,1,rocblas,True,GNU 14.2.0 /usr/bin/g++-14,AMD Radeon RX 7900 XTX,gpu,70253.21,float,124.82999553333335,0.0,2.5910927333333333,0.0,137.38849766666667,9.934572666666666,0.03283673333333333,0.0,0.0,0.0,0.0,0.0,137.42986506666665,3,0.0001299089734112143,0.00014795188638499406,e19625672ff8624df297681c3500d69a83cd9ae0,v0.1.0-8-ge91146e,258.0618508278276,125.63636363636364,65.45454545454545,ws-amd,7c8ddc30c1e2,0.3673469387755102,0.0005467183364089578,17-4-1,True,0.13745008932892233,infer,124,"{""profile"": true}",1872.449933,0,0.0,7440,126480,38.866391,0.0,2060.827465,,0,149.01859,0.492551,9315,0.0,0.0,0.0,0,0.0,0.0,2061.447976,902.1456486889881,1,,,902.1456486889881,,,32,2026-09-04T05:06:39+00:00,0.1.0,monk
ompnn,124,rocblas,True,GNU 14.2.0 /usr/bin/g++-14,AMD Radeon RX 7900 XTX,gpu,70253.21,float,1.3835768400000001,0.0,0.02128724,0.0,1.52309912,0.08856823999999999,0.029666800000000004,0.0,0.0,0.0,0.0,0.0,1.52475112,5,0.012016681224689036,0.01368566472811807,e19625672ff8624df297681c3500d69a83cd9ae0,v0.1.0-8-ge91146e,,57.0,34.0,ws-amd,1ca69a9bee23,1.354368932038835,0.0001223663974087685,17-4-1,True,0.001485934399534017,infer,124,"{""profile"": true}",34.589421,0,0.0,12400,210800,0.532181,0.0,38.077478,,0,2.214206,0.74167,150,0.0,0.0,0.0,0,0.0,0.0,38.118778,83449.17517145164,1,,,672.9772191246101,,,32,2026-09-04T05:06:39+00:00,0.1.0,monk
ompnn,1,rocblas,True,GNU 14.2.0 /usr/bin/g++-14,AMD Radeon RX 7900 XTX,gpu,70253.21,double,123.49641586666667,0.0,2.594475,0.0,136.2217348,10.095241066666667,0.03560286666666667,0.0,0.0,0.0,0.0,0.0,136.26528413333332,3,0.00013002639345448104,0.00014808561476760342,e19625672ff8624df297681c3500d69a83cd9ae0,v0.1.0-8-ge91146e,260.98285371217935,128.27272727272728,70.36363636363636,ws-amd,87d001b0b885,0.1836734693877551,0.0017602053315689259,17-4-1,True,0.13732596533372998,infer,124,"{""profile"": true}",1852.446238,0,0.0,14880,252960,38.917125,0.0,2043.326022,,0,151.428616,0.534043,9315,0.0,0.0,0.0,0,0.0,0.0,2043.979262,902.9610656561184,1,,,902.9610656561184,,,32,2026-09-04T05:06:42+00:00,0.1.0,monk
ompnn,124,rocblas,True,GNU 14.2.0 /usr/bin/g++-14,AMD Radeon RX 7900 XTX,gpu,70253.21,double,1.4128547599999999,0.0,0.02176404,0.0,1.5545732799999998,0.09058152,0.02937296,0.0,0.0,0.0,0.0,0.0,1.55600608,5,0.011666254178932333,0.013286567259339601,e19625672ff8624df297681c3500d69a83cd9ae0,v0.1.0-8-ge91146e,,57.0,35.0,ws-amd,d288708aeb4e,0.6771844660194175,0.00016056859749369323,17-4-1,True,0.0015305684006307273,infer,124,"{""profile"": true}",35.321369,0,0.0,24800,421600,0.544101,0.0,38.864332,,0,2.264538,0.734324,150,0.0,0.0,0.0,0,0.0,0.0,38.900152,81015.65402036342,1,,,653.3520485513179,,,32,2026-09-04T05:06:42+00:00,0.1.0,monk
ompnn,1,rocblas,True,GNU 14.2.0 /usr/bin/g++-14,AMD Radeon RX 7900 XTX,gpu,70253.21,float,3245.2291385333333,0.0,43.14524993333334,0.0,3549.0641084666663,260.64496660000003,0.044753400000000006,0.0,0.0,0.0,0.0,0.0,3550.131888333333,3,0.005826847160893195,0.006128792168043911,e19625672ff8624df297681c3500d69a83cd9ae0,v0.1.0-8-ge91146e,7477.407023632448,140.59774436090225,72.16541353383458,ws-amd,b87b35f2a782,0.4745635442087479,0.010523069999180734,12-64-64-3,True,3.5541306350011532,infer,2048,"{""profile"": true}",48678.437078,0,0.0,368640,1474560,647.178749,0.0,53235.961627,,0,3909.674499,0.671301,215055,0.0,0.0,0.0,0,0.0,0.0,53251.978325,576.2309296769379,1,,,576.2309296769379,,,32,2026-09-04T05:07:39+00:00,0.1.0,cup
ompnn,1000,rocblas,True,GNU 14.2.0 /usr/bin/g++-14,AMD Radeon RX 7900 XTX,gpu,70253.21,float,2.09271668,0.0,0.022229719999999998,0.0,2.2849352400000003,0.13501111999999998,0.03497772,0.0,0.0,0.0,0.0,0.0,2.28710204,5,4.479568257242788,4.711697783231239,e19625672ff8624df297681c3500d69a83cd9ae0,v0.1.0-8-ge91146e,,61.0,39.0,ws-amd,7611b34ef727,9.157562233749674,0.00024204259971156734,12-64-64-3,True,0.0022573604015633463,infer,1000,"{""profile"": true}",52.317917,0,0.0,300000,1200000,0.555743,0.0,57.123381,,0,3.375278,0.874443,200,0.0,0.0,0.0,0,0.0,0.0,57.177551,442995.278603915,1,,,442.995278603915,,,32,2026-09-04T05:07:39+00:00,0.1.0,cup
ompnn,1,rocblas,True,GNU 14.2.0 /usr/bin/g++-14,AMD Radeon RX 7900 XTX,gpu,70253.21,double,3253.5520044,0.0,43.09617333333333,0.0,3571.1832870666667,274.48226726666667,0.052842066666666666,0.0,0.0,0.0,0.0,0.0,3572.1600038666666,3,0.00580715261081594,0.006108077053860595,e19625672ff8624df297681c3500d69a83cd9ae0,v0.1.0-8-ge91146e,7735.5974208316475,144.455223880597,72.24253731343283,ws-amd,36b7e5453a9d,0.23728177210437396,0.02144285466056317,12-64-64-3,True,3.56618421934157,infer,2048,"{""profile"": true}",48803.280066,0,0.0,737280,2949120,646.4426,0.0,53567.749306,,0,4117.234009,0.792631,215055,0.0,0.0,0.0,0,0.0,0.0,53582.400058,574.2832882531585,1,,,574.2832882531585,,,32,2026-09-04T05:08:37+00:00,0.1.0,cup
ompnn,1000,rocblas,True,GNU 14.2.0 /usr/bin/g++-14,AMD Radeon RX 7900 XTX,gpu,70253.21,double,1.9372838799999998,0.0,0.02197492,0.0,2.14929532,0.15208112,0.0379554,0.0,0.0,0.0,0.0,0.0,2.15149092,5,4.707108638613047,4.951029220756364,e19625672ff8624df297681c3500d69a83cd9ae0,v0.1.0-8-ge91146e,,72.0,39.0,ws-amd,6ba20447b354,4.578781116874837,0.00021151880500838152,12-64-64-3,True,0.002148240199312568,infer,1000,"{""profile"": true}",48.432097,0,0.0,600000,2400000,0.549373,0.0,53.732383,,0,3.802028,0.948885,200,0.0,0.0,0.0,0,0.0,0.0,53.787273,465497.2941666383,1,,,465.49729416663826,,,32,2026-09-04T05:08:37+00:00,0.1.0,cup
ompnn,1,rocblas,True,GNU 14.2.0 /usr/bin/g++-14,AMD Radeon RX 7900 XTX,gpu,70253.21,float,3272.2233736,0.0,43.13259206666667,0.0,3623.382907,307.3239547333333,0.7029865999999999,0.0,0.0,0.0,0.0,0.0,3624.4723072666666,3,0.603372798088059,0.605127523106422,e19625672ff8624df297681c3500d69a83cd9ae0,v0.1.0-8-ge91146e,8160.193948429893,150.12132352941177,72.52573529411765,ws-amd,39162f5f8131,0.49783203379422,0.028964905679458752,784-512-256-10,True,3.632122374333752,infer,2048,"{""profile"": true}",49083.350604,0,0.0,1228800,96337920,646.988881,0.0,54350.743605,,0,4609.859321,10.544799,215055,0.0,0.0,0.0,0,0.0,0.0,54367.084609,563.8576537156652,1,,,563.8576537156652,,,32,2026-09-04T05:09:36+00:00,0.1.0,mnist-512-256
ompnn,4096,rocblas,True,GNU 14.2.0 /usr/bin/g++-14,AMD Radeon RX 7900 XTX,gpu,70253.21,float,41.82978848,0.0,0.46462872,0.0,69.44207696000001,5.09221044,22.055449319999997,0.0,0.0,0.0,0.0,0.0,69.72615632,5,409.5359279456354,410.7269377839343,e19625672ff8624df297681c3500d69a83cd9ae0,v0.1.0-8-ge91146e,405.942013773878,108.05882352941177,36.411764705882355,ws-amd,be11588ec948,108.72034544069088,0.0022477163991425075,784-512-256-10,True,0.15677452359814198,infer,60000,"{""profile"": true}",1045.744712,0,0.0,60000000,4704000000,11.615718,0.0,1736.051924,,0,127.305261,551.386233,2650,0.0,0.0,0.0,0,0.0,0.0,1743.153908,382715.2436692915,1,,,95.67881091732288,,,32,2026-09-04T05:09:41+00:00,0.1.0,mnist-512-256
ompnn,1,rocblas,True,GNU 14.2.0 /usr/bin/g++-14,AMD Radeon RX 7900 XTX,gpu,70253.21,double,3272.1632234,0.0,43.406986133333334,0.0,3895.2909318,578.5084280666667,1.2122941999999999,0.0,0.0,0.0,0.0,0.0,3896.3733455333336,3,0.56198623547644,0.5636206003508444,e19625672ff8624df297681c3500d69a83cd9ae0,v0.1.0-8-ge91146e,9082.25812448196,155.57876712328766,74.62328767123287,ws-amd,464b568354bc,0.24891601689711,0.009440853328366305,784-512-256-10,True,3.8996041213395074,infer,2048,"{""profile"": true}",49082.448351,0,0.0,2457600,192675840,651.104792,0.0,58429.363977,,0,8677.626421,18.184413,215055,0.0,0.0,0.0,0,0.0,0.0,58445.600183,525.1815149114458,1,,,525.1815149114458,,,32,2026-09-04T05:10:45+00:00,0.1.0,mnist-512-256
ompnn,4096,rocblas,True,GNU 14.2.0 /usr/bin/g++-14,AMD Radeon RX 7900 XTX,gpu,70253.21,double,44.254035640000005,0.0,0.62943316,0.0,156.25813392,65.8577666,45.516898520000005,0.0,0.0,0.0,0.0,0.0,156.7185762,5,191.1694425186756,191.72540030231616,e19625672ff8624df297681c3500d69a83cd9ae0,v0.1.0-8-ge91146e,1000.3464673338312,121.6,39.88,ws-amd,ebffa10c9eaa,54.36017272034544,0.0031289707985706627,784-512-256-10,True,0.3358528390002903,infer,60000,"{""profile"": true}",1106.350891,0,0.0,120000000,9408000000,15.735829,0.0,3906.453348,,0,1646.444165,1137.922463,2650,0.0,0.0,0.0,0,0.0,0.0,3917.964405,178649.67340635802,1,,,44.6624183515895,,,32,2026-09-04T05:10:55+00:00,0.1.0,mnist-512-256
ompnn,1,rocblas,True,GNU 14.2.0 /usr/bin/g++-14,AMD Radeon RX 7900 XTX,gpu,70253.21,float,3272.4994773333333,0.0,43.53343053333333,0.0,3682.9521041999997,366.21863033333335,0.700566,0.0,0.0,0.0,0.0,0.0,3684.0846554,3,2.074529089871515,2.079115797520455,e19625672ff8624df297681c3500d69a83cd9ae0,v0.1.0-8-ge91146e,8518.80420583961,154.38768115942028,73.30797101449275,ws-amd,aa5d1738263a,0.49869007705240015,0.020520171664732967,784-1024-1024-10,True,3.6756508786638733,infer,2048,"{""profile"": true}",49087.49216,0,0.0,1228800,96337920,653.001458,0.0,55244.281563,,0,5493.279455,10.50849,215055,0.0,0.0,0.0,0,0.0,0.0,55261.269831,557.1802294630505,1,,,557.1802294630505,,,32,2026-09-04T05:11:55+00:00,0.1.0,mnist
ompnn,4096,rocblas,True,GNU 14.2.0 /usr/bin/g++-14,AMD Radeon RX 7900 XTX,gpu,70253.21,float,73.01735168,0.0,0.46833124,0.0,107.06268984,11.063513760000001,22.51349316,0.0,0.0,0.0,0.0,0.0,107.34491852,5,1162.821892595412,1165.3928491055726,e19625672ff8624df297681c3500d69a83cd9ae0,v0.1.0-8-ge91146e,657.8817680271459,137.16666666666666,46.291666666666664,ws-amd,305b3545eaf8,174.16334549536907,0.0011548253998625857,784-1024-1024-10,True,0.19211526840226725,infer,60000,"{""profile"": true}",1825.433792,0,0.0,60000000,4704000000,11.708281,0.0,2676.567246,,0,276.587844,562.837329,2650,0.0,0.0,0.0,0,0.0,0.0,2683.622963,312312.5012342429,1,,,78.07812530856073,,,32,2026-09-04T05:12:02+00:00,0.1.0,mnist
ompnn,1,rocblas,True,GNU 14.2.0 /usr/bin/g++-14,AMD Radeon RX 7900 XTX,gpu,70253.21,double,3290.180091,0.0,43.48460693333333,0.0,4197.9104588,863.0314132666666,1.2143476,0.0,0.0,0.0,0.0,0.0,4198.966919533334,3,1.8151048613866991,1.8191179915915237,e19625672ff8624df297681c3500d69a83cd9ae0,v0.1.0-8-ge91146e,10214.105120342138,162.12698412698413,76.3079365079365,ws-amd,a604e1242bd1,0.24934503852620007,0.0051488750032149255,784-1024-1024-10,True,4.200994022006246,infer,2048,"{""profile"": true}",49352.701365,0,0.0,2457600,192675840,652.269104,0.0,62968.656882,,0,12945.471199,18.215214,215055,0.0,0.0,0.0,0,0.0,0.0,62984.503793,487.5036691963555,1,,,487.5036691963555,,,32,2026-09-04T05:13:10+00:00,0.1.0,mnist
ompnn,4096,rocblas,True,GNU 14.2.0 /usr/bin/g++-14,AMD Radeon RX 7900 XTX,gpu,70253.21,double,86.54459732,0.0,0.63913188,0.0,356.77341944,223.19102524000002,46.398665,0.0,0.0,0.0,0.0,0.0,357.22171044000004,5,414.99137775810016,415.90890845742865,e19625672ff8624df297681c3500d69a83cd9ae0,v0.1.0-8-ge91146e,2258.9112342711014,170.96,67.58,ws-amd,5d5643e60eec,87.08167274768454,0.010507494001649298,784-1024-1024-10,True,0.5383144131978043,infer,60000,"{""profile"": true}",2163.614933,0,0.0,120000000,9408000000,15.978297,0.0,8919.335486,,0,5579.775631,1159.966625,2650,0.0,0.0,0.0,0,0.0,0.0,8930.542761,111459.0256715882,1,,,27.86475641789705,,,32,2026-09-04T05:13:25+00:00,0.1.0,mnist
syclnn,40,tiled,True,AdaptiveCpp 25.10.0 $HOME/.local/opt/fnn-rocm/acpp/bin/acpp / host Clang 18.1.3 $HOME/.local/opt/fnn-rocm/acpp/bin/acpp,AdaptiveCpp OpenMP host device,cpu,1.2,float,0.29045152,0.021816,0.0013012000000000002,0.13759816,2.41385152,1.55389912,0.0010023999999999999,0.2290822,0.0020264,0.00491884,0.17175568,2.4759058400000002,2.7365844,5,0.018948007706129196,0.02341656575713874,3913e2051df87aa83481b7bcf016a7201f7fbe23,v0.2.0-5-g0c57d4f,,,,ws-amd,4526aee12cf2,1.2191103789126854,0.0005519758036825807,17-4-1,True,0.0019370901980437338,train,124,"{""blas"": ""tiled"", ""profile"": true}",7.261288,100,0.5454,1940,44640,0.03253,3.439954,60.346288,,25,38.847478,0.02506,1455,5.727055,0.05066,0.122971,0,4.293892,61.897646,68.41461,64013.53954773377,1,0.001907611,65002.7704809838,2064.9528886365733,,,32,2026-09-04T04:22:08+00:00,0.2.0,monk
syclnn,40,tiled,True,AdaptiveCpp 25.10.0 $HOME/.local/opt/fnn-rocm/acpp/bin/acpp / host Clang 18.1.3 $HOME/.local/opt/fnn-rocm/acpp/bin/acpp,AdaptiveCpp OpenMP host device,cpu,1.2,float,2.6432556799999998,1.8040599599999998,0.0020876000000000002,1.9963901999999998,18.1071606,7.97325256,0.006208399999999999,0.8525368,0.0043072,0.0088804,2.8161818,19.5360214,22.47427332,5,1.4393349986249337,1.569479869108239,3913e2051df87aa83481b7bcf016a7201f7fbe23,v0.2.0-5-g0c57d4f,,,,ws-amd,7d9c9b78d47a,6.563354603463993,0.00435229199938476,12-64-64-3,True,0.020009240397484973,train,1000,"{""blas"": ""tiled"", ""profile"": true}",66.081392,625,45.101499,104140,300000,0.05219,49.909755,452.679015,,25,199.331314,0.15521,12690,21.31342,0.10768,0.22201,0,70.404545,488.400535,561.856833,49976.90967447686,1,0.019265077,51907.39699612932,1249.4227418619216,,,32,2026-09-04T04:22:10+00:00,0.2.0,cup
syclnn,256,tiled,True,AdaptiveCpp 25.10.0 $HOME/.local/opt/fnn-rocm/acpp/bin/acpp / host Clang 18.1.3 $HOME/.local/opt/fnn-rocm/acpp/bin/acpp,AdaptiveCpp OpenMP host device,cpu,1.2,float,80.54686848,39.47465208,0.04673236,30.4176662,2061.71696144,1752.2764334800002,32.65056032,10.35742152,0.01211604,0.0,115.93451096000001,2051.77079484,2127.27109852,5,66.13176547709882,66.99452577736444,3913e2051df87aa83481b7bcf016a7201f7fbe23,v0.2.0-5-g0c57d4f,,,,ws-amd,735763929ae0,57.89303578299346,0.059858911600895404,784-512-256-10,True,2.184206620795885,train,60000,"{""blas"": ""tiled"", ""profile"": true}",2013.671712,5875,986.866302,10716760,952800000,1.168309,760.441655,51542.924036,,25,43806.910837,816.264008,117590,258.935538,0.302901,0.0,0,2898.362774,51294.269871,53181.777463,27469.928636209836,1,2.0968480525000004,28614.376672865754,107.5905538251552,,,32,2026-09-04T04:23:10+00:00,0.2.0,mnist-512-256
syclnn,40,auto,True,AdaptiveCpp 25.10.0 $HOME/.local/opt/fnn-rocm/acpp/bin/acpp / host Clang 18.1.3 $HOME/.local/opt/fnn-rocm/acpp/bin/acpp,AdaptiveCpp OpenMP host device,cpu,1.2,float,0.37183148000000005,0.022680199999999998,0.0024656,0.08352280000000001,0.8433702,0.09361272,0.0019748,0.12200448,0.003962,0.0068768,0.13443932,0.8612656,1.280058,5,0.028727850266469495,0.03550281408258109,3913e2051df87aa83481b7bcf016a7201f7fbe23,v0.2.0-5-g0c57d4f,,,,ws-amd,48971343e10b,1.2191103789126854,8.37970059365035e-05,17-4-1,True,0.0012776452000252902,train,124,"{""profile"": true}",9.295787,100,0.567005,1940,44640,0.06164,2.08807,21.084255,,25,2.340318,0.04937,1455,3.050112,0.09905,0.17192,0,3.360983,21.53164,32.00145,97053.54819753207,1,0.00122993,100818.7457822803,3130.759619275228,,,32,2026-09-04T04:23:11+00:00,0.2.0,monk
syclnn,40,auto,True,AdaptiveCpp 25.10.0 $HOME/.local/opt/fnn-rocm/acpp/bin/acpp / host Clang 18.1.3 $HOME/.local/opt/fnn-rocm/acpp/bin/acpp,AdaptiveCpp OpenMP host device,cpu,1.2,float,2.370978,0.21627512,0.0013344000000000001,1.4307825600000001,10.82096692,3.43773368,0.0019012,0.78166928,0.010266919999999999,0.01200264,2.55802312,11.81446648,14.569763680000001,5,2.049927609098082,2.2352823482248985,3913e2051df87aa83481b7bcf016a7201f7fbe23,v0.2.0-5-g0c57d4f,,,,ws-amd,3ddd5348da75,6.563354603463993,0.0010586343996692449,12-64-64-3,True,0.01404927660478279,train,1000,"{""profile"": true}",59.27445,625,5.406878,104140,300000,0.03336,35.769564,270.524173,,25,85.943342,0.04753,12690,19.541732,0.256673,0.300066,0,63.950578,295.361662,364.244092,71178.0419825723,1,0.01348412,74161.3097480592,1779.4510495643071,,,32,2026-09-04T04:23:11+00:00,0.2.0,cup
syclnn,256,auto,True,AdaptiveCpp 25.10.0 $HOME/.local/opt/fnn-rocm/acpp/bin/acpp / host Clang 18.1.3 $HOME/.local/opt/fnn-rocm/acpp/bin/acpp,AdaptiveCpp OpenMP host device,cpu,1.2,float,147.2162984,26.189957479999997,0.04698136,64.51070956,1546.04238896,1040.56847356,32.34884788,19.01126728,0.01193248,0.0,216.13792096,1562.54566188,1613.37500376,5,85.52075359669685,86.63646418630117,3913e2051df87aa83481b7bcf016a7201f7fbe23,v0.2.0-5-g0c57d4f,,,,ws-amd,bbc00dd21e70,57.89303578299346,0.10975434839492659,784-512-256-10,True,1.6890103737998288,train,60000,"{""profile"": true}",3680.40746,5875,654.748937,10716760,952800000,1.174534,1612.767739,38651.059724,,25,26014.211839,808.721197,117590,475.281682,0.298312,0.0,0,5403.448024,39063.641547,40334.375094,35523.76049947863,1,1.6016836725,37460.58040683436,139.134728622958,,,32,2026-09-04T04:23:56+00:00,0.2.0,mnist-512-256
syclnn,40,tiled,True,Clang 22.1.0 /opt/sycl/bin/clang++,AMD Ryzen Threadripper 2950X 16-Core Processor ,cpu,2026.21.6.0.17_160000,float,0.08485272,0.04326808,0.0013900000000000002,0.04642988,0.60605616,0.23101188,0.07322632,0.0304018,0.0009876,0.0062908,0.08819708,0.032352439999999996,1.75101496,5,0.02071138740912617,0.025595807892272313,110c2a5a1f7beb2ae372b3d9063938442373a9ae,v0.2.0-5-g0c57d4f,,,,a0f580195416,4526aee12cf2,1.2191103789126854,3.391820355318491e-05,17-4-1,True,0.0017721651995088906,train,124,"{""blas"": ""tiled"", ""profile"": true}",2.121318,100,1.081702,1940,44640,0.03475,1.160747,15.151404,,25,5.775297,1.830658,1455,0.760045,0.02469,0.15727,0,2.204927,0.808811,43.775374,69970.90340921003,1,0.001726947,71803.01422105021,2257.12591642613,,,16,2026-09-04T12:41:40+00:00,0.2.0,monk
syclnn,40,tiled,True,Clang 22.1.0 /opt/sycl/bin/clang++,AMD Ryzen Threadripper 2950X 16-Core Processor ,cpu,2026.21.6.0.17_160000,float,1.2065477199999999,0.61155832,0.01993964,0.8397028799999999,8.96131064,4.3690262,0.1844732,0.25922352,0.0016084399999999998,0.00920488,1.4600258400000001,0.36195136,14.27001036,5,2.0156821188776597,2.1979403760224274,110c2a5a1f7beb2ae372b3d9063938442373a9ae,v0.2.0-5-g0c57d4f,,,,a0f580195416,7d9c9b78d47a,6.563354603463993,0.00020932479528710211,12-64-64-3,True,0.014287967199925334,train,1000,"{""blas"": ""tiled"", ""profile"": true}",30.163693,625,15.288958,104140,300000,0.498491,20.992572,224.032766,,25,109.225655,4.61183,12690,6.480588,0.040211,0.230122,0,36.500646,9.048784,356.750259,69988.96246102985,1,0.0141031015,70906.38892445041,1749.7240615257463,,,16,2026-09-04T12:41:40+00:00,0.2.0,cup
syclnn,256,tiled,True,Clang 22.1.0 /opt/sycl/bin/clang++,AMD Ryzen Threadripper 2950X 16-Core Processor ,cpu,2026.21.6.0.17_160000,float,38.93740064,109.00560244,0.060577759999999994,27.62366168,3444.48623564,2610.90860844,20.357264,4.99640972,0.0033152399999999997,0.0,632.59339572,2326.24066696,2455.63724468,5,58.446326989817926,59.20882244505599,110c2a5a1f7beb2ae372b3d9063938442373a9ae,v0.2.0-5-g0c57d4f,,,,a0f580195416,735763929ae0,57.89303578299346,0.049052306398516876,784-512-256-10,True,2.4714203173993154,train,60000,"{""blas"": ""tiled"", ""profile"": true}",973.435016,5875,2725.140061,10716760,952800000,1.514444,690.591542,86112.155891,,25,65272.715211,508.9316,117590,124.910243,0.082881,0.0,0,15814.834893,58156.016674,61390.931117,24277.537729048945,1,2.4360879205000003,24629.652934564514,95.08702277210837,,,16,2026-09-04T12:42:46+00:00,0.2.0,mnist-512-256
syclnn,40,auto,True,Clang 22.1.0 /opt/sycl/bin/clang++,AMD Ryzen Threadripper 2950X 16-Core Processor ,cpu,2026.21.6.0.17_160000,float,0.08339428,0.0299962,0.0015124000000000001,0.04271624,0.5275272,0.15040176,0.07479748,0.03205608,0.0009748,0.0105452,0.10113276,0.56436068,1.62175124,5,0.02243934459289413,0.02773127372312766,110c2a5a1f7beb2ae372b3d9063938442373a9ae,v0.2.0-5-g0c57d4f,,,,a0f580195416,48971343e10b,1.2191103789126854,0.0001726850052364171,17-4-1,True,0.0016356983978766948,train,124,"{""profile"": true}",2.084857,100,0.749905,1940,44640,0.03781,1.067906,13.18818,,25,3.760044,1.869937,1455,0.801402,0.02437,0.26363,0,2.528319,14.109017,40.543781,75808.5965976153,1,0.001488206,83321.79819191698,2445.438599923074,,,16,2026-09-04T12:42:46+00:00,0.2.0,monk
syclnn,40,auto,True,Clang 22.1.0 /opt/sycl/bin/clang++,AMD Ryzen Threadripper 2950X 16-Core Processor ,cpu,2026.21.6.0.17_160000,float,1.40343516,0.29101464,0.01568528,0.9137583600000001,8.30354528,3.5481076799999998,0.21425124,0.25473184,0.0012804,0.014352,1.64692868,11.25088796,20.01334092,5,1.4242952223400818,1.5530801941628527,110c2a5a1f7beb2ae372b3d9063938442373a9ae,v0.2.0-5-g0c57d4f,,,,a0f580195416,3ddd5348da75,6.563354603463993,0.001885977596975865,12-64-64-3,True,0.020220527000492438,train,1000,"{""profile"": true}",35.085879,625,7.275366,104140,300000,0.392132,22.843959,207.588632,,25,88.702692,5.356281,12690,6.368296,0.03201,0.3588,0,41.173217,281.272199,500.333523,49454.69522014172,1,0.018894456,52925.57774619179,1236.367380503543,,,16,2026-09-04T12:42:47+00:00,0.2.0,cup
syclnn,256,auto,True,Clang 22.1.0 /opt/sycl/bin/clang++,AMD Ryzen Threadripper 2950X 16-Core Processor ,cpu,2026.21.6.0.17_160000,float,33.1786742,12.98209916,0.05772628,18.11711076,957.5893328,643.9510356000001,20.756389,5.19895788,0.00305076,0.0,223.34428916000002,892.52592024,1002.9086396800001,5,140.80384837418558,142.640786638656,110c2a5a1f7beb2ae372b3d9063938442373a9ae,v0.2.0-5-g0c57d4f,,,,a0f580195416,bbc00dd21e70,57.89303578299346,0.00876148099778229,784-512-256-10,True,1.025862869998673,train,60000,"{""profile"": true}",829.466855,5875,324.552479,10716760,952800000,1.443157,452.927769,23939.73332,,25,16098.77589,518.909725,117590,129.973947,0.076269,0.0,0,5583.607229,22313.148006,25072.715992,58487.349288777375,1,0.9809500895000001,61165.191422310374,229.07545138104473,,,16,2026-09-04T12:43:15+00:00,0.2.0,mnist-512-256
cudann,40,tiled,True,Clang 22.0.0 /usr/bin/hipcc (hipcc),AMD Radeon RX 7900 XTX,gpu,70253.21,float,0.06820891999999999,0.0828906,0.00845128,0.03405,0.55609052,0.19029704,0.014049879999999999,0.03748548,0.01002888,0.027718720000000002,0.08290972,0.36601564000000003,0.9983596,5,0.042425170064659415,0.052430408514956166,3913e2051df87aa83481b7bcf016a7201f7fbe23,v0.1.0-4-gb8ce600,,63.0,5.0,ws-amd,151b8c5af193,1.2191103789126854,0.00023503859993070366,17-4-1,True,0.0008651467971503735,train,124,"{""blas"": ""tiled"", ""profile"": true}",1.705223,100,2.072265,1940,46240,0.211282,0.85125,13.902263,,25,4.757426,0.351247,1460,0.937137,0.250722,0.692968,0,2.072743,9.150391,24.95899,143328.27724547102,1,0.0008294979999999999,149488.0035877121,4623.492814370033,,,32,2026-09-04T04:16:40+00:00,0.1.0,monk
cudann,40,rocblas,True,Clang 22.0.0 /usr/bin/hipcc (hipcc),AMD Radeon RX 7900 XTX,gpu,70253.21,float,0.0775126,0.08862652,0.00916172,0.03613624,0.68781476,0.27668776,0.01449052,0.042557239999999996,0.0106274,0.03926608,0.09274868,0.07564948,1.34783352,5,0.027113351527644342,0.03350756389750292,3913e2051df87aa83481b7bcf016a7201f7fbe23,v0.1.0-4-gb8ce600,,53.0,2.0,ws-amd,4b61e78043ba,1.2191103789126854,7.475020829588179e-05,17-4-1,True,0.001353724196087569,train,124,"{""profile"": true}",1.937815,100,2.215663,1940,46240,0.229043,0.903406,17.195369,,25,6.917194,0.362263,1460,1.063931,0.265685,0.981652,0,2.318717,1.891237,33.695838,91599.16056636602,1,0.001338354,92651.12219935832,2954.8116311730973,,,32,2026-09-04T04:16:41+00:00,0.1.0,monk
cudann,40,tiled,True,Clang 22.0.0 /usr/bin/hipcc (hipcc),AMD Radeon RX 7900 XTX,gpu,70253.21,double,0.09150684,0.0971628,0.00878736,0.0363748,0.6552254000000001,0.22657987999999998,0.01455488,0.04063584,0.01030584,0.030073919999999997,0.09924324000000001,0.14534328,1.1576221599999998,5,0.0337340043868782,0.04168958257925008,3913e2051df87aa83481b7bcf016a7201f7fbe23,v0.1.0-4-gb8ce600,,55.0,13.0,ws-amd,fc7f90a0c72f,0.6095551894563427,9.761240216903393e-05,17-4-1,True,0.0010880415968131274,train,124,"{""blas"": ""tiled"", ""profile"": true}",2.287671,100,2.42907,3480,92480,0.219684,0.90937,16.380635,,25,5.664497,0.363872,1460,1.015896,0.257646,0.751848,0,2.481081,3.633582,28.940554,113966.23103675067,1,0.0010614785,116818.19273777095,3676.33003344357,,,32,2026-09-04T04:16:41+00:00,0.1.0,monk
cudann,40,rocblas,True,Clang 22.0.0 /usr/bin/hipcc (hipcc),AMD Radeon RX 7900 XTX,gpu,70253.21,double,0.09320568,0.09190208,0.00907852,0.036786,0.70753192,0.26992948,0.01491692,0.04135592,0.010366519999999999,0.03976048,0.10023032000000001,0.13071684,1.23229196,5,0.031926138374390206,0.039455362812291304,3913e2051df87aa83481b7bcf016a7201f7fbe23,v0.1.0-4-gb8ce600,,59.0,12.0,ws-amd,de0cf74615d1,0.6095551894563427,0.00020303879864513874,17-4-1,True,0.001149653602624312,train,124,"{""profile"": true}",2.330142,100,2.297552,3480,92480,0.226963,0.91965,17.688298,,25,6.748237,0.372923,1460,1.033898,0.259163,0.994012,0,2.505758,3.267921,30.807299,107858.57558915611,1,0.0011320185,109538.84587575203,3479.3088899727777,,,32,2026-09-04T04:16:42+00:00,0.1.0,monk
cudann,40,tiled,True,Clang 22.0.0 /usr/bin/hipcc (hipcc),AMD Radeon RX 7900 XTX,gpu,70253.21,float,0.55240392,0.90108716,0.00722888,0.3767396,4.48161052,1.7608490399999999,0.013665080000000001,0.20712876000000002,0.00849128,0.03258916,0.62142764,0.06849708,8.65045896,5,3.434047507850471,3.7445545604613533,3913e2051df87aa83481b7bcf016a7201f7fbe23,v0.1.0-4-gb8ce600,20.549069108601543,102.5,64.0,ws-amd,ce5567233676,6.563354603463993,0.0009122269984800369,12-64-64-3,True,0.008386605000123382,train,1000,"{""blas"": ""tiled"", ""profile"": true}",13.810098,625,22.527179,104140,310000,0.180722,9.41849,112.040263,,25,44.021226,0.341627,12685,5.178219,0.212282,0.814729,0,15.535691,1.712427,216.261474,119237.76068925246,1,0.009135619000000001,109461.65771580447,2980.9440172313116,,,32,2026-09-04T04:16:42+00:00,0.1.0,cup
cudann,40,rocblas,True,Clang 22.0.0 /usr/bin/hipcc (hipcc),AMD Radeon RX 7900 XTX,gpu,70253.21,float,0.57508432,0.6431260799999999,0.00733928,0.37461732,6.12498032,3.61843876,0.013553200000000001,0.19573936,0.00898256,0.04338952,0.6447099199999999,0.07306192,11.51204772,5,2.4788153383003126,2.702950165469335,3913e2051df87aa83481b7bcf016a7201f7fbe23,v0.1.0-4-gb8ce600,20.796040238026762,103.5,64.5,ws-amd,b21fd20a6438,6.563354603463993,0.00018358279485255515,12-64-64-3,True,0.011618453200208023,train,1000,"{""profile"": true}",14.377108,625,16.078152,104140,310000,0.183482,9.365433,153.124508,,25,90.460969,0.33883,12685,4.893484,0.224564,1.084738,0,16.117748,1.826548,287.801193,86069.97702431641,1,0.0116738625,85661.45095507165,2151.7494256079103,,,32,2026-09-04T04:16:42+00:00,0.1.0,cup
cudann,40,tiled,True,Clang 22.0.0 /usr/bin/hipcc (hipcc),AMD Radeon RX 7900 XTX,gpu,70253.21,double,0.7069471199999999,0.94813112,0.0072336,0.37696728,5.00733488,2.01918444,0.015309600000000001,0.20263072000000001,0.00845596,0.033929879999999996,0.68854516,0.07126364,9.07638832,5,3.1936265855967236,3.4823947450256276,3913e2051df87aa83481b7bcf016a7201f7fbe23,v0.1.0-4-gb8ce600,20.64460353157483,103.0,64.5,ws-amd,bf33897f7ea8,3.2816773017319965,0.00033372300094924867,12-64-64-3,True,0.00901796100079082,train,1000,"{""blas"": ""tiled"", ""profile"": true}",17.673678,625,23.703278,207880,620000,0.18084,9.424182,125.183372,,25,50.479611,0.38274,12685,5.065768,0.211399,0.848247,0,17.213629,1.781591,226.909708,110889.81199988624,1,0.0091641595,109120.7546093016,2772.245299997156,,,32,2026-09-04T04:16:43+00:00,0.1.0,cup
cudann,40,rocblas,True,Clang 22.0.0 /usr/bin/hipcc (hipcc),AMD Radeon RX 7900 XTX,gpu,70253.21,double,0.6973142400000001,0.68081108,0.00735848,0.36191204,6.19883276,3.48051492,0.0148312,0.19898164000000002,0.008648,0.04325508,0.70520608,0.07500432,10.737844439999998,5,2.684805411250709,2.927565889425639,3913e2051df87aa83481b7bcf016a7201f7fbe23,v0.1.0-4-gb8ce600,20.951102903694846,104.5,64.0,ws-amd,3aa34519e44a,3.2816773017319965,0.0005749076022766534,12-64-64-3,True,0.01072703439858742,train,1000,"{""profile"": true}",17.432856,625,17.020277,207880,620000,0.183962,9.047801,154.970819,,25,87.012873,0.37078,12685,4.974541,0.2162,1.081377,0,17.630152,1.875108,268.446111,93222.41011287185,1,0.010765239499999999,92891.57013181175,2330.560252821796,,,32,2026-09-04T04:16:43+00:00,0.1.0,cup
cudann,256,tiled,True,Clang 22.0.0 /usr/bin/hipcc (hipcc),AMD Radeon RX 7900 XTX,gpu,70253.21,float,5.28257548,28.85910608,0.007764760000000001,3.71312124,123.4118138,67.40432700000001,5.299713799999999,2.12365672,0.033811759999999996,0.0,10.68773696,46.59693964,121.29400572,5,1041.6341363693534,1055.2233786007914,3913e2051df87aa83481b7bcf016a7201f7fbe23,v0.1.0-4-gb8ce600,684.0554954566323,197.58823529411765,81.3529411764706,ws-amd,329c35475e03,57.89303578299346,0.0006436438008677048,784-512-256-10,True,0.13867195299826562,train,60000,"{""blas"": ""tiled"", ""profile"": true}",132.064387,5875,721.477652,10716760,952894000,0.194119,92.828031,3085.295345,,25,1685.108175,132.492845,117585,53.091418,0.845294,0.0,0,267.193424,1164.923491,3032.350143,432675.8129724359,1,0.114641788,523369.3668490237,1694.6469341420407,,,32,2026-09-04T04:16:48+00:00,0.1.0,mnist-512-256
cudann,256,rocblas,True,Clang 22.0.0 /usr/bin/hipcc (hipcc),AMD Radeon RX 7900 XTX,gpu,70253.21,float,5.3301404,7.10644276,0.00815684,3.7397633200000002,81.6556028,50.65731304,5.24872348,2.12805508,0.02295448,0.0,7.4140534,17.31521964,100.59932892,5,1232.755596534607,1248.838224617304,3913e2051df87aa83481b7bcf016a7201f7fbe23,v0.1.0-4-gb8ce600,449.42463476715784,154.73333333333332,77.73333333333333,ws-amd,c810d482fb11,57.89303578299346,0.000986885197926321,784-512-256-10,True,0.11717281219898723,train,60000,"{""profile"": true}",133.25351,5875,177.661069,10716760,952894000,0.203921,93.494083,2041.39007,,25,1266.432826,131.218087,117585,53.201377,0.573862,0.0,0,185.351335,432.880491,2514.983223,512064.18002587295,1,0.094695099,633612.5167364785,2005.5847051013357,,,32,2026-09-04T04:16:53+00:00,0.1.0,mnist-512-256
cudann,256,tiled,True,Clang 22.0.0 /usr/bin/hipcc (hipcc),AMD Radeon RX 7900 XTX,gpu,70253.21,double,5.83947764,36.2596972,0.00799688,4.12587468,278.52675636,190.95325612,10.525451760000001,2.1358208,0.0467104,0.0,28.63247088,171.6305958,236.78564368,5,532.5107646083798,539.4579426226624,3913e2051df87aa83481b7bcf016a7201f7fbe23,v0.1.0-4-gb8ce600,1500.2819286951126,232.73333333333332,87.03333333333333,ws-amd,2c26f749cebc,28.94651789149673,0.0013771122030448169,784-512-256-10,True,0.27125355880125424,train,60000,"{""blas"": ""tiled"", ""profile"": true}",145.986941,5875,906.49243,21433120,1905788000,0.199922,103.146867,6963.168909,,25,4773.831403,263.136294,117585,53.39552,1.16776,0.0,0,715.811772,4290.764895,5919.641092,221195.25459926453,1,0.223741603,268166.4884648207,866.348080513786,,,32,2026-09-04T04:17:01+00:00,0.1.0,mnist-512-256
cudann,256,rocblas,True,Clang 22.0.0 /usr/bin/hipcc (hipcc),AMD Radeon RX 7900 XTX,gpu,70253.21,double,5.83404848,20.074547600000002,0.00801296,4.12038612,297.27569116,199.76536531999997,10.43178572,2.12898772,0.01088048,0.0,54.90167676,143.6917464,237.93889852,5,526.383657718198,533.2509010060721,3913e2051df87aa83481b7bcf016a7201f7fbe23,v0.1.0-4-gb8ce600,1451.5983135205315,215.90322580645162,87.0,ws-amd,e041a59585a1,28.94651789149673,0.000818366801831838,784-512-256-10,True,0.27441095079993827,train,60000,"{""profile"": true}",145.851212,5875,501.86369,21433120,1905788000,0.200324,103.009653,7431.892279,,25,4994.134133,260.794643,117585,53.224693,0.272012,0.0,0,1372.541919,3592.29366,5948.472463,218650.1662017983,1,0.226547087,264845.6035985137,856.37981762371,,,32,2026-09-04T04:17:10+00:00,0.1.0,mnist-512-256
cudann,256,tiled,True,Clang 22.0.0 /usr/bin/hipcc (hipcc),AMD Radeon RX 7900 XTX,gpu,70253.21,float,9.579243666666667,57.64481333333333,0.007593333333333334,8.065829166666667,164.17839583333333,70.5359965,5.077164333333333,2.524871,0.011846666666666667,0.0,10.731037833333334,78.01012533333333,175.3945695,2,504.0294590839353,511.19572579534486,3913e2051df87aa83481b7bcf016a7201f7fbe23,v0.1.0-4-gb8ce600,167.78526826230518,158.83333333333334,76.5,ws-amd,f514686f79fd,39.36769759450172,0.0008566952528781258,256-256-256-256-256-16,True,0.19066324699088,train,65536,"{""blas"": ""tiled"", ""profile"": true}",57.475462,1536,345.86888,3207456,213934080,0.04556,48.394975,985.070375,,6,423.215979,30.462986,52248,15.149226,0.07108,0.0,0,64.386227,468.060752,1052.367417,343726.4445786701,1,0.167010906,392405.5115298878,1342.68142413543,,,32,2026-09-04T04:17:13+00:00,0.1.0,sweep-w256-d4-b256
cudann,256,rocblas,True,Clang 22.0.0 /usr/bin/hipcc (hipcc),AMD Radeon RX 7900 XTX,gpu,70253.21,float,9.721291166666667,13.794209500000001,0.0076135,8.0399885,112.9365605,62.829663000000004,4.8314303333333335,2.6304915,0.012220666666666666,0.0,11.069652333333332,0.09813383333333332,167.50736083333334,2,528.1256556827753,535.6345209634663,3913e2051df87aa83481b7bcf016a7201f7fbe23,v0.1.0-4-gb8ce600,151.18698696402134,143.5,76.83333333333333,ws-amd,f893f69fc948,39.36769759450172,0.0015567000082228333,256-256-256-256-256-16,True,0.18196406899369322,train,65536,"{""profile"": true}",58.327747,1536,82.765257,3207456,213934080,0.045681,48.239931,677.619363,,6,376.977978,28.988582,52248,15.782949,0.073324,0.0,0,66.417914,0.588803,1005.044165,360159.0158014737,1,0.165506931,395971.3324634121,1406.8711554745066,,,32,2026-09-04T04:17:15+00:00,0.1.0,sweep-w256-d4-b256
cudann,256,tiled,True,Clang 22.0.0 /usr/bin/hipcc (hipcc),AMD Radeon RX 7900 XTX,gpu,70253.21,float,11.536608000000001,59.7639445,0.008066666666666666,36.8685545,867.0238838333333,592.2686418333334,4.934927333333333,2.5837568333333336,0.14050033333333334,0.0,158.91888383333333,406.30990066666664,506.9479755,2,2514.3722694196217,2538.685656733881,3913e2051df87aa83481b7bcf016a7201f7fbe23,v0.1.0-4-gb8ce600,858.1371049620939,280.8125,92.125,ws-amd,719546834f9f,79.17792963806632,0.001365109252219554,256-1024-1024-1024-1024-16,True,0.5218449649983086,train,65536,"{""blas"": ""tiled"", ""profile"": true}",69.219648,1536,358.583667,41140512,213934080,0.0484,221.211327,5202.143303,,6,3553.611851,29.609564,52248,15.502541,0.843002,0.0,0,953.513303,2437.859404,3041.687853,125585.19176325179,1,0.484110313,135374.10429015174,490.5671553252023,,,32,2026-09-04T04:17:20+00:00,0.1.0,sweep-w1024-d4-b256
cudann,256,rocblas,True,Clang 22.0.0 /usr/bin/hipcc (hipcc),AMD Radeon RX 7900 XTX,gpu,70253.21,float,11.6943525,14.185176166666666,0.008019833333333334,9.354648,257.442961,176.91696249999998,4.864987166666666,2.6099125,0.11510350000000001,0.0,37.69379883333333,103.83270983333334,259.8632606666667,2,4769.113011268854,4815.22921020992,3913e2051df87aa83481b7bcf016a7201f7fbe23,v0.1.0-4-gb8ce600,364.39140831631084,220.0,84.77777777777777,ws-amd,0f1655c61a50,79.17792963806632,0.0017414357425877824,256-1024-1024-1024-1024-16,True,0.2751271579909371,train,65536,"{""profile"": true}",70.166115,1536,85.111057,41140512,213934080,0.048119,56.127888,1544.657766,,6,1061.501775,29.189923,52248,15.659475,0.690621,0.0,0,226.162793,622.996259,1559.179564,238202.58413805446,1,0.248117277,264133.158288691,930.4788442892752,,,32,2026-09-04T04:17:24+00:00,0.1.0,sweep-w1024-d4-b256
cudann,256,tiled,True,Clang 22.0.0 /usr/bin/hipcc (hipcc),AMD Radeon RX 7900 XTX,gpu,70253.21,float,18.212893833333332,94.44746149999999,0.008920166666666667,244.88466683333334,14899.400037166668,13095.741285666665,4.8934605,2.6481686666666664,0.17975116666666668,0.0,1438.3834288333335,6169.7584486666665,6301.9476945,2,3181.573719535822,3207.9693271434603,3913e2051df87aa83481b7bcf016a7201f7fbe23,v0.1.0-4-gb8ce600,12628.060762529785,334.55555555555554,99.11640211640211,ws-amd,83a52be42af3,110.5098853438531,0.008739103002881166,256-4096-4096-4096-4096-16,True,6.315068825002527,train,65536,"{""blas"": ""tiled"", ""profile"": true}",109.277363,1536,566.684769,617546016,213934080,0.053521,1469.308001,89396.400223,,6,78574.447714,29.360763,52248,15.889012,1.078507,0.0,0,8630.300573,37018.550692,37811.686167,10377.717458997571,1,6.238847306,10504.50456400383,40.53795882420926,,,32,2026-09-04T04:18:13+00:00,0.1.0,sweep-w4096-d4-b256
cudann,256,rocblas,True,Clang 22.0.0 /usr/bin/hipcc (hipcc),AMD Radeon RX 7900 XTX,gpu,70253.21,float,18.628754166666667,292.88170966666667,0.008686666666666667,35.530772166666665,2688.6474043333333,1603.6779241666666,4.942479,2.857714,0.015033333333333334,0.0,730.1043311666667,1252.8693581666666,1449.3719873333332,2,13723.099886191649,13836.95220950327,3913e2051df87aa83481b7bcf016a7201f7fbe23,v0.1.0-4-gb8ce600,2816.0294290928723,324.04545454545456,95.31818181818181,ws-amd,5d23d8643e57,110.5098853438531,0.0018575160065665841,256-4096-4096-4096-4096-16,True,1.4640902694955003,train,65536,"{""profile"": true}",111.772525,1536,1757.290258,617546016,213934080,0.05212,213.184633,16131.884426,,6,9622.067545,29.654874,52248,17.146284,0.0902,0.0,0,4380.625987,7517.216149,8696.231924,44762.26730376574,1,1.396904074,46915.17565149574,174.8526066553349,,,32,2026-09-04T04:18:27+00:00,0.1.0,sweep-w4096-d4-b256
syclnn,40,tiled,True,AdaptiveCpp 25.10.0 $HOME/.local/opt/fnn-rocm/acpp/bin/acpp / host Clang 18.1.3 $HOME/.local/opt/fnn-rocm/acpp/bin/acpp,AMD Radeon RX 7900 XTX,gpu,70253211,float,0.07146028,0.08340056000000001,0.02607248,0.03566892,0.5990941200000001,0.19564672000000002,0.022853759999999997,0.03878244,0.009736080000000001,0.026339519999999998,0.08913336,0.12014016,1.5051428000000002,5,0.02478474734924921,0.030629798925510685,3913e2051df87aa83481b7bcf016a7201f7fbe23,v0.2.0-5-g0c57d4f,,36.0,1.0,ws-amd,fd01469e4628,1.2191103789126854,3.8707995554432316e-05,17-4-1,True,0.0014809107990004123,train,124,"{""blas"": ""tiled"", ""profile"": true}",1.786507,100,2.085014,1940,44640,0.651812,0.891723,14.977353,,25,4.891168,0.571344,1455,0.969561,0.243402,0.658488,0,2.228334,3.003504,37.62857,83732.25455827436,1,0.0014032945,88363.4903436164,2701.040469621754,,,32,2026-09-04T04:14:28+00:00,0.2.0,monk
syclnn,40,auto,True,AdaptiveCpp 25.10.0 $HOME/.local/opt/fnn-rocm/acpp/bin/acpp / host Clang 18.1.3 $HOME/.local/opt/fnn-rocm/acpp/bin/acpp,AMD Radeon RX 7900 XTX,gpu,70253211,float,0.07147848,0.22978492,0.0249948,0.03471076,1.46100104,0.86614844,0.02665656,0.039429280000000004,0.008801759999999999,0.07271396000000001,0.08628208000000001,0.03126732,2.9891608400000003,5,0.012229139891406846,0.015113169830923454,3913e2051df87aa83481b7bcf016a7201f7fbe23,v0.2.0-5-g0c57d4f,,48.0,3.0,ws-amd,8b2aa6a813b5,1.2191103789126854,6.118020392023062e-05,17-4-1,True,0.0030013558047357948,train,124,"{""profile"": true}",1.786962,100,5.744623,1940,44640,0.62487,0.867769,36.525026,,25,21.653711,0.666414,1455,0.985732,0.220044,1.817849,0,2.157052,0.781683,74.729021,41314.661795293396,1,0.0028876545,42941.425298629045,1332.7310256546257,,,32,2026-09-04T04:14:29+00:00,0.2.0,monk
syclnn,40,tiled,True,AdaptiveCpp 25.10.0 $HOME/.local/opt/fnn-rocm/acpp/bin/acpp / host Clang 18.1.3 $HOME/.local/opt/fnn-rocm/acpp/bin/acpp,AMD Radeon RX 7900 XTX,gpu,70253211,double,0.0898826,0.09579316,0.02657624,0.03774904,0.69282584,0.23129892000000002,0.024738479999999997,0.04282192,0.0096016,0.029021279999999997,0.1053426,0.041271199999999994,1.72767428,5,0.021471617770188432,0.026535325361152662,3913e2051df87aa83481b7bcf016a7201f7fbe23,v0.2.0-5-g0c57d4f,,53.0,17.0,ws-amd,cf0980a81805,0.6095551894563427,0.00012789820320904246,17-4-1,True,0.001709419401595369,train,124,"{""blas"": ""tiled"", ""profile"": true}",2.247065,100,2.394829,3480,89280,0.664406,0.943726,17.320646,,25,5.782473,0.618462,1455,1.070548,0.24004,0.725532,0,2.633565,1.03178,43.191857,72539.24922360957,1,0.00161947,76568.25998629181,2339.9757814067602,,,32,2026-09-04T04:14:29+00:00,0.2.0,monk
syclnn,40,auto,True,AdaptiveCpp 25.10.0 $HOME/.local/opt/fnn-rocm/acpp/bin/acpp / host Clang 18.1.3 $HOME/.local/opt/fnn-rocm/acpp/bin/acpp,AMD Radeon RX 7900 XTX,gpu,70253211,double,0.07961108,0.23819279999999998,0.02531112,0.03362776,1.54759556,0.9296046800000001,0.02768856,0.038472599999999996,0.00860168,0.0745888,0.09189648,0.032333680000000004,3.0652434399999997,5,0.011910115996021379,0.014718909698657632,3913e2051df87aa83481b7bcf016a7201f7fbe23,v0.2.0-5-g0c57d4f,,62.0,21.0,ws-amd,53c3020503d7,0.6095551894563427,9.435439715161894e-05,17-4-1,True,0.003081750002456829,train,124,"{""profile"": true}",1.990277,100,5.95482,3480,89280,0.632778,0.840694,38.689889,,25,23.240117,0.692214,1455,0.961815,0.215042,1.86472,0,2.297412,0.808342,76.631086,40236.87836493709,1,0.0029518695,42007.277083217945,1297.963818223777,,,32,2026-09-04T04:14:30+00:00,0.2.0,monk
syclnn,40,tiled,True,AdaptiveCpp 25.10.0 $HOME/.local/opt/fnn-rocm/acpp/bin/acpp / host Clang 18.1.3 $HOME/.local/opt/fnn-rocm/acpp/bin/acpp,AMD Radeon RX 7900 XTX,gpu,70253211,float,0.56424756,0.88950148,0.031810160000000004,0.38192216,4.60873344,1.78041944,0.03486424,0.21701312,0.008166600000000001,0.03100116,0.66978752,0.03673048,15.834292,5,1.881996838114429,2.052167253605185,3913e2051df87aa83481b7bcf016a7201f7fbe23,v0.2.0-5-g0c57d4f,19.87613545617205,99.0,66.5,ws-amd,b3aec6014820,6.563354603463993,0.002017032401636242,12-64-64-3,True,0.015302894997876137,train,1000,"{""blas"": ""tiled"", ""profile"": true}",14.106189,625,22.237537,104140,300000,0.795254,9.548054,115.218336,,25,44.510486,0.871606,12690,5.425328,0.204165,0.775029,0,16.744688,0.918262,395.8573,65347.11243452878,1,0.014619022,68404.02866894926,1633.6778108632195,,,32,2026-09-04T04:14:30+00:00,0.2.0,cup
syclnn,40,auto,True,AdaptiveCpp 25.10.0 $HOME/.local/opt/fnn-rocm/acpp/bin/acpp / host Clang 18.1.3 $HOME/.local/opt/fnn-rocm/acpp/bin/acpp,AMD Radeon RX 7900 XTX,gpu,70253211,float,0.5746458799999999,2.02708332,0.033112720000000005,0.37688176,12.4189208,8.366709120000001,0.03375292,0.21804296,0.00776652,0.0971774,0.6837482,0.049454279999999996,25.597313359999998,5,1.094680905058295,1.1936621045326805,3913e2051df87aa83481b7bcf016a7201f7fbe23,v0.2.0-5-g0c57d4f,73.19714025661233,116.75,75.25,ws-amd,ef5755f4ec8c,6.563354603463993,0.001527280797017739,12-64-64-3,True,0.026309036603197455,train,1000,"{""profile"": true}",14.366147,625,50.677083,104140,300000,0.827818,9.422044,310.47302,,25,209.167728,0.843823,12690,5.451074,0.194163,2.429435,0,17.093705,1.236357,639.932834,38009.75364785746,1,0.026230744,38123.203825251774,950.2438411964366,,,32,2026-09-04T04:14:31+00:00,0.2.0,cup
syclnn,40,tiled,True,AdaptiveCpp 25.10.0 $HOME/.local/opt/fnn-rocm/acpp/bin/acpp / host Clang 18.1.3 $HOME/.local/opt/fnn-rocm/acpp/bin/acpp,AMD Radeon RX 7900 XTX,gpu,70253211,double,0.6516038399999999,0.9287548,0.034926439999999996,0.38558368000000004,5.032146399999999,1.9956679199999998,0.046838160000000004,0.23711856,0.00904508,0.03376436,0.7088435599999999,0.062064959999999995,17.32934276,5,1.6029981587009836,1.7479414748493596,3913e2051df87aa83481b7bcf016a7201f7fbe23,v0.2.0-5-g0c57d4f,43.40958279305778,102.66666666666667,71.66666666666667,ws-amd,dc8d0988fc7c,3.2816773017319965,0.0006114261981565484,12-64-64-3,True,0.01796633379999548,train,1000,"{""blas"": ""tiled"", ""profile"": true}",16.290096,625,23.21887,207880,600000,0.873161,9.639592,125.80366,,25,49.891698,1.170954,12690,5.927964,0.226127,0.844109,0,17.721089,1.551624,433.233569,55659.658288228595,1,0.017685747,56542.70639515537,1391.4914572057148,,,32,2026-09-04T04:14:32+00:00,0.2.0,cup
syclnn,40,auto,True,AdaptiveCpp 25.10.0 $HOME/.local/opt/fnn-rocm/acpp/bin/acpp / host Clang 18.1.3 $HOME/.local/opt/fnn-rocm/acpp/bin/acpp,AMD Radeon RX 7900 XTX,gpu,70253211,double,0.63150456,2.031261,0.0338454,0.36921632000000004,12.94250288,8.8303446,0.0418346,0.20649072000000002,0.00888012,0.09514972000000001,0.6939758399999999,0.04669416,25.639972240000002,5,1.1139841331066849,1.21471073314221,3913e2051df87aa83481b7bcf016a7201f7fbe23,v0.2.0-5-g0c57d4f,69.25787103279436,110.75,76.0,ws-amd,faaa36bd8fe0,3.2816773017319965,0.00260382840060629,12-64-64-3,True,0.025853150995681064,train,1000,"{""profile"": true}",15.787614,625,50.781525,207880,600000,0.846135,9.230408,323.562572,,25,220.758615,1.045865,12690,5.162268,0.222003,2.378743,0,17.349396,1.167354,640.999306,38680.004621759894,1,0.0259981435,38464.28495942412,967.0001155439974,,,32,2026-09-04T04:14:33+00:00,0.2.0,cup
syclnn,256,tiled,True,AdaptiveCpp 25.10.0 $HOME/.local/opt/fnn-rocm/acpp/bin/acpp / host Clang 18.1.3 $HOME/.local/opt/fnn-rocm/acpp/bin/acpp,AMD Radeon RX 7900 XTX,gpu,70253211,float,5.39879988,25.15265336,0.10231332,3.71558628,132.7866282,72.08237168,16.354751280000002,1.83689496,0.0167476,0.0,8.12650984,8.29222348,174.4738692,5,743.4842106053549,753.1837650654086,3913e2051df87aa83481b7bcf016a7201f7fbe23,v0.2.0-5-g0c57d4f,741.596251306546,155.54166666666666,73.25,ws-amd,8c9d4425192b,57.89303578299346,0.00285136720049195,784-512-256-10,True,0.19428178559755907,train,60000,"{""blas"": ""tiled"", ""profile"": true}",134.969997,5875,628.816334,10716760,952800000,2.557833,92.889657,3319.665705,,25,1802.059292,408.868782,117590,45.922374,0.41869,0.0,0,203.162746,207.305587,4361.84673,308829.77431701054,1,0.157809742,380204.6644243294,1209.5832827416248,,,32,2026-09-04T04:14:39+00:00,0.2.0,mnist-512-256
syclnn,256,auto,True,AdaptiveCpp 25.10.0 $HOME/.local/opt/fnn-rocm/acpp/bin/acpp / host Clang 18.1.3 $HOME/.local/opt/fnn-rocm/acpp/bin/acpp,AMD Radeon RX 7900 XTX,gpu,70253211,float,5.75297648,19.56494408,0.09161096,3.99687616,162.80713144,107.01758328,16.02183608,1.9931612799999998,0.014339280000000001,0.0,8.353803840000001,0.24286244,264.8679846,5,516.0486471154984,522.7810590286691,3913e2051df87aa83481b7bcf016a7201f7fbe23,v0.2.0-5-g0c57d4f,916.7105200740625,131.5142857142857,77.71428571428571,ws-amd,d5a68ffb03d4,57.89303578299346,0.01080477480427361,784-512-256-10,True,0.2799066343985032,train,60000,"{""profile"": true}",143.824412,5875,489.123602,10716760,952800000,2.290274,99.921904,4070.178286,,25,2675.439582,400.545902,117590,49.829032,0.358482,0.0,0,208.845096,6.071561,6621.699615,214357.1913861033,1,0.24383387750000002,246069.1705975106,839.565666262238,,,32,2026-09-04T04:14:48+00:00,0.2.0,mnist-512-256
syclnn,256,tiled,True,AdaptiveCpp 25.10.0 $HOME/.local/opt/fnn-rocm/acpp/bin/acpp / host Clang 18.1.3 $HOME/.local/opt/fnn-rocm/acpp/bin/acpp,AMD Radeon RX 7900 XTX,gpu,70253211,double,5.83370404,28.85355192,0.14417036,4.21054672,302.46493444,220.79122136,31.29521952,1.8050094,0.01722432,0.0,9.5142868,109.14077595999998,308.7786744,5,412.9995199677555,418.38754472841805,3913e2051df87aa83481b7bcf016a7201f7fbe23,v0.2.0-5-g0c57d4f,1587.12632928729,187.775,79.175,ws-amd,ec51a381ec73,28.94651789149673,0.002876733202720083,784-512-256-10,True,0.3497472346003633,train,60000,"{""blas"": ""tiled"", ""profile"": true}",145.842601,5875,721.338798,21433120,1905600000,3.604259,105.263668,7561.623361,,25,5519.780534,782.380488,117590,45.125235,0.430608,0.0,0,237.85717,2728.519399,7719.46686,171552.46436346712,1,0.27645880749999996,217030.52452036642,671.913818756913,,,32,2026-09-04T04:14:59+00:00,0.2.0,mnist-512-256
syclnn,256,auto,True,AdaptiveCpp 25.10.0 $HOME/.local/opt/fnn-rocm/acpp/bin/acpp / host Clang 18.1.3 $HOME/.local/opt/fnn-rocm/acpp/bin/acpp,AMD Radeon RX 7900 XTX,gpu,70253211,double,6.14126764,21.838769720000002,0.12633668,4.40279544,330.05538628,252.13623404,33.48134916,1.93419916,0.01530088,0.0,9.979133560000001,0.36619124,444.67439251999997,5,293.75840602471004,297.59080167843246,3913e2051df87aa83481b7bcf016a7201f7fbe23,v0.2.0-5-g0c57d4f,1997.9758642179804,169.08620689655172,80.3103448275862,ws-amd,c5a82b47de63,28.94651789149673,0.021136995998676855,784-512-256-10,True,0.4917150864028372,train,60000,"{""profile"": true}",153.531691,5875,545.969243,21433120,1905600000,3.158417,110.069886,8251.384657,,25,6303.405851,837.033729,117590,48.354979,0.382522,0.0,0,249.478339,9.154781,11116.859813,122021.88149021941,1,0.4195275565,143018.01888906432,477.91903583669273,,,32,2026-09-04T04:15:13+00:00,0.2.0,mnist-512-256
syclnn,256,tiled,True,AdaptiveCpp 25.10.0 $HOME/.local/opt/fnn-rocm/acpp/bin/acpp / host Clang 18.1.3 $HOME/.local/opt/fnn-rocm/acpp/bin/acpp,AMD Radeon RX 7900 XTX,gpu,70253211,float,9.534134,54.57292833333333,0.22377383333333334,7.802564833333334,166.88976433333332,64.083084,16.469481166666665,2.0178546666666666,0.017893666666666665,0.0,12.168049833333333,1.5972466666666667,267.8104045,2,333.66931224944847,338.41340655167045,3913e2051df87aa83481b7bcf016a7201f7fbe23,v0.2.0-5-g0c57d4f,240.98091591519187,144.77777777777777,72.66666666666667,ws-amd,2d43edc46b6c,39.36769759450172,0.005565312749240547,256-256-256-256-256-16,True,0.2880093845014926,train,65536,"{""blas"": ""tiled"", ""profile"": true}",57.204804,1536,327.43757,3207456,213909504,1.342643,46.815389,1001.338586,,6,384.498504,98.816887,52272,12.107128,0.107362,0.0,0,73.008299,9.58348,1606.862427,227548.14088240365,1,0.245485688,266964.6468351344,888.8599253218892,,,32,2026-09-04T04:15:16+00:00,0.2.0,sweep-w256-d4-b256
syclnn,256,auto,True,AdaptiveCpp 25.10.0 $HOME/.local/opt/fnn-rocm/acpp/bin/acpp / host Clang 18.1.3 $HOME/.local/opt/fnn-rocm/acpp/bin/acpp,AMD Radeon RX 7900 XTX,gpu,70253211,float,10.1510445,35.53352316666667,0.23261016666666667,8.259124166666666,246.93283250000002,163.18688416666666,15.105176166666666,2.116372166666667,0.017339999999999998,0.0,12.330758000000001,2.8734024999999996,445.3073891666666,2,211.04369111371955,214.04430020714435,3913e2051df87aa83481b7bcf016a7201f7fbe23,v0.2.0-5-g0c57d4f,347.53794301179005,131.0,78.42857142857143,ws-amd,deec908438e6,39.36769759450172,0.031008472004032228,256-256-256-256-256-16,True,0.4553554419981083,train,65536,"{""profile"": true}",60.906267,1536,213.201139,3207456,213909504,1.395661,49.554745,1481.596995,,6,979.121305,90.631057,52272,12.698233,0.10404,0.0,0,73.984548,17.240415,2671.844335,143922.73366148167,1,0.431644025,151828.81310589207,562.1981783651628,,,32,2026-09-04T04:15:21+00:00,0.2.0,sweep-w256-d4-b256
syclnn,256,tiled,True,AdaptiveCpp 25.10.0 $HOME/.local/opt/fnn-rocm/acpp/bin/acpp / host Clang 18.1.3 $HOME/.local/opt/fnn-rocm/acpp/bin/acpp,AMD Radeon RX 7900 XTX,gpu,70253211,float,11.34901,42.9536235,1.1621961666666667,8.7867515,572.4974085,460.528,15.440591,1.9794070000000001,0.018146833333333334,0.0,30.279682500000003,274.1393233333333,582.1345721666667,2,2187.6051845910483,2208.7588112001745,3913e2051df87aa83481b7bcf016a7201f7fbe23,v0.2.0-5-g0c57d4f,859.3646868774813,248.55555555555554,86.88888888888889,ws-amd,15edc730de88,79.17792963806632,0.0019809040022664703,256-1024-1024-1024-1024-16,True,0.5997940204979386,train,65536,"{""blas"": ""tiled"", ""profile"": true}",68.09406,1536,257.721741,41140512,213909504,6.973177,52.720509,3434.984451,,6,2763.168,92.643546,52272,11.876442,0.108881,0.0,0,181.678095,1644.83594,3492.807433,109264.17696794168,1,0.558419903,117359.7138066191,426.81319128102217,,,32,2026-09-04T04:15:26+00:00,0.2.0,sweep-w1024-d4-b256
syclnn,256,auto,True,AdaptiveCpp 25.10.0 $HOME/.local/opt/fnn-rocm/acpp/bin/acpp / host Clang 18.1.3 $HOME/.local/opt/fnn-rocm/acpp/bin/acpp,AMD Radeon RX 7900 XTX,gpu,70253211,float,12.012932333333334,36.069654,0.9508011666666666,9.78835,350.92860766666666,247.11617750000002,15.19901,2.1678895,0.019300333333333333,0.0,27.604492833333335,2.9035595,538.7209008333333,2,2505.9871296132565,2530.2194346016104,3913e2051df87aa83481b7bcf016a7201f7fbe23,v0.2.0-5-g0c57d4f,593.5502860995912,183.05882352941177,83.3529411764706,ws-amd,304cb5d8d43f,79.17792963806632,0.03181204225256806,256-1024-1024-1024-1024-16,True,0.5235910805058666,train,65536,"{""profile"": true}",72.077594,1536,216.417924,41140512,213909504,5.704807,58.7301,2105.571646,,6,1482.697065,91.19406,52272,13.007337,0.115802,0.0,0,165.626957,17.421357,3232.325405,125166.37971884952,1,0.505515902,129641.81688591075,488.93117077675595,,,32,2026-09-04T04:15:31+00:00,0.2.0,sweep-w1024-d4-b256
syclnn,256,tiled,True,AdaptiveCpp 25.10.0 $HOME/.local/opt/fnn-rocm/acpp/bin/acpp / host Clang 18.1.3 $HOME/.local/opt/fnn-rocm/acpp/bin/acpp,AMD Radeon RX 7900 XTX,gpu,70253211,float,18.344336833333333,56.419729499999995,9.502301000000001,15.087778833333333,7843.4293995,7232.203814666666,14.659319833333333,2.1607706666666666,0.017933666666666667,0.0,495.0334145,4767.5998745,6450.224033333333,2,3107.30248667814,3133.0819104434845,3913e2051df87aa83481b7bcf016a7201f7fbe23,v0.2.0-5-g0c57d4f,12860.641349973492,331.2680412371134,98.37113402061856,ws-amd,9d089d4a45c7,110.5098853438531,0.020393925507960375,256-4096-4096-4096-4096-16,True,6.466012593504274,train,65536,"{""blas"": ""tiled"", ""profile"": true}",110.066021,1536,338.518377,617546016,213909504,57.013806,90.526673,47060.576397,,6,43393.222888,87.955919,52272,12.964624,0.107602,0.0,0,2970.200487,28605.599247,38701.3442,10135.458143993897,1,6.386589577,10261.501731067006,39.59163337497616,,,32,2026-09-04T04:16:22+00:00,0.2.0,sweep-w4096-d4-b256
syclnn,256,auto,True,AdaptiveCpp 25.10.0 $HOME/.local/opt/fnn-rocm/acpp/bin/acpp / host Clang 18.1.3 $HOME/.local/opt/fnn-rocm/acpp/bin/acpp,AMD Radeon RX 7900 XTX,gpu,70253211,float,18.693500333333333,42.847022833333334,9.550890333333333,15.354919,1763.876626,1117.1383473333333,15.0739985,2.287615833333333,0.019627166666666668,0.0,542.9107046666667,2.9201894999999998,1787.2999836666668,2,11217.566323526655,11310.631738660795,3913e2051df87aa83481b7bcf016a7201f7fbe23,v0.2.0-5-g0c57d4f,3384.853469460242,316.24074074074076,93.25925925925925,ws-amd,d7e5771c4c09,110.5098853438531,0.021230038248177152,256-4096-4096-4096-4096-16,True,1.7911065939988475,train,65536,"{""profile"": true}",112.161002,1536,257.082137,617546016,213909504,57.305342,92.129514,10583.259756,,6,6702.830084,90.443991,52272,13.725695,0.117763,0.0,0,3257.464228,17.521137,10723.799902,36589.67044149142,1,1.716253069,38185.51074066572,142.92840016207586,,,32,2026-09-04T04:16:39+00:00,0.2.0,sweep-w4096-d4-b256
ompnn,40,tiled,True,GNU 14.2.0 /usr/bin/g++-14,"AMD Ryzen Threadripper 2950X 16-Core Processor (OpenMP host, 16 threads)",cpu,201511,float,0.055200639999999995,0.048248160000000005,0.0,0.02545664,0.4647284,0.23610527999999997,0.00020879999999999998,0.02924352,0.0,0.01411204,0.05615332000000001,0.0,0.47695171999999997,5,0.0765920855672232,0.09465499676681682,0a347a31f5aa9c1dc6a43123a746e221b135dca5,v0.1.0-8-ge91146e,,,,59a8fc1dbe64,3f58f8046abb,1.2191103789126854,5.1480019465088844e-06,17-4-1,True,0.00047921400400809946,train,124,"{""blas"": ""tiled"", ""profile"": true}",1.380016,100,1.206204,0,44640,0.0,0.636416,11.61821,,25,5.902632,0.00522,1360,0.731088,0.0,0.352801,0,1.403833,0.0,11.923793,258757.04583521356,1,0.000471587,262941.93860305735,8347.001478555276,,,16,2026-09-04T10:55:21+00:00,0.1.0,monk
ompnn,40,tiled,True,GNU 14.2.0 /usr/bin/g++-14,"AMD Ryzen Threadripper 2950X 16-Core Processor (OpenMP host, 16 threads)",cpu,201511,float,0.68490312,0.46246879999999996,0.0,0.31997304,5.31398688,2.9739081599999997,0.00499204,0.17765424,0.0,0.02141496,0.6686725199999999,0.0,5.405371639999999,5,5.358979026000529,5.843538653834138,0a347a31f5aa9c1dc6a43123a746e221b135dca5,v0.1.0-8-ge91146e,,,,59a8fc1dbe64,ddc0e44714e2,6.563354603463993,0.00018768480513244902,12-64-64-3,True,0.005374157999176532,train,1000,"{""blas"": ""tiled"", ""profile"": true}",17.122578,625,11.56172,0,300000,0.0,7.999326,132.849672,,25,74.347704,0.124801,12585,4.441356,0.0,0.535374,0,16.716813,0.0,135.134291,186075.66062501832,1,0.005364099,186424.59805458476,4651.891515625458,,,16,2026-09-04T10:55:21+00:00,0.1.0,cup
ompnn,256,tiled,True,GNU 14.2.0 /usr/bin/g++-14,"AMD Ryzen Threadripper 2950X 16-Core Processor (OpenMP host, 16 threads)",cpu,201511,float,38.647694120000004,26.1637276,0.0,7.174158200000001,3254.6363168,3075.00908268,19.53431368,1.93293936,0.0,0.0,86.17440116,0.0,3255.4152445600002,5,44.05665895460412,44.631425650066625,0a347a31f5aa9c1dc6a43123a746e221b135dca5,v0.1.0-8-ge91146e,,,,59a8fc1dbe64,f68a85b854f0,57.89303578299346,0.009776655602035778,784-512-256-10,True,3.2786290069983806,train,60000,"{""blas"": ""tiled"", ""profile"": true}",966.192353,5875,654.09319,0,952800000,0.0,179.353955,81365.90792,,25,76875.227067,488.357842,117510,48.323484,0.0,0.0,0,2154.360029,0.0,81385.381114,18300.332203468985,1,3.2216455345,18624.022834750507,71.67630113025352,,,16,2026-09-04T10:56:48+00:00,0.1.0,mnist-512-256
ompnn,40,openblas,True,GNU 14.2.0 /usr/bin/g++-14,"AMD Ryzen Threadripper 2950X 16-Core Processor (OpenMP host, 16 threads)",cpu,201511,float,0.0533002,0.00429848,0.0,0.025810879999999998,0.1884964,0.01898844,9.839999999999999e-05,0.03126452,0.0,0.00030004,0.05443544,0.0,0.19519244,5,0.187107794046251,0.23123391286884115,0a347a31f5aa9c1dc6a43123a746e221b135dca5,v0.1.0-8-ge91146e,,,,59a8fc1dbe64,9e434e97d3f2,1.2191103789126854,1.6319972928613424e-06,17-4-1,True,0.00019616499776020646,train,124,"{""profile"": true}",1.332505,100,0.107462,0,44640,0.0,0.645272,4.71241,,25,0.474711,0.00246,1360,0.781613,0.0,0.007501,0,1.360886,0.0,4.879811,632120.9258319291,1,0.00019116549999999998,648652.6072957725,20390.997607481582,,,16,2026-09-04T10:56:49+00:00,0.1.0,monk
ompnn,40,openblas,True,GNU 14.2.0 /usr/bin/g++-14,"AMD Ryzen Threadripper 2950X 16-Core Processor (OpenMP host, 16 threads)",cpu,201511,float,1.6756891600000001,0.05074972,0.0,0.34010039999999997,5.30663452,2.4129765599999997,0.0020396,0.1847154,0.0,0.0021268,0.63823688,0.0,5.36980148,5,6.364323020104808,6.9397859915164375,0a347a31f5aa9c1dc6a43123a746e221b135dca5,v0.1.0-8-ge91146e,,,,59a8fc1dbe64,e4a75d889468,6.563354603463993,4.4478196650744005e-05,12-64-64-3,True,0.004525225999532268,train,1000,"{""profile"": true}",41.892229,625,1.268743,0,300000,0.0,8.50251,132.665863,,25,60.324414,0.05099,12585,4.617885,0.0,0.05317,0,15.955922,0.0,134.245037,220983.4381980836,1,0.00447132,223647.60294499164,5524.58595495209,,,16,2026-09-04T10:56:49+00:00,0.1.0,cup
ompnn,256,openblas,True,GNU 14.2.0 /usr/bin/g++-14,"AMD Ryzen Threadripper 2950X 16-Core Processor (OpenMP host, 16 threads)",cpu,201511,float,56.237441239999995,7.2537798,0.0,17.5858992,824.10978296,617.62296112,18.47744808,2.02038136,0.0,0.0,104.91187216,0.0,824.8564723200001,5,167.16321189603386,169.34403652468723,0a347a31f5aa9c1dc6a43123a746e221b135dca5,v0.1.0-8-ge91146e,,,,59a8fc1dbe64,cc7760e739ff,57.89303578299346,0.0575482139945962,784-512-256-10,True,0.8640982567972969,train,60000,"{""profile"": true}",1405.936031,5875,181.344495,0,952800000,0.0,439.64748,20602.744574,,25,15440.574028,461.936202,117510,50.509534,0.0,0.0,0,2622.796804,0.0,20621.411808,69436.54790183775,1,0.8082603825,74233.5035826156,271.9598126155312,,,16,2026-09-04T10:57:12+00:00,0.1.0,mnist-512-256
ompnn,40,tiled,True,Clang 22.0.0 /usr/bin/amdclang++,AMD Radeon RX 7900 XTX,gpu,70253.21,float,0.18884672,0.14105676,0.0,0.09220432,1.36597576,0.4060732,0.00879168,0.23494479999999998,0.0,0.09637464,0.19768364,0.0,1.37705032,5,0.02753794119873564,0.03403228565754819,3913e2051df87aa83481b7bcf016a7201f7fbe23,v0.1.0-8-ge91146e,,29.0,1.0,ws-amd,e25da7948b67,1.2191103789126854,4.244039882905781e-05,17-4-1,True,0.0013328519999049604,train,124,"{""blas"": ""tiled"", ""profile"": true}",4.721168,100,3.526419,0,44640,0.0,2.305108,34.149394,,25,10.15183,0.219792,1360,5.87362,0.0,2.409366,0,4.942091,0.0,34.426258,93033.58513086365,1,0.001275305,97231.64262666578,3001.0833913181823,,,32,2026-09-04T04:26:01+00:00,0.1.0,monk
ompnn,40,rocblas,True,Clang 22.0.0 /usr/bin/amdclang++,AMD Radeon RX 7900 XTX,gpu,70253.21,float,0.22961448,0.20069672,0.0,0.11676428,1.90528776,0.723326,0.00998292,0.3015364,0.0,0.08133879999999999,0.24202816,0.0,1.92030436,5,0.01991823017032204,0.024615598314238436,3913e2051df87aa83481b7bcf016a7201f7fbe23,v0.1.0-8-ge91146e,,63.0,2.0,ws-amd,b128d2cd8ed5,1.2191103789126854,0.00018900440772995353,17-4-1,True,0.0018427340022753925,train,124,"{""profile"": true}",5.740362,100,5.017418,0,44640,0.0,2.919107,47.632194,,25,18.08315,0.249573,1360,7.53841,0.0,2.03347,0,6.050704,0.0,48.007609,67291.31814297986,1,0.001822092,68053.64383357152,2170.6876820316083,,,32,2026-09-04T04:26:01+00:00,0.1.0,monk
ompnn,40,tiled,True,Clang 22.0.0 /usr/bin/amdclang++,AMD Radeon RX 7900 XTX,gpu,70253.21,double,0.20695244,0.14897428,0.0,0.09647299999999999,1.5804832,0.43368364,0.00961528,0.3019964,0.0,0.10283156,0.2799566,0.0,1.5927612400000002,5,0.02334383666785626,0.028849074521958375,3913e2051df87aa83481b7bcf016a7201f7fbe23,v0.1.0-8-ge91146e,,62.0,13.0,ws-amd,bd002deda468,0.6095551894563427,0.00010677319951355466,17-4-1,True,0.0015723208023700863,train,124,"{""blas"": ""tiled"", ""profile"": true}",5.173811,100,3.724357,0,89280,0.0,2.411825,39.51208,,25,10.842091,0.240382,1360,7.54991,0.0,2.570789,0,6.998915,0.0,39.819031,78864.31306708197,1,0.0014814024999999999,83704.46249415673,2544.010098938128,,,32,2026-09-04T04:26:02+00:00,0.1.0,monk
ompnn,40,rocblas,True,Clang 22.0.0 /usr/bin/amdclang++,AMD Radeon RX 7900 XTX,gpu,70253.21,double,0.24213196,0.19339204,0.0,0.11706832,1.92992932,0.72028008,0.00984576,0.26724812,0.0,0.07722000000000001,0.30274304,0.0,1.94444592,5,0.019767062752262636,0.02442878068991481,3913e2051df87aa83481b7bcf016a7201f7fbe23,v0.1.0-8-ge91146e,,64.0,15.0,ws-amd,dfb21519bed2,0.6095551894563427,0.00018052419763989734,17-4-1,True,0.0018568261992186307,train,124,"{""profile"": true}",6.053299,100,4.834801,0,89280,0.0,2.926708,48.248233,,25,18.007002,0.246144,1360,6.681203,0.0,1.9305,0,7.568576,0.0,48.611148,66780.6174062927,1,0.001808142,68578.68463870647,2154.213464719119,,,32,2026-09-04T04:26:02+00:00,0.1.0,monk
ompnn,40,tiled,True,Clang 22.0.0 /usr/bin/amdclang++,AMD Radeon RX 7900 XTX,gpu,70253.21,float,1.76649008,1.4997027600000001,0.0,1.21128448,12.08883276,4.08400756,0.01199376,1.5597726399999998,0.0,0.14819236,1.80738912,0.0,12.14073804,5,2.367420272176197,2.58148274199474,3913e2051df87aa83481b7bcf016a7201f7fbe23,v0.1.0-8-ge91146e,20.2471739682951,101.0,68.0,ws-amd,3eea52561373,6.563354603463993,0.00015191400307230755,12-64-64-3,True,0.012165140401339158,train,1000,"{""blas"": ""tiled"", ""profile"": true}",44.162252,625,37.492569,0,300000,0.0,30.282112,302.220819,,25,102.100189,0.299844,12585,38.994316,0.0,3.704809,0,45.184728,0.0,303.518451,82202.09278389573,1,0.011983322000000001,83449.31397153476,2055.0523195973933,,,32,2026-09-04T04:26:02+00:00,0.1.0,cup
ompnn,40,rocblas,True,Clang 22.0.0 /usr/bin/amdclang++,AMD Radeon RX 7900 XTX,gpu,70253.21,float,2.08778048,1.65756188,0.0,1.43206032,15.59771728,6.727358880000001,0.01239936,1.62915204,0.0,0.11280608,1.9385982400000001,0.0,15.659793400000002,5,1.8413712858248523,2.0078683332351472,3913e2051df87aa83481b7bcf016a7201f7fbe23,v0.1.0-8-ge91146e,19.582679416198516,97.5,61.5,ws-amd,8a1bfd869c4e,6.563354603463993,0.0004076488025020822,12-64-64-3,True,0.01564051759778522,train,1000,"{""profile"": true}",52.194512,625,41.439047,0,300000,0.0,35.801508,389.942932,,25,168.183972,0.309984,12585,40.728801,0.0,2.820152,0,48.464956,0.0,391.494835,63936.50298002959,1,0.015399237999999999,64938.27811480023,1598.4125745007398,,,32,2026-09-04T04:26:03+00:00,0.1.0,cup
ompnn,40,tiled,True,Clang 22.0.0 /usr/bin/amdclang++,AMD Radeon RX 7900 XTX,gpu,70253.21,double,1.92745736,1.54428808,0.0,1.19950884,12.705330879999998,4.34425792,0.01631144,1.2346532000000001,0.0,0.15280824,2.2860458,0.0,12.75188772,5,2.2526846375182874,2.456372695315557,3913e2051df87aa83481b7bcf016a7201f7fbe23,v0.1.0-8-ge91146e,20.96684353069577,104.5,70.0,ws-amd,2e268b8a59ac,3.2816773017319965,6.911280215717887e-05,12-64-64-3,True,0.01278474559658207,train,1000,"{""blas"": ""tiled"", ""profile"": true}",48.186434,625,38.607202,0,600000,0.0,29.987721,317.633272,,25,108.606448,0.407786,12585,30.86633,0.0,3.820206,0,57.151145,0.0,318.797193,78218.21658049608,1,0.012688765,78809.87629607768,1955.455414512402,,,32,2026-09-04T04:26:03+00:00,0.1.0,cup
ompnn,40,rocblas,True,Clang 22.0.0 /usr/bin/amdclang++,AMD Radeon RX 7900 XTX,gpu,70253.21,double,2.23573796,1.6468512000000002,0.0,1.4204931600000001,16.155146520000002,6.960507720000001,0.016149359999999998,1.33217528,0.0,0.11245056,2.4307812799999997,0.0,16.21163396,5,1.7748909947903928,1.9353768850519784,3913e2051df87aa83481b7bcf016a7201f7fbe23,v0.1.0-8-ge91146e,46.205435499185114,110.66666666666667,68.66666666666667,ws-amd,bfcd567b81d8,3.2816773017319965,7.517900085076898e-05,12-64-64-3,True,0.016226348595228045,train,1000,"{""profile"": true}",55.893449,625,41.17128,0,600000,0.0,35.512329,403.878663,,25,174.012693,0.403734,12585,33.304382,0.0,2.811264,0,60.769532,0.0,405.290849,61628.15954133309,1,0.0161637615,61866.78762860985,1540.7039885333272,,,32,2026-09-04T04:26:04+00:00,0.1.0,cup
ompnn,256,tiled,True,Clang 22.0.0 /usr/bin/amdclang++,AMD Radeon RX 7900 XTX,gpu,70253.21,float,19.868944799999998,33.27879464,0.0,13.7813984,212.78861964,103.69757132000001,4.17172676,13.711317280000001,0.0,0.0,24.27886644,0.0,213.2311808,5,625.3374444836871,633.4956467859816,3913e2051df87aa83481b7bcf016a7201f7fbe23,v0.1.0-8-ge91146e,1209.362303453774,209.89655172413794,86.65517241379311,ws-amd,5f219b6683f8,57.89303578299346,0.0010525065998081284,784-512-256-10,True,0.23098799100262113,train,60000,"{""blas"": ""tiled"", ""profile"": true}",496.72362,5875,831.969866,0,952800000,0.0,344.53496,5319.715491,,25,2592.439283,104.293169,117510,342.782932,0.0,0.0,0,606.971661,0.0,5330.77952,259753.76355959196,1,0.207965913,288508.8192313516,1017.3689072750684,,,32,2026-09-04T04:26:11+00:00,0.1.0,mnist-512-256
ompnn,256,rocblas,True,Clang 22.0.0 /usr/bin/amdclang++,AMD Radeon RX 7900 XTX,gpu,70253.21,float,22.79221732,16.10167444,0.0,15.764244000000001,191.28509616,92.27607104,4.61041396,14.117809,0.0,0.0,25.6226664,0.0,191.71138308000002,5,690.5758036889329,699.5851108418343,3913e2051df87aa83481b7bcf016a7201f7fbe23,v0.1.0-8-ge91146e,766.9478499357938,151.32,75.0,ws-amd,cc673cc64b2f,57.89303578299346,0.0011863261985126938,784-512-256-10,True,0.20916666820412502,train,60000,"{""profile"": true}",569.805433,5875,402.541861,0,952800000,0.0,394.1061,4782.127404,,25,2306.901776,115.260349,117510,352.945225,0.0,0.0,0,640.56666,0.0,4792.784577,286852.5875329534,1,0.1865069335,321703.85772816325,1123.505967837401,,,32,2026-09-04T04:26:18+00:00,0.1.0,mnist-512-256
ompnn,256,tiled,True,Clang 22.0.0 /usr/bin/amdclang++,AMD Radeon RX 7900 XTX,gpu,70253.21,double,20.52491184,37.70912988,0.0,13.93661144,380.60495991999994,238.69821772,9.0857566,15.00187144,0.0,0.0,45.648461,0.0,381.18206392,5,346.3921147294747,350.91117395551544,3913e2051df87aa83481b7bcf016a7201f7fbe23,v0.1.0-8-ge91146e,2364.7897741620836,230.8,89.84,ws-amd,c029729af146,28.94651789149673,0.0005787150003015995,784-512-256-10,True,0.4169997925986536,train,60000,"{""blas"": ""tiled"", ""profile"": true}",513.122796,5875,942.728247,0,1905600000,0.0,348.415286,9515.123998,,25,5967.455443,227.143915,117510,375.046786,0.0,0.0,0,1141.211525,0.0,9529.551598,143884.96364972467,1,0.3705292225,161930.54786657213,563.5494409614216,,,32,2026-09-04T04:26:30+00:00,0.1.0,mnist-512-256
ompnn,256,rocblas,True,Clang 22.0.0 /usr/bin/amdclang++,AMD Radeon RX 7900 XTX,gpu,70253.21,double,23.6879544,18.027296120000003,0.0,15.9950576,357.59298124000003,229.16146067999998,9.306141239999999,14.520707,0.0,0.0,46.8943642,0.0,358.15909103999996,5,366.3407280952274,371.12003852631545,038b5bb282c11743937d160b136c4928e6372308,v0.1.0-8-ge91146e,1999.373482547846,204.41304347826087,84.41304347826087,ws-amd,58c22e5c89c2,28.94651789149673,0.0016929520003032272,784-512-256-10,True,0.394292605004739,train,60000,"{""profile"": true}",592.19886,5875,450.682403,0,1905600000,0.0,399.87644,8939.824531,,25,5729.036517,232.653531,117510,363.017675,0.0,0.0,0,1172.359105,0.0,8953.977276,152171.25362845408,1,0.34782159749999997,172502.22651858185,596.0040767114451,,,32,2026-09-04T04:26:42+00:00,0.1.0,mnist-512-256
ompnn,256,tiled,True,Clang 22.0.0 /usr/bin/amdclang++,AMD Radeon RX 7900 XTX,gpu,70253.21,float,33.40369033333334,65.53261766666667,0.0,26.945946333333335,304.12701,122.07252233333332,4.371881833333333,14.902923166666667,0.0,0.0,36.89742833333333,0.0,304.848311,2,300.70328505088696,304.9786699571347,038b5bb282c11743937d160b136c4928e6372308,v0.1.0-8-ge91146e,334.444164929635,179.4,83.6,ws-amd,51607c3c307c,39.36769759450172,0.0012823249999200925,256-256-256-256-256-16,True,0.3195837825041963,train,65536,"{""blas"": ""tiled"", ""profile"": true}",200.422142,1536,393.195706,0,213909504,0.0,161.675678,1824.76206,,6,732.435134,26.231291,52230,89.417539,0.0,0.0,0,221.38457,0.0,1829.089866,205066.72612256062,1,0.297175157,220529.8742384445,801.0418989162524,,,32,2026-09-04T04:26:45+00:00,0.1.0,sweep-w256-d4-b256
ompnn,256,rocblas,True,Clang 22.0.0 /usr/bin/amdclang++,AMD Radeon RX 7900 XTX,gpu,70253.21,float,38.340588833333335,29.158442833333336,0.0,30.904523166666667,293.01441033333333,136.1466665,4.0143095,15.6890055,0.0,0.0,38.760874,0.0,293.82732516666664,2,310.5739800596191,314.98970603479586,038b5bb282c11743937d160b136c4928e6372308,v0.1.0-8-ge91146e,238.72144537887652,141.11111111111111,71.55555555555556,ws-amd,233cd4919007,39.36769759450172,0.003751357005967293,256-256-256-256-256-16,True,0.30942673700337764,train,65536,"{""profile"": true}",230.043533,1536,174.950657,0,213909504,0.0,185.427139,1758.086462,,6,816.879999,24.085857,52230,94.134033,0.0,0.0,0,232.565244,0.0,1762.963951,211798.11620249425,1,0.286427759,228804.63900846985,827.3363914159931,,,32,2026-09-04T04:26:49+00:00,0.1.0,sweep-w256-d4-b256
ompnn,256,tiled,True,Clang 22.0.0 /usr/bin/amdclang++,AMD Radeon RX 7900 XTX,gpu,70253.21,float,41.520017333333335,67.99426583333333,0.0,34.436122000000005,849.3430465,627.1109385,2.9453766666666668,18.661807,0.0,0.0,56.67451916666667,0.0,851.7611146666667,2,1537.264487040866,1552.1294723624342,038b5bb282c11743937d160b136c4928e6372308,v0.1.0-8-ge91146e,1623.016542311554,320.6923076923077,95.03846153846153,ws-amd,49e60ef17359,79.17792963806632,0.0020977572494302876,256-1024-1024-1024-1024-16,True,0.8535372539918171,train,65536,"{""blas"": ""tiled"", ""profile"": true}",249.120104,1536,407.965595,0,213909504,0.0,206.616732,5096.058279,,6,3762.665631,17.67226,52230,111.970842,0.0,0.0,0,340.047115,0.0,5110.566688,76781.65152546264,1,0.846252823,77442.57770115585,299.92832627133845,,,32,2026-09-04T04:26:56+00:00,0.1.0,sweep-w1024-d4-b256
ompnn,256,rocblas,True,Clang 22.0.0 /usr/bin/amdclang++,AMD Radeon RX 7900 XTX,gpu,70253.21,float,46.27693366666667,29.024943833333335,0.0,38.357794,409.2945835,216.80461466666668,2.944668333333333,18.3580065,0.0,0.0,57.5276225,0.0,411.29302233333334,2,3166.2091485005726,3196.825644825206,038b5bb282c11743937d160b136c4928e6372308,v0.1.0-8-ge91146e,572.0917185631115,233.53846153846155,81.38461538461539,ws-amd,76b98640fc44,79.17792963806632,0.0017157830006908625,256-1024-1024-1024-1024-16,True,0.414411192497937,train,65536,"{""profile"": true}",277.661602,1536,174.149663,0,213909504,0.0,230.146764,2455.767501,,6,1300.827688,17.66801,52230,110.148039,0.0,0.0,0,345.165735,0.0,2467.758134,158142.44688945328,1,0.406758567,161117.6882723161,617.7439331619269,,,32,2026-09-04T04:27:00+00:00,0.1.0,sweep-w1024-d4-b256
ompnn,256,tiled,True,Clang 22.0.0 /usr/bin/amdclang++,AMD Radeon RX 7900 XTX,gpu,70253.21,float,56.992678000000005,74.31483666666666,0.0,47.05163033333333,9574.138013666667,8833.788881333334,3.9698358333333332,22.925492833333333,0.0,0.0,535.0946586666666,0.0,9621.481586333333,2,2084.5775314148614,2101.872020053948,038b5bb282c11743937d160b136c4928e6372308,v0.1.0-8-ge91146e,19371.704542708772,336.08680555555554,99.35416666666667,ws-amd,70501eab7212,110.5098853438531,0.004570569246425293,256-4096-4096-4096-4096-16,True,9.638335206007469,train,65536,"{""blas"": ""tiled"", ""profile"": true}",341.956068,1536,445.88902,0,213909504,0.0,282.309782,57444.828082,,6,53002.733288,23.819015,52230,137.552957,0.0,0.0,0,3210.567952,0.0,57728.889518,6799.514501130043,1,9.563900941,6852.4340020137815,26.56060352003923,,,32,2026-09-04T04:28:12+00:00,0.1.0,sweep-w4096-d4-b256
ompnn,256,rocblas,True,Clang 22.0.0 /usr/bin/amdclang++,AMD Radeon RX 7900 XTX,gpu,70253.21,float,53.40018716666666,30.855184833333336,0.0,44.634879500000004,1785.3343845,1092.1757331666665,3.594045833333333,21.75102683333333,0.0,0.0,538.9233271666667,0.0,1830.0714508333333,2,10897.428696779556,10987.838122167437,038b5bb282c11743937d160b136c4928e6372308,v0.1.0-8-ge91146e,3623.459731760391,325.73214285714283,92.76785714285714,ws-amd,edd1924c0b59,110.5098853438531,0.0050600960094016045,256-4096-4096-4096-4096-16,True,1.8437245674867881,train,65536,"{""profile"": true}",320.401123,1536,185.131109,0,213909504,0.0,267.809277,10712.006307,,6,6553.054399,21.564275,52230,130.506161,0.0,0.0,0,3233.539963,0.0,10980.428705,35545.439462974246,1,1.779580469,36826.65726086927,138.84937290224315,,,32,2026-09-04T04:28:29+00:00,0.1.0,sweep-w4096-d4-b256
ompnn,40,tiled,True,GNU 14.2.0 /usr/bin/g++-14,AMD Radeon RX 7900 XTX,gpu,70253.21,float,4.25068736,2.41641416,0.0,2.132216,26.922359959999998,11.0091276,0.016308800000000002,2.18857812,0.0,0.63283876,4.27618916,0.0,26.9494884,5,0.0013712709737135136,0.001694661382074024,e19625672ff8624df297681c3500d69a83cd9ae0,v0.1.0-8-ge91146e,61.79839647428889,96.5,54.75,ws-amd,e25da7948b67,1.2191103789126854,0.0003758665989153087,17-4-1,True,0.026766409195261076,train,124,"{""blas"": ""tiled"", ""profile"": true}",106.267184,100,60.410354,0,44640,0.0,53.3054,673.058999,,25,275.22819,0.40772,1360,54.714453,0.0,15.820969,0,106.904729,0.0,673.73721,4632.6722084916,1,0.026688125,4646.261211681225,149.4410389836,,,32,2026-09-04T04:30:34+00:00,0.1.0,monk
ompnn,40,rocblas,True,GNU 14.2.0 /usr/bin/g++-14,AMD Radeon RX 7900 XTX,gpu,70253.21,float,4.4082151199999995,0.18680432,0.0,2.18820448,14.26998012,0.79822716,0.014528000000000001,2.23056024,0.0,0.07739844,4.36604236,0.0,14.2985506,5,0.0026343857566163732,0.003255659816916922,e19625672ff8624df297681c3500d69a83cd9ae0,v0.1.0-8-ge91146e,16.031382319051772,80.0,41.5,ws-amd,b128d2cd8ed5,1.2191103789126854,5.843420512974262e-05,17-4-1,True,0.013932659599231557,train,124,"{""profile"": true}",110.205378,100,4.670108,0,44640,0.0,54.705112,356.749503,,25,19.955679,0.3632,1360,55.764006,0.0,1.934961,0,109.151059,0.0,357.463765,8899.95188046072,1,0.0138786635,8934.577886408155,287.09522195034583,,,32,2026-09-04T04:30:35+00:00,0.1.0,monk
ompnn,40,tiled,True,GNU 14.2.0 /usr/bin/g++-14,AMD Radeon RX 7900 XTX,gpu,70253.21,double,4.23504752,2.33591272,0.0,2.11015824,27.29408852,11.5594038,0.014826440000000001,2.19057484,0.0,0.61678104,4.23138392,0.0,27.322661800000002,5,0.001347470416284013,0.0016652478771426228,e19625672ff8624df297681c3500d69a83cd9ae0,v0.1.0-8-ge91146e,69.74413203407312,111.5,69.0,ws-amd,bd002deda468,0.6095551894563427,6.070620147511502e-05,17-4-1,True,0.02723918800475076,train,124,"{""blas"": ""tiled"", ""profile"": true}",105.876188,100,58.397818,0,89280,0.0,52.753956,682.352213,,25,288.985095,0.370661,1360,54.764371,0.0,15.419526,0,105.784598,0.0,683.066545,4552.264919878422,1,0.027195050999999998,4559.653151597326,146.8472554799491,,,32,2026-09-04T04:30:36+00:00,0.1.0,monk
ompnn,40,rocblas,True,GNU 14.2.0 /usr/bin/g++-14,AMD Radeon RX 7900 XTX,gpu,70253.21,double,4.37988944,0.1874048,0.0,2.17751284,14.20218352,0.8233794799999999,0.014828840000000001,2.2098191600000003,0.0,0.07925936,4.3300896,0.0,14.229596039999999,5,0.0026250079959869313,0.0032440704745522893,e19625672ff8624df297681c3500d69a83cd9ae0,v0.1.0-8-ge91146e,18.63315719764796,93.0,62.0,ws-amd,dfb21519bed2,0.6095551894563427,6.307599833235179e-05,17-4-1,True,0.0139824335987214,train,124,"{""profile"": true}",109.497236,100,4.68512,0,89280,0.0,54.437821,355.054588,,25,20.584487,0.370721,1360,55.245479,0.0,1.981484,0,108.25224,0.0,355.739901,8868.270256712607,1,0.013935403499999999,8898.199467277715,286.0732340875034,,,32,2026-09-04T04:30:36+00:00,0.1.0,monk
ompnn,40,tiled,True,GNU 14.2.0 /usr/bin/g++-14,AMD Radeon RX 7900 XTX,gpu,70253.21,float,40.03054008,22.23489596,0.0,26.4891906,280.00268048000004,135.57514396,0.01713,13.93307472,0.0,0.93607248,40.78663268,0.0,280.1020752,5,0.10268602825237966,0.11197091318890819,e19625672ff8624df297681c3500d69a83cd9ae0,v0.1.0-8-ge91146e,938.3797181472619,137.42857142857142,75.74285714285715,ws-amd,3eea52561373,6.563354603463993,0.0013212702004238852,12-64-64-3,True,0.2804665882023983,train,1000,"{""blas"": ""tiled"", ""profile"": true}",1000.763502,625,555.872399,0,300000,0.0,662.229765,7000.067012,,25,3389.378599,0.42825,12585,348.326868,0.0,23.401812,0,1019.665817,0.0,7002.55188,3565.487092096516,1,0.280262014,3568.089680537299,89.1371773024129,,,32,2026-09-04T04:30:44+00:00,0.1.0,cup
ompnn,40,rocblas,True,GNU 14.2.0 /usr/bin/g++-14,AMD Radeon RX 7900 XTX,gpu,70253.21,float,40.87074516,1.6898262,0.0,26.90993804,132.39211032,7.96069516,0.017095199999999998,13.8833318,0.0,0.11949544,40.94098332,0.0,132.4816576,5,0.21629081868481184,0.23584786455068402,e19625672ff8624df297681c3500d69a83cd9ae0,v0.1.0-8-ge91146e,440.17156870424515,136.41176470588235,73.41176470588235,ws-amd,8a1bfd869c4e,6.563354603463993,0.0023690100002567993,12-64-64-3,True,0.13315405700122937,train,1000,"{""profile"": true}",1021.768629,625,42.245655,0,300000,0.0,672.748451,3309.802758,,25,199.017379,0.42738,12585,347.083295,0.0,2.987386,0,1023.524583,0.0,3312.04144,7510.09787100041,1,0.133182145,7508.513997878619,187.75244677501027,,,32,2026-09-04T04:30:48+00:00,0.1.0,cup
ompnn,40,tiled,True,GNU 14.2.0 /usr/bin/g++-14,AMD Radeon RX 7900 XTX,gpu,70253.21,double,40.4222994,22.2770586,0.0,26.423860639999997,290.29002472,145.16295028000002,0.01817088,13.9279826,0.0,0.9272710399999999,41.13043128,0.0,290.38929136,5,0.09901552105974361,0.10796851822612132,e19625672ff8624df297681c3500d69a83cd9ae0,v0.1.0-8-ge91146e,1009.3689844521286,139.6216216216216,76.62162162162163,ws-amd,2e268b8a59ac,3.2816773017319965,0.0003950727928895281,12-64-64-3,True,0.29086348980199545,train,1000,"{""blas"": ""tiled"", ""profile"": true}",1010.557485,625,556.926465,0,600000,0.0,660.596516,7257.250618,,25,3629.073757,0.454272,12585,348.199565,0.0,23.181776,0,1028.260782,0.0,7259.732284,3438.038925685542,1,0.290524046,3442.055877192348,85.95097314213855,,,32,2026-09-04T04:30:56+00:00,0.1.0,cup
ompnn,40,rocblas,True,GNU 14.2.0 /usr/bin/g++-14,AMD Radeon RX 7900 XTX,gpu,70253.21,double,41.62819476,1.70560992,0.0,27.15233292,134.71820328,8.45279292,0.0125468,14.03087432,0.0,0.121835,41.61401664,0.0,134.81018308,5,0.2137036615116116,0.23302677626655563,e19625672ff8624df297681c3500d69a83cd9ae0,v0.1.0-8-ge91146e,437.5050866424426,135.58823529411765,72.82352941176471,ws-amd,bfcd567b81d8,3.2816773017319965,0.00026308459928259254,12-64-64-3,True,0.13476605780306272,train,1000,"{""profile"": true}",1040.704869,625,42.640248,0,600000,0.0,678.808323,3367.955082,,25,211.319823,0.31367,12585,350.771858,0.0,3.045875,0,1040.350416,0.0,3370.254577,7420.266024708736,1,0.1347528825,7420.991532407479,185.5066506177184,,,32,2026-09-04T04:31:00+00:00,0.1.0,cup
ompnn,256,tiled,True,GNU 14.2.0 /usr/bin/g++-14,AMD Radeon RX 7900 XTX,gpu,70253.21,float,408.62954640000004,258.11255628,0.0,256.1544022,16823.09315284,15300.17899388,4.67776416,134.75058736,0.0,0.0,460.58930256,0.0,16823.913428760003,5,8.58121972669579,8.693171005398808,e19625672ff8624df297681c3500d69a83cd9ae0,v0.1.0-8-ge91146e,96273.03114229054,228.73987613149117,95.82753692234397,ws-amd,5f219b6683f8,57.89303578299346,0.0320780472015052,784-512-256-10,True,16.832739936799044,train,60000,"{""blas"": ""tiled"", ""profile"": true}",10215.73866,5875,6452.813907,0,952800000,0.0,6403.860055,420577.328821,,25,382504.474847,116.944104,117510,3368.764684,0.0,0.0,0,11514.732564,0.0,420597.835719,3564.4820881970895,1,16.8121040465,3568.857284849543,13.960888178771935,,,32,2026-09-04T04:38:21+00:00,0.1.0,mnist-512-256
ompnn,256,rocblas,True,GNU 14.2.0 /usr/bin/g++-14,AMD Radeon RX 7900 XTX,gpu,70253.21,float,407.37336424,16.44387572,0.0,255.74807048,1383.8642278,105.31850952,4.5948614800000005,133.04587856,0.0,0.0,461.33966780000003,0.0,1384.39550436,5,103.2304027920123,104.57715488107031,e19625672ff8624df297681c3500d69a83cd9ae0,v0.1.0-8-ge91146e,5491.691673094014,157.56896551724137,74.94252873563218,ws-amd,cc673cc64b2f,57.89303578299346,0.011847915203543335,784-512-256-10,True,1.3992528953996952,train,60000,"{""profile"": true}",10184.334106,5875,411.096893,0,952800000,0.0,6393.701762,34596.605695,,25,2632.962738,114.871537,117510,3326.146964,0.0,0.0,0,11533.491695,0.0,34609.887609,42880.025617428546,1,1.377535179,43556.0564366538,167.94676700159513,,,32,2026-09-04T04:38:59+00:00,0.1.0,mnist-512-256
ompnn,256,tiled,True,GNU 14.2.0 /usr/bin/g++-14,AMD Radeon RX 7900 XTX,gpu,70253.21,double,406.69612536,259.6227714,0.0,254.26690524000003,20792.419538439997,19223.42827084,10.12553372,133.16919756,0.0,0.0,505.11073431999995,0.0,20793.62899492,5,6.935523191338534,7.026004581452495,e19625672ff8624df297681c3500d69a83cd9ae0,v0.1.0-8-ge91146e,119156.16045799674,228.85857418111755,96.82389210019268,ws-amd,c029729af146,28.94651789149673,0.03269793360377804,784-512-256-10,True,20.826898853195598,train,60000,"{""blas"": ""tiled"", ""profile"": true}",10167.403134,5875,6490.569285,0,1905600000,0.0,6356.672631,519810.488461,,25,480585.706771,253.138343,117510,3329.229939,0.0,0.0,0,12627.768358,0.0,519840.724873,2880.8897773464646,1,20.76679733,2889.2274069301566,11.283484961273652,,,32,2026-09-04T04:48:05+00:00,0.1.0,mnist-512-256
ompnn,256,rocblas,True,GNU 14.2.0 /usr/bin/g++-14,AMD Radeon RX 7900 XTX,gpu,70253.21,double,407.85152064,18.52216308,0.0,254.71265552,1571.09813884,241.41430536,10.71548668,132.43811908,0.0,0.0,505.44388848,0.0,1571.6874846,5,89.73996236831668,90.91071709292062,e19625672ff8624df297681c3500d69a83cd9ae0,v0.1.0-8-ge91146e,7046.692561441116,176.16582914572865,77.91959798994975,ws-amd,58c22e5c89c2,28.94651789149673,0.011665440397337079,784-512-256-10,True,1.6095999618002679,train,60000,"{""profile"": true}",10196.288016,5875,463.054077,0,1905600000,0.0,6367.816388,39277.453471,,25,6035.357634,267.887167,117510,3310.952977,0.0,0.0,0,12636.097212,0.0,39292.187115,37276.342832968636,1,1.5637376755,38369.606961612146,145.99900942912714,,,32,2026-09-04T04:48:49+00:00,0.1.0,mnist-512-256
ompnn,256,tiled,True,GNU 14.2.0 /usr/bin/g++-14,AMD Radeon RX 7900 XTX,gpu,70253.21,float,737.5475098333333,466.6861265,0.0,559.6723418333333,14492.869363333333,11783.284551333332,4.4654645,146.43273916666666,0.0,0.0,794.7806301666666,0.0,14494.7359775,2,6.643641744105014,6.738100724260343,e19625672ff8624df297681c3500d69a83cd9ae0,v0.1.0-8-ge91146e,18714.749604619792,215.44930875576037,91.61751152073732,ws-amd,51607c3c307c,39.36769759450172,0.08259323100355687,256-256-256-256-256-16,True,14.464942113001598,train,65536,"{""blas"": ""tiled"", ""profile"": true}",4425.285059,1536,2800.116759,0,213909504,0.0,3358.034051,86957.21618,,6,70699.707308,26.792787,52230,878.596435,0.0,0.0,0,4768.683781,0.0,86968.415865,4530.678345480134,1,14.427963896,4542.2902685644485,17.697962287031775,,,32,2026-09-04T04:50:33+00:00,0.1.0,sweep-w256-d4-b256
ompnn,256,rocblas,True,GNU 14.2.0 /usr/bin/g++-14,AMD Radeon RX 7900 XTX,gpu,70253.21,float,749.8611470000001,29.520119833333336,0.0,562.322359,2459.3817208333335,161.94629916666665,4.199225333333334,146.77354666666668,0.0,0.0,804.7590238333333,0.0,2460.7175211666668,2,38.801102252155765,39.352774465801744,e19625672ff8624df297681c3500d69a83cd9ae0,v0.1.0-8-ge91146e,2350.7849131455587,160.16216216216216,74.37837837837837,ws-amd,233cd4919007,39.36769759450172,0.005132579492055811,256-256-256-256-256-16,True,2.4767310120078037,train,65536,"{""profile"": true}",4499.166882,1536,177.120719,0,213909504,0.0,3373.934154,14756.290325,,6,971.677795,25.195352,52230,880.64128,0.0,0.0,0,4828.554143,0.0,14764.305127,26460.68534784976,1,2.450144866,26747.806184616024,103.36205214003813,,,32,2026-09-04T04:50:52+00:00,0.1.0,sweep-w256-d4-b256
ompnn,256,tiled,True,GNU 14.2.0 /usr/bin/g++-14,AMD Radeon RX 7900 XTX,gpu,70253.21,float,746.45196,492.709971,0.0,569.7279096666667,127154.82104200001,121943.29188916668,4.497283,146.5387395,0.0,0.0,3251.603289666667,0.0,127160.11288116667,2,10.319604398530524,10.419392541170723,e19625672ff8624df297681c3500d69a83cd9ae0,v0.1.0-8-ge91146e,190567.94011842395,249.7508541392904,98.90065703022339,ws-amd,49e60ef17359,79.17792963806632,0.08940351549972547,256-1024-1024-1024-1024-16,True,127.14755898150906,train,65536,"{""blas"": ""tiled"", ""profile"": true}",4478.71176,1536,2956.259826,0,213909504,0.0,3418.367458,762928.926252,,6,731659.751335,26.983698,52230,879.232437,0.0,0.0,0,19509.619738,0.0,762960.677287,515.4326243064629,1,127.117141969,515.5559587390836,2.0134086886971208,,,32,2026-09-04T05:05:59+00:00,0.1.0,sweep-w1024-d4-b256
ompnn,256,rocblas,True,GNU 14.2.0 /usr/bin/g++-14,AMD Radeon RX 7900 XTX,gpu,70253.21,float,734.5525755,29.859145833333333,0.0,559.1310973333333,4929.923055666667,244.52966700000002,4.054796666666666,145.3231015,0.0,0.0,3212.472671833333,0.0,4934.285509333334,2,265.133841259115,267.69762302327604,e19625672ff8624df297681c3500d69a83cd9ae0,v0.1.0-8-ge91146e,6635.996339790276,224.84459459459458,87.47297297297297,ws-amd,76b98640fc44,79.17792963806632,0.02249143924564123,256-1024-1024-1024-1024-16,True,4.948868475999916,train,65536,"{""profile"": true}",4407.315453,1536,179.154875,0,213909504,0.0,3354.786584,29579.538334,,6,1467.178002,24.32878,52230,871.938609,0.0,0.0,0,19274.836031,0.0,29605.713056,13242.623100174123,1,4.90295141,13366.642766708554,51.72899648505517,,,32,2026-09-04T05:06:36+00:00,0.1.0,sweep-w1024-d4-b256
cudann,64,rocblas,True,Clang 22.0.0 /usr/bin/hipcc (hipcc),AMD Radeon RX 7900 XTX,gpu,70253.21,float,20.851208777777778,27.608503777777777,0.008382333333333332,14.063405888888887,242.811775,131.34043255555557,8.773308777777778,7.967845222222222,0.04704188888888889,0.0,32.15164577777777,13.897130666666666,332.3348985555556,3,393.82232874511595,411.28412888305587,3913e2051df87aa83481b7bcf016a7201f7fbe23,v0.1.0-4-gb8ce600,483.04207350400975,154.5,85.125,ws-amd,861318f80caf,24.563545832993224,0.019786299832048826,784-512-256-10,True,0.3667781876671749,train,60000,"{""profile"": true}",187.660879,8442,248.476534,6429960,571815072,0.075441,126.570653,2185.305975,,9,1182.063893,78.959779,168873,71.710607,0.423377,0.0,0,289.364812,125.074176,2991.014087,163586.60906641954,1,0.3408201035,176045.95322822555,2557.4039884050253,,,32,2026-09-04T03:57:20+00:00,0.1.0,mnist-512-256
cudann,256,rocblas,True,Clang 22.0.0 /usr/bin/hipcc (hipcc),AMD Radeon RX 7900 XTX,gpu,70253.21,float,5.3139722222222225,7.105562777777778,0.008071333333333333,3.680015222222222,84.86160366666667,50.543327444444444,8.87269911111111,2.125561888888889,0.009844555555555556,0.0,7.202549111111111,9.41704988888889,104.27239355555555,3,1080.9314389726455,1095.0333569560316,3913e2051df87aa83481b7bcf016a7201f7fbe23,v0.1.0-4-gb8ce600,153.8994526737224,140.16666666666666,64.66666666666667,ws-amd,4d1abadd9e3a,57.89303578299346,0.00010591733249992741,784-512-256-10,True,0.13363052899755226,train,60000,"{""profile"": true}",47.82575,2115,63.950065,6429960,571713840,0.072642,33.120137,763.754433,,9,454.889947,79.854292,42333,19.130057,0.088601,0.0,0,64.822942,84.753449,938.451542,448999.195394183,1,0.0947515015,633235.347726917,1758.58018196055,,,32,2026-09-04T03:57:23+00:00,0.1.0,mnist-512-256
cudann,1024,rocblas,True,Clang 22.0.0 /usr/bin/hipcc (hipcc),AMD Radeon RX 7900 XTX,gpu,70253.21,float,1.7464934444444444,2.4945137777777777,0.008484666666666666,1.3129855555555556,38.28697455555555,21.040687666666667,8.98747211111111,0.7842762222222223,0.010644555555555555,0.0,1.9014165555555556,11.496374666666666,37.712971777777774,3,2167.292548904863,2178.5877201170047,3913e2051df87aa83481b7bcf016a7201f7fbe23,v0.1.0-4-gb8ce600,52.62205783993704,108.33333333333333,34.0,ws-amd,39db6d533fe5,87.61278113399811,0.00041570049749378724,784-512-256-10,True,0.06664787366753444,train,60000,"{""profile"": true}",15.718441,531,22.450624,6429960,571688496,0.076362,11.81687,344.582771,,9,189.366189,80.887249,10653,7.058486,0.095801,0.0,0,17.112749,103.467372,339.416746,900253.7770267567,1,0.028013951000000002,2141789.99599164,885.249547409644,,,32,2026-09-04T03:57:26+00:00,0.1.0,mnist-512-256
cudann,64,rocblas,True,Clang 22.0.0 /usr/bin/hipcc (hipcc),AMD Radeon RX 7900 XTX,gpu,70253.21,double,21.279382222222225,29.047426111111108,0.008448666666666667,14.079982444444445,504.64402788888884,327.6810258888889,17.619587666666668,7.751170444444445,0.1546851111111111,0.0,87.02231933333333,192.41714866666666,519.7232574444445,3,250.386071718681,261.4880108992428,3913e2051df87aa83481b7bcf016a7201f7fbe23,v0.1.0-4-gb8ce600,903.5135157371114,181.5,88.625,ws-amd,b6a284b84bde,12.281772916496612,0.0015913971680371342,784-512-256-10,True,0.5768908749935994,train,60000,"{""profile"": true}",191.51444,8442,261.426835,12859776,1143630144,0.076038,126.719842,4541.796251,,9,2949.129233,158.576289,168873,69.760534,1.392166,0.0,0,783.200874,1731.754338,4677.509317,104005.8052585174,1,0.5040600605000001,119033.4341119653,1625.9574222081553,,,32,2026-09-04T03:57:33+00:00,0.1.0,mnist-512-256
cudann,256,rocblas,True,Clang 22.0.0 /usr/bin/hipcc (hipcc),AMD Radeon RX 7900 XTX,gpu,70253.21,double,5.850210777777778,20.717554777777778,0.007537888888888889,4.064628555555555,305.9003182222222,200.721273,17.731764555555557,2.1409467777777778,0.009671333333333332,0.0,54.656730555555555,146.99295311111112,246.3349828888889,3,474.81504665422756,481.00952171876963,3913e2051df87aa83481b7bcf016a7201f7fbe23,v0.1.0-4-gb8ce600,509.3278681034135,198.91666666666666,78.91666666666667,ws-amd,d01124e612eb,28.94651789149673,0.0015965171672481238,784-512-256-10,True,0.30421411667096737,train,60000,"{""profile"": true}",52.651897,2115,186.457993,12859776,1143427680,0.067841,36.581657,2753.102864,,9,1806.491457,159.585881,42333,19.268521,0.087042,0.0,0,491.910575,1322.936578,2217.014846,197229.50616685202,1,0.22682594,264520.01036565745,772.4822324868371,,,32,2026-09-04T03:57:38+00:00,0.1.0,mnist-512-256
cudann,1024,rocblas,True,Clang 22.0.0 /usr/bin/hipcc (hipcc),AMD Radeon RX 7900 XTX,gpu,70253.21,double,2.055105111111111,33.986782,0.007986666666666666,1.5587927777777777,270.2428701111111,176.4025598888889,17.759116777777777,0.7629516666666666,0.009386666666666666,0.0,37.700188555555556,152.14803622222223,181.57520088888887,3,600.3657753877138,603.4946719579259,3913e2051df87aa83481b7bcf016a7201f7fbe23,v0.1.0-4-gb8ce600,384.70822590486205,192.44444444444446,73.33333333333333,ws-amd,1256bd187eaa,43.806390566999056,0.0006675551703665406,784-512-256-10,True,0.24059572667465545,train,60000,"{""profile"": true}",18.495946,531,305.881038,12859776,1143376992,0.07188,14.029135,2432.185831,,9,1587.623039,159.832051,10653,6.866565,0.08448,0.0,0,339.301697,1369.332326,1634.176808,249380.98788901078,1,0.16019735499999999,374538.0190578053,245.2246380908606,,,32,2026-09-04T03:57:42+00:00,0.1.0,mnist-512-256
cudann,64,rocblas,True,Clang 22.0.0 /usr/bin/hipcc (hipcc),AMD Radeon RX 7900 XTX,gpu,70253.21,float,21.096508444444442,26.614481444444447,0.00863111111111111,14.177526222222221,315.9798465555556,183.61860744444445,8.895128,7.856355,0.12527566666666667,0.0,53.58733322222222,92.4021031111111,376.3792976666666,3,1414.3628142325688,1468.5011030621738,3913e2051df87aa83481b7bcf016a7201f7fbe23,v0.1.0-4-gb8ce600,701.5493152617564,199.11111111111111,86.94444444444444,ws-amd,4dfd7fb41c8f,27.300586878582358,0.0008341628369332166,784-1024-1024-10,True,0.40573012400030467,train,60000,"{""profile"": true}",189.868576,8442,239.530333,22364424,571815072,0.07768,127.597736,2843.818619,,9,1652.567467,80.056152,168873,70.707195,1.127481,0.0,0,482.285999,831.618928,3387.413679,147881.55093939966,1,0.366957509,163506.66910593183,2311.881579685948,,,32,2026-09-04T03:57:48+00:00,0.1.0,mnist
cudann,256,rocblas,True,Clang 22.0.0 /usr/bin/hipcc (hipcc),AMD Radeon RX 7900 XTX,gpu,70253.21,float,6.219662111111111,7.724602666666666,0.008471111111111112,4.342842,115.73496555555556,72.54924,8.864891777777778,2.190999777777778,0.010426999999999999,0.0,13.823829111111111,40.18170666666666,124.02405677777779,3,3761.9374317609377,3802.867062901554,3913e2051df87aa83481b7bcf016a7201f7fbe23,v0.1.0-4-gb8ce600,220.2239581485337,178.83333333333334,68.16666666666667,ws-amd,33204aa239f2,75.80495846807432,0.0005674594964754365,784-1024-1024-10,True,0.1525409740085403,train,60000,"{""profile"": true}",55.976959,2115,69.521424,22364424,571713840,0.07624,39.085578,1041.61469,,9,652.94316,79.784026,42333,19.718998,0.093843,0.0,0,124.414462,361.63536,1116.216511,393336.94038587157,1,0.112665801,532548.4704981594,1540.569683177997,,,32,2026-09-04T03:57:51+00:00,0.1.0,mnist
cudann,1024,rocblas,True,Clang 22.0.0 /usr/bin/hipcc (hipcc),AMD Radeon RX 7900 XTX,gpu,70253.21,float,2.4485515555555555,5.403550555555555,0.008426777777777778,1.9036723333333332,74.71236688888888,51.372231444444445,8.820203888888889,0.8227986666666667,0.01018688888888889,0.0,3.922744777777778,40.67695488888889,62.67628155555556,3,6283.507272065673,6308.7719767347935,3913e2051df87aa83481b7bcf016a7201f7fbe23,v0.1.0-4-gb8ce600,87.72057206121099,136.66666666666666,43.666666666666664,ws-amd,9149ffa88116,136.3814738763404,0.00025485816392270544,784-1024-1024-10,True,0.09132632066030055,train,60000,"{""profile"": true}",22.036964,531,48.631955,22364424,571688496,0.075841,17.133051,672.411302,,9,462.350083,79.381835,10653,7.405188,0.091682,0.0,0,35.304703,366.092594,564.086534,656984.7505756567,1,0.052317855499999996,1146835.997511404,646.035004732729,,,32,2026-09-04T03:57:53+00:00,0.1.0,mnist
cudann,64,rocblas,True,Clang 22.0.0 /usr/bin/hipcc (hipcc),AMD Radeon RX 7900 XTX,gpu,70253.21,double,21.847588555555557,28.80205266666667,0.00856011111111111,15.123887222222221,1554.4899598888887,1283.9960425555555,17.547244,7.700151555555556,0.09118633333333333,0.0,179.3732468888889,609.0037678888889,1157.7518575555557,3,471.45565418355017,489.50180338918284,3913e2051df87aa83481b7bcf016a7201f7fbe23,v0.1.0-4-gb8ce600,2546.6943309332128,235.37037037037038,94.33333333333333,ws-amd,f982612d6c6d,13.650293439291179,0.0025666474975878373,784-1024-1024-10,True,1.2171868019989536,train,60000,"{""profile"": true}",196.628297,8442,259.218474,44728704,1143630144,0.077041,136.114985,13990.409639,,9,11555.964383,157.925196,168873,69.301364,0.820677,0.0,0,1614.359222,5481.033911,10419.766718,49293.99489171555,1,1.142412267,52520.44444302172,770.6294534738197,,,32,2026-09-04T03:58:07+00:00,0.1.0,mnist
cudann,256,rocblas,True,Clang 22.0.0 /usr/bin/hipcc (hipcc),AMD Radeon RX 7900 XTX,gpu,70253.21,double,7.274066111111111,83.84231533333333,0.008071444444444444,8.338849,1030.3942624444444,856.9303948888888,17.747429,2.148346,0.09416633333333332,0.0,54.01062433333333,592.7468198888888,677.9096862222223,3,780.4243918376354,788.9153577482786,3913e2051df87aa83481b7bcf016a7201f7fbe23,v0.1.0-4-gb8ce600,1706.6944972518104,260.6060606060606,90.96969696969697,ws-amd,3c392bc37e4d,37.90247923403716,0.0026178611636471505,784-1024-1024-10,True,0.7353045419925669,train,60000,"{""profile"": true}",65.466595,2115,754.580838,44728704,1143427680,0.072643,75.049641,9273.548362,,9,7712.373554,159.726861,42333,19.335114,0.847497,0.0,0,486.095619,5334.721379,6101.187176,81598.84316423349,1,0.653601816,91799.0105462008,319.5954690599145,,,32,2026-09-04T03:58:17+00:00,0.1.0,mnist
cudann,1024,rocblas,True,Clang 22.0.0 /usr/bin/hipcc (hipcc),AMD Radeon RX 7900 XTX,gpu,70253.21,double,3.258426888888889,246.61825088888887,0.007871222222222222,2.576978888888889,1105.6816005555556,744.2870303333334,17.90534,0.7681421111111111,0.008840333333333332,0.0,90.2507198888889,553.9663517777777,583.0501637777778,3,892.4094183570443,895.9976151112627,3913e2051df87aa83481b7bcf016a7201f7fbe23,v0.1.0-4-gb8ce600,1513.795599408797,272.48148148148147,91.48148148148148,ws-amd,b6db597e2447,68.1907369381702,0.0009416868318414817,784-1024-1024-10,True,0.6430340023265065,train,60000,"{""profile"": true}",29.325842,531,2219.564258,44728704,1143376992,0.070841,23.19281,9951.134405,,9,6698.583273,161.14806,10653,6.913279,0.079563,0.0,0,812.256479,4985.697166,5247.451474,93307.66302080311,1,0.5559102380000001,107931.09372452319,91.75253530378973,,,32,2026-09-04T03:58:25+00:00,0.1.0,mnist
cudann,40,rocblas,True,Clang 22.0.0 /usr/bin/hipcc (hipcc),AMD Radeon RX 7900 XTX,gpu,70253.21,float,0.08018573333333333,0.09120446666666666,0.009904133333333334,0.03833966666666667,0.6749558,0.2471022,0.015432266666666666,0.04491266666666667,0.011792200000000001,0.0414432,0.09463926666666667,0.35653473333333335,1.070528,5,0.03534669406793225,0.04368259707174713,3913e2051df87aa83481b7bcf016a7201f7fbe23,v0.1.0-4-gb8ce600,,65.0,1.0,ws-amd,b0316747f14a,1.2191103789126854,0.00014436490018852064,17-4-1,True,0.0010383997985627502,train,124,"{""profile"": true, ""queue"": ""in_order""}",1.202786,60,1.368067,1164,27744,0.148562,0.575095,10.124337,,15,3.706533,0.231484,876,0.67369,0.176883,0.621648,0,1.419589,5.348021,16.05792,119414.50698625759,1,0.0009765755,126974.30971798902,3852.080870524438,,,32,2026-09-04T04:00:14+00:00,0.1.0,monk
cudann,40,rocblas,True,Clang 22.0.0 /usr/bin/hipcc (hipcc),AMD Radeon RX 7900 XTX,gpu,70253.21,float,0.5241432666666667,0.6260087999999999,0.0073148,0.3413153333333333,4.274088866666667,1.9535614000000001,0.013481799999999999,0.19310206666666666,0.008552066666666667,0.0406862,0.5659231333333333,0.4204542666666667,6.965434666666667,5,4.170442270223578,4.5475342395252865,3913e2051df87aa83481b7bcf016a7201f7fbe23,v0.1.0-4-gb8ce600,,68.0,39.0,ws-amd,2e1862c08ef2,6.563354603463993,0.00018754120101220888,12-64-64-3,True,0.006905742397066206,train,1000,"{""profile"": true, ""queue"": ""in_order""}",7.862149,375,9.390132,62484,186000,0.109722,5.11973,64.111333,,15,29.303421,0.202227,7611,2.896531,0.128281,0.610293,0,8.488847,6.306814,104.48152,144807.02327165203,1,0.0068085969999999996,146873.1370060528,3620.1755817913004,,,32,2026-09-04T04:00:14+00:00,0.1.0,cup
cudann,256,rocblas,True,Clang 22.0.0 /usr/bin/hipcc (hipcc),AMD Radeon RX 7900 XTX,gpu,70253.21,float,5.086412111111112,6.613873333333333,0.008,3.4727788888888886,80.71348066666667,47.95135622222222,8.727317333333334,2.0713266666666668,0.010773555555555557,0.0,6.771642555555555,37.46361577777778,104.24324244444443,3,1081.9240340297072,1096.038901487575,3913e2051df87aa83481b7bcf016a7201f7fbe23,v0.1.0-4-gb8ce600,151.36340888259292,138.16666666666666,64.83333333333333,ws-amd,6779d9cdc8a3,57.89303578299346,0.0003277334956995337,784-512-256-10,True,0.13350793166318908,train,60000,"{""profile"": true, ""queue"": ""in_order""}",45.777709,2115,59.52486,6429960,571713840,0.072,31.25501,726.421326,,9,431.562206,78.545856,42333,18.64194,0.096962,0.0,0,60.944783,337.172542,938.189182,449411.50126845425,1,0.09501890800000001,631453.2682274142,1760.195046634779,,,32,2026-09-04T04:00:17+00:00,0.1.0,mnist-512-256
cudann,40,rocblas,True,Clang 22.0.0 /usr/bin/hipcc (hipcc),AMD Radeon RX 7900 XTX,gpu,70253.21,float,0.0,0.0,0.014125599999999999,0.0,0.46014506666666666,0.0,0.016979599999999997,0.0,0.3813754,0.04766446666666667,0.0,0.47417693333333333,0.5677784,5,0.06355765648712935,0.07854662429861017,3913e2051df87aa83481b7bcf016a7201f7fbe23,v0.1.0-4-gb8ce600,,65.0,2.0,ws-amd,fd40bea88771,1.2191103789126854,4.714920069091031e-05,17-4-1,True,0.0005774913995992392,train,124,"{""profile"": true, ""queue"": ""graph""}",0.0,60,0.0,1164,27744,0.211884,0.0,6.902176,,15,0.0,0.254694,156,0.0,5.720631,0.714967,0,0.0,7.112654,8.516676,214721.81245651812,1,0.000545273,227409.02263636747,6926.51007924252,,,32,2026-09-04T04:00:17+00:00,0.1.0,monk
cudann,40,rocblas,True,Clang 22.0.0 /usr/bin/hipcc (hipcc),AMD Radeon RX 7900 XTX,gpu,70253.21,float,0.0,0.0,0.008066866666666667,0.0,2.5194412666666666,0.0,0.0143888,0.0,2.4514675333333336,0.04551806666666667,0.0,2.272491266666667,2.7471112666666664,5,11.148322069019452,12.156354898878254,3913e2051df87aa83481b7bcf016a7201f7fbe23,v0.1.0-4-gb8ce600,,66.0,23.0,ws-amd,a7b9c0ea7ef1,6.563354603463993,0.0004889197007287294,12-64-64-3,True,0.00258334840182215,train,1000,"{""profile"": true, ""queue"": ""graph""}",0.0,375,0.0,62484,186000,0.121003,0.0,37.791619,,15,0.0,0.215832,486,0.0,36.772013,0.682771,0,0.0,34.087369,41.206669,387094.5162853976,1,0.0024778585,403574.2961109361,9677.362907134939,,,32,2026-09-04T04:00:18+00:00,0.1.0,cup
cudann,256,rocblas,True,Clang 22.0.0 /usr/bin/hipcc (hipcc),AMD Radeon RX 7900 XTX,gpu,70253.21,float,0.0,0.0,0.009996,0.0,61.651385000000005,0.0,8.862880666666666,0.0,52.778508333333335,0.0,0.0,55.66102588888889,63.13959866666667,3,1566.9936367238308,1587.4367610042846,3913e2051df87aa83481b7bcf016a7201f7fbe23,v0.1.0-4-gb8ce600,78.56388980224438,121.0,45.666666666666664,ws-amd,990124a75952,57.89303578299346,0.00034604850225150585,784-512-256-10,True,0.09217997866411072,train,60000,"{""profile"": true, ""queue"": ""graph""}",0.0,2115,0.0,6429960,571713840,0.089964,0.0,554.862465,,9,0.0,79.765926,2148,0.0,475.006575,0.0,0,0.0,500.949233,568.256388,650900.5628937117,1,0.053086845,1130223.5045235783,2549.3605380003705,,,32,2026-09-04T04:00:20+00:00,0.1.0,mnist-512-256
cudann,40,rocblas,True,Clang 22.0.0 /usr/bin/hipcc (hipcc),AMD Radeon RX 7900 XTX,gpu,70253.21,float,0.08026266666666666,0.0919936,0.010093600000000001,0.03885106666666667,0.688468,0.2583741333333333,0.015491466666666667,0.045217266666666665,0.011661466666666667,0.0415742,0.09494853333333333,0.32525586666666667,1.0770846666666667,5,0.034909783745913345,0.04314264904954853,3913e2051df87aa83481b7bcf016a7201f7fbe23,v0.1.0-4-gb8ce600,,65.0,7.0,ws-amd,e6d8df364d7d,1.2191103789126854,0.000140408700099215,17-4-1,True,0.0010513957997318358,train,124,"{""profile"": true, ""streams"": 1}",1.20394,60,1.379904,1164,27744,0.151404,0.582766,10.32702,,15,3.875612,0.232372,876,0.678259,0.174922,0.623613,0,1.424228,4.878838,16.15627,117938.45860105859,1,0.0010054360000000002,123329.58040094047,3804.466406485761,,,32,2026-09-04T04:00:20+00:00,0.1.0,monk
cudann,40,rocblas,True,Clang 22.0.0 /usr/bin/hipcc (hipcc),AMD Radeon RX 7900 XTX,gpu,70253.21,float,0.5460850666666667,0.6504610666666667,0.007442866666666667,0.3529622,4.951443,2.5409110666666668,0.014187533333333334,0.2004316,0.008626666666666666,0.0413634,0.5889715333333334,0.04760166666666667,7.803643333333333,5,3.705771423877806,4.040847790715313,3913e2051df87aa83481b7bcf016a7201f7fbe23,v0.1.0-4-gb8ce600,,66.0,37.0,ws-amd,7e004adefb70,6.563354603463993,0.00013749569770880182,12-64-64-3,True,0.007771661202423274,train,1000,"{""profile"": true, ""streams"": 1}",8.191276,375,9.756916,62484,186000,0.111643,5.294433,74.271645,,15,38.113666,0.212813,7611,3.006474,0.1294,0.620451,0,8.834573,0.714025,117.05465,128672.61888464604,1,0.007644562000000001,130811.94187449849,3216.8154721161513,,,32,2026-09-04T04:00:21+00:00,0.1.0,cup
cudann,256,rocblas,True,Clang 22.0.0 /usr/bin/hipcc (hipcc),AMD Radeon RX 7900 XTX,gpu,70253.21,float,5.090174888888889,6.612670333333333,0.007866666666666668,3.470481111111111,80.56164644444443,47.94594311111111,8.577701333333334,2.0701478888888887,0.010315555555555557,0.0,6.776345555555555,37.097516111111105,104.06469366666666,3,1084.9429379157057,1099.09719023506,3913e2051df87aa83481b7bcf016a7201f7fbe23,v0.1.0-4-gb8ce600,151.22090169262083,138.0,65.0,ws-amd,46149bcf472d,57.89303578299346,0.0007308706650898389,784-512-256-10,True,0.133136439670731,train,60000,"{""profile"": true, ""streams"": 1}",45.811574,2115,59.514033,6429960,571713840,0.0708,31.23433,725.054818,,9,431.513488,77.199312,42333,18.631331,0.09284,0.0,0,60.98711,333.877645,936.582243,450665.49885508564,1,0.0948009565,632905.0066071855,1765.1065371824188,,,32,2026-09-04T04:00:23+00:00,0.1.0,mnist-512-256
cudann,40,rocblas,True,Clang 22.0.0 /usr/bin/hipcc (hipcc),AMD Radeon RX 7900 XTX,gpu,70253.21,float,0.08119093333333334,0.09620193333333332,0.0096214,0.04019,0.6939958666666667,0.25700459999999997,0.015552266666666667,0.044784599999999994,0.011235,0.0406618,0.09755333333333334,0.15813026666666669,1.2175321333333333,5,0.03143939746005993,0.03885383251929812,3913e2051df87aa83481b7bcf016a7201f7fbe23,v0.1.0-4-gb8ce600,,64.0,3.0,ws-amd,21d06eb63df7,1.2191103789126854,0.000104426604229957,17-4-1,True,0.001167452399386093,train,124,"{""profile"": true, ""streams"": 8}",1.217864,60,1.443029,1164,27744,0.144321,0.60285,10.409938,,15,3.855069,0.233284,876,0.671769,0.168525,0.609927,0,1.4633,2.371954,18.262982,106214.18060831056,1,0.0011432315,108464.47110668312,3426.2638905906633,,,32,2026-09-04T04:00:24+00:00,0.1.0,monk
cudann,40,rocblas,True,Clang 22.0.0 /usr/bin/hipcc (hipcc),AMD Radeon RX 7900 XTX,gpu,70253.21,float,0.5752924,0.6656249333333334,0.0073813333333333335,0.37106399999999995,5.713445666666667,3.1297045999999997,0.0138342,0.21287253333333334,0.008530866666666666,0.04390466666666667,0.6852361333333333,0.08167980000000001,10.157481733333332,5,2.8454954652969566,3.102785560476811,3913e2051df87aa83481b7bcf016a7201f7fbe23,v0.1.0-4-gb8ce600,,68.0,31.0,ws-amd,ae85640f963c,6.563354603463993,8.235549903474679e-05,12-64-64-3,True,0.010121260199230164,train,1000,"{""profile"": true, ""streams"": 8}",8.629386,375,9.984374,62484,186000,0.11072,5.56596,85.701685,,15,46.945569,0.207513,7611,3.193088,0.127963,0.65857,0,10.278542,1.225197,152.362226,98801.92587836654,1,0.010062461,99379.2671593957,2470.0481469591637,,,32,2026-09-04T04:00:24+00:00,0.1.0,cup
cudann,256,rocblas,True,Clang 22.0.0 /usr/bin/hipcc (hipcc),AMD Radeon RX 7900 XTX,gpu,70253.21,float,5.3599512222222225,7.310332222222223,0.008244555555555555,3.7266011111111106,86.52965988888889,51.97709311111111,8.689156333333333,2.138138111111111,0.010049111111111111,0.0,7.310094111111111,13.438464666666667,106.30664055555556,3,1081.692692414714,1095.8045417713747,3913e2051df87aa83481b7bcf016a7201f7fbe23,v0.1.0-4-gb8ce600,151.13297623227118,137.83333333333334,65.83333333333333,ws-amd,84b75b05c9a6,57.89303578299346,0.0037649743268654556,784-512-256-10,True,0.133536485004394,train,60000,"{""profile"": true, ""streams"": 8}",48.239561,2115,65.79299,6429960,571713840,0.074201,33.53941,778.766939,,9,467.793838,78.202407,42333,19.243243,0.090442,0.0,0,65.790847,120.946182,956.759765,449315.40618300467,1,0.0958394125,626047.2433509544,1759.8186742167684,,,32,2026-09-04T04:00:27+00:00,0.1.0,mnist-512-256
cudann,40,rocblas,True,Clang 22.0.0 /usr/bin/hipcc (hipcc),AMD Radeon RX 7900 XTX,gpu,70253.21,float,0.0876812,0.10267213333333333,0.02307273333333333,0.04317446666666667,0.8176540666666666,0.2821114,0.020862866666666667,0.053435800000000006,0.0115788,0.043214333333333334,0.14985033333333334,0.02406286666666667,1.2470442666666666,5,0.03046569748029251,0.03765050233506071,3913e2051df87aa83481b7bcf016a7201f7fbe23,v0.1.0-4-gb8ce600,,64.0,3.0,ws-amd,5020d598a49f,1.2191103789126854,0.00015206289826892312,17-4-1,True,0.0012047648022416979,train,124,"{""memory"": ""shared"", ""profile"": true}",1.315218,60,1.540082,1164,27744,0.346091,0.647617,12.264811,,15,4.231671,0.312943,876,0.801537,0.173682,0.648215,0,2.247755,0.360943,18.705664,102924.65364963686,1,0.0011707415,105915.78072529247,3320.150117730221,,,32,2026-09-04T04:00:27+00:00,0.1.0,monk
cudann,40,rocblas,True,Clang 22.0.0 /usr/bin/hipcc (hipcc),AMD Radeon RX 7900 XTX,gpu,70253.21,float,0.7391280666666666,0.8836873333333333,0.0201082,0.48290786666666663,6.7992691999999995,3.2825642000000004,0.017045666666666667,0.2634322,0.009682733333333334,0.05100626666666667,1.0497066666666666,0.06561166666666667,9.411890199999998,5,3.1473033004755138,3.4318829020299684,3913e2051df87aa83481b7bcf016a7201f7fbe23,v0.1.0-4-gb8ce600,,66.0,38.0,ws-amd,5758ef60b114,6.563354603463993,0.0007074768975144259,12-64-64-3,True,0.009150691004469991,train,1000,"{""memory"": ""shared"", ""profile"": true}",11.086921,375,13.25531,62484,186000,0.301623,7.243618,101.989038,,15,49.238463,0.255685,7611,3.951483,0.145241,0.765094,0,15.7456,0.984175,141.178353,109281.36459984424,1,0.009090145,110009.24627714958,2732.034114996106,,,32,2026-09-04T04:00:27+00:00,0.1.0,cup
cudann,256,rocblas,True,Clang 22.0.0 /usr/bin/hipcc (hipcc),AMD Radeon RX 7900 XTX,gpu,70253.21,float,44.21252288888889,33.38742244444445,0.26775388888888885,37.68236722222222,1341.3275485555557,915.5940387777778,8.409183444444444,4.372821444444444,0.09268066666666668,0.0,297.30875777777777,0.06919911111111111,1034.5055685555556,3,135.69179741809302,137.4620434570341,3913e2051df87aa83481b7bcf016a7201f7fbe23,v0.1.0-4-gb8ce600,1479.1940737760015,155.5,95.85416666666667,ws-amd,3b6478f40faf,57.89303578299346,0.0007349005075711901,784-512-256-10,True,1.0645112140045967,train,60000,"{""memory"": ""shared"", ""profile"": true}",397.912706,2115,300.486802,6429960,571713840,2.409785,339.141305,12071.947937,,9,8240.346349,75.682651,42333,39.355393,0.834126,0.0,0,2675.77882,0.622792,9310.550117,56363.896604043584,1,1.0258499295,58488.08707258384,220.75859503250405,,,32,2026-09-04T04:00:39+00:00,0.1.0,mnist-512-256
cudann,40,rocblas,True,Clang 22.0.0 /usr/bin/hipcc (hipcc),AMD Radeon RX 7900 XTX,gpu,70253.21,float,0.08576653333333333,0.09963133333333334,0.0230612,0.04185953333333334,0.7935939333333334,0.2700885333333333,0.019945,0.05285126666666666,0.011363199999999999,0.0429102,0.14611713333333334,0.024100133333333332,1.1934878666666668,5,0.031836178263109534,0.03934418717345926,3913e2051df87aa83481b7bcf016a7201f7fbe23,v0.1.0-4-gb8ce600,,64.0,2.0,ws-amd,936fa8282f22,1.2191103789126854,0.00016844789788592594,17-4-1,True,0.0011529022012837231,train,124,"{""memory"": ""host"", ""profile"": true}",1.286498,60,1.49447,1164,27744,0.345918,0.627893,11.903909,,15,4.051328,0.299175,876,0.792769,0.170448,0.643653,0,2.191757,0.361502,17.902318,107554.65629428897,1,0.001106721,112042.69187988662,3469.505041751257,,,32,2026-09-04T04:00:40+00:00,0.1.0,monk
cudann,40,rocblas,True,Clang 22.0.0 /usr/bin/hipcc (hipcc),AMD Radeon RX 7900 XTX,gpu,70253.21,float,0.6950863333333334,0.8451597333333333,0.019548266666666664,0.4942576666666667,6.2763314,2.8840126666666666,0.019847533333333334,0.25124413333333334,0.0089068,0.047171399999999995,1.0110968666666666,0.028168133333333335,8.357985733333333,5,3.4517730117729295,3.7638828069103565,3913e2051df87aa83481b7bcf016a7201f7fbe23,v0.1.0-4-gb8ce600,,67.0,35.0,ws-amd,e6e005943c16,6.563354603463993,6.997250020504206e-05,12-64-64-3,True,0.00834353820537217,train,1000,"{""memory"": ""host"", ""profile"": true}",10.426295,375,12.677396,62484,186000,0.293224,7.413865,94.144971,,15,43.26019,0.297713,7611,3.768662,0.133602,0.707571,0,15.166453,0.422522,125.369786,119853.22957544895,1,0.008246376,121265.38979061833,2996.3307393862237,,,32,2026-09-04T04:00:40+00:00,0.1.0,cup
cudann,256,rocblas,True,Clang 22.0.0 /usr/bin/hipcc (hipcc),AMD Radeon RX 7900 XTX,gpu,70253.21,float,43.886673,36.258215444444446,0.3865262222222222,38.17947822222222,1361.290008111111,925.0539779999999,8.370183777777777,4.381045555555556,0.09228833333333333,0.0,304.6816195555555,0.08400944444444444,1043.7812566666666,3,134.71082446236665,136.4682726496894,3913e2051df87aa83481b7bcf016a7201f7fbe23,v0.1.0-4-gb8ce600,1480.4398374963057,155.45833333333334,95.97916666666667,ws-amd,7c6d8aff6dbd,57.89303578299346,0.0011986299990289773,784-512-256-10,True,1.0722630536668778,train,60000,"{""memory"": ""host"", ""profile"": true}",394.980057,2115,326.323939,6429960,571713840,3.478736,343.615304,12251.610073,,9,8325.485802,75.331654,42333,39.42941,0.830595,0.0,0,2742.134576,0.756085,9394.03131,55956.418338592055,1,1.0351578909999999,57962.17226537087,219.1626384928189,,,32,2026-09-04T04:00:53+00:00,0.1.0,mnist-512-256
cudann,40,rocblas,True,Clang 22.0.0 /usr/bin/hipcc (hipcc),AMD Radeon RX 7900 XTX,gpu,70253.21,float,0.08180093333333334,0.09646593333333334,0.009960266666666667,0.040433000000000004,0.6889492666666667,0.2494979333333333,0.0155738,0.045150800000000005,0.011325533333333334,0.04120593333333333,0.09753513333333334,0.25942393333333336,1.1730118666666667,5,0.03210472812072251,0.039676069844048964,3913e2051df87aa83481b7bcf016a7201f7fbe23,v0.1.0-4-gb8ce600,,57.0,2.0,ws-amd,220f7c111513,1.2191103789126854,0.00016668500029481947,17-4-1,True,0.0011432583967689424,train,124,"{""pinned_host"": false, ""profile"": true}",1.227014,60,1.446989,1164,27744,0.149404,0.606495,10.334239,,15,3.742469,0.233607,876,0.677262,0.169883,0.618089,0,1.463027,3.891359,17.595178,108461.91932676524,1,0.001091261,113630.01151878423,3498.7715911859755,,,32,2026-09-04T04:00:53+00:00,0.1.0,monk
cudann,40,rocblas,True,Clang 22.0.0 /usr/bin/hipcc (hipcc),AMD Radeon RX 7900 XTX,gpu,70253.21,float,0.587002,0.6846361333333333,0.007485466666666667,0.36583140000000003,5.6670954,3.059879533333333,0.013083000000000001,0.21598706666666667,0.0088054,0.043275799999999996,0.6811096,0.07952786666666666,9.965487999999999,5,2.826992589184508,3.0826096517364308,3913e2051df87aa83481b7bcf016a7201f7fbe23,v0.1.0-4-gb8ce600,,58.0,35.0,ws-amd,c2450e326bae,6.563354603463993,0.00040815119864419033,12-64-64-3,True,0.010187504597706721,train,1000,"{""pinned_host"": false, ""profile"": true}",8.80503,375,10.269542,62484,186000,0.112282,5.487471,85.006431,,15,45.898193,0.196245,7611,3.239806,0.132081,0.649137,0,10.216644,1.192918,149.48232,98159.46490223985,1,0.010145046500000001,98570.27269416655,2453.9866225559963,,,32,2026-09-04T04:00:54+00:00,0.1.0,cup
cudann,256,rocblas,True,Clang 22.0.0 /usr/bin/hipcc (hipcc),AMD Radeon RX 7900 XTX,gpu,70253.21,float,5.3588421111111115,7.163023999999999,0.00825788888888889,3.704056333333333,81.32330977777778,50.94702155555555,4.711146666666667,2.130165555555555,0.010480111111111112,0.0,7.290315555555556,15.024156666666666,100.58169877777777,3,1105.6934207908325,1120.1183855689703,3913e2051df87aa83481b7bcf016a7201f7fbe23,v0.1.0-4-gb8ce600,150.68595334741985,137.66666666666666,67.66666666666667,ws-amd,f848729c4e97,57.89303578299346,0.0013788260015038245,784-512-256-10,True,0.1306378760006434,train,60000,"{""pinned_host"": false, ""profile"": true}",48.229579,2115,64.467216,6429960,571713840,0.074321,33.336507,731.909788,,9,458.523194,42.40032,42333,19.17149,0.094321,0.0,0,65.61284,135.21741,905.235289,459284.87079585175,1,0.095056063,631206.449187781,1798.8657439504193,,,32,2026-09-04T04:00:56+00:00,0.1.0,mnist-512-256
syclnn,64,auto,True,AdaptiveCpp 25.10.0 $HOME/.local/opt/fnn-rocm/acpp/bin/acpp / host Clang 18.1.3 $HOME/.local/opt/fnn-rocm/acpp/bin/acpp,AMD Radeon RX 7900 XTX,gpu,70253211,float,21.609396666666665,76.90370222222222,0.17037533333333332,14.224772000000002,548.495542,365.2155936666667,27.936196111111112,7.906246666666667,0.016671555555555558,0.0,34.51258777777778,0.05992566666666667,979.8864138888889,3,147.14018591522367,153.66427642806462,3913e2051df87aa83481b7bcf016a7201f7fbe23,v0.2.0-5-g0c57d4f,1211.667860343383,135.64444444444445,81.53333333333333,ws-amd,873c7214433a,24.563545832993224,0.05278956649999589,784-512-256-10,True,0.9816858603347404,train,60000,"{""profile"": true}",194.48457,8442,692.13332,6429960,571680000,1.533378,128.022948,4936.459878,,9,3286.940343,251.425765,168882,71.15622,0.150044,0.0,0,310.61329,0.539331,8818.977725,61119.34828066168,1,0.920170047,65205.33916053453,955.4991447876777,,,32,2026-09-04T03:58:39+00:00,0.2.0,mnist-512-256
syclnn,256,auto,True,AdaptiveCpp 25.10.0 $HOME/.local/opt/fnn-rocm/acpp/bin/acpp / host Clang 18.1.3 $HOME/.local/opt/fnn-rocm/acpp/bin/acpp,AMD Radeon RX 7900 XTX,gpu,70253211,float,5.803689222222222,20.071909333333334,0.17752655555555555,4.020846000000001,181.33282133333333,115.30704511111111,25.719423777777777,1.9934992222222223,0.01712022222222222,0.0,8.221761888888889,0.706467,314.9428031111111,3,416.46409312332213,421.8973169823971,3913e2051df87aa83481b7bcf016a7201f7fbe23,v0.2.0-5-g0c57d4f,373.8820187745587,125.66666666666667,71.0,ws-amd,95426364398e,57.89303578299346,0.0038121444958960637,784-512-256-10,True,0.3468376803308881,train,60000,"{""profile"": true}",52.233203,2115,180.647184,6429960,571680000,1.597739,36.187614,1631.995392,,9,1037.763406,231.474814,42342,17.941493,0.154082,0.0,0,73.995857,6.358203,2834.485228,172991.58483230296,1,0.294007303,204076.56336346176,677.5503739265199,,,32,2026-09-04T04:01:03+00:00,0.2.0,mnist-512-256
syclnn,1024,auto,True,AdaptiveCpp 25.10.0 $HOME/.local/opt/fnn-rocm/acpp/bin/acpp / host Clang 18.1.3 $HOME/.local/opt/fnn-rocm/acpp/bin/acpp,AMD Radeon RX 7900 XTX,gpu,70253211,float,1.870706,5.458103444444444,0.12826222222222222,1.4761743333333335,71.20434411111111,33.14884188888889,26.42047977777778,0.5147689999999999,0.012080111111111111,0.0,2.174927333333333,0.109554,96.72404722222223,3,1101.4677232007289,1107.2081879683888,3913e2051df87aa83481b7bcf016a7201f7fbe23,v0.2.0-5-g0c57d4f,122.48492760131194,112.33333333333333,47.166666666666664,ws-amd,6253a8274a2f,87.61278113399811,0.000952156997906628,784-512-256-10,True,0.13113905832869932,train,60000,"{""profile"": true}",16.836354,531,49.122931,6429960,571680000,1.15436,13.285569,640.839097,,9,298.339577,237.784318,10662,4.632921,0.108721,0.0,0,19.574346,0.985986,870.516425,457529.5931255685,1,0.07027216550000001,853823.1257438621,449.90409990680905,,,32,2026-09-04T03:58:46+00:00,0.2.0,mnist-512-256
syclnn,64,auto,True,AdaptiveCpp 25.10.0 $HOME/.local/opt/fnn-rocm/acpp/bin/acpp / host Clang 18.1.3 $HOME/.local/opt/fnn-rocm/acpp/bin/acpp,AMD Radeon RX 7900 XTX,gpu,70253211,double,22.628818111111112,78.72834855555556,0.23467466666666667,14.911489777777778,789.6364699999999,566.1949955555556,55.20959244444444,7.674010222222222,0.018440222222222222,0.0,44.03610044444444,0.062114777777777776,1232.5612844444445,3,108.7139778697133,113.53427782530564,3913e2051df87aa83481b7bcf016a7201f7fbe23,v0.2.0-5-g0c57d4f,1680.0996633768664,147.03571428571428,82.25,ws-amd,0d295ba09f63,12.281772916496612,0.04134558300332469,784-512-256-10,True,1.3286740383385525,train,60000,"{""profile"": true}",203.659363,8442,708.555137,12859776,1143360000,2.112072,134.203408,7106.72823,,9,5095.75496,496.886332,168882,69.066092,0.165962,0.0,0,396.324904,0.559033,11093.05156,45157.802642871924,1,1.1604023565000001,51706.20316643591,705.9669813168978,,,32,2026-09-04T03:59:01+00:00,0.2.0,mnist-512-256
syclnn,256,auto,True,AdaptiveCpp 25.10.0 $HOME/.local/opt/fnn-rocm/acpp/bin/acpp / host Clang 18.1.3 $HOME/.local/opt/fnn-rocm/acpp/bin/acpp,AMD Radeon RX 7900 XTX,gpu,70253211,double,6.027902777777778,21.499713222222223,0.20334722222222223,4.076971777777778,345.42169333333334,249.64142577777778,52.76229822222222,1.9255926666666667,0.018564777777777777,0.0,9.26587688888889,0.5938887777777777,449.0049977777778,3,276.9524313091131,280.5655748729015,3913e2051df87aa83481b7bcf016a7201f7fbe23,v0.2.0-5-g0c57d4f,752.412224387328,169.85714285714286,75.19047619047619,ws-amd,f621a16f5a46,28.94651789149673,0.0038985851667046045,784-512-256-10,True,0.5215532476722728,train,60000,"{""profile"": true}",54.251125,2115,193.497419,12859776,1143360000,1.830125,36.692746,3108.79524,,9,2246.772832,474.860684,42342,17.330334,0.167083,0.0,0,83.392892,5.344999,4041.04498,115040.98626129552,1,0.399769621,150086.44191100253,450.5771961900741,,,32,2026-09-04T03:59:08+00:00,0.2.0,mnist-512-256
syclnn,1024,auto,True,AdaptiveCpp 25.10.0 $HOME/.local/opt/fnn-rocm/acpp/bin/acpp / host Clang 18.1.3 $HOME/.local/opt/fnn-rocm/acpp/bin/acpp,AMD Radeon RX 7900 XTX,gpu,70253211,double,2.1145033333333334,6.834664444444445,0.18547644444444444,1.5743136666666666,238.6704778888889,170.0350731111111,54.94552244444444,0.4779917777777778,0.011773777777777779,0.0,2.4911588888888887,0.05000911111111111,268.00183888888887,3,430.7164702673089,432.96121395824116,3913e2051df87aa83481b7bcf016a7201f7fbe23,v0.2.0-5-g0c57d4f,504.45332179314573,173.86666666666667,65.06666666666666,ws-amd,f95afa46cdc1,43.806390566999056,0.0016142888295386237,784-512-256-10,True,0.33536084633669816,train,60000,"{""profile"": true}",19.03053,531,61.51198,12859776,1143360000,1.669288,14.168823,2148.034301,,9,1530.315658,494.509702,10662,4.301926,0.105964,0.0,0,22.42043,0.450082,2412.01655,178911.7622268902,1,0.2116459005,283492.3797638121,175.9298995231087,,,32,2026-09-04T03:59:13+00:00,0.2.0,mnist-512-256
syclnn,64,auto,True,AdaptiveCpp 25.10.0 $HOME/.local/opt/fnn-rocm/acpp/bin/acpp / host Clang 18.1.3 $HOME/.local/opt/fnn-rocm/acpp/bin/acpp,AMD Radeon RX 7900 XTX,gpu,70253211,float,22.42826711111111,76.41949255555556,0.4004307777777778,14.814120666666668,605.8007922222222,406.4800788888889,26.486776222222222,7.995113111111111,0.016591333333333333,0.0,50.75992155555556,0.05685911111111111,1001.5217384444445,3,555.906167282629,577.184871971168,3913e2051df87aa83481b7bcf016a7201f7fbe23,v0.2.0-5-g0c57d4f,1442.2614392118994,157.2826086956522,83.67391304347827,ws-amd,d94f587ddbd8,27.300586878582358,0.004761996499534238,784-1024-1024-10,True,1.0322778083306428,train,60000,"{""profile"": true}",201.854404,8442,687.775433,22364424,571680000,3.603877,133.327086,5452.20713,,9,3658.32071,238.380986,168882,71.956018,0.149322,0.0,0,456.839294,0.511732,9013.695646,58123.88827483324,1,0.9756373555,61498.26025188516,908.6701200298929,,,32,2026-09-04T03:59:25+00:00,0.2.0,mnist
syclnn,256,auto,True,AdaptiveCpp 25.10.0 $HOME/.local/opt/fnn-rocm/acpp/bin/acpp / host Clang 18.1.3 $HOME/.local/opt/fnn-rocm/acpp/bin/acpp,AMD Radeon RX 7900 XTX,gpu,70253211,float,6.562237777777778,20.149448,0.32163044444444444,4.5688464444444445,200.19036322222223,126.71722755555555,27.290558333333333,2.0061734444444443,0.01593788888888889,0.0,12.558303333333335,0.8614613333333333,311.1712875555556,3,1734.433603747573,1753.304126962535,3913e2051df87aa83481b7bcf016a7201f7fbe23,v0.2.0-5-g0c57d4f,483.9037894541834,156.375,71.5625,ws-amd,1898cace9c62,75.80495846807432,0.02163813533358433,784-1024-1024-10,True,0.33085705832733464,train,60000,"{""profile"": true}",59.06014,2115,181.345032,22364424,571680000,2.894674,41.119618,1801.713269,,9,1140.455048,245.615025,42342,18.055561,0.143441,0.0,0,113.02473,7.753152,2800.541588,181347.1965909785,1,0.270140276,222106.82867592835,710.2765199813325,,,32,2026-09-04T03:59:30+00:00,0.2.0,mnist
syclnn,1024,auto,True,AdaptiveCpp 25.10.0 $HOME/.local/opt/fnn-rocm/acpp/bin/acpp / host Clang 18.1.3 $HOME/.local/opt/fnn-rocm/acpp/bin/acpp,AMD Radeon RX 7900 XTX,gpu,70253211,float,2.581535333333333,5.5461412222222215,0.33827888888888885,2.4959442222222226,94.09645633333334,52.27834933333333,26.842071555555556,0.5111018888888889,0.015022444444444442,0.0,3.488011444444444,0.08099033333333333,118.84322911111111,3,3752.507457873452,3767.5955270976774,3913e2051df87aa83481b7bcf016a7201f7fbe23,v0.2.0-5-g0c57d4f,165.12115545135748,135.33333333333334,51.5,ws-amd,299232b43154,136.3814738763404,0.0009881271641158096,784-1024-1024-10,True,0.15292430633174567,train,60000,"{""profile"": true}",23.233818,531,49.915271,22364424,571680000,3.04451,22.463498,846.868107,,9,470.505144,241.578644,10662,4.599917,0.135202,0.0,0,31.392103,0.728913,1069.589062,392350.9704849618,1,0.0911067465,658568.1335904142,385.81178764354576,,,32,2026-09-04T03:59:33+00:00,0.2.0,mnist
syclnn,64,auto,True,AdaptiveCpp 25.10.0 $HOME/.local/opt/fnn-rocm/acpp/bin/acpp / host Clang 18.1.3 $HOME/.local/opt/fnn-rocm/acpp/bin/acpp,AMD Radeon RX 7900 XTX,gpu,70253211,double,23.481065666666666,78.83173355555556,0.5068183333333334,15.97394188888889,1387.086539111111,1140.0408681111112,51.609690444444446,7.795389777777777,0.015480333333333334,0.0,68.831551,0.05729577777777777,1771.20657,3,312.21445196662415,324.1652442295821,3913e2051df87aa83481b7bcf016a7201f7fbe23,v0.2.0-5-g0c57d4f,3175.8584088407806,194.54320987654322,88.60493827160494,ws-amd,eddf2cc3ed28,13.650293439291179,0.006422685832755404,784-1024-1024-10,True,1.837998197666214,train,60000,"{""profile"": true}",211.329591,8442,709.485602,44728704,1143360000,4.561365,143.765477,12483.778852,,9,10260.367813,464.487214,168882,70.158508,0.139323,0.0,0,619.483959,0.515662,15940.85913,32644.210465594904,1,1.7214472189999999,34854.39422002982,510.3378236121337,,,32,2026-09-04T03:59:53+00:00,0.2.0,mnist
syclnn,256,auto,True,AdaptiveCpp 25.10.0 $HOME/.local/opt/fnn-rocm/acpp/bin/acpp / host Clang 18.1.3 $HOME/.local/opt/fnn-rocm/acpp/bin/acpp,AMD Radeon RX 7900 XTX,gpu,70253211,double,7.466910888888888,22.40011711111111,0.6729048888888889,5.4934243333333335,788.8493381111111,683.6915341111112,50.19584922222222,1.9368384444444446,0.015649,0.0,16.97611011111111,0.8675922222222222,891.4852651111111,3,605.7825171194171,612.3733909515548,3913e2051df87aa83481b7bcf016a7201f7fbe23,v0.2.0-5-g0c57d4f,1884.790204267876,223.5,87.45238095238095,ws-amd,3d9f532ad2d2,37.90247923403716,0.013187048170948401,784-1024-1024-10,True,0.9472864993343441,train,60000,"{""profile"": true}",67.202198,2115,201.601054,44728704,1143360000,6.056144,49.440819,7099.644043,,9,6153.223807,451.762643,42342,17.431546,0.140841,0.0,0,152.784991,7.80833,8023.367386,63338.810425527925,1,0.838345002,71569.58037187655,248.07700749998435,,,32,2026-09-04T04:00:05+00:00,0.2.0,mnist
syclnn,1024,auto,True,AdaptiveCpp 25.10.0 $HOME/.local/opt/fnn-rocm/acpp/bin/acpp / host Clang 18.1.3 $HOME/.local/opt/fnn-rocm/acpp/bin/acpp,AMD Radeon RX 7900 XTX,gpu,70253211,double,3.5014453333333333,6.862812333333333,0.7154527777777777,3.0484846666666665,635.0821206666666,561.5755041111111,52.86745033333333,0.5211643333333333,0.013298222222222222,0.0,5.976508555555555,0.1461542222222222,658.3527631111111,3,789.9829144028804,793.1592750183555,3913e2051df87aa83481b7bcf016a7201f7fbe23,v0.2.0-5-g0c57d4f,1523.8552375821746,245.1290322580645,85.6774193548387,ws-amd,6337c11ea7ad,68.1907369381702,0.0022473975016812364,784-1024-1024-10,True,0.7264076089971544,train,60000,"{""profile"": true}",31.513008,531,61.765311,44728704,1143360000,6.439075,27.436362,5715.739086,,9,5054.179537,475.807053,10662,4.690479,0.119684,0.0,0,53.788577,1.315388,5925.174868,82598.25373089538,1,0.599284809,100119.34075238674,81.2216161687138,,,32,2026-09-04T04:00:14+00:00,0.2.0,mnist
cudann,32,rocblas,True,Clang 22.0.0 /usr/bin/hipcc (hipcc),AMD Radeon RX 7900 XTX,gpu,70253.21,float,46.48393466666667,62.7958175,0.008413499999999999,30.70244166666667,408.7723805,188.72153949999998,6.045362,17.435911666666666,0.014747333333333333,0.0,56.56421266666666,0.0727685,616.5650586666667,2,70.76286570541149,76.49831952610229,9b27fc33b12be505d44e4879d2d2f20ce41b4dee,v0.1.0-2-g4148ea4,548.739628554431,149.47368421052633,91.15789473684211,ws-amd,bee7b6970926,12.141714285714286,0.0028917907475261018,256-256-256-16,True,0.6297128480000538,train,65536,"{""profile"": true}",278.903608,12288,376.774905,1628448,214106112,0.050481,184.21465,2452.634283,,6,1132.329237,36.272172,245784,104.61547,0.088484,0.0,0,339.385276,0.436611,3699.390352,104072.83289223028,1,0.614083009,106721.728234627,3252.276027882196,,,32,2026-09-03T21:27:27+00:00,0.1.0,sweep-w256-d2-b32
cudann,32,rocblas,True,Clang 22.0.0 /usr/bin/hipcc (hipcc),AMD Radeon RX 7900 XTX,gpu,70253.21,double,44.8489305,65.010249,0.008386666666666666,30.05982566666667,676.9428053333334,429.014518,10.062066166666666,16.974543,0.01362,0.0,80.95066633333333,0.095014,863.7142443333333,2,49.06409430341261,53.0408248149035,9b27fc33b12be505d44e4879d2d2f20ce41b4dee,v0.1.0-2-g4148ea4,839.0025948702969,158.59259259259258,91.62962962962963,ws-amd,47d5ca00d6c3,6.070857142857143,0.018669277749722824,256-256-256-16,True,0.9082056100014597,train,65536,"{""profile"": true}",269.093583,12288,390.061494,3256800,428212224,0.05032,180.358954,4061.656832,,6,2574.087108,60.372397,245784,101.847258,0.08172,0.0,0,485.703998,0.570084,5182.285466,72159.87137526563,1,0.8641787,75836.1667557879,2254.995980477051,,,32,2026-09-03T21:27:35+00:00,0.1.0,sweep-w256-d2-b32
cudann,256,rocblas,True,Clang 22.0.0 /usr/bin/hipcc (hipcc),AMD Radeon RX 7900 XTX,gpu,70253.21,float,5.714729666666667,7.897911166666667,0.007713500000000001,4.004652833333333,64.41285933333333,32.80790116666667,4.987154666666666,2.545894,0.011546833333333333,0.0,6.4353555,5.0517088333333335,85.7691125,2,437.1946700426531,444.00059925324643,9b27fc33b12be505d44e4879d2d2f20ce41b4dee,v0.1.0-2-g4148ea4,52.59303885426925,116.33333333333333,53.666666666666664,ws-amd,19a62c11a9eb,36.136054421768705,0.0001662104987190105,256-256-256-16,True,0.10192321350041311,train,65536,"{""profile"": true}",34.288378,1536,47.387467,1628448,213934080,0.046281,24.027917,386.477156,,6,196.847407,29.922928,30744,15.275364,0.069281,0.0,0,38.612133,30.310253,514.614675,642993.8553667597,1,0.078971137,829872.8179638594,2511.694747526405,,,32,2026-09-03T21:27:38+00:00,0.1.0,sweep-w256-d2-b256
cudann,256,rocblas,True,Clang 22.0.0 /usr/bin/hipcc (hipcc),AMD Radeon RX 7900 XTX,gpu,70253.21,double,5.846194833333333,9.481555333333334,0.008133333333333334,4.225944,167.70230383333333,108.9103975,10.347855000000001,2.528646166666667,0.0561225,0.0,26.297455166666666,55.929078833333335,153.43667866666667,2,238.9085452457421,242.62770002544178,9b27fc33b12be505d44e4879d2d2f20ce41b4dee,v0.1.0-2-g4148ea4,165.45818406492617,154.5,69.33333333333333,ws-amd,d5228d97aec6,18.068027210884352,0.0006488550025096629,256-256-256-16,True,0.1865160814995761,train,65536,"{""profile"": true}",35.077169,1536,56.889332,3256800,427868160,0.0488,25.355664,1006.213823,,6,653.462385,62.08713,30744,15.171877,0.336735,0.0,0,157.784731,335.574473,920.620072,351369.16598877264,1,0.14091917,465060.92819025257,1372.5358046436431,,,32,2026-09-03T21:27:41+00:00,0.1.0,sweep-w256-d2-b256
cudann,4096,rocblas,True,Clang 22.0.0 /usr/bin/hipcc (hipcc),AMD Radeon RX 7900 XTX,gpu,70253.21,float,0.7303968333333333,1.7481731666666667,0.008413666666666667,0.5599673333333334,26.370873333333336,17.095372,4.8986285,0.8179265,0.012326833333333334,0.0,0.4996685,12.927538666666665,19.203630666666665,2,1284.3816345280661,1293.1116178343782,9b27fc33b12be505d44e4879d2d2f20ce41b4dee,v0.1.0-2-g4148ea4,,65.0,4.0,ws-amd,f8eaf225c329,49.1425267418329,0.000668044995109085,256-256-256-16,True,0.03469396050059004,train,65536,"{""profile"": true}",4.382381,96,10.489039,1628448,213911040,0.050482,3.359804,158.22524,,6,102.572232,29.391771,1944,4.907559,0.073961,0.0,0,2.998011,77.565232,115.221784,1888974.30718195,1,0.011748614,5578189.903932498,461.17536796434325,,,32,2026-09-03T21:27:42+00:00,0.1.0,sweep-w256-d2-b4096
cudann,4096,rocblas,True,Clang 22.0.0 /usr/bin/hipcc (hipcc),AMD Radeon RX 7900 XTX,gpu,70253.21,double,0.9267465,13.014272,0.00878,0.8498541666666667,110.98122916666667,83.57735233333334,10.179505666666666,0.6740506666666667,0.010393333333333333,0.0,1.7402745,62.185775166666666,71.51930383333332,2,425.06623251759015,427.95542138030623,9b27fc33b12be505d44e4879d2d2f20ce41b4dee,v0.1.0-2-g4148ea4,59.87006333115278,121.33333333333333,45.333333333333336,ws-amd,66e45cd19bd4,24.57126337091645,0.0006305747483565938,256-256-256-16,True,0.10483139399730135,train,65536,"{""profile"": true}",5.560479,96,78.085632,3256800,427822080,0.05268,5.099125,665.887375,,6,501.464114,61.077034,1944,4.044304,0.06236,0.0,0,10.441647,373.114651,429.115823,625156.2389954204,1,0.059856085,1094892.8584286794,152.6260349109913,,,32,2026-09-03T21:27:44+00:00,0.1.0,sweep-w256-d2-b4096
cudann,32,rocblas,True,Clang 22.0.0 /usr/bin/hipcc (hipcc),AMD Radeon RX 7900 XTX,gpu,70253.21,float,76.864228,96.25558583333333,0.008793500000000001,58.479514,822.4125791666667,473.2132381666667,5.007742833333333,17.456229,0.014994,0.0,95.11225383333334,0.09539249999999999,1440.5710485,2,65.65452889025217,70.51469980985547,9b27fc33b12be505d44e4879d2d2f20ce41b4dee,v0.1.0-2-g4148ea4,1268.4121441381067,146.11363636363637,92.72727272727273,ws-amd,2dc5e625fb60,12.486103542234332,0.030794710753980326,256-256-256-256-256-16,True,1.46372070399957,train,65536,"{""profile"": true}",461.185368,12288,577.533515,3207456,214106112,0.052761,350.877084,4934.475475,,6,2839.279429,30.046457,417816,104.737374,0.089964,0.0,0,570.673523,0.572355,8643.426291,44773.56904286793,1,1.440688568,45489.35936305702,1399.1740325896228,,,32,2026-09-03T21:27:57+00:00,0.1.0,sweep-w256-d4-b32
cudann,32,rocblas,True,Clang 22.0.0 /usr/bin/hipcc (hipcc),AMD Radeon RX 7900 XTX,gpu,70253.21,double,75.0295625,111.72887816666668,0.008533333333333334,58.499359,1198.1597858333332,758.2311455,10.283923833333334,16.910988333333332,0.16215216666666668,0.0,167.305243,131.10553466666667,1485.6101859999999,2,63.305428603102875,67.99170399568293,9b27fc33b12be505d44e4879d2d2f20ce41b4dee,v0.1.0-2-g4148ea4,1446.4151968289298,161.46666666666667,93.86666666666666,ws-amd,198ddbf1f5d2,6.243051771117166,0.004085217999090673,256-256-256-256-256-16,True,1.5180355834963848,train,65536,"{""profile"": true}",450.177375,12288,670.373269,6414816,428212224,0.0512,350.996154,7188.958715,,6,4549.386873,61.703543,417816,101.46593,0.972913,0.0,0,1003.831458,786.633208,8913.661116,43171.583533671546,1,1.484132571,44157.780295760385,1349.1119854272358,,,32,2026-09-03T21:28:11+00:00,0.1.0,sweep-w256-d4-b32
cudann,256,rocblas,True,Clang 22.0.0 /usr/bin/hipcc (hipcc),AMD Radeon RX 7900 XTX,gpu,70253.21,double,10.018634,16.259474333333333,0.0077466666666666665,8.216644333333333,318.6238031666667,217.37496716666666,10.555323666666666,2.5537293333333335,0.04006066666666667,0.0,53.59722300000001,122.87864516666667,286.52701583333334,2,300.1394464650538,304.4068147412903,9b27fc33b12be505d44e4879d2d2f20ce41b4dee,v0.1.0-2-g4148ea4,307.6773761837976,174.11111111111111,80.33333333333333,ws-amd,c38ebf867446,19.68384879725086,0.000699154752510367,256-256-256-256-256-16,True,0.3201841490008519,train,65536,"{""profile"": true}",60.111804,1536,97.556846,6414816,427868160,0.04648,49.299866,1911.742819,,6,1304.249803,63.331942,52248,15.322376,0.240364,0.0,0,321.583338,737.271871,1719.162095,204682.2124221572,1,0.275162904,238171.63958990635,799.5398922740516,,,32,2026-09-03T21:28:19+00:00,0.1.0,sweep-w256-d4-b256
cudann,4096,rocblas,True,Clang 22.0.0 /usr/bin/hipcc (hipcc),AMD Radeon RX 7900 XTX,gpu,70253.21,float,1.2771208333333333,3.027932,0.008286666666666666,1.0870151666666665,43.144336,30.88914816666667,5.104900166666667,0.7373181666666667,0.011953333333333335,0.0,1.0006614999999999,18.581116666666667,28.713091333333335,2,2177.606836070931,2191.125173285105,9b27fc33b12be505d44e4879d2d2f20ce41b4dee,v0.1.0-2-g4148ea4,21.05295517569175,93.5,32.5,ws-amd,4d57921c7bea,55.317941753432926,0.0009025435028888751,256-256-256-256-256-16,True,0.04413096600183053,train,65536,"{""profile"": true}",7.662725,96,18.167592,3207456,213911040,0.04972,6.522091,258.866016,,6,185.334889,30.629401,3288,4.423909,0.07172,0.0,0,6.003969,111.4867,172.278548,1485034.3406777363,1,0.020367187,3217724.6666414957,362.55721207952547,,,32,2026-09-03T21:28:20+00:00,0.1.0,sweep-w256-d4-b4096
cudann,4096,rocblas,True,Clang 22.0.0 /usr/bin/hipcc (hipcc),AMD Radeon RX 7900 XTX,gpu,70253.21,double,1.6385743333333334,7.505536666666667,0.0083735,1.4883831666666667,198.74386083333331,152.36728033333333,10.110751666666667,0.6650045,0.011193833333333333,0.0,24.948762833333333,116.82401466666666,129.077617,2,592.7863468639131,596.4662975327509,9b27fc33b12be505d44e4879d2d2f20ce41b4dee,v0.1.0-2-g4148ea4,151.39867535186931,163.6,67.4,ws-amd,7aa04a61920d,27.658970876716463,0.002118335250997916,256-256-256-256-256-16,True,0.16211556449707132,train,65536,"{""profile"": true}",9.831446,96,45.03322,6414816,427822080,0.050241,8.930299,1192.463165,,6,914.203682,60.66451,3288,3.990027,0.067163,0.0,0,149.692577,700.944088,774.465702,404254.8302090015,1,0.114837892,570682.7150745679,98.6950269064945,,,32,2026-09-03T21:28:23+00:00,0.1.0,sweep-w256-d4-b4096
cudann,32,rocblas,True,Clang 22.0.0 /usr/bin/hipcc (hipcc),AMD Radeon RX 7900 XTX,gpu,70253.21,float,137.91620566666668,176.59816783333335,0.008660333333333334,117.95646649999999,1561.4624146666665,939.2061279999999,4.922412666666667,17.581373166666665,0.014586666666666666,0.0,167.25841383333332,0.10105033333333334,2653.5848331666666,2,74.11670177380087,79.37031882677014,9b27fc33b12be505d44e4879d2d2f20ce41b4dee,v0.1.0-2-g4148ea4,2317.2314281120052,145.625,93.1,ws-amd,28b54e37a022,12.646604527296937,0.153203971003677,256-256-256-256-256-256-256-256-256-16,True,2.6873714504981763,train,65536,"{""profile"": true}",827.497234,12288,1059.589007,6365472,214106112,0.051962,707.738799,9368.774488,,6,5635.236768,29.534476,761880,105.488239,0.08752,0.0,0,1003.550483,0.606302,15921.508999,24386.654843658158,1,2.787498551,23510.68486707888,762.0829638643174,,,32,2026-09-03T21:28:46+00:00,0.1.0,sweep-w256-d8-b32
cudann,32,rocblas,True,Clang 22.0.0 /usr/bin/hipcc (hipcc),AMD Radeon RX 7900 XTX,gpu,70253.21,double,135.79431766666667,203.3815546666667,0.008326666666666666,121.17939416666667,2281.100424333333,1497.2151153333334,10.402925833333333,17.1964505,0.013000333333333334,0.0,295.90933916666665,21.773056999999998,2766.1572748333333,2,70.95910706187387,75.9889042061325,9b27fc33b12be505d44e4879d2d2f20ce41b4dee,v0.1.0-2-g4148ea4,2714.9706037744763,161.53571428571428,95.13095238095238,ws-amd,a34f2ab9697c,6.323302263648468,0.05409222325033625,256-256-256-256-256-256-256-256-256-16,True,2.8069562399978167,train,65536,"{""profile"": true}",814.765906,12288,1220.289328,12730848,428212224,0.04996,727.076365,13686.602546,,6,8983.290692,62.417555,761880,103.178703,0.078002,0.0,0,1775.456035,130.638342,16596.943649,23347.70990232857,1,2.799224706,23412.196905638488,729.6159344477678,,,32,2026-09-03T21:29:11+00:00,0.1.0,sweep-w256-d8-b32
cudann,256,rocblas,True,Clang 22.0.0 /usr/bin/hipcc (hipcc),AMD Radeon RX 7900 XTX,gpu,70253.21,float,17.561683666666667,24.493163,0.007953333333333333,15.985784333333333,216.66134333333332,130.8367095,4.885338,2.6150168333333332,0.01444,0.0,20.261254666666666,0.09784066666666667,328.5620055,2,572.2396677026836,580.030260086094,9b27fc33b12be505d44e4879d2d2f20ce41b4dee,v0.1.0-2-g4148ea4,318.00874339364964,153.9090909090909,84.36363636363636,ws-amd,2c81a2a2967b,41.008635578583764,0.007731853998848237,256-256-256-256-256-256-256-256-256-16,True,0.3480693835008424,train,65536,"{""profile"": true}",105.370102,1536,146.958978,6365472,213934080,0.04772,95.914706,1299.96806,,6,785.020257,29.312028,95256,15.690101,0.08664,0.0,0,121.567528,0.587044,1971.372033,188284.2993567729,1,0.339487936,193043.67858302925,735.4855443623942,,,32,2026-09-03T21:29:16+00:00,0.1.0,sweep-w256-d8-b256
cudann,256,rocblas,True,Clang 22.0.0 /usr/bin/hipcc (hipcc),AMD Radeon RX 7900 XTX,gpu,70253.21,double,18.600241166666667,47.18286916666667,0.008199833333333333,19.9970045,589.800874,407.2452808333333,10.297314833333333,2.571698833333333,0.013546833333333334,0.0,83.884718,237.51683816666664,512.8574351666667,2,365.51422072326244,370.4904089617093,9b27fc33b12be505d44e4879d2d2f20ce41b4dee,v0.1.0-2-g4148ea4,581.5317980285108,188.5625,87.5625,ws-amd,e3711861fc98,20.504317789291882,0.0020546955020108726,256-256-256-256-256-256-256-256-256-16,True,0.5449284790011006,train,65536,"{""profile"": true}",111.601447,1536,283.097215,12730848,427868160,0.049199,119.982027,3538.805244,,6,2443.471685,61.783889,95256,15.430193,0.081281,0.0,0,503.308308,1425.101029,3077.144611,120265.32384604482,1,0.501914927,130571.92857705148,469.7864212736126,,,32,2026-09-03T21:29:22+00:00,0.1.0,sweep-w256-d8-b256
cudann,4096,rocblas,True,Clang 22.0.0 /usr/bin/hipcc (hipcc),AMD Radeon RX 7900 XTX,gpu,70253.21,float,2.4031534999999997,5.6303485,0.008566666666666667,2.1903698333333335,70.43368416666667,52.565350333333335,4.9115625,0.7020563333333333,0.011867,0.0,2.0104095,24.717622666666667,44.344955,2,3381.859045671038,3401.9617637405163,9b27fc33b12be505d44e4879d2d2f20ce41b4dee,v0.1.0-2-g4148ea4,25.77215442081797,114.0,40.5,ws-amd,879f2ee7bd79,58.61359253259276,0.0009130157486652024,256-256-256-256-256-256-256-256-256-16,True,0.058896336500765756,train,65536,"{""profile"": true}",14.418921,96,33.782091,6365472,213911040,0.0514,13.142219,422.602105,,6,315.392102,29.469375,5976,4.212338,0.071202,0.0,0,12.062457,148.305736,266.06973,1112734.7453800954,1,0.036513017,1794866.7457416623,271.66375619631236,,,32,2026-09-03T21:29:24+00:00,0.1.0,sweep-w256-d8-b4096
cudann,4096,rocblas,True,Clang 22.0.0 /usr/bin/hipcc (hipcc),AMD Radeon RX 7900 XTX,gpu,70253.21,double,3.1350961666666666,36.671930833333334,0.008159833333333333,5.4474488333333335,417.30515066666663,322.36795216666667,10.354341833333333,0.6405023333333334,0.010793333333333334,0.0,38.668925333333334,218.8055845,241.11894166666664,2,726.4615540572418,730.7798451546254,9b27fc33b12be505d44e4879d2d2f20ce41b4dee,v0.1.0-2-g4148ea4,307.90911319349107,207.375,78.875,ws-amd,e57223d63bae,29.30679626629638,0.0007644402503501624,256-256-256-256-256-256-256-256-256-16,True,0.2741770810025628,train,65536,"{""profile"": true}",18.810577,96,220.031585,12730848,427822080,0.048959,32.684693,2503.830904,,6,1934.207713,62.126051,5976,3.843014,0.06476,0.0,0,232.013552,1312.833507,1446.71365,239028.00248787907,1,0.222878258,294043.93496291596,58.35644591989235,,,32,2026-09-03T21:29:28+00:00,0.1.0,sweep-w256-d8-b4096
cudann,32,rocblas,True,Clang 22.0.0 /usr/bin/hipcc (hipcc),AMD Radeon RX 7900 XTX,gpu,70253.21,float,46.34540933333333,72.13068966666667,0.00872,29.957827166666664,613.2288816666667,326.9367395,4.962440166666666,16.760628333333333,0.019721833333333334,0.0,116.10670566666666,17.4337805,771.8728275,2,606.4873035619967,648.4739302711491,9b27fc33b12be505d44e4879d2d2f20ce41b4dee,v0.1.0-2-g4148ea4,861.890034144235,184.0,92.33333333333333,ws-amd,f91dec8bc3f2,14.522554042234162,0.033398815499822376,256-1024-1024-16,True,0.8037741024963907,train,65536,"{""profile"": true}",278.072456,12288,432.784138,15950112,214106112,0.05232,179.746963,3679.37329,,6,1961.620437,29.774641,245784,100.56377,0.118331,0.0,0,696.640234,104.602683,4631.236965,81535.34655627236,1,0.744752561,87997.01193642488,2547.979579883511,,,32,2026-09-03T21:29:35+00:00,0.1.0,sweep-w1024-d2-b32
cudann,32,rocblas,True,Clang 22.0.0 /usr/bin/hipcc (hipcc),AMD Radeon RX 7900 XTX,gpu,70253.21,double,44.797988833333335,173.818308,0.008626833333333334,30.787422833333334,2159.0471098333333,1525.0071761666668,10.522191833333332,16.779399333333334,0.01418,0.0,357.31181599999996,409.1291168333333,1699.762495,2,281.5867383050618,301.0807610125856,9b27fc33b12be505d44e4879d2d2f20ce41b4dee,v0.1.0-2-g4148ea4,2242.8230576823844,219.3921568627451,95.07843137254902,ws-amd,8a6fc6436f0d,7.261277021117081,0.0020181852523819543,256-1024-1024-16,True,1.731185179494787,train,65536,"{""profile"": true}",268.787933,12288,1042.909848,31900128,428212224,0.051761,184.724537,12954.282659,,6,9150.043057,63.133151,245784,100.676396,0.08508,0.0,0,2143.870896,2454.774701,10198.57497,37856.14663078702,1,1.693748769,38692.86944999102,1183.0045822120944,,,32,2026-09-03T21:29:58+00:00,0.1.0,sweep-w1024-d2-b32
cudann,256,rocblas,True,Clang 22.0.0 /usr/bin/hipcc (hipcc),AMD Radeon RX 7900 XTX,gpu,70253.21,float,6.758549666666667,8.890006,0.00796,4.791325666666666,116.65775316666667,73.45211166666667,4.948837666666667,2.5824396666666667,0.0358925,0.0,15.190630333333333,14.906911166666667,126.9257675,2,3452.1344246529757,3488.7133068000403,9b27fc33b12be505d44e4879d2d2f20ce41b4dee,v0.1.0-2-g4148ea4,148.0628571615889,174.2,70.8,ws-amd,95e261ac79bc,70.56709168184578,0.004412743746797787,256-1024-1024-16,True,0.14121083600184647,train,65536,"{""profile"": true}",40.551298,1536,53.340036,15950112,213934080,0.04776,28.747954,699.946519,,6,440.71267,29.693026,30744,15.494638,0.215355,0.0,0,91.143782,89.441467,761.554605,464100.3612438287,1,0.116131936,564323.6671779931,1812.892036108706,,,32,2026-09-03T21:30:01+00:00,0.1.0,sweep-w1024-d2-b256
cudann,256,rocblas,True,Clang 22.0.0 /usr/bin/hipcc (hipcc),AMD Radeon RX 7900 XTX,gpu,70253.21,double,7.758686,38.18594533333333,0.008340166666666668,8.879488166666667,969.7068965,807.8328448333333,10.188646,2.5380133333333332,0.150062,0.0,94.16487066666667,514.5971598333333,611.3101221666667,2,757.7064170342356,765.735088667889,9b27fc33b12be505d44e4879d2d2f20ce41b4dee,v0.1.0-2-g4148ea4,903.3191149752238,245.10526315789474,91.0,ws-amd,92ad7b7aae9b,35.28354584092289,0.0009400284980074503,256-1024-1024-16,True,0.6433610394960851,train,65536,"{""profile"": true}",46.552116,1536,229.115672,31900128,427868160,0.050041,53.276929,5818.241379,,6,4846.997069,61.131876,30744,15.22808,0.900372,0.0,0,564.989224,3087.582959,3667.860733,101865.04307337495,1,0.593817663,110363.84412836166,397.9103245053709,,,32,2026-09-03T21:30:08+00:00,0.1.0,sweep-w1024-d2-b256
cudann,4096,rocblas,True,Clang 22.0.0 /usr/bin/hipcc (hipcc),AMD Radeon RX 7900 XTX,gpu,70253.21,float,1.5139946666666668,6.5110025,0.009387,1.43492,56.31447466666666,39.590254,4.998738666666667,0.7841781666666666,0.012827,0.0,1.4591726666666667,28.692491333333333,38.038193,2,8824.545034201688,8848.753953994832,9b27fc33b12be505d44e4879d2d2f20ce41b4dee,v0.1.0-2-g4148ea4,31.785655423998833,128.0,35.0,ws-amd,f4940ff06c2f,146.05592208608232,0.001438133003830444,256-1024-1024-16,True,0.055241237503651064,train,65536,"{""profile"": true}",9.083968,96,39.066015,15950112,213911040,0.056322,8.60952,337.886848,,6,237.541524,29.992432,1944,4.705069,0.076962,0.0,0,8.755036,172.154948,228.229158,1186360.099113792,1,0.030818796,2126494.4938147487,289.6386960727031,,,32,2026-09-03T21:30:09+00:00,0.1.0,sweep-w1024-d2-b4096
cudann,4096,rocblas,True,Clang 22.0.0 /usr/bin/hipcc (hipcc),AMD Radeon RX 7900 XTX,gpu,70253.21,double,2.114636,333.94495516666666,0.008379833333333333,2.6219895,998.3240896666666,618.984837,10.1204085,0.6321698333333333,0.010147,0.0,29.886566833333333,461.636866,472.2810993333333,2,965.2204716454704,967.8684206207663,9b27fc33b12be505d44e4879d2d2f20ce41b4dee,v0.1.0-2-g4148ea4,773.5307827167562,267.4,89.6,ws-amd,8d1c46a1ab1d,73.02796104304116,0.0008792260014161002,256-1024-1024-16,True,0.5050439795013517,train,65536,"{""profile"": true}",12.687816,96,2003.669731,31900128,427822080,0.050279,15.731937,5989.944538,,6,3713.909022,60.722451,1944,3.793019,0.060882,0.0,0,179.319401,2769.821196,2833.686596,129762.95661361229,1,0.44955198,145780.69481531368,31.680409329495188,,,32,2026-09-03T21:30:15+00:00,0.1.0,sweep-w1024-d2-b4096
cudann,32,rocblas,True,Clang 22.0.0 /usr/bin/hipcc (hipcc),AMD Radeon RX 7900 XTX,gpu,70253.21,float,76.21672633333334,125.9890185,0.008380166666666666,59.718287333333336,1166.2837936666667,648.0250196666667,5.063459333333333,16.919802666666666,0.014986666666666667,0.0,234.328113,11.727437333333334,1430.1088291666667,2,900.3464481897528,959.6403245613669,9b27fc33b12be505d44e4879d2d2f20ce41b4dee,v0.1.0-2-g4148ea4,1828.6591234936204,215.27906976744185,94.69767441860465,ws-amd,58ace2e1da7c,14.855026354527755,0.027080274499894585,256-1024-1024-1024-1024-16,True,1.4573417950014118,train,65536,"{""profile"": true}",457.300358,12288,755.934111,41140512,214106112,0.050281,358.309724,6997.702762,,6,3888.150118,30.380756,417816,101.518816,0.08992,0.0,0,1405.968678,70.364624,8580.652975,44969.54676300662,1,1.449933723,45199.307361720006,1405.2983363439569,,,32,2026-09-03T21:30:26+00:00,0.1.0,sweep-w1024-d4-b32
cudann,32,rocblas,True,Clang 22.0.0 /usr/bin/hipcc (hipcc),AMD Radeon RX 7900 XTX,gpu,70253.21,double,77.15455866666666,229.30863666666667,0.008406666666666666,61.077541,5295.564539,3741.6077394999998,10.505945666666667,17.801192833333335,0.0140935,0.0,1158.0864245,493.0980676666666,3547.925051166667,2,366.3181946147703,390.44271444581136,9b27fc33b12be505d44e4879d2d2f20ce41b4dee,v0.1.0-2-g4148ea4,5351.113307953579,250.52336448598132,96.69158878504673,ws-amd,18aa7e9e4492,7.427513177263878,0.005071216750366148,256-1024-1024-1024-1024-16,True,3.5818928139997297,train,65536,"{""profile"": true}",462.927352,12288,1375.85182,82280928,428212224,0.05044,366.465246,31773.387234,,6,22449.646437,63.035674,417816,106.807157,0.084561,0.0,0,6948.518547,2958.588406,21287.550307,18296.471559353853,1,3.534883222,18539.792090478288,571.7647362298079,,,32,2026-09-03T21:31:24+00:00,0.1.0,sweep-w1024-d4-b32
cudann,256,rocblas,True,Clang 22.0.0 /usr/bin/hipcc (hipcc),AMD Radeon RX 7900 XTX,gpu,70253.21,double,13.682541,511.3654248333333,0.008239999999999999,31.8186505,2844.0462378333336,2155.2088066666665,10.241843333333334,2.658249833333333,0.16222433333333333,0.0,118.90025733333333,1336.7882066666666,1486.656867,2,880.3471690639789,888.8599187282936,9b27fc33b12be505d44e4879d2d2f20ce41b4dee,v0.1.0-2-g4148ea4,2516.497516880874,283.2,97.15555555555555,ws-amd,06d3a5f37c80,39.58896481903316,0.004695742500189226,256-1024-1024-1024-1024-16,True,1.4904489445034415,train,65536,"{""profile"": true}",82.095246,1536,3068.192549,82280928,427868160,0.04944,190.911903,17064.277427,,6,12931.25284,61.45106,52248,15.949499,0.973346,0.0,0,713.401544,8020.72924,8919.941202,43970.64404096982,1,1.467409647,44661.012099779386,171.76032828503836,,,32,2026-09-03T21:31:44+00:00,0.1.0,sweep-w1024-d4-b256
cudann,4096,rocblas,True,Clang 22.0.0 /usr/bin/hipcc (hipcc),AMD Radeon RX 7900 XTX,gpu,70253.21,float,2.5628111666666666,7.590484833333334,0.008793500000000001,2.5679491666666667,112.9262405,88.78854883333334,4.851011333333333,0.7592180000000001,0.012086833333333333,0.0,5.785336833333333,67.84289316666667,80.2636935,2,13720.936514981802,13750.364133935536,9b27fc33b12be505d44e4879d2d2f20ce41b4dee,v0.1.0-2-g4148ea4,80.89797643314523,179.33333333333334,57.666666666666664,ws-amd,d852082e84a7,188.48139780087362,0.0009299557495978661,256-1024-1024-1024-1024-16,True,0.09562849500071025,train,65536,"{""profile"": true}",15.376867,96,45.542909,41140512,213911040,0.052761,15.407695,677.557443,,6,532.731293,29.106068,3288,4.555308,0.072521,0.0,0,34.712021,407.057359,481.582161,685318.7431164032,1,0.072477332,904227.5452413176,167.31414626865313,,,32,2026-09-03T21:31:46+00:00,0.1.0,sweep-w1024-d4-b4096
cudann,4096,rocblas,True,Clang 22.0.0 /usr/bin/hipcc (hipcc),AMD Radeon RX 7900 XTX,gpu,70253.21,double,4.274307666666666,269.30488833333334,0.008246666666666668,7.335212666666667,2467.9504305,1660.2003171666665,10.309610666666666,0.6289238333333333,0.010326666666666666,0.0,515.8785968333333,1208.0450391666666,1224.0303895,2,1043.4879671184897,1045.725960585309,9b27fc33b12be505d44e4879d2d2f20ce41b4dee,v0.1.0-2-g4148ea4,2247.0532882303232,299.3421052631579,96.07894736842105,ws-amd,4a4a796e4f1d,94.24069890043681,0.003159164250973845,256-1024-1024-1024-1024-16,True,1.2574294580044807,train,65536,"{""profile"": true}",25.645846,96,1615.82933,82280928,427822080,0.04948,44.011276,14807.702583,,6,9961.201903,61.857664,3288,3.773543,0.06196,0.0,0,3095.271581,7248.270235,7344.182337,52119.02710153182,1,1.199734071,54625.43874024897,12.724371850959917,,,32,2026-09-03T21:31:58+00:00,0.1.0,sweep-w1024-d4-b4096
cudann,32,rocblas,True,Clang 22.0.0 /usr/bin/hipcc (hipcc),AMD Radeon RX 7900 XTX,gpu,70253.21,float,138.6474755,364.5102698333333,0.008433333333333333,123.4765855,2582.8850571666667,1277.9179456666668,4.9984535,17.572761166666666,0.13989516666666665,0.0,655.6132375,60.881611,2731.6924333333336,2,1072.6439948454292,1142.0938738065458,9b27fc33b12be505d44e4879d2d2f20ce41b4dee,v0.1.0-2-g4148ea4,3923.969133472441,237.3012048192771,95.01204819277109,ws-amd,3157a890eb61,14.967840410421658,0.022053780499845743,256-1024-1024-1024-1024-1024-1024-1024-1024-16,True,2.7608227564996923,train,65536,"{""profile"": true}",831.884853,12288,2187.061619,91521312,214106112,0.0506,740.859513,15497.310343,,6,7667.507674,29.990721,761880,105.436567,0.839371,0.0,0,3933.679425,365.289666,16390.1546,23737.851278468082,1,2.767342196,23681.9284925181,741.8078524521276,,,32,2026-09-03T21:32:19+00:00,0.1.0,sweep-w1024-d8-b32
cudann,32,rocblas,True,Clang 22.0.0 /usr/bin/hipcc (hipcc),AMD Radeon RX 7900 XTX,gpu,70253.21,double,140.31504683333333,1207.4149428333333,0.008507166666666666,207.51946033333334,10995.458745666665,6468.0468855,10.373222666666667,17.6919555,0.015520166666666666,0.0,2944.0732046666667,616.9478148333334,6945.125005499999,2,424.5831198281673,452.07336488869055,9b27fc33b12be505d44e4879d2d2f20ce41b4dee,v0.1.0-2-g4148ea4,11530.027483460115,275.39234449760767,97.4688995215311,ws-amd,2907116d886f,7.483920205210829,0.00647911674604984,256-1024-1024-1024-1024-1024-1024-1024-1024-16,True,6.974794362504326,train,65536,"{""profile"": true}",841.890281,12288,7244.489657,183042528,428212224,0.051043,1245.116762,65972.752474,,6,38808.281313,62.239336,761880,106.151733,0.093121,0.0,0,17664.439228,3701.686889,41670.750033,9396.119311031423,1,6.92249748,9467.103482426981,293.628728469732,,,32,2026-09-03T21:34:08+00:00,0.1.0,sweep-w1024-d8-b32
cudann,256,rocblas,True,Clang 22.0.0 /usr/bin/hipcc (hipcc),AMD Radeon RX 7900 XTX,gpu,70253.21,float,21.413084333333334,37.72829516666666,0.008273333333333332,18.093163166666667,561.8716733333333,377.2981355,5.102636333333334,2.710155,0.159294,0.0,99.3586365,170.0727345,511.844748,2,5605.459327690063,5657.953439653646,9b27fc33b12be505d44e4879d2d2f20ce41b4dee,v0.1.0-2-g4148ea4,809.4905347865206,264.0,90.0,ws-amd,ae60f4130935,82.49187989251081,0.0022715735030942596,256-1024-1024-1024-1024-1024-1024-1024-1024-16,True,0.5283028164994903,train,65536,"{""profile"": true}",128.478506,1536,226.369771,91521312,213934080,0.04964,108.558979,3371.23004,,6,2263.788813,30.615818,95256,16.26093,0.955764,0.0,0,596.151819,1020.436407,3071.068488,124050.06741065373,1,0.502877661,130321.9551842451,484.57057582286615,,,32,2026-09-03T21:34:14+00:00,0.1.0,sweep-w1024-d8-b256
cudann,256,rocblas,True,Clang 22.0.0 /usr/bin/hipcc (hipcc),AMD Radeon RX 7900 XTX,gpu,70253.21,double,24.910178333333334,1021.2878260000001,0.008506833333333333,106.91469533333333,6452.882630666667,4352.209343666666,10.1360145,2.6240663333333334,0.20416783333333333,0.0,934.5878318333333,2331.87722,3266.102104833333,2,897.4906938117826,905.8955317051731,9b27fc33b12be505d44e4879d2d2f20ce41b4dee,v0.1.0-2-g4148ea4,5929.845970381517,300.5050505050505,97.84848484848484,ws-amd,b7cffeb143cf,41.245939946255405,0.008504527002514806,256-1024-1024-1024-1024-1024-1024-1024-1024-16,True,3.299621902500803,train,65536,"{""profile"": true}",149.46107,1536,6127.726956,183042528,427868160,0.051041,641.488172,38717.295784,,6,26113.256062,60.816087,95256,15.744398,1.225007,0.0,0,5607.526991,13991.26332,19596.612629,19861.669590182402,1,3.24174197,20216.291304640756,77.58464683665001,,,32,2026-09-03T21:34:49+00:00,0.1.0,sweep-w1024-d8-b256
cudann,4096,rocblas,True,Clang 22.0.0 /usr/bin/hipcc (hipcc),AMD Radeon RX 7900 XTX,gpu,70253.21,float,4.839952333333334,16.514603166666667,0.008713666666666666,5.350925166666666,233.06734383333333,185.59777666666665,5.0617785,0.7258575,0.010953333333333334,0.0,14.9567835,129.1647955,157.01614700000002,2,18635.380511072115,18671.675481490907,9b27fc33b12be505d44e4879d2d2f20ce41b4dee,v0.1.0-2-g4148ea4,217.28762411897333,253.8,79.4,ws-amd,65fa573a265d,208.41207290974836,0.0022169532530824654,256-1024-1024-1024-1024-1024-1024-1024-1024-16,True,0.15891169750102563,train,65536,"{""profile"": true}",29.039714,96,99.087619,91521312,213911040,0.052282,32.105551,1398.404063,,6,1113.58666,30.370671,5976,4.355145,0.06572,0.0,0,89.740701,774.988773,942.096882,412405.13461620425,1,0.144757175,452730.5814029599,100.68484731840924,,,32,2026-09-03T21:34:51+00:00,0.1.0,sweep-w1024-d8-b4096
cudann,4096,rocblas,True,Clang 22.0.0 /usr/bin/hipcc (hipcc),AMD Radeon RX 7900 XTX,gpu,70253.21,double,8.014406,736.8757058333334,0.0083535,234.5621275,4949.5735958333335,3190.410597,10.368224833333334,0.626658,0.010540333333333334,0.0,768.6969828333334,2667.5457091666667,2701.248527333333,2,1082.8720872915512,1084.9811298384545,9b27fc33b12be505d44e4879d2d2f20ce41b4dee,v0.1.0-2-g4148ea4,5142.968460275035,317.60493827160496,98.23456790123457,ws-amd,59b188f8c902,104.20603645487418,0.006317351249890635,256-1024-1024-1024-1024-1024-1024-1024-1024-16,True,2.734745853500499,train,65536,"{""profile"": true}",48.086436,96,4421.254235,183042528,427822080,0.050121,1407.372765,29697.441575,,6,19142.463582,62.209349,5976,3.759948,0.063242,0.0,0,4612.181897,16005.274255,16207.491164,23964.201249674934,1,2.666322496,24579.17228629196,5.850635070721419,,,32,2026-09-03T21:35:16+00:00,0.1.0,sweep-w1024-d8-b4096
cudann,32,rocblas,True,Clang 22.0.0 /usr/bin/hipcc (hipcc),AMD Radeon RX 7900 XTX,gpu,70253.21,float,50.87744866666667,1004.0075298333333,0.008706666666666666,34.4545115,3959.5070281666667,1629.377412,5.1093255,17.677104166666666,0.19660466666666665,0.0,1217.7983851666665,729.7140175,2993.9976183333333,2,2290.9739269620372,2438.509109655627,9b27fc33b12be505d44e4879d2d2f20ce41b4dee,v0.1.0-2-g4148ea4,5659.602778841792,316.2,97.64444444444445,ws-amd,15d6aae9d0c9,15.568173427367823,0.0030527240014635026,256-4096-4096-16,True,3.010823211996467,train,65536,"{""profile"": true}",305.264692,12288,6024.045179,214794528,214106112,0.05224,206.727069,23757.042169,,6,9776.264472,30.655953,245784,106.062625,1.179628,0.0,0,7306.790311,4378.284105,17963.98571,21766.80442042404,1,2.973479701,22040.17063844755,680.2126381382512,,,32,2026-09-03T21:35:39+00:00,0.1.0,sweep-w4096-d2-b32
cudann,32,rocblas,True,Clang 22.0.0 /usr/bin/hipcc (hipcc),AMD Radeon RX 7900 XTX,gpu,70253.21,double,52.913649,1612.4510835,0.008853666666666668,76.84190983333333,19565.024395166667,12314.962107166668,10.198542,17.559814666666664,0.013866833333333333,0.0,5480.0745685,2837.3437061666664,11461.011993333334,2,600.055196158323,638.6978240597463,9b27fc33b12be505d44e4879d2d2f20ce41b4dee,v0.1.0-2-g4148ea4,22887.484439879154,332.0639534883721,99.01744186046511,ws-amd,ecac24cdc1dd,7.784086713683911,0.005238171499513555,256-4096-4096-16,True,11.495138316502562,train,65536,"{""profile"": true}",317.481894,12288,9674.706501,429588960,428212224,0.053122,461.051459,117390.146371,,6,73889.772643,61.191252,245784,105.358888,0.083201,0.0,0,32880.447411,17024.062237,68766.07196,5701.192816959472,1,11.423108517,5737.142381381441,178.1622755299835,,,32,2026-09-03T21:41:01+00:00,0.1.0,sweep-w4096-d2-b32
cudann,256,rocblas,True,Clang 22.0.0 /usr/bin/hipcc (hipcc),AMD Radeon RX 7900 XTX,gpu,70253.21,float,10.103008333333333,128.94453000000001,0.008700000000000001,7.9794434999999995,869.64129,548.5009014999999,4.9331265,2.7382121666666666,0.029863833333333336,0.0,166.40350416666666,500.32658416666663,607.8115458333333,2,11068.806832529808,11163.95100811722,9b27fc33b12be505d44e4879d2d2f20ce41b4dee,v0.1.0-2-g4148ea4,1134.1455914580074,308.4736842105263,92.0,ws-amd,23263ba3995a,104.75469775144914,0.0021180587500566617,256-4096-4096-16,True,0.6231672104986501,train,65536,"{""profile"": true}",60.61805,1536,773.66718,214794528,213934080,0.0522,47.876661,5217.84774,,6,3291.005409,29.598759,30744,16.429273,0.179183,0.0,0,998.421025,3001.959505,3646.869275,105165.99541166321,1,0.582271676,112552.27190546016,410.80466957680943,,,32,2026-09-03T21:41:08+00:00,0.1.0,sweep-w4096-d2-b256
cudann,256,rocblas,True,Clang 22.0.0 /usr/bin/hipcc (hipcc),AMD Radeon RX 7900 XTX,gpu,70253.21,double,12.318185833333333,859.7376211666666,0.009060166666666666,512.379954,11231.425123166666,8959.098419166667,10.506503499999999,2.6239241666666664,0.03802066666666667,0.0,874.7134345,6649.747722833334,6765.0475203333335,2,1014.5652453486308,1023.2861468250794,9b27fc33b12be505d44e4879d2d2f20ce41b4dee,v0.1.0-2-g4148ea4,13376.416273958122,327.671568627451,98.7843137254902,ws-amd,2bdfd30d7c98,52.37734887572457,0.005215938752371585,256-4096-4096-16,True,6.798692847994971,train,65536,"{""profile"": true}",73.909115,1536,5158.425727,429588960,427868160,0.054361,3074.279724,67388.550739,,6,53754.590515,63.039021,30744,15.743545,0.228124,0.0,0,5248.280607,39898.486337,40590.285122,9639.500042913025,1,6.71560654,9758.76112003429,37.654297042629004,,,32,2026-09-03T21:42:33+00:00,0.1.0,sweep-w4096-d2-b256
cudann,4096,rocblas,True,Clang 22.0.0 /usr/bin/hipcc (hipcc),AMD Radeon RX 7900 XTX,gpu,70253.21,float,4.930868,12.087703333333332,0.009293333333333332,9.816283499999999,452.95660833333335,405.1105625,5.0130175,0.7408975,0.01276,0.0,15.235222666666667,278.64345833333334,302.8691303333333,2,21820.91023990367,21845.39591995606,9b27fc33b12be505d44e4879d2d2f20ce41b4dee,v0.1.0-2-g4148ea4,553.6164795667792,290.4,85.7,ws-amd,78142a5df92a,450.06677613574163,0.003922197753126966,256-4096-4096-16,True,0.31610585450107465,train,65536,"{""profile"": true}",29.585208,96,72.52622,214794528,213911040,0.05576,58.897701,2717.73965,,6,2430.663375,30.078105,1944,4.445385,0.07656,0.0,0,91.411336,1671.86075,1817.214782,207322.9554809691,1,0.273291328,239802.70607049778,50.61595592797097,,,32,2026-09-03T21:42:37+00:00,0.1.0,sweep-w4096-d2-b4096
cudann,4096,rocblas,True,Clang 22.0.0 /usr/bin/hipcc (hipcc),AMD Radeon RX 7900 XTX,gpu,70253.21,double,13.284727333333334,99.64639766666666,0.012746500000000001,50.43784383333334,10296.462430166666,9891.70312,10.227141333333334,0.6205891666666666,0.011913333333333333,0.0,230.517951,6139.590987166666,6179.742781666667,2,1110.5345612017336,1111.7807142564757,9b27fc33b12be505d44e4879d2d2f20ce41b4dee,v0.1.0-2-g4148ea4,12364.156066318137,332.5483870967742,99.02150537634408,ws-amd,44232c437273,225.03338806787082,0.0056565342492831405,256-4096-4096-16,True,6.2111686735006515,train,65536,"{""profile"": true}",79.708364,96,597.878386,429588960,427822080,0.076479,302.627063,61778.774581,,6,59350.21872,61.362848,1944,3.723535,0.07148,0.0,0,1383.107706,36837.545923,37078.45669,10551.315452050592,1,6.125308743,10699.215786452318,2.576004749035789,,,32,2026-09-03T21:43:30+00:00,0.1.0,sweep-w4096-d2-b4096
cudann,32,rocblas,True,Clang 22.0.0 /usr/bin/hipcc (hipcc),AMD Radeon RX 7900 XTX,gpu,70253.21,float,84.981463,3352.217542,0.008633833333333334,96.23690983333334,14050.252346666666,5337.4157125,5.074251,17.9673755,0.21724533333333332,0.0,5156.133213666667,1003.415271,7164.832639,2,2799.2370588174776,2976.640230112685,9b27fc33b12be505d44e4879d2d2f20ce41b4dee,v0.1.0-2-g4148ea4,14352.861123406168,333.6372093023256,98.3953488372093,ws-amd,9fb217d06b45,15.689605816943157,0.0038564097485505044,256-4096-4096-4096-4096-16,True,7.177618968496972,train,65536,"{""profile"": true}",509.888778,12288,20113.305252,617546016,214106112,0.051803,577.421459,84301.51408,,6,32024.494275,30.445506,417816,107.804253,1.303472,0.0,0,30936.799282,6020.491626,42988.995834,9130.604492609831,1,7.115489857,9210.328637532622,285.3313903940572,,,32,2026-09-03T21:44:26+00:00,0.1.0,sweep-w4096-d4-b32
cudann,32,rocblas,True,Clang 22.0.0 /usr/bin/hipcc (hipcc),AMD Radeon RX 7900 XTX,gpu,70253.21,double,91.93781933333334,15232.495129,0.008440333333333333,345.09351999999996,73707.36527916667,37963.132895333336,10.078893833333334,17.879563666666666,0.23342383333333336,0.0,20046.505593833335,4258.740631833333,30043.334301,2,668.0347193764052,710.3717831057426,9b27fc33b12be505d44e4879d2d2f20ce41b4dee,v0.1.0-2-g4148ea4,60682.023922538356,336.25555555555553,99.42222222222222,ws-amd,791b7777d3be,7.8448029084715785,0.014348674005304929,256-4096-4096-4096-4096-16,True,30.076067048496043,train,65536,"{""profile"": true}",551.626916,12288,91394.970774,1235091936,428212224,0.050642,2070.56112,442244.191675,,6,227778.797372,60.473363,417816,107.277382,1.400543,0.0,0,120279.033563,25552.443791,180260.005806,2179.0083089762607,1,29.937241743,2189.1128301866283,68.09400965550815,,,32,2026-09-03T21:48:05+00:00,0.1.0,sweep-w4096-d4-b32
cudann,256,rocblas,True,Clang 22.0.0 /usr/bin/hipcc (hipcc),AMD Radeon RX 7900 XTX,gpu,70253.21,double,22.686137833333333,6306.9560101666675,0.0083465,2503.5140061666666,47406.14793116666,36589.81609016666,9.867594166666667,2.6538756666666665,0.16806949999999998,0.0,1970.477801,19092.133534,19320.086126666665,2,1038.5622372454582,1047.1785647949712,9b27fc33b12be505d44e4879d2d2f20ce41b4dee,v0.1.0-2-g4148ea4,38936.78790544171,335.6373056994819,99.50604490500864,ws-amd,b1e5abf7dd3a,55.25494267192655,0.008246183500887128,256-4096-4096-4096-4096-16,True,19.345838207998895,train,65536,"{""profile"": true}",136.116827,1536,37841.736061,1235091936,427868160,0.050079,15021.084037,284436.887587,,6,219538.896541,59.205565,52248,15.923254,1.008417,0.0,0,11822.866806,114552.801204,115920.51676,3387.601989398574,1,19.211780203,3411.240359171207,13.23282027108818,,,32,2026-09-03T21:50:43+00:00,0.1.0,sweep-w4096-d4-b256
cudann,4096,rocblas,True,Clang 22.0.0 /usr/bin/hipcc (hipcc),AMD Radeon RX 7900 XTX,gpu,70253.21,float,9.783055833333334,23.3165525,0.00894,14.618838666666667,1442.6468408333333,1163.6860021666666,4.911527833333333,0.7509121666666667,0.012846999999999999,0.0,225.55816466666667,762.8446049999999,820.520566,2,24060.61140927963,24082.740644600497,9b27fc33b12be505d44e4879d2d2f20ce41b4dee,v0.1.0-2-g4148ea4,1529.2877166245598,313.12,92.28,ws-amd,1ee828ed2f9b,579.7956911159525,0.0004483164993871469,256-4096-4096-4096-4096-16,True,0.835051805996045,train,65536,"{""profile"": true}",58.698335,96,139.899315,617546016,213911040,0.05364,87.713032,8655.881045,,6,6982.116013,29.469167,3288,4.505473,0.077082,0.0,0,1353.348988,4577.06763,4923.123396,78481.3583174388,1,0.762937018,85899.62009157616,19.160487870468458,,,32,2026-09-03T21:50:53+00:00,0.1.0,sweep-w4096-d4-b4096
cudann,4096,rocblas,True,Clang 22.0.0 /usr/bin/hipcc (hipcc),AMD Radeon RX 7900 XTX,gpu,70253.21,double,24.96605483333333,146.30336533333335,0.008233333333333334,72.27151216666667,37309.30999283333,29136.812319333334,10.146222666666667,0.6640638333333333,0.011040166666666665,0.0,7918.127181166667,17787.697120833334,17885.218847,2,1121.6508749852871,1122.6824895082177,9b27fc33b12be505d44e4879d2d2f20ce41b4dee,v0.1.0-2-g4148ea4,36010.56581480502,335.4514925373134,99.54477611940298,ws-amd,5954c543cd11,289.89784555797627,0.00476203149810317,256-4096-4096-4096-4096-16,True,17.912754724995466,train,65536,"{""profile"": true}",149.796329,96,877.820192,1235091936,427822080,0.0494,433.629073,223855.859957,,6,174820.873916,60.877336,3288,3.984383,0.066241,0.0,0,47508.763087,106726.182725,107311.313082,3658.6220827637994,1,17.769807284,3688.053502921715,0.8932182819247557,,,32,2026-09-03T21:53:06+00:00,0.1.0,sweep-w4096-d4-b4096
cudann,32,rocblas,True,Clang 22.0.0 /usr/bin/hipcc (hipcc),AMD Radeon RX 7900 XTX,gpu,70253.21,float,155.63237516666666,10427.4374835,0.008506666666666668,173.68374766666668,35932.223039666664,8905.613951166666,5.0649679999999995,18.024341500000002,0.18350599999999997,0.0,16246.574159999998,1414.7939951666667,15811.558531666667,2,2936.9390310730623,3122.1774761378056,9b27fc33b12be505d44e4879d2d2f20ce41b4dee,v0.1.0-2-g4148ea4,31799.206353748785,334.71729957805906,98.59704641350211,ws-amd,7ccf43167c31,15.72601270089048,0.012847177749790717,256-4096-4096-4096-4096-4096-4096-4096-4096-16,True,15.82604731850006,train,65536,"{""profile"": true}",933.794251,12288,62564.624901,1423048992,214106112,0.05104,1042.102486,215593.338238,,6,53433.683707,30.389808,761880,108.146049,1.101036,0.0,0,97479.44496,8488.763971,94869.35119,4141.021360614211,1,15.711739792,4171.14850854195,129.40691751919408,,,32,2026-09-03T21:55:07+00:00,0.1.0,sweep-w4096-d8-b32
cudann,32,rocblas,True,Clang 22.0.0 /usr/bin/hipcc (hipcc),AMD Radeon RX 7900 XTX,gpu,70253.21,double,178.1015401666667,33105.46666716667,0.008666666666666666,405.1479421666666,166545.66646216667,74518.87704216667,10.036618666666667,17.8841715,0.215095,0.0,58309.92871866666,6180.116523166666,68393.57762983334,2,679.5630678205802,722.4244294881795,9b27fc33b12be505d44e4879d2d2f20ce41b4dee,v0.1.0-2-g4148ea4,138314.07691937455,336.98339032730826,99.58622374206155,ws-amd,1aa9c2eacb94,7.86300635044524,0.06463262625038624,256-4096-4096-4096-4096-4096-4096-4096-4096-16,True,68.39708965700265,train,65536,"{""profile"": true}",1068.609241,12288,198632.800003,2846097888,428212224,0.052,2430.887653,999273.998773,,6,447113.262253,60.219712,761880,107.305029,1.29057,0.0,0,349859.572312,37080.699139,410361.465779,958.1694240010733,1,68.139705896,961.7887124436086,29.94279450003354,,,32,2026-09-03T22:03:25+00:00,0.1.0,sweep-w4096-d8-b32
cudann,256,rocblas,True,Clang 22.0.0 /usr/bin/hipcc (hipcc),AMD Radeon RX 7900 XTX,gpu,70253.21,float,39.38493333333333,1292.8510233333334,0.008934,61.68133583333333,6730.279518166666,3002.503209666667,4.935747666666667,2.827704,0.20905516666666668,0.0,2325.8775751666667,2354.6220184999997,3379.1646491666665,2,13690.725117058893,13803.092644283453,9b27fc33b12be505d44e4879d2d2f20ce41b4dee,v0.1.0-2-g4148ea4,6631.856097222895,325.47058823529414,96.1470588235294,ws-amd,dbfc702e21a1,112.34175765132852,0.0029402477521216497,256-4096-4096-4096-4096-4096-4096-4096-4096-16,True,3.3950090794969583,train,65536,"{""profile"": true}",236.3096,1536,7757.10614,1423048992,213934080,0.053604,370.088015,40381.677109,,6,18015.019258,29.614486,95256,16.966224,1.254331,0.0,0,13955.265451,14127.732111,20274.987895,19303.63026001407,1,3.268814744,20048.857195193807,75.40480570317996,,,32,2026-09-03T22:03:59+00:00,0.1.0,sweep-w4096-d8-b256
cudann,256,rocblas,True,Clang 22.0.0 /usr/bin/hipcc (hipcc),AMD Radeon RX 7900 XTX,gpu,70253.21,double,76.40493500000001,12332.3763435,0.008453333333333334,2533.2072668333335,99864.86200066668,64910.41802183333,9.861533333333332,2.63918,0.012773333333333333,0.0,19999.9334935,32227.63685883333,44608.10656766666,2,1041.2388903316387,1049.784927035774,9b27fc33b12be505d44e4879d2d2f20ce41b4dee,v0.1.0-2-g4148ea4,90016.31045386315,336.2898876404494,99.59550561797752,ws-amd,5e7e613e0ce2,56.17087882566426,0.0041346660000272095,256-4096-4096-4096-4096-4096-4096-4096-4096-16,True,44.63926242949674,train,65536,"{""profile"": true}",458.42961,1536,73994.258061,2846097888,427868160,0.05072,15199.243601,599189.172004,,6,389462.508131,59.1692,95256,15.83508,0.07664,0.0,0,119999.600961,193365.821153,267648.639406,1468.1246157126268,1,44.391744526,1476.310532504888,5.734861780127448,,,32,2026-09-03T22:09:27+00:00,0.1.0,sweep-w4096-d8-b256
cudann,4096,rocblas,True,Clang 22.0.0 /usr/bin/hipcc (hipcc),AMD Radeon RX 7900 XTX,gpu,70253.21,float,24.24820366666667,85.1277515,0.015006833333333332,145.88492716666667,3281.5008865,2267.8540425,4.992232333333333,0.7447196666666667,0.014386833333333333,0.0,752.619616,1763.9698695,1885.8820855000001,2,24423.94405664287,24444.94030568853,9b27fc33b12be505d44e4879d2d2f20ce41b4dee,v0.1.0-2-g4148ea4,3641.2176276384344,321.36842105263156,94.64912280701755,ws-amd,8d765d678674,634.038677194187,0.0039872687484603375,256-4096-4096-4096-4096-4096-4096-4096-4096-16,True,1.9030561145045795,train,65536,"{""profile"": true}",145.489222,96,510.766509,1423048992,213911040,0.090041,875.309563,19689.005319,,6,13607.124255,29.953394,5976,4.468318,0.086321,0.0,0,4515.717696,10583.819217,11315.292513,34437.23992188266,1,1.774524261,36931.58861804933,8.407529277803384,,,32,2026-09-03T22:09:51+00:00,0.1.0,sweep-w4096-d8-b4096
cudann,4096,rocblas,True,Clang 22.0.0 /usr/bin/hipcc (hipcc),AMD Radeon RX 7900 XTX,gpu,70253.21,double,52.0714245,6958.149402833334,0.0084665,3937.866015833333,78133.2785535,52714.388676333336,9.710926333333333,0.6478301666666667,0.011873833333333333,0.0,14460.423937166668,40995.616410333336,41213.67036016667,2,1126.8535793135784,1127.822288475964,9b27fc33b12be505d44e4879d2d2f20ce41b4dee,v0.1.0-2-g4148ea4,82668.25551607486,334.1442463533225,99.57536466774717,ws-amd,93cfa746fea3,317.0193385970935,0.01151386600031401,256-4096-4096-4096-4096-4096-4096-4096-4096-16,True,41.247715702003916,train,65536,"{""profile"": true}",312.428547,96,41748.896417,2846097888,427822080,0.050799,23627.196095,468799.671321,,6,316286.332058,58.265558,5976,3.886981,0.071243,0.0,0,86762.543623,245973.698462,247282.022161,1588.8395001911852,1,40.995473677,1598.6155085401087,0.38790026860136356,,,32,2026-09-03T22:14:54+00:00,0.1.0,sweep-w4096-d8-b4096
syclnn,32,auto,True,AdaptiveCpp 25.10.0 $HOME/.local/opt/fnn-rocm/acpp/bin/acpp / host Clang 18.1.3 $HOME/.local/opt/fnn-rocm/acpp/bin/acpp,AMD Radeon RX 7900 XTX,gpu,70253211,float,48.476292,171.937994,0.40292666666666666,31.5942355,1254.8835763333334,868.066609,14.860398666666667,17.263663166666667,0.021273666666666666,0.0,102.26018366666666,5.321511,2261.2529085,2,213.81945312500827,228.6220013544406,b7cfabde7a2004ca725f7f91e4d9e5f1a2754a27,v0.2.0-2-gf0e5dc0,2161.2497719336534,157.07246376811594,82.46376811594203,ws-amd,908e92e14641,14.522554042234162,0.021115060753800208,256-1024-1024-16,True,2.2798617290027323,train,65536,"{""profile"": true}",290.857752,12288,1031.627964,15950112,213909504,2.41756,189.565413,7529.301458,,6,5208.399654,89.162392,245796,103.581979,0.127642,0.0,0,613.561102,31.929066,13567.517451,28745.602931221212,1,2.255359717,29057.89240892077,898.3000916006629,,,32,2026-09-03T19:13:49+00:00,0.2.0,sweep-w1024-d2-b32
syclnn,256,auto,True,AdaptiveCpp 25.10.0 $HOME/.local/opt/fnn-rocm/acpp/bin/acpp / host Clang 18.1.3 $HOME/.local/opt/fnn-rocm/acpp/bin/acpp,AMD Radeon RX 7900 XTX,gpu,70253211,float,7.204741166666667,22.446314,0.43411483333333334,5.131019833333333,206.733027,139.3958235,15.708522666666667,2.255882,0.022367333333333333,0.0,14.134241666666666,1.2668643333333334,336.935904,2,1375.2858769682955,1389.858432327927,b7cfabde7a2004ca725f7f91e4d9e5f1a2754a27,v0.2.0-2-gf0e5dc0,326.38176732457214,156.8181818181818,73.63636363636364,ws-amd,7b8168151758,70.56709168184578,0.0062019607503316365,256-1024-1024-16,True,0.3544563325049239,train,65536,"{""profile"": true}",43.228447,1536,134.677884,15950112,213909504,2.604689,30.786119,1240.398162,,6,836.374941,94.251136,30756,13.535292,0.134204,0.0,0,84.80545,7.601186,2021.615424,184891.60438144975,1,0.311651254,210286.3349941791,722.2328296150381,,,32,2026-09-03T19:13:55+00:00,0.2.0,sweep-w1024-d2-b256
syclnn,4096,auto,True,AdaptiveCpp 25.10.0 $HOME/.local/opt/fnn-rocm/acpp/bin/acpp / host Clang 18.1.3 $HOME/.local/opt/fnn-rocm/acpp/bin/acpp,AMD Radeon RX 7900 XTX,gpu,70253211,float,1.4134393333333335,2.2880356666666666,0.42405699999999996,1.1251703333333334,55.12365083333333,32.96652916666667,15.676544166666666,0.15878966666666666,0.015886833333333333,0.0,1.0551986666666666,0.07302716666666667,62.446394166666664,2,6095.237765256367,6111.959207733837,b7cfabde7a2004ca725f7f91e4d9e5f1a2754a27,v0.2.0-2-gf0e5dc0,60.90899706874916,139.0,43.333333333333336,ws-amd,db9b1ab6696a,146.05592208608232,0.0014572122527169995,256-1024-1024-16,True,0.07997699300176464,train,65536,"{""profile"": true}",8.480636,96,13.728214,15950112,213909504,2.544342,6.751022,330.741905,,6,197.799175,94.059265,1956,0.952738,0.095321,0.0,0,6.331192,0.438163,374.678365,819435.6594346325,1,0.04481395,1462401.7744474655,200.05753404165833,,,32,2026-09-03T19:13:58+00:00,0.2.0,sweep-w1024-d2-b4096
syclnn,32,auto,True,AdaptiveCpp 25.10.0 $HOME/.local/opt/fnn-rocm/acpp/bin/acpp / host Clang 18.1.3 $HOME/.local/opt/fnn-rocm/acpp/bin/acpp,AMD Radeon RX 7900 XTX,gpu,70253211,float,82.01590483333334,288.4952123333333,1.3175631666666667,63.9831935,2244.808486666667,1572.5020756666665,17.384740333333333,17.329543666666666,0.02020716666666667,0.0,201.760046,9.867653333333333,3997.3750226666666,2,327.09420895077704,348.63556519913396,b7cfabde7a2004ca725f7f91e4d9e5f1a2754a27,v0.2.0-2-gf0e5dc0,4145.570818150132,172.775,82.48333333333333,ws-amd,0a716f592f66,14.855026354527755,0.1570128185012436,256-1024-1024-1024-1024-16,True,4.011420786497183,train,65536,"{""profile"": true}",492.095429,12288,1730.971274,41140512,213909504,7.905379,383.899161,13468.85092,,6,9435.012454,104.308442,417840,103.977262,0.121243,0.0,0,1210.560276,59.20592,23984.250136,16337.353643028498,1,3.970040403,16507.6405646847,510.5423013446406,,,32,2026-09-03T19:15:02+00:00,0.2.0,sweep-w1024-d4-b32
syclnn,4096,auto,True,AdaptiveCpp 25.10.0 $HOME/.local/opt/fnn-rocm/acpp/bin/acpp / host Clang 18.1.3 $HOME/.local/opt/fnn-rocm/acpp/bin/acpp,AMD Radeon RX 7900 XTX,gpu,70253211,float,2.6020015,3.9239305000000004,0.9924641666666667,2.616140833333333,101.55936116666668,73.11167783333333,15.654649833333332,0.15976983333333333,0.015393666666666667,0.0,2.483333,0.13414516666666668,117.31172483333334,2,9701.911617965665,9722.719538613395,b7cfabde7a2004ca725f7f91e4d9e5f1a2754a27,v0.2.0-2-gf0e5dc0,116.86271876344108,176.5,56.25,ws-amd,ff67617c0bd7,188.48139780087362,0.0028279192483751103,256-1024-1024-1024-1024-16,True,0.13524267799948575,train,65536,"{""profile"": true}",15.612009,96,23.543583,41140512,213909504,5.954785,15.696845,609.356167,,6,438.670067,93.927899,3312,0.958619,0.092362,0.0,0,14.899998,0.804871,703.870349,484580.7622964195,1,0.095124929,688946.6377420371,118.30585017002429,,,32,2026-09-03T19:15:17+00:00,0.2.0,sweep-w1024-d4-b4096
syclnn,32,auto,True,AdaptiveCpp 25.10.0 $HOME/.local/opt/fnn-rocm/acpp/bin/acpp / host Clang 18.1.3 $HOME/.local/opt/fnn-rocm/acpp/bin/acpp,AMD Radeon RX 7900 XTX,gpu,70253211,float,148.30163583333334,523.4355313333333,2.2060418333333334,129.88135300000002,4341.897698,2974.8460843333337,16.7532035,17.931406666666668,0.0273535,0.0,528.515088,36.42607566666667,7301.707779666667,2,405.6655094092174,431.93090656107466,450e7487cece54a42bad993244dd05d0e90a3bc7,v0.2.0-2-gf0e5dc0,8056.839343678017,183.675799086758,83.71689497716895,ws-amd,b43389803c9b,14.967840410421658,0.05861840400029905,256-1024-1024-1024-1024-1024-1024-1024-1024-16,True,7.300053570994351,train,65536,"{""profile"": true}",889.809815,12288,3140.613188,91521312,213909504,13.236251,779.288118,26051.386188,,6,17849.076506,100.519221,761928,107.58844,0.164121,0.0,0,3171.090528,218.556454,43810.246678,8977.46836549218,1,6.93565556,9449.14282911708,280.5458864216306,,,32,2026-09-03T19:17:13+00:00,0.2.0,sweep-w1024-d8-b32
syclnn,256,auto,True,AdaptiveCpp 25.10.0 $HOME/.local/opt/fnn-rocm/acpp/bin/acpp / host Clang 18.1.3 $HOME/.local/opt/fnn-rocm/acpp/bin/acpp,AMD Radeon RX 7900 XTX,gpu,70253211,float,22.572936833333333,66.9546295,2.074164833333333,18.686024166666666,731.7624023333333,531.8905443333333,15.425193499999999,2.2579083333333334,0.018846833333333333,0.0,71.882154,2.198909,1106.2135751666667,2,2701.1711155531193,2726.4670941131976,450e7487cece54a42bad993244dd05d0e90a3bc7,v0.2.0-2-gf0e5dc0,1421.7020121082605,212.23529411764707,81.91176470588235,ws-amd,774d11d6beb3,82.49187989251081,0.06242386674784939,256-1024-1024-1024-1024-1024-1024-1024-1024-16,True,1.0963318590002018,train,65536,"{""profile"": true}",135.437621,1536,401.727777,91521312,213909504,12.444989,112.116145,4390.574414,,6,3191.343266,92.551161,95304,13.54745,0.113081,0.0,0,431.292924,13.193454,6637.281451,59777.520339293485,1,1.0744263,60996.27308080601,233.50593882536518,,,32,2026-09-03T19:17:31+00:00,0.2.0,sweep-w1024-d8-b256
syclnn,4096,auto,True,AdaptiveCpp 25.10.0 $HOME/.local/opt/fnn-rocm/acpp/bin/acpp / host Clang 18.1.3 $HOME/.local/opt/fnn-rocm/acpp/bin/acpp,AMD Radeon RX 7900 XTX,gpu,70253211,float,4.858590333333333,6.972600166666666,1.9162106666666665,5.502358999999999,189.9040203333333,149.50759866666667,15.702275833333333,0.15836916666666667,0.016793333333333334,0.0,5.2692231666666665,0.2764775,217.32605316666664,2,12651.304162139188,12675.944319610142,450e7487cece54a42bad993244dd05d0e90a3bc7,v0.2.0-2-gf0e5dc0,287.2837406850522,226.28571428571428,73.0,ws-amd,b5d702a01ea0,208.41207290974836,0.0016456807497888803,256-1024-1024-1024-1024-1024-1024-1024-1024-16,True,0.2340770494993194,train,65536,"{""profile"": true}",29.151542,96,41.835601,91521312,213909504,11.497264,33.014154,1139.424122,,6,897.045592,94.213655,6024,0.950215,0.10076,0.0,0,31.615339,1.658865,1303.956319,279976.18792691827,1,0.189766776,345350.2313808609,68.35356150559528,,,32,2026-09-03T19:17:38+00:00,0.2.0,sweep-w1024-d8-b4096
syclnn,32,auto,True,AdaptiveCpp 25.10.0 $HOME/.local/opt/fnn-rocm/acpp/bin/acpp / host Clang 18.1.3 $HOME/.local/opt/fnn-rocm/acpp/bin/acpp,AMD Radeon RX 7900 XTX,gpu,70253211,float,53.83973733333334,181.0886651666667,3.6612666666666667,35.424415833333335,3310.657332,1781.8463328333335,15.001929666666667,18.428593833333334,0.021667166666666668,0.0,1221.3447235,6.023539166666667,4179.601270333334,2,1635.9684756016638,1741.3223188245356,13a13aa005e3d1f22bfc141d3197090bfac6293d,v0.2.0-2-gf0e5dc0,6735.875245437113,267.12698412698415,89.83333333333333,ws-amd,92367d2efafd,15.568173427367823,0.10058467675116844,256-4096-4096-16,True,4.216289971504011,train,65536,"{""profile"": true}",323.038424,12288,1086.531991,214794528,213909504,21.9676,212.546495,19863.943992,,6,10691.077997,90.011578,245796,110.571563,0.130003,0.0,0,7328.068341,36.141235,25077.607622,15543.522965196431,1,4.070683759,16099.506589059994,485.73509266238847,,,32,2026-09-03T19:22:11+00:00,0.2.0,sweep-w4096-d2-b32
syclnn,256,auto,True,AdaptiveCpp 25.10.0 $HOME/.local/opt/fnn-rocm/acpp/bin/acpp / host Clang 18.1.3 $HOME/.local/opt/fnn-rocm/acpp/bin/acpp,AMD Radeon RX 7900 XTX,gpu,70253211,float,10.488105666666668,23.135422833333333,3.513008166666667,7.6999345,670.311934,460.1926615,15.049349666666666,2.2875058333333333,0.0201135,0.0,147.92583233333332,1.244563,774.0223546666666,2,8715.599233099441,8790.515935173098,13a13aa005e3d1f22bfc141d3197090bfac6293d,v0.2.0-2-gf0e5dc0,1343.9331882872211,287.0416666666667,87.375,ws-amd,a9075f8532aa,104.75469775144914,0.0018709442483668681,256-4096-4096-16,True,0.7914220574966748,train,65536,"{""profile"": true}",62.928634,1536,138.812537,214794528,213909504,21.078049,46.199607,4021.871604,,6,2761.155969,90.296098,30756,13.725035,0.120681,0.0,0,887.554994,7.467378,4644.134128,82807.90177531203,1,0.743968851,88089.70955156293,323.4683663098126,,,32,2026-09-03T19:22:53+00:00,0.2.0,sweep-w4096-d2-b256
syclnn,4096,auto,True,AdaptiveCpp 25.10.0 $HOME/.local/opt/fnn-rocm/acpp/bin/acpp / host Clang 18.1.3 $HOME/.local/opt/fnn-rocm/acpp/bin/acpp,AMD Radeon RX 7900 XTX,gpu,70253211,float,5.081521333333334,2.8990310000000004,3.2099948333333335,7.0480355,312.4117303333333,266.92643400000003,15.660824499999999,0.16107916666666666,0.019647,0.0,11.405163,0.090657,326.15058400000004,2,20093.986867251122,20116.53473202849,13a13aa005e3d1f22bfc141d3197090bfac6293d,v0.2.0-2-gf0e5dc0,570.9778348301697,275.6363636363636,82.27272727272727,ws-amd,d0f5592c745d,450.06677613574163,0.0006070787494536489,256-4096-4096-16,True,0.3432727175022592,train,65536,"{""profile"": true}",30.489128,96,17.394186,214794528,213909504,19.259969,42.288213,1874.470382,,6,1601.558604,93.964947,1956,0.966475,0.117882,0.0,0,68.430978,0.543942,1956.903504,190915.25967125158,1,0.285200061,229789.57216983204,46.610170818176655,,,32,2026-09-03T19:23:04+00:00,0.2.0,sweep-w4096-d2-b4096
syclnn,32,auto,True,AdaptiveCpp 25.10.0 $HOME/.local/opt/fnn-rocm/acpp/bin/acpp / host Clang 18.1.3 $HOME/.local/opt/fnn-rocm/acpp/bin/acpp,AMD Radeon RX 7900 XTX,gpu,70253211,float,89.95170383333334,303.1346735,10.312274,69.01104783333334,8415.390467833333,3984.8679453333334,15.947155,18.2624815,0.020040333333333334,0.0,3923.8831465000003,9.637572166666667,9278.522714833334,2,2170.6263859297433,2308.1910138872145,9b27fc33b12be505d44e4879d2d2f20ce41b4dee,v0.2.0-2-gf0e5dc0,17051.984733622412,306.068345323741,93.68345323741008,ws-amd,3f019261064c,15.689605816943157,0.08976264450029703,256-4096-4096-4096-4096-16,True,9.256248399506148,train,65536,"{""profile"": true}",539.710223,12288,1818.808041,617546016,213909504,61.873644,414.066287,50492.342807,,6,23909.207672,95.68293,417840,109.574889,0.120242,0.0,0,23543.298879,57.825433,55671.136289,7080.190285677355,1,9.130508623,7177.694332921719,221.25594642741734,,,32,2026-09-03T19:35:54+00:00,0.2.0,sweep-w4096-d4-b32
syclnn,32,auto,True,AdaptiveCpp 25.10.0 $HOME/.local/opt/fnn-rocm/acpp/bin/acpp / host Clang 18.1.3 $HOME/.local/opt/fnn-rocm/acpp/bin/acpp,AMD Radeon RX 7900 XTX,gpu,70253211,double,98.4216715,304.94695866666666,17.8772305,76.89907483333333,36727.746036000004,27977.599851000003,30.10376666666667,17.910223666666667,0.018067,0.0,8203.969192166667,18.676690166666667,32451.383979000002,2,618.4426050582573,657.6367415662073,9b27fc33b12be505d44e4879d2d2f20ce41b4dee,v0.2.0-2-gf0e5dc0,64729.34642694807,332.1039094650206,97.45781893004116,ws-amd,8311f37c3911,7.8448029084715785,0.01447397824813379,256-4096-4096-4096-4096-16,True,32.48782804799703,train,65536,"{""profile"": true}",590.530029,12288,1829.681752,1235091936,427819008,107.263383,461.394449,220366.476216,,6,167865.599106,180.6226,417840,107.461342,0.108402,0.0,0,49223.815153,112.060141,194708.303874,2017.2478105701034,1,32.374390686,2024.3160909385217,63.03899408031573,,,32,2026-09-03T19:51:15+00:00,0.2.0,sweep-w4096-d4-b32
syclnn,256,auto,True,AdaptiveCpp 25.10.0 $HOME/.local/opt/fnn-rocm/acpp/bin/acpp / host Clang 18.1.3 $HOME/.local/opt/fnn-rocm/acpp/bin/acpp,AMD Radeon RX 7900 XTX,gpu,70253211,double,24.926257833333334,46.77613433333334,16.7502585,28.517140833333332,23744.524422333332,19063.205849166665,31.820677500000002,2.280127166666667,0.0180335,0.0,4530.2299434999995,3.0955616666666668,19796.998334166667,2,1012.9478797516608,1021.3517003504854,9b27fc33b12be505d44e4879d2d2f20ce41b4dee,v0.2.0-2-gf0e5dc0,39316.41569674467,330.17676767676767,98.996632996633,ws-amd,7f0dce00e903,55.25494267192655,0.008025901250221068,256-4096-4096-4096-4096-16,True,19.835035358002642,train,65536,"{""profile"": true}",149.557547,1536,280.656806,1235091936,427819008,100.501551,171.102845,142467.146534,,6,114379.235095,190.924065,52272,13.680763,0.108201,0.0,0,27181.379661,18.57337,118781.990005,3304.0525926543837,1,19.674303278,3331.0455305059268,12.906455440056186,,,32,2026-09-03T19:57:08+00:00,0.2.0,sweep-w4096-d4-b256
syclnn,4096,auto,True,AdaptiveCpp 25.10.0 $HOME/.local/opt/fnn-rocm/acpp/bin/acpp / host Clang 18.1.3 $HOME/.local/opt/fnn-rocm/acpp/bin/acpp,AMD Radeon RX 7900 XTX,gpu,70253211,float,10.161043000000001,7.175704499999999,9.709897666666667,14.7808595,959.9755301666668,739.0995318333333,15.102767833333333,0.15987566666666667,0.016046833333333333,0.0,163.76980333333333,0.16254749999999998,851.5048976666667,2,23148.15214490785,23169.44216523794,9b27fc33b12be505d44e4879d2d2f20ce41b4dee,v0.2.0-2-gf0e5dc0,1561.6785486331064,306.6923076923077,90.53846153846153,ws-amd,db268ccff7ac,579.7956911159525,0.0009873557464743499,256-4096-4096-4096-4096-16,True,0.8679680729983374,train,65536,"{""profile"": true}",60.966258,96,43.054227,617546016,213909504,58.259386,88.685157,5759.853181,,6,4434.597191,90.616607,3312,0.959254,0.096281,0.0,0,982.61882,0.975285,5109.029386,75505.08139499911,1,0.783569037,83637.81224806105,18.433857762450955,,,32,2026-09-03T19:57:36+00:00,0.2.0,sweep-w4096-d4-b4096
syclnn,4096,auto,True,AdaptiveCpp 25.10.0 $HOME/.local/opt/fnn-rocm/acpp/bin/acpp / host Clang 18.1.3 $HOME/.local/opt/fnn-rocm/acpp/bin/acpp,AMD Radeon RX 7900 XTX,gpu,70253211,double,27.429012166666666,12.2171995,16.649479333333336,32.75556566666666,21325.422939333333,17755.0400485,31.037496833333336,0.15231483333333332,0.014940333333333333,0.0,3450.1268821666667,0.15330433333333335,17965.858847,2,1116.0569387101714,1117.0834083292548,9b27fc33b12be505d44e4879d2d2f20ce41b4dee,v0.2.0-2-gf0e5dc0,35503.54241072644,328.6734693877551,99.26530612244898,ws-amd,0c692f0a0f5f,289.89784555797627,0.002781728751870105,256-4096-4096-4096-4096-16,True,18.002537607004342,train,65536,"{""profile"": true}",164.574073,96,73.303197,1235091936,427819008,99.896876,196.533394,127952.537636,,6,106530.240291,186.224981,3312,0.913889,0.089642,0.0,0,20700.761293,0.919826,107795.153082,3640.375675399315,1,17.831193643,3675.3568668538073,0.8887635926267858,,,32,2026-09-03T20:00:07+00:00,0.2.0,sweep-w4096-d4-b4096
syclnn,32,auto,True,AdaptiveCpp 25.10.0 $HOME/.local/opt/fnn-rocm/acpp/bin/acpp / host Clang 18.1.3 $HOME/.local/opt/fnn-rocm/acpp/bin/acpp,AMD Radeon RX 7900 XTX,gpu,70253211,float,163.30607733333332,560.4411056666667,23.21648666666667,141.70301083333334,18834.878189166666,8497.593854166667,15.320415500000001,18.141241333333333,0.01730016666666667,0.0,9415.1386975,35.4339205,20088.288513166666,2,2306.364648956642,2451.831543844455,9b27fc33b12be505d44e4879d2d2f20ce41b4dee,v0.2.0-2-gf0e5dc0,37995.054832971015,314.7591362126246,93.42524916943522,ws-amd,edc983f86a97,15.72601270089048,0.08943324074789416,256-4096-4096-4096-4096-4096-4096-4096-4096-16,True,20.152986691995466,train,65536,"{""profile"": true}",979.836464,12288,3362.646634,1423048992,213909504,139.29892,850.218065,113009.269135,,6,50985.563125,91.922493,761928,108.847448,0.103801,0.0,0,56490.832185,212.603523,120529.731079,3251.9249380554666,1,19.907631305,3292.0039052330644,101.62265431423333,,,32,2026-09-03T20:31:08+00:00,0.2.0,sweep-w4096-d8-b32
syclnn,32,auto,True,AdaptiveCpp 25.10.0 $HOME/.local/opt/fnn-rocm/acpp/bin/acpp / host Clang 18.1.3 $HOME/.local/opt/fnn-rocm/acpp/bin/acpp,AMD Radeon RX 7900 XTX,gpu,70253211,double,180.114329,564.0759165000001,39.639697,156.53831,85738.926835,65738.623844,29.827725833333332,18.312896,0.022640166666666666,0.0,19011.771476500002,36.20225366666667,72271.39024766667,2,643.2029621614735,683.7710213929572,9b27fc33b12be505d44e4879d2d2f20ce41b4dee,v0.2.0-2-gf0e5dc0,145137.23466691317,334.5802126675913,97.79426722145169,ws-amd,3f4191b987b9,7.86300635044524,0.1586581945011858,256-4096-4096-4096-4096-4096-4096-4096-4096-16,True,72.26356035599747,train,65536,"{""profile"": true}",1080.685974,12288,3384.455499,2846097888,427819008,237.838182,939.22986,514433.56101,,6,394431.743064,178.966355,761928,109.877376,0.135841,0.0,0,114070.628859,217.213522,433628.341486,906.9024509330155,1,72.108760717,908.8493457432221,28.340701591656735,,,32,2026-09-03T21:06:31+00:00,0.2.0,sweep-w4096-d8-b32
syclnn,256,auto,True,AdaptiveCpp 25.10.0 $HOME/.local/opt/fnn-rocm/acpp/bin/acpp / host Clang 18.1.3 $HOME/.local/opt/fnn-rocm/acpp/bin/acpp,AMD Radeon RX 7900 XTX,gpu,70253211,float,35.649831999999996,80.170283,22.978043833333334,31.624879833333335,4037.922490833333,2501.8148715,14.839981666666667,2.3179466666666664,0.0162675,0.0,1348.5103848333333,4.193049333333334,3936.449341,2,11747.646436762201,11844.066017866971,9b27fc33b12be505d44e4879d2d2f20ce41b4dee,v0.2.0-2-gf0e5dc0,7594.4379812137195,318.6386554621849,92.78991596638656,ws-amd,721548078df2,112.34175765132852,0.00975739899877226,256-4096-4096-4096-4096-4096-4096-4096-4096-16,True,3.9565487714935443,train,65536,"{""profile"": true}",213.898992,1536,481.021698,1423048992,213909504,137.868263,189.749279,24227.534945,,6,15010.889229,89.03989,95304,13.90768,0.097605,0.0,0,8091.062309,25.158296,23618.696046,16563.930785380166,1,3.823866374,17138.674208284454,64.70285463039127,,,32,2026-09-03T21:11:05+00:00,0.2.0,sweep-w4096-d8-b256
syclnn,256,auto,True,AdaptiveCpp 25.10.0 $HOME/.local/opt/fnn-rocm/acpp/bin/acpp / host Clang 18.1.3 $HOME/.local/opt/fnn-rocm/acpp/bin/acpp,AMD Radeon RX 7900 XTX,gpu,70253211,double,50.794199166666665,89.31093083333333,37.89622766666667,62.08054633333333,57271.9840435,44160.992742333336,33.5652745,2.4013421666666668,0.017753500000000002,0.0,12834.925027,4.0988983333333335,45343.453268833335,2,1024.263924182062,1032.6706377346006,9b27fc33b12be505d44e4879d2d2f20ce41b4dee,v0.2.0-2-gf0e5dc0,90813.47229885252,333.4226804123711,99.22238586156112,ws-amd,d92a674be48c,56.17087882566426,0.004395808751723962,256-4096-4096-4096-4096-4096-4096-4096-4096-16,True,45.379061958497914,train,65536,"{""profile"": true}",304.765195,1536,535.865585,2846097888,427819008,227.377366,372.483278,343631.904261,,6,264965.956454,201.391647,95304,14.408053,0.106521,0.0,0,77009.550162,24.59339,272060.719613,1444.1902756812583,1,45.123444279,1452.3714013227443,5.641368264379915,,,32,2026-09-03T21:20:31+00:00,0.2.0,sweep-w4096-d8-b256
syclnn,4096,auto,True,AdaptiveCpp 25.10.0 $HOME/.local/opt/fnn-rocm/acpp/bin/acpp / host Clang 18.1.3 $HOME/.local/opt/fnn-rocm/acpp/bin/acpp,AMD Radeon RX 7900 XTX,gpu,70253211,float,20.4613415,16.4363775,23.699448833333335,30.978001833333334,2248.6881218333333,1681.801891,14.714653166666666,0.17507516666666667,0.015727,0.0,460.4056058333333,0.1820341666666667,1902.5650808333332,2,24208.260407391084,24229.071242172602,9b27fc33b12be505d44e4879d2d2f20ce41b4dee,v0.2.0-2-gf0e5dc0,3660.6386401630807,315.7241379310345,92.79310344827586,ws-amd,a866cdf5cd34,634.038677194187,0.006773297747713514,256-4096-4096-4096-4096-4096-4096-4096-4096-16,True,1.9200114049963304,train,65536,"{""profile"": true}",122.768049,96,98.618265,1423048992,213909504,142.196693,185.868011,13492.128731,,6,10090.811346,88.287919,6024,1.050451,0.094362,0.0,0,2762.433635,1.092205,11415.390485,34133.1305790474,1,1.776523461,36890.027876755405,8.333283832775244,,,32,2026-09-03T21:21:35+00:00,0.2.0,sweep-w4096-d8-b4096
syclnn,4096,auto,True,AdaptiveCpp 25.10.0 $HOME/.local/opt/fnn-rocm/acpp/bin/acpp / host Clang 18.1.3 $HOME/.local/opt/fnn-rocm/acpp/bin/acpp,AMD Radeon RX 7900 XTX,gpu,70253211,double,54.17069566666667,24.328812833333334,38.3008045,65.91810183333332,51156.666874166665,40916.4921545,30.3911245,0.172637,0.018887,0.0,10026.873656333333,0.3229395,41334.588438,2,1124.0233273159013,1124.9896034283393,9b27fc33b12be505d44e4879d2d2f20ce41b4dee,v0.2.0-2-gf0e5dc0,82069.68516226884,330.7469684721099,99.47534357316087,ws-amd,9f0fa9028eea,317.0193385970935,0.04421956125224824,256-4096-4096-4096-4096-4096-4096-4096-4096-16,True,41.35157602850086,train,65536,"{""profile"": true}",325.024174,96,145.972877,2846097888,427819008,229.804827,395.508611,306940.001245,,6,245498.952927,182.346747,6024,1.035822,0.113322,0.0,0,60161.241938,1.937637,248007.530628,1584.8489052709974,1,41.053896484,1596.3405574801275,0.3869260022634271,,,32,2026-09-03T21:27:20+00:00,0.2.0,sweep-w4096-d8-b4096
syclnn,32,auto,True,AdaptiveCpp 25.10.0 $HOME/.local/opt/fnn-rocm/acpp/bin/acpp / host Clang 18.1.3 $HOME/.local/opt/fnn-rocm/acpp/bin/acpp,AMD Radeon RX 7900 XTX,gpu,70253211,float,46.95295616666667,167.83145983333333,0.13777916666666667,30.797911666666668,1001.2242903333334,664.430923,15.301955833333333,17.1122035,0.016026833333333334,0.0,58.64307433333334,0.08144916666666667,1831.046381,2,24.18992681784659,26.15056262317463,3913e2051df87aa83481b7bcf016a7201f7fbe23,v0.2.0-5-g0c57d4f,1536.80877967173,137.82142857142858,84.83928571428571,ws-amd,ea0111fe5ba7,12.141714285714286,0.06412963599723298,256-256-256-16,True,1.842100888999994,train,65536,"{""profile"": true}",281.717737,12288,1006.988759,1628448,213909504,0.826675,184.78747,6007.345742,,6,3986.585538,91.811735,245796,102.673221,0.096161,0.0,0,351.858446,0.488695,10986.278286,35576.77019285137,1,1.764104181,37149.733392077935,1111.7740685266053,,,32,2026-09-04T04:02:59+00:00,0.2.0,sweep-w256-d2-b32
syclnn,32,auto,True,AdaptiveCpp 25.10.0 $HOME/.local/opt/fnn-rocm/acpp/bin/acpp / host Clang 18.1.3 $HOME/.local/opt/fnn-rocm/acpp/bin/acpp,AMD Radeon RX 7900 XTX,gpu,70253211,double,48.036553999999995,174.409256,0.17861066666666667,31.3561665,1419.183878,1035.9012651666667,32.36383283333333,16.763366666666666,0.017987333333333334,0.0,80.15683883333334,22.050779000000002,2549.4994858333334,2,16.736272329244045,18.09277642384212,3913e2051df87aa83481b7bcf016a7201f7fbe23,v0.2.0-5-g0c57d4f,2085.5370539443975,135.5194805194805,78.32467532467533,ws-amd,84b00fafb71f,6.070857142857143,0.1404753479946521,256-256-256-16,True,2.662497646990232,train,65536,"{""profile"": true}",288.219324,12288,1046.455536,3256800,427819008,1.071664,188.136999,8515.103268,,6,6215.407591,194.182997,245796,100.5802,0.107924,0.0,0,480.941033,132.304674,15296.996915,24614.4818471798,1,2.546368357,25737.046181806603,769.2025577243687,,,32,2026-09-04T04:03:18+00:00,0.2.0,sweep-w256-d2-b32
syclnn,256,auto,True,AdaptiveCpp 25.10.0 $HOME/.local/opt/fnn-rocm/acpp/bin/acpp / host Clang 18.1.3 $HOME/.local/opt/fnn-rocm/acpp/bin/acpp,AMD Radeon RX 7900 XTX,gpu,70253211,float,6.116475,21.986773333333332,0.12946516666666666,4.171018,166.649161,108.91076916666667,15.8404395,2.1783211666666666,0.016167,0.0,7.299732666666666,0.8537996666666667,297.83224616666666,2,140.51173467684023,142.69911934778088,3913e2051df87aa83481b7bcf016a7201f7fbe23,v0.2.0-5-g0c57d4f,239.93698126911477,125.4,67.7,ws-amd,48ff011d2748,36.136054421768705,0.002634516997204628,256-256-256-16,True,0.3171285714925034,train,65536,"{""profile"": true}",36.69885,1536,131.92064,1628448,213909504,0.776791,25.026108,999.894966,,6,653.464615,95.042637,30756,13.069927,0.097002,0.0,0,43.798396,5.122798,1786.993477,206654.35375805994,1,0.282775551,231759.78180659612,807.2435693674216,,,32,2026-09-04T04:03:22+00:00,0.2.0,sweep-w256-d2-b256
syclnn,256,auto,True,AdaptiveCpp 25.10.0 $HOME/.local/opt/fnn-rocm/acpp/bin/acpp / host Clang 18.1.3 $HOME/.local/opt/fnn-rocm/acpp/bin/acpp,AMD Radeon RX 7900 XTX,gpu,70253211,double,6.273736666666667,22.89120183333333,0.16519983333333335,4.564047166666667,251.632355,173.01626683333333,32.751382166666666,2.0757936666666668,0.016580333333333332,0.0,9.8781465,0.8293295,379.54131349999994,2,106.90110482577003,108.56526361322145,3913e2051df87aa83481b7bcf016a7201f7fbe23,v0.2.0-5-g0c57d4f,316.58015190510196,135.25,69.33333333333333,ws-amd,1a5fe57209ff,18.068027210884352,0.001598876500793267,256-256-256-16,True,0.41683653100335505,train,65536,"{""profile"": true}",37.64242,1536,137.347211,3256800,427819008,0.991199,27.384283,1509.79413,,6,1038.097601,196.508293,30756,12.454762,0.099482,0.0,0,59.268879,4.975977,2277.247881,157222.3044900844,1,0.348144754,188243.53734194138,614.1496269143922,,,32,2026-09-04T04:03:26+00:00,0.2.0,sweep-w256-d2-b256
syclnn,4096,auto,True,AdaptiveCpp 25.10.0 $HOME/.local/opt/fnn-rocm/acpp/bin/acpp / host Clang 18.1.3 $HOME/.local/opt/fnn-rocm/acpp/bin/acpp,AMD Radeon RX 7900 XTX,gpu,70253211,float,0.7188853333333333,2.213757333333333,0.119064,0.567732,36.37686083333333,16.6934255,15.397475333333333,0.15014249999999998,0.012513333333333333,0.0,0.5038655,0.09219733333333334,44.484793833333335,2,705.7215979521471,710.5184103663092,3913e2051df87aa83481b7bcf016a7201f7fbe23,v0.2.0-5-g0c57d4f,19.747129846000462,85.5,28.5,ws-amd,24899b076fbb,49.1425267418329,0.0006119132522144355,256-256-256-16,True,0.0631414509989554,train,65536,"{""profile"": true}",4.313312,96,13.282544,1628448,213909504,0.714384,3.406392,218.261165,,6,100.160553,92.384852,1956,0.900855,0.07508,0.0,0,3.023193,0.553184,266.908763,1037923.5662652765,1,0.026598598,2463889.2621332896,253.39930817023352,,,32,2026-09-04T04:03:28+00:00,0.2.0,sweep-w256-d2-b4096
syclnn,4096,auto,True,AdaptiveCpp 25.10.0 $HOME/.local/opt/fnn-rocm/acpp/bin/acpp / host Clang 18.1.3 $HOME/.local/opt/fnn-rocm/acpp/bin/acpp,AMD Radeon RX 7900 XTX,gpu,70253211,double,0.9153198333333333,3.557782833333333,0.14076066666666667,0.6796378333333334,104.27666566666666,65.57082383333334,32.620982833333336,0.13428816666666668,0.012486833333333334,0.0,0.6445828333333333,0.06824233333333334,111.71888066666666,2,301.15888722253385,303.20587387145645,3913e2051df87aa83481b7bcf016a7201f7fbe23,v0.2.0-5-g0c57d4f,112.50195320717467,130.0,50.4,ws-amd,9e4d0e1d261b,24.57126337091645,0.0007116587512427941,256-256-256-16,True,0.1479627119988436,train,65536,"{""profile"": true}",5.491919,96,21.346697,3256800,427819008,0.844564,4.077827,625.659994,,6,393.424943,195.725897,1956,0.805729,0.074921,0.0,0,3.867497,0.409454,670.313284,442922.40331815626,1,0.077520581,845401.3005913874,108.13535237259674,,,32,2026-09-04T04:03:30+00:00,0.2.0,sweep-w256-d2-b4096
syclnn,32,auto,True,AdaptiveCpp 25.10.0 $HOME/.local/opt/fnn-rocm/acpp/bin/acpp / host Clang 18.1.3 $HOME/.local/opt/fnn-rocm/acpp/bin/acpp,AMD Radeon RX 7900 XTX,gpu,70253211,float,80.55437033333332,282.9403668333333,1.2854468333333333,63.04737266666667,1939.164094,1372.871967,18.001841833333334,17.052689333333333,0.027287333333333334,0.0,103.38275183333333,22.480809166666663,3768.5043265,2,24.897668470216384,26.74075418433589,3913e2051df87aa83481b7bcf016a7201f7fbe23,v0.2.0-5-g0c57d4f,3036.815955183818,133.35087719298247,78.60526315789474,ws-amd,8b87a68cd4fb,12.486103542234332,0.15575529550551437,256-256-256-256-256-16,True,3.8597948785027256,train,65536,"{""profile"": true}",483.326222,12288,1697.642201,3207456,213909504,7.712681,378.284236,11634.984564,,6,8237.231802,108.011051,417840,102.316136,0.163724,0.0,0,620.296511,134.884855,22611.025959,16979.140618327994,1,3.797249786,17258.80668730914,530.5981443227498,,,32,2026-09-04T04:03:58+00:00,0.2.0,sweep-w256-d4-b32
syclnn,32,auto,True,AdaptiveCpp 25.10.0 $HOME/.local/opt/fnn-rocm/acpp/bin/acpp / host Clang 18.1.3 $HOME/.local/opt/fnn-rocm/acpp/bin/acpp,AMD Radeon RX 7900 XTX,gpu,70253211,double,79.83819133333334,288.4301061666667,0.8939023333333332,62.502175666666666,2421.010993833333,1802.5871526666667,32.61337616666667,16.61806616666667,0.018727,0.0,137.50929633333334,23.067002000000002,4209.205458166666,2,22.217478756491204,23.8621595726418,3913e2051df87aa83481b7bcf016a7201f7fbe23,v0.2.0-5-g0c57d4f,3601.8789387605793,141.73228346456693,80.32283464566929,ws-amd,239305bdf7fd,6.243051771117166,0.19119538600352826,256-256-256-256-256-16,True,4.3254184825054836,train,65536,"{""profile"": true}",479.029148,12288,1730.580637,6414816,427819008,5.363414,375.013054,14526.065963,,6,10815.522916,195.680257,417840,99.708397,0.112362,0.0,0,825.055778,138.402012,25255.232749,15151.366339480406,1,4.329293415,15137.805114555857,473.4801981087627,,,32,2026-09-04T04:04:29+00:00,0.2.0,sweep-w256-d4-b32
syclnn,256,auto,True,AdaptiveCpp 25.10.0 $HOME/.local/opt/fnn-rocm/acpp/bin/acpp / host Clang 18.1.3 $HOME/.local/opt/fnn-rocm/acpp/bin/acpp,AMD Radeon RX 7900 XTX,gpu,70253211,double,11.291462833333334,38.75769666666667,0.2991415,9.523202333333334,440.35789616666665,327.5359675,32.447752666666666,2.1232266666666666,0.027060333333333336,0.0,18.352385666666667,0.11420833333333334,691.161121,2,131.74052010757194,133.61360051344053,3913e2051df87aa83481b7bcf016a7201f7fbe23,v0.2.0-5-g0c57d4f,627.862593094862,150.0,75.76190476190476,ws-amd,aac65ea04109,19.68384879725086,0.002563239751907531,256-256-256-256-256-16,True,0.7294634419959038,train,65536,"{""profile"": true}",67.748777,1536,232.54618,6414816,427819008,1.794849,57.139214,2642.147377,,6,1965.215805,194.686516,52272,12.73936,0.162362,0.0,0,110.114314,0.68525,4146.966726,89841.37686281474,1,0.658749218,99485.50709323195,350.94287837037007,,,32,2026-09-04T04:04:40+00:00,0.2.0,sweep-w256-d4-b256
syclnn,4096,auto,True,AdaptiveCpp 25.10.0 $HOME/.local/opt/fnn-rocm/acpp/bin/acpp / host Clang 18.1.3 $HOME/.local/opt/fnn-rocm/acpp/bin/acpp,AMD Radeon RX 7900 XTX,gpu,70253211,float,1.4304863333333333,3.633040333333333,0.19419666666666668,1.1889058333333333,52.91782816666667,29.584258833333333,15.781962666666667,0.14300333333333334,0.016207,0.0,0.9457671666666667,0.10900016666666668,66.34592916666666,2,1143.6619278687951,1150.76165190706,3913e2051df87aa83481b7bcf016a7201f7fbe23,v0.2.0-5-g0c57d4f,44.00791121672955,100.0,41.0,ws-amd,72ff13d6fc87,55.317941753432926,0.0009100059978663921,256-256-256-256-256-16,True,0.08402823501091916,train,65536,"{""profile"": true}",8.582918,96,21.798242,3207456,213909504,1.16518,7.133435,317.506969,,6,177.505553,94.691776,3312,0.85802,0.097242,0.0,0,5.674603,0.654001,398.075575,779928.3180407614,1,0.048357343,1355244.0215749654,190.41218702167026,,,32,2026-09-04T04:04:42+00:00,0.2.0,sweep-w256-d4-b4096
syclnn,4096,auto,True,AdaptiveCpp 25.10.0 $HOME/.local/opt/fnn-rocm/acpp/bin/acpp / host Clang 18.1.3 $HOME/.local/opt/fnn-rocm/acpp/bin/acpp,AMD Radeon RX 7900 XTX,gpu,70253211,double,1.6982951666666668,6.386472,0.2696851666666667,1.3949426666666669,172.19468849999998,127.79454483333335,33.19858283333333,0.14018250000000002,0.012733666666666666,0.0,1.2992496666666666,0.08907333333333334,185.11475216666668,2,430.28021554966966,432.95134651511205,3913e2051df87aa83481b7bcf016a7201f7fbe23,v0.2.0-5-g0c57d4f,184.23166299510922,154.5,61.0,ws-amd,427c45450457,27.658970876716463,0.0006592957433895208,256-256-256-256-256-16,True,0.2233425794984214,train,65536,"{""profile"": true}",10.189771,96,38.318832,6414816,427819008,1.618111,8.369656,1033.168131,,6,766.767269,199.191497,3312,0.841095,0.076402,0.0,0,7.795498,0.53444,1110.688513,293432.62779170694,1,0.147509492,444283.27364858665,71.6388251444597,,,32,2026-09-04T04:04:45+00:00,0.2.0,sweep-w256-d4-b4096
syclnn,32,auto,True,AdaptiveCpp 25.10.0 $HOME/.local/opt/fnn-rocm/acpp/bin/acpp / host Clang 18.1.3 $HOME/.local/opt/fnn-rocm/acpp/bin/acpp,AMD Radeon RX 7900 XTX,gpu,70253211,float,144.07338733333333,512.3174594999999,0.43774816666666666,127.513826,3539.4779080000003,2528.0366486666667,17.70342966666667,16.964063499999998,0.018107500000000002,0.0,192.41323766666667,38.6207245,6944.177486333333,2,28.856100450101145,30.901508540028235,3913e2051df87aa83481b7bcf016a7201f7fbe23,v0.2.0-5-g0c57d4f,5757.826443739657,137.66507177033492,78.99521531100478,ws-amd,4f83e66ef9e6,12.646604527296937,0.10299468750599772,256-256-256-256-256-256-256-256-256-16,True,6.9024956679932075,train,65536,"{""profile"": true}",864.440324,12288,3073.904757,6365472,213909504,2.626489,765.082956,21236.867448,,6,15168.219892,106.220578,761928,101.784381,0.108645,0.0,0,1154.479426,231.724347,41665.064918,9494.536925809265,1,6.928317721,9459.150494983485,296.70427893153953,,,32,2026-09-04T04:05:35+00:00,0.2.0,sweep-w256-d8-b32
syclnn,32,auto,True,AdaptiveCpp 25.10.0 $HOME/.local/opt/fnn-rocm/acpp/bin/acpp / host Clang 18.1.3 $HOME/.local/opt/fnn-rocm/acpp/bin/acpp,AMD Radeon RX 7900 XTX,gpu,70253211,double,143.46844433333334,523.2806545,0.5906348333333333,125.6542705,4478.734703,3374.7321006666666,32.422972,16.951696333333334,0.1331355,0.0,261.5007943333333,19.815523,7722.1125735,2,25.850227979637207,27.682570694393185,3913e2051df87aa83481b7bcf016a7201f7fbe23,v0.2.0-5-g0c57d4f,6838.757142108807,147.19827586206895,81.00431034482759,ws-amd,93d9eeaea2ab,6.323302263648468,0.237608017247112,256-256-256-256-256-256-256-256-256-16,True,7.705119990001549,train,65536,"{""profile"": true}",860.810666,12288,3139.683927,12730848,427819008,3.543809,753.925623,26872.408218,,6,20248.392604,194.537832,761928,101.710178,0.798813,0.0,0,1569.004766,118.893138,46332.675441,8505.513228222528,1,7.651854457,8564.721188606372,265.797288381954,,,32,2026-09-04T04:06:31+00:00,0.2.0,sweep-w256-d8-b32
syclnn,256,auto,True,AdaptiveCpp 25.10.0 $HOME/.local/opt/fnn-rocm/acpp/bin/acpp / host Clang 18.1.3 $HOME/.local/opt/fnn-rocm/acpp/bin/acpp,AMD Radeon RX 7900 XTX,gpu,70253211,float,17.982291,63.35526866666667,0.40660583333333333,16.21914166666667,480.85033716666663,343.2189143333333,14.477514999999999,2.1177319999999997,0.01676683333333333,0.0,23.056101833333333,4.567300833333333,862.446714,2,228.21991850567338,231.32695295155628,3913e2051df87aa83481b7bcf016a7201f7fbe23,v0.2.0-5-g0c57d4f,771.1909935288277,145.96296296296296,77.29629629629629,ws-amd,57290f166dd5,41.008635578583764,0.011232892495172564,256-256-256-256-256-256-256-256-256-16,True,0.8727507645089645,train,65536,"{""profile"": true}",107.893746,1536,380.131612,6365472,213909504,2.439635,97.31485,2885.102023,,6,2059.313486,86.86509,95304,12.706392,0.100601,0.0,0,138.336611,27.403805,5174.680284,75091.31205043687,1,0.853274612,76805.28528370184,293.325437697019,,,32,2026-09-04T04:06:38+00:00,0.2.0,sweep-w256-d8-b256
syclnn,256,auto,True,AdaptiveCpp 25.10.0 $HOME/.local/opt/fnn-rocm/acpp/bin/acpp / host Clang 18.1.3 $HOME/.local/opt/fnn-rocm/acpp/bin/acpp,AMD Radeon RX 7900 XTX,gpu,70253211,double,19.393126,69.46417983333333,0.566225,18.178607333333336,783.2967231666667,608.2895888333334,31.757228166666668,2.0782115,0.016033666666666665,0.0,33.55352283333333,2.396764,1181.2702425,2,161.57584063087745,163.7755684449514,3913e2051df87aa83481b7bcf016a7201f7fbe23,v0.2.0-5-g0c57d4f,1216.626240753103,169.41666666666666,81.38888888888889,ws-amd,d09806454804,20.504317789291882,0.020413597994775046,256-256-256-256-256-256-256-256-256-16,True,1.2327282814949285,train,65536,"{""profile"": true}",116.358756,1536,416.785079,12730848,427819008,3.39735,109.071644,4699.780339,,6,3649.737533,190.543369,95304,12.469269,0.096202,0.0,0,201.321137,14.380584,7087.621455,53163.378324154735,1,1.132209332,57883.28902415371,207.66944657872943,,,32,2026-09-04T04:06:48+00:00,0.2.0,sweep-w256-d8-b256
syclnn,4096,auto,True,AdaptiveCpp 25.10.0 $HOME/.local/opt/fnn-rocm/acpp/bin/acpp / host Clang 18.1.3 $HOME/.local/opt/fnn-rocm/acpp/bin/acpp,AMD Radeon RX 7900 XTX,gpu,70253211,float,2.3996178333333336,6.428545666666667,0.34144050000000004,2.1648986666666667,83.034735,54.73353983333333,15.087051,0.14848833333333333,0.012813833333333335,0.0,1.7183393333333334,0.27915850000000003,106.50260166666668,2,1622.4209210479114,1632.065045751334,3913e2051df87aa83481b7bcf016a7201f7fbe23,v0.2.0-5-g0c57d4f,87.1743017045228,132.25,55.25,ws-amd,21214c47765d,58.61359253259276,0.002453617242281325,256-256-256-256-256-256-256-256-256-16,True,0.12276660499628633,train,65536,"{""profile"": true}",14.397707,96,38.571274,6365472,213909504,2.048643,12.989392,498.20841,,6,328.401239,90.522306,6024,0.89093,0.076883,0.0,0,10.310036,1.674951,639.01561,533825.9537435482,1,0.088312079,742095.5405205669,130.32860198817096,,,32,2026-09-04T04:06:50+00:00,0.2.0,sweep-w256-d8-b4096
syclnn,4096,auto,True,AdaptiveCpp 25.10.0 $HOME/.local/opt/fnn-rocm/acpp/bin/acpp / host Clang 18.1.3 $HOME/.local/opt/fnn-rocm/acpp/bin/acpp,AMD Radeon RX 7900 XTX,gpu,70253211,double,3.2470266666666667,11.838488833333335,0.48784116666666666,3.638895833333333,301.6553685,248.61291200000002,31.439607666666664,0.14633533333333335,0.013306833333333332,0.0,2.230954166666667,0.15649366666666667,321.89325783333334,2,553.9906090200661,557.2836844782299,3913e2051df87aa83481b7bcf016a7201f7fbe23,v0.2.0-5-g0c57d4f,421.84565301871044,201.0,77.9090909090909,ws-amd,c725f12a485e,29.30679626629638,0.0014112887511146255,256-256-256-256-256-256-256-256-256-16,True,0.3595351710100658,train,65536,"{""profile"": true}",19.48216,96,71.030933,12730848,427819008,2.927047,21.833375,1809.932211,,6,1491.677472,188.637646,6024,0.878012,0.079841,0.0,0,13.385725,0.938962,1931.359547,182279.80260146846,1,0.282968043,231602.124767142,44.501904931999135,,,32,2026-09-04T04:06:54+00:00,0.2.0,sweep-w256-d8-b4096
syclnn,32,auto,True,AdaptiveCpp 25.10.0 $HOME/.local/opt/fnn-rocm/acpp/bin/acpp / host Clang 18.1.3 $HOME/.local/opt/fnn-rocm/acpp/bin/acpp,AMD Radeon RX 7900 XTX,gpu,70253211,double,47.9485665,170.6660145,0.9832580000000001,32.51973833333333,2310.2578221666668,1751.9637735,31.7065595,16.6493525,0.017340333333333333,0.0,257.803219,15.271867,3147.0824788333334,2,154.99141018295325,165.72134046221353,3913e2051df87aa83481b7bcf016a7201f7fbe23,v0.2.0-5-g0c57d4f,3500.7686326081457,184.46315789473684,85.21052631578948,ws-amd,3e8776c12c1e,7.261277021117081,0.11375447675527539,256-1024-1024-16,True,3.1451987405016553,train,65536,"{""profile"": true}",287.691399,12288,1023.996087,31900128,427819008,5.899548,195.11843,13861.546933,,6,10511.782641,190.239357,245796,99.896115,0.104042,0.0,0,1546.819314,91.631202,18882.494873,20836.839070318045,1,3.08899345,21215.972471550565,651.1512209474389,,,32,2026-09-04T04:07:18+00:00,0.2.0,sweep-w1024-d2-b32
syclnn,256,auto,True,AdaptiveCpp 25.10.0 $HOME/.local/opt/fnn-rocm/acpp/bin/acpp / host Clang 18.1.3 $HOME/.local/opt/fnn-rocm/acpp/bin/acpp,AMD Radeon RX 7900 XTX,gpu,70253211,double,8.2089675,24.393817833333333,0.6294148333333334,6.111130166666666,743.0736068333334,636.3170463333333,32.08503433333333,2.0765968333333333,0.020813833333333333,0.0,33.23078516666667,1.5791065,849.7378908333334,2,549.9413046009438,555.7684931441081,3913e2051df87aa83481b7bcf016a7201f7fbe23,v0.2.0-5-g0c57d4f,1151.6888422949996,218.33333333333334,86.03703703703704,ws-amd,cc07782abc9e,35.28354584092289,0.0032217902553384192,256-1024-1024-16,True,0.8864196670037927,train,65536,"{""profile"": true}",49.253805,1536,146.362907,31900128,427819008,3.776489,36.666781,4458.441641,,6,3817.902278,192.510206,30756,12.459581,0.124883,0.0,0,199.384711,9.474639,5098.427345,73933.37765340849,1,0.820144783,79907.84232056743,288.8022564586269,,,32,2026-09-04T04:07:26+00:00,0.2.0,sweep-w1024-d2-b256
syclnn,4096,auto,True,AdaptiveCpp 25.10.0 $HOME/.local/opt/fnn-rocm/acpp/bin/acpp / host Clang 18.1.3 $HOME/.local/opt/fnn-rocm/acpp/bin/acpp,AMD Radeon RX 7900 XTX,gpu,70253211,double,2.2074913333333335,3.6746055,0.8199898333333334,2.7876211666666664,515.4347625,471.6329928333334,31.266376833333336,0.14406316666666666,0.013233666666666666,0.0,2.8883881666666666,0.06729183333333334,520.8614303333333,2,873.2371511935679,875.632756640841,3913e2051df87aa83481b7bcf016a7201f7fbe23,v0.2.0-5-g0c57d4f,835.6784782966424,253.2941176470588,86.94117647058823,ws-amd,60de0a58310b,73.02796104304116,0.0032152352505363524,256-1024-1024-16,True,0.558243299004971,train,65536,"{""profile"": true}",13.244948,96,22.047633,31900128,427819008,4.919939,16.725727,3092.608575,,6,2829.797957,187.598261,1956,0.864379,0.079402,0.0,0,17.330329,0.403751,3125.168582,117396.84133569227,1,0.477470747,137256.57626518427,28.661338216721745,,,32,2026-09-04T04:07:32+00:00,0.2.0,sweep-w1024-d2-b4096
syclnn,32,auto,True,AdaptiveCpp 25.10.0 $HOME/.local/opt/fnn-rocm/acpp/bin/acpp / host Clang 18.1.3 $HOME/.local/opt/fnn-rocm/acpp/bin/acpp,AMD Radeon RX 7900 XTX,gpu,70253211,double,81.83939166666667,285.93263916666666,1.5627475000000002,64.32282550000001,4664.544476833334,3577.5414029999997,32.86764316666667,17.467594333333334,0.0165735,0.0,602.993659,22.711815333333334,5832.474145,2,223.43713495483587,238.1519748739328,3913e2051df87aa83481b7bcf016a7201f7fbe23,v0.2.0-5-g0c57d4f,7247.78164764517,205.60227272727272,87.82954545454545,ws-amd,9119e016ddc2,7.427513177263878,0.03828133150091162,256-1024-1024-1024-1024-16,True,5.872401242493652,train,65536,"{""profile"": true}",491.03635,12288,1715.595835,82280928,427819008,9.376485,385.936953,27987.266861,,6,21465.248418,197.205859,417840,104.805566,0.099441,0.0,0,3617.961954,136.270892,34994.84487,11160.000363355764,1,5.858091465,11187.261310540156,348.75001135486764,,,32,2026-09-04T04:08:15+00:00,0.2.0,sweep-w1024-d4-b32
syclnn,256,auto,True,AdaptiveCpp 25.10.0 $HOME/.local/opt/fnn-rocm/acpp/bin/acpp / host Clang 18.1.3 $HOME/.local/opt/fnn-rocm/acpp/bin/acpp,AMD Radeon RX 7900 XTX,gpu,70253211,double,14.9425715,41.72605683333333,1.2418336666666667,11.431729166666665,1733.1723563333335,1547.592281,31.541048,2.2084155,0.0154935,0.0,82.47292716666666,3.8256181666666667,1893.2406266666667,2,684.7250959551467,691.3462262723347,3913e2051df87aa83481b7bcf016a7201f7fbe23,v0.2.0-5-g0c57d4f,2916.8613051642023,253.1206896551724,91.98275862068965,ws-amd,ba245e2fb193,39.58896481903316,0.03019026425317861,256-1024-1024-1024-1024-16,True,1.9162617474939907,train,65536,"{""profile"": true}",89.655429,1536,250.356341,82280928,427819008,7.451002,68.590375,10399.034138,,6,9285.553686,189.246288,52272,13.250493,0.092961,0.0,0,494.837563,22.953709,11359.44376,34199.9208018974,1,1.863645656,35165.48319633998,133.59344063241173,,,32,2026-09-04T04:08:30+00:00,0.2.0,sweep-w1024-d4-b256
syclnn,4096,auto,True,AdaptiveCpp 25.10.0 $HOME/.local/opt/fnn-rocm/acpp/bin/acpp / host Clang 18.1.3 $HOME/.local/opt/fnn-rocm/acpp/bin/acpp,AMD Radeon RX 7900 XTX,gpu,70253211,double,4.103823333333334,6.5411600000000005,1.3364003333333334,5.1256433333333336,1275.2278031666667,1211.3034273333333,31.263022833333334,0.14396183333333332,0.0132935,0.0,15.397070666666666,0.15349333333333334,1275.893435,2,999.6028069371135,1001.746678856899,3913e2051df87aa83481b7bcf016a7201f7fbe23,v0.2.0-5-g0c57d4f,2275.102096829796,294.43589743589746,94.74358974358974,ws-amd,c82c1837b1f3,94.24069890043681,0.002847292744263541,256-1024-1024-1024-1024-16,True,1.3126338779984508,train,65536,"{""profile"": true}",24.62294,96,39.24696,82280928,427819008,8.018402,30.75386,7651.366819,,6,7267.820564,187.578137,3312,0.863771,0.079761,0.0,0,92.382424,0.92096,7655.36061,49927.097798154915,1,1.227225236,53401.770170247706,12.189232860877665,,,32,2026-09-04T04:08:41+00:00,0.2.0,sweep-w1024-d4-b4096
syclnn,32,auto,True,AdaptiveCpp 25.10.0 $HOME/.local/opt/fnn-rocm/acpp/bin/acpp / host Clang 18.1.3 $HOME/.local/opt/fnn-rocm/acpp/bin/acpp,AMD Radeon RX 7900 XTX,gpu,70253211,double,149.83858433333333,520.0569151666667,4.6445455,129.80484883333332,9443.210998666667,7289.350548833333,32.37592016666667,17.672936833333335,0.020427,0.0,1299.446272,20.0634245,11477.505599333332,2,257.921441344718,274.62093620876067,3913e2051df87aa83481b7bcf016a7201f7fbe23,v0.2.0-5-g0c57d4f,15203.581863777988,219.9449275362319,88.66956521739131,ws-amd,0e1ec7eeb394,7.483920205210829,0.21970060874446062,256-1024-1024-1024-1024-1024-1024-1024-1024-16,True,11.48171294000349,train,65536,"{""profile"": true}",899.031506,12288,3120.341491,183042528,427819008,27.867273,778.829093,56659.265992,,6,43736.103293,194.255521,761928,106.037621,0.122562,0.0,0,7796.677632,120.380547,68865.033596,5707.859127157387,1,11.541506293,5678.288287183798,178.37059772366834,,,32,2026-09-04T04:10:04+00:00,0.2.0,sweep-w1024-d8-b32
syclnn,256,auto,True,AdaptiveCpp 25.10.0 $HOME/.local/opt/fnn-rocm/acpp/bin/acpp / host Clang 18.1.3 $HOME/.local/opt/fnn-rocm/acpp/bin/acpp,AMD Radeon RX 7900 XTX,gpu,70253211,double,28.338305666666667,77.04809166666666,3.5602308333333332,24.642262000000002,3880.7366,3373.1934605,31.239783333333335,2.251699,0.027247166666666666,0.0,340.43551983333333,7.004724666666667,3980.8096203333334,2,739.4246011681547,746.3491787153695,3913e2051df87aa83481b7bcf016a7201f7fbe23,v0.2.0-5-g0c57d4f,6323.871784459203,263.8,94.34166666666667,ws-amd,36c96599f538,41.245939946255405,0.021246399002848193,256-1024-1024-1024-1024-1024-1024-1024-1024-16,True,4.004978933502571,train,65536,"{""profile"": true}",170.029834,1536,462.28855,183042528,427819008,21.361385,147.853572,23284.4196,,6,20239.160763,187.4387,95304,13.510194,0.163483,0.0,0,2042.613119,42.028348,23884.857722,16363.631641549042,1,3.930869282,16672.139239047836,63.920436099800945,,,32,2026-09-04T04:10:34+00:00,0.2.0,sweep-w1024-d8-b256
syclnn,4096,auto,True,AdaptiveCpp 25.10.0 $HOME/.local/opt/fnn-rocm/acpp/bin/acpp / host Clang 18.1.3 $HOME/.local/opt/fnn-rocm/acpp/bin/acpp,AMD Radeon RX 7900 XTX,gpu,70253211,double,8.728495,12.347509,2.6149006666666668,12.171445,2827.776834333333,2696.4219218333333,32.60993233333333,0.16083433333333333,0.019946833333333334,0.0,62.701849333333335,0.13540183333333333,2797.498138166667,2,1044.4327468199886,1046.466923456614,3913e2051df87aa83481b7bcf016a7201f7fbe23,v0.2.0-5-g0c57d4f,5146.730881732496,302.2352941176471,97.55294117647058,ws-amd,221810a25455,104.20603645487418,0.0034398104980937205,256-1024-1024-1024-1024-1024-1024-1024-1024-16,True,2.8353955384955043,train,65536,"{""profile"": true}",52.37097,96,74.085054,183042528,427819008,15.689404,73.02867,16966.661006,,6,16178.531531,195.659594,6024,0.965006,0.119681,0.0,0,376.211096,0.812411,16784.988829,23113.530056118452,1,2.749042307,23839.57490691321,5.642951673857044,,,32,2026-09-04T04:10:57+00:00,0.2.0,sweep-w1024-d8-b4096
syclnn,32,auto,True,AdaptiveCpp 25.10.0 $HOME/.local/opt/fnn-rocm/acpp/bin/acpp / host Clang 18.1.3 $HOME/.local/opt/fnn-rocm/acpp/bin/acpp,AMD Radeon RX 7900 XTX,gpu,70253211,double,57.587672,182.07101916666667,6.235763833333333,37.60201766666667,12406.262998666667,9249.929766833333,29.074835333333336,17.658009,0.016286833333333334,0.0,2826.0876279999998,21.452174,12692.805461833334,2,541.8315959517181,576.7247139209392,3913e2051df87aa83481b7bcf016a7201f7fbe23,v0.2.0-5-g0c57d4f,23577.120379907356,308.7979002624672,95.85301837270342,ws-amd,9899982f61e5,7.784086713683911,0.012873866246081889,256-4096-4096-16,True,12.730371445504716,train,65536,"{""profile"": true}",345.526032,12288,1092.426115,429588960,427819008,37.414583,225.612106,74437.577992,,6,55499.578601,174.449012,245796,105.948054,0.097721,0.0,0,16956.525768,128.713044,76156.832771,5148.003754685551,1,12.591572132,5204.75118698228,160.87511733392347,,,32,2026-09-04T04:12:30+00:00,0.2.0,sweep-w4096-d2-b32
syclnn,256,auto,True,AdaptiveCpp 25.10.0 $HOME/.local/opt/fnn-rocm/acpp/bin/acpp / host Clang 18.1.3 $HOME/.local/opt/fnn-rocm/acpp/bin/acpp,AMD Radeon RX 7900 XTX,gpu,70253211,double,13.212944333333333,26.910573,5.91721,12.952848000000001,6975.547585666667,6514.045563,31.053538333333336,2.2207813333333335,0.020240333333333332,0.0,369.21388733333333,1.5911546666666665,7054.133473333334,2,972.9391564113532,981.302252392161,3913e2051df87aa83481b7bcf016a7201f7fbe23,v0.2.0-5-g0c57d4f,13495.756950145384,318.54716981132077,98.35849056603773,ws-amd,df71757992a5,52.37734887572457,0.002487787241989281,256-4096-4096-16,True,7.089567144998,train,65536,"{""profile"": true}",79.277666,1536,161.463438,429588960,427819008,35.50326,77.717088,41853.285514,,6,39084.273378,186.32123,30756,13.324688,0.121442,0.0,0,2215.283324,9.546928,42324.80084,9244.005827103072,1,6.99416263,9370.099533988103,36.109397762121375,,,32,2026-09-04T04:13:23+00:00,0.2.0,sweep-w4096-d2-b256
syclnn,4096,auto,True,AdaptiveCpp 25.10.0 $HOME/.local/opt/fnn-rocm/acpp/bin/acpp / host Clang 18.1.3 $HOME/.local/opt/fnn-rocm/acpp/bin/acpp,AMD Radeon RX 7900 XTX,gpu,70253211,double,14.210535666666667,6.309877,5.926903833333333,16.4065075,6236.7860371666675,6120.871779166667,31.165059499999998,0.1843125,0.013706666666666666,0.0,41.697355333333334,0.08852833333333333,6233.523853333333,2,1100.0950595825996,1101.329498263663,3913e2051df87aa83481b7bcf016a7201f7fbe23,v0.2.0-5-g0c57d4f,12322.580281797316,328.02659574468083,98.77127659574468,ws-amd,6634a44a5c63,225.03338806787082,0.00228903198876651,256-4096-4096-16,True,6.270110402998398,train,65536,"{""profile"": true}",85.263214,96,37.859262,429588960,427819008,35.561423,98.439045,37420.716223,,6,36725.230675,186.990357,1956,1.105875,0.08224,0.0,0,250.184132,0.53117,37401.14312,10452.12855720377,1,6.157958773,10642.487619005695,2.5517891985360768,,,32,2026-09-04T04:14:10+00:00,0.2.0,sweep-w4096-d2-b4096
ompnn,40,openblas,True,Clang 18.1.3 /usr/bin/clang++-18,"AMD Ryzen Threadripper 2950X 16-Core Processor (OpenMP host, 16 threads)",cpu,202011,float,0.5408614,0.002926,0.0,0.26653752,1.87771868,0.02210656,0.0001084,0.5114728000000001,0.0,0.0002608,0.5334452000000001,0.0,1.8844115199999998,5,0.01942281063601269,0.0240033426996931,0a347a31f5aa9c1dc6a43123a746e221b135dca5,v0.1.0-8-ge91146e,,,,59a8fc1dbe64,9e434e97d3f2,1.2191103789126854,1.7722003394737796e-05,17-4-1,True,0.001889736799057573,train,124,"{""profile"": true}",13.521535,100,0.07315,0,44640,0.0,6.663438,46.942967,,25,0.552664,0.00271,1360,12.78682,0.0,0.00652,0,13.33613,0.0,47.110288,65617.60350004287,1,0.001866739,66425.99742117136,2116.696887098157,,,16,2026-09-04T11:14:56+00:00,0.1.0,monk
ompnn,40,openblas,True,Clang 18.1.3 /usr/bin/clang++-18,"AMD Ryzen Threadripper 2950X 16-Core Processor (OpenMP host, 16 threads)",cpu,202011,double,0.23915144000000002,0.00332528,0.0,0.118708,0.8550272,0.028238680000000002,0.00020119999999999998,0.21665144000000003,0.0,0.00044560000000000004,0.24830556,0.0,0.8617444000000001,5,0.04233517053170005,0.05231918415752818,0a347a31f5aa9c1dc6a43123a746e221b135dca5,v0.1.0-8-ge91146e,,,,59a8fc1dbe64,6fe8572e6803,0.6095551894563427,6.6800042986869595e-06,17-4-1,True,0.0008669859962537885,train,124,"{""profile"": true}",5.978786,100,0.083132,0,89280,0.0,2.9677,21.37568,,25,0.705967,0.00503,1360,5.416286,0.0,0.01114,0,6.207639,0.0,21.54361,143024.22476925695,1,0.000855614,144925.16485237502,4613.684669976031,,,16,2026-09-04T11:14:56+00:00,0.1.0,monk
ompnn,40,openblas,True,Clang 18.1.3 /usr/bin/clang++-18,"AMD Ryzen Threadripper 2950X 16-Core Processor (OpenMP host, 16 threads)",cpu,202011,float,2.9978032000000003,0.04189744,0.0,1.71163116,11.38585496,2.30896484,0.0013675999999999998,1.4223476400000001,0.0,0.0024116000000000003,2.89943148,0.0,11.436131,5,2.5371394040035895,2.7665479012940675,0a347a31f5aa9c1dc6a43123a746e221b135dca5,v0.1.0-8-ge91146e,,,,59a8fc1dbe64,e4a75d889468,6.563354603463993,0.00045401779934763943,12-64-64-3,True,0.011351366800954565,train,1000,"{""profile"": true}",74.94508,625,1.047436,0,300000,0.0,42.790779,284.646374,,25,57.724121,0.03419,12585,35.558691,0.0,0.06029,0,72.485787,0.0,285.903275,88095.11819456909,1,0.011258467,88822.03944817709,2202.3779548642274,,,16,2026-09-04T11:14:56+00:00,0.1.0,cup
ompnn,40,openblas,True,Clang 18.1.3 /usr/bin/clang++-18,"AMD Ryzen Threadripper 2950X 16-Core Processor (OpenMP host, 16 threads)",cpu,202011,double,2.3962304,0.0582794,0.0,1.38244808,10.777562080000001,3.52084012,0.0029420400000000004,1.1054827600000001,0.0,0.00407844,2.3072608399999996,0.0,10.83122304,5,2.3757381313024992,2.590552703098501,0a347a31f5aa9c1dc6a43123a746e221b135dca5,v0.1.0-8-ge91146e,,,,59a8fc1dbe64,14bb9c54861b,3.2816773017319965,0.0015645630017388622,12-64-64-3,True,0.012122548196930438,train,1000,"{""profile"": true}",59.90576,625,1.456985,0,600000,0.0,34.561202,269.439052,,25,88.021003,0.073551,12585,27.637069,0.0,0.101961,0,57.681521,0.0,270.780576,82490.90733689234,1,0.012103676,82619.52814996039,2062.2726834223085,,,16,2026-09-04T11:14:56+00:00,0.1.0,cup
ompnn,64,openblas,True,Clang 18.1.3 /usr/bin/clang++-18,"AMD Ryzen Threadripper 2950X 16-Core Processor (OpenMP host, 16 threads)",cpu,202011,float,85.24177077777777,19.736119,0.0,43.23377511111111,2196.0347442222223,1350.224082,33.97350755555556,18.028335666666667,0.0,0.0,645.5971541111111,0.0,2198.1915496666666,3,65.37574893741437,68.27446284591929,0a347a31f5aa9c1dc6a43123a746e221b135dca5,v0.1.0-8-ge91146e,,,,59a8fc1dbe64,bbc3f5deea20,24.563545832993224,0.06607027150069689,784-512-256-10,True,2.2094651663307254,train,60000,"{""profile"": true}",767.175937,8442,177.625071,0,571680000,0.0,389.103976,19764.312698,,9,12152.016738,305.761568,168846,162.255021,0.0,0.0,0,5810.374387,0.0,19783.723947,27155.89316107772,1,2.0889118155,28723.089004902995,424.53712975151507,,,16,2026-09-04T11:15:20+00:00,0.1.0,mnist-512-256
ompnn,256,openblas,True,Clang 18.1.3 /usr/bin/clang++-18,"AMD Ryzen Threadripper 2950X 16-Core Processor (OpenMP host, 16 threads)",cpu,202011,float,43.40176066666666,11.679020000000001,0.0,16.466113111111113,965.6547703333332,703.3407168888889,29.990270222222225,4.560424888888889,0.0,0.0,156.21646455555555,0.0,966.4320877777778,3,142.70820234380741,144.56998496243637,0a347a31f5aa9c1dc6a43123a746e221b135dca5,v0.1.0-8-ge91146e,,,,59a8fc1dbe64,445a2ba0cc91,57.89303578299346,0.03148630266271857,784-512-256-10,True,1.0121733553338952,train,60000,"{""profile"": true}",390.615846,2115,105.11118,0,571680000,0.0,148.195018,8690.892933,,9,6330.066452,269.912432,42306,41.043824,0.0,0.0,0,1405.948181,0.0,8697.88879,59278.38317795595,1,0.92158834,65104.990369127285,232.17366744699413,,,16,2026-09-04T11:15:32+00:00,0.1.0,mnist-512-256
ompnn,1024,openblas,True,Clang 18.1.3 /usr/bin/clang++-18,"AMD Ryzen Threadripper 2950X 16-Core Processor (OpenMP host, 16 threads)",cpu,202011,float,35.21610322222222,6.157929222222222,0.0,11.186991777777777,748.179667888889,618.7330326666666,33.760824444444445,1.3093502222222222,0.0,0.0,41.81543633333334,0.0,748.7364711111111,3,183.82806990768557,184.7861175530088,0a347a31f5aa9c1dc6a43123a746e221b135dca5,v0.1.0-8-ge91146e,,,,59a8fc1dbe64,18a4e80bffe2,87.61278113399811,0.015564515497923481,784-512-256-10,True,0.7857637850005025,train,60000,"{""profile"": true}",316.944929,531,55.421363,0,571680000,0.0,100.682926,6733.617011,,9,5568.597294,303.84742,10626,11.784152,0.0,0.0,0,376.338927,0.0,6738.62824,76358.82582697754,1,0.700127733,85698.6477923165,75.08617872986126,,,16,2026-09-04T11:15:41+00:00,0.1.0,mnist-512-256
ompnn,64,openblas,True,Clang 18.1.3 /usr/bin/clang++-18,"AMD Ryzen Threadripper 2950X 16-Core Processor (OpenMP host, 16 threads)",cpu,202011,double,87.303758,31.778778000000003,0.0,45.661316888888884,3489.898000888889,2375.749609,51.674108555555556,12.384903222222222,0.0,0.0,885.3455272222222,0.0,3492.9822651111112,3,40.266144530473966,42.05151655434314,0a347a31f5aa9c1dc6a43123a746e221b135dca5,v0.1.0-8-ge91146e,,,,59a8fc1dbe64,5a088e5f4a1d,12.281772916496612,0.0898480884983055,784-512-256-10,True,3.5872677080042195,train,60000,"{""profile"": true}",785.733822,8442,286.009002,0,1143360000,0.0,410.951852,31409.082008,,9,21381.746481,465.066977,168846,111.464129,0.0,0.0,0,7968.109745,0.0,31436.840386,16725.821679302844,1,3.4145737360000004,17571.73944361411,261.48034558643445,,,16,2026-09-04T11:16:19+00:00,0.1.0,mnist-512-256
ompnn,256,openblas,True,Clang 18.1.3 /usr/bin/clang++-18,"AMD Ryzen Threadripper 2950X 16-Core Processor (OpenMP host, 16 threads)",cpu,202011,double,55.949249,22.09646766666667,0.0,25.98458966666667,1762.2966834444444,1392.2997861111112,53.534012777777775,3.669759444444445,0.0,0.0,208.7628187777778,0.0,1763.5519366666667,3,78.41360255966673,79.43659268855895,0a347a31f5aa9c1dc6a43123a746e221b135dca5,v0.1.0-8-ge91146e,,,,59a8fc1dbe64,05df6e739710,28.94651789149673,0.009382113503913159,784-512-256-10,True,1.8420967189983155,train,60000,"{""profile"": true}",503.543241,2115,198.868209,0,1143360000,0.0,233.861307,15860.670151,,9,12530.698075,481.806115,42306,33.027835,0.0,0.0,0,1878.865369,0.0,15871.96743,32571.579646820308,1,1.722361805,34835.88629625934,127.57202028337953,,,16,2026-09-04T11:16:39+00:00,0.1.0,mnist-512-256
ompnn,1024,openblas,True,Clang 18.1.3 /usr/bin/clang++-18,"AMD Ryzen Threadripper 2950X 16-Core Processor (OpenMP host, 16 threads)",cpu,202011,double,44.57048488888889,19.70061311111111,0.0,24.015805666666665,1401.8565805555556,1199.3595882222223,55.055519,1.4268607777777778,0.0,0.0,57.72770888888889,0.0,1402.664392,3,97.48133245431038,97.98937108555816,0a347a31f5aa9c1dc6a43123a746e221b135dca5,v0.1.0-8-ge91146e,,,,59a8fc1dbe64,e9b33c02a4d2,43.806390566999056,0.015801489833393134,784-512-256-10,True,1.4817753959990416,train,60000,"{""profile"": true}",401.134364,531,177.305518,0,1143360000,0.0,216.142251,12616.709225,,9,10794.236294,495.499671,10626,12.841747,0.0,0.0,0,519.54938,0.0,12623.979528,40491.96670561994,1,1.379982403,43478.815287472906,39.817100593859614,,,16,2026-09-04T11:16:55+00:00,0.1.0,mnist-512-256
ompnn,64,openblas,True,Clang 18.1.3 /usr/bin/clang++-18,"AMD Ryzen Threadripper 2950X 16-Core Processor (OpenMP host, 16 threads)",cpu,202011,float,140.22245877777777,46.71253955555555,0.0,60.576778222222224,6424.289556222222,4115.045027333334,32.37514211111111,14.277799444444444,0.0,0.0,2015.0798107777778,0.0,6428.690350222222,3,90.52468692187651,93.98974666289165,0a347a31f5aa9c1dc6a43123a746e221b135dca5,v0.1.0-8-ge91146e,,,,59a8fc1dbe64,ba77c8310db0,27.300586878582358,0.2036513149990542,784-1024-1024-10,True,6.339150341334364,train,60000,"{""profile"": true}",1262.002129,8442,420.412856,0,571680000,0.0,545.191004,57818.606006,,9,37035.405246,291.376279,168846,128.500195,0.0,0.0,0,18135.718297,0.0,57858.213152,9464.99085354872,1,6.3420075085,9460.726736697146,147.96935701047832,,,16,2026-09-04T11:18:03+00:00,0.1.0,mnist
ompnn,256,openblas,True,Clang 18.1.3 /usr/bin/clang++-18,"AMD Ryzen Threadripper 2950X 16-Core Processor (OpenMP host, 16 threads)",cpu,202011,float,107.12633022222222,24.964602777777777,0.0,40.45408877777778,3201.0724766666667,2462.6064516666665,32.50517711111112,6.233858222222222,0.0,0.0,527.181967888889,0.0,3203.4234752222224,3,176.80582579547317,178.72946151897685,0a347a31f5aa9c1dc6a43123a746e221b135dca5,v0.1.0-8-ge91146e,,,,59a8fc1dbe64,733686ffce2f,75.80495846807432,0.007557599334783394,784-1024-1024-10,True,3.245648707660924,train,60000,"{""profile"": true}",964.136972,2115,224.681425,0,571680000,0.0,364.086799,28809.65229,,9,22163.458065,292.546594,42306,56.104724,0.0,0.0,0,4744.637711,0.0,28830.811277,18486.28899929248,1,3.173521828,18906.439990618524,72.40463191389556,,,16,2026-09-04T11:18:37+00:00,0.1.0,mnist
ompnn,1024,openblas,True,Clang 18.1.3 /usr/bin/clang++-18,"AMD Ryzen Threadripper 2950X 16-Core Processor (OpenMP host, 16 threads)",cpu,202011,float,96.23182944444444,19.98985,0.0,35.05599822222222,2488.815445333333,2161.014709777778,29.811989999999998,2.974285777777778,0.0,0.0,143.73678211111113,0.0,2490.5220637777775,3,227.75963422625165,228.6754093889311,0a347a31f5aa9c1dc6a43123a746e221b135dca5,v0.1.0-8-ge91146e,,,,59a8fc1dbe64,a7dbe333ab5e,136.3814738763404,0.037458413498825394,784-1024-1024-10,True,2.519540400341308,train,60000,"{""profile"": true}",866.086465,531,179.90865,0,571680000,0.0,315.503984,22399.339008,,9,19449.132388,268.30791,10626,26.768572,0.0,0.0,0,1293.631039,0.0,22414.698574,23813.86700204217,1,2.409456776,24901.87854691775,23.4169692186748,,,16,2026-09-04T11:19:05+00:00,0.1.0,mnist
ompnn,64,openblas,True,Clang 18.1.3 /usr/bin/clang++-18,"AMD Ryzen Threadripper 2950X 16-Core Processor (OpenMP host, 16 threads)",cpu,202011,double,183.29978822222222,68.86952133333334,0.0,92.95496922222223,10787.679561,7488.771045555556,49.497231666666664,21.11817177777778,0.0,0.0,2883.1688332222225,0.0,10794.18131688889,3,52.93286069931186,54.95899888131117,0a347a31f5aa9c1dc6a43123a746e221b135dca5,v0.1.0-8-ge91146e,,,,59a8fc1dbe64,9f584bac9cbc,13.650293439291179,0.1398065358371241,784-1024-1024-10,True,10.841084204002982,train,60000,"{""profile"": true}",1649.698094,8442,619.825692,0,1143360000,0.0,836.594723,97089.116049,,9,67398.93941,445.475085,168846,190.063546,0.0,0.0,0,25948.519499,0.0,97147.631852,5534.501796217531,1,10.722949718999999,5595.475272413707,86.52271141420073,,,16,2026-09-04T11:20:56+00:00,0.1.0,mnist
ompnn,256,openblas,True,Clang 18.1.3 /usr/bin/clang++-18,"AMD Ryzen Threadripper 2950X 16-Core Processor (OpenMP host, 16 threads)",cpu,202011,double,118.36152633333333,65.64695933333333,0.0,63.10366233333333,5752.409403777778,4753.9636535555555,52.17437544444445,8.706952222222222,0.0,0.0,690.4522745555555,0.0,5756.4411900000005,3,98.52203096761568,99.59394416656576,0a347a31f5aa9c1dc6a43123a746e221b135dca5,v0.1.0-8-ge91146e,,,,59a8fc1dbe64,dbc7d5a92629,37.90247923403716,0.07763643383320229,784-1024-1024-10,True,5.8245815109985415,train,60000,"{""profile"": true}",1065.253737,2115,590.822634,0,1143360000,0.0,567.932961,51771.684634,,9,42785.672882,469.569379,42306,78.36257,0.0,0.0,0,6214.070471,0.0,51807.97071,10301.16925768867,1,5.6858468035000005,10552.517869997162,40.346246259280626,,,16,2026-09-04T11:21:57+00:00,0.1.0,mnist
ompnn,1024,openblas,True,Clang 18.1.3 /usr/bin/clang++-18,"AMD Ryzen Threadripper 2950X 16-Core Processor (OpenMP host, 16 threads)",cpu,202011,double,105.54860655555555,48.52702611111111,0.0,57.382636444444444,4598.503460777778,4159.3926286666665,53.17095744444444,1.240872888888889,0.0,0.0,173.24073266666667,0.0,4601.612321111111,3,122.4544534942325,122.94681794437078,0a347a31f5aa9c1dc6a43123a746e221b135dca5,v0.1.0-8-ge91146e,,,,59a8fc1dbe64,c7f3b36a7b49,68.1907369381702,0.025894912003423087,784-1024-1024-10,True,4.686228908996175,train,60000,"{""profile"": true}",949.937459,531,436.743235,0,1143360000,0.0,516.443728,41386.531147,,9,37434.533658,478.538617,10626,11.167856,0.0,0.0,0,1559.166594,0.0,41414.51089,12803.47186728709,1,4.531746127,13239.929669167013,12.590080669498972,,,16,2026-09-04T11:22:46+00:00,0.1.0,mnist
ompnn,256,openblas,True,Clang 18.1.3 /usr/bin/clang++-18,"AMD Ryzen Threadripper 2950X 16-Core Processor (OpenMP host, 1 threads)",cpu,202011,float,198.99385466666666,4.4745727777777775,0.0,8.643744333333334,3743.031724333333,2956.877752222222,23.548950555555553,0.9450829999999999,0.0,0.0,549.5477667777778,0.0,3743.8060381111113,3,38.32894400771375,38.8289864759949,0a347a31f5aa9c1dc6a43123a746e221b135dca5,v0.1.0-8-ge91146e,,,,59a8fc1dbe64,0ec699c30bbe,57.89303578299346,0.07602032183300844,784-512-256-10,True,3.768573430328009,train,60000,"{""profile"": true}",1790.944692,2115,40.271155,0,571680000,0.0,77.793699,33687.285519,,9,26611.89977,211.940555,42306,8.505747,0.0,0.0,0,4945.929901,0.0,33694.254343,15921.143931319846,1,3.6867803205,16274.362664456996,62.357813731002736,,1,1,2026-09-04T11:23:26+00:00,0.1.0,mnist-512-256
ompnn,256,openblas,True,Clang 18.1.3 /usr/bin/clang++-18,"AMD Ryzen Threadripper 2950X 16-Core Processor (OpenMP host, 2 threads)",cpu,202011,float,213.30855977777776,7.665597777777778,0.0,17.388738,3976.4720926666664,3105.7138463333335,26.26186911111111,4.398887111111112,0.0,0.0,601.7345945555555,0.0,3977.3576815555552,3,35.78191099864323,36.248724670629,0a347a31f5aa9c1dc6a43123a746e221b135dca5,v0.1.0-8-ge91146e,,,,59a8fc1dbe64,d588a171b3be,57.89303578299346,0.05366931849857792,784-512-256-10,True,4.036828552993636,train,60000,"{""profile"": true}",1919.777038,2115,68.99038,0,571680000,0.0,156.498642,35788.248834,,9,27951.424617,236.356822,42306,39.589984,0.0,0.0,0,5415.611351,0.0,35796.219134,14863.152896474916,1,3.9791465485,15078.610266972428,58.21401551119342,,2,2,2026-09-04T11:24:09+00:00,0.1.0,mnist-512-256
ompnn,256,openblas,True,Clang 18.1.3 /usr/bin/clang++-18,"AMD Ryzen Threadripper 2950X 16-Core Processor (OpenMP host, 4 threads)",cpu,202011,float,215.62147477777776,7.296811111111111,0.0,16.78038766666667,3979.6166465555557,3176.4180476666666,28.895139333333336,2.760429222222222,0.0,0.0,531.8443567777778,0.0,3980.4647293333337,3,35.67173159181976,36.13710785445425,0a347a31f5aa9c1dc6a43123a746e221b135dca5,v0.1.0-8-ge91146e,,,,59a8fc1dbe64,66f2282813f7,57.89303578299346,0.05052363499999046,784-512-256-10,True,4.049297119995269,train,60000,"{""profile"": true}",1940.593273,2115,65.6713,0,571680000,0.0,151.023489,35816.549819,,9,28587.762429,260.056254,42306,24.843863,0.0,0.0,0,4786.599211,0.0,35824.182564,14817.386381385148,1,3.8936413395000002,15409.739821517527,58.03476332709183,,4,4,2026-09-04T11:24:51+00:00,0.1.0,mnist-512-256
ompnn,256,openblas,True,Clang 18.1.3 /usr/bin/clang++-18,"AMD Ryzen Threadripper 2950X 16-Core Processor (OpenMP host, 8 threads)",cpu,202011,float,216.67001100000002,9.95289811111111,0.0,21.538237444444444,3929.735319444445,3114.218175666667,28.86758988888889,10.821110444444445,0.0,0.0,527.6672968888889,0.0,3930.7041792222226,3,36.607500320077875,37.08508469636465,0a347a31f5aa9c1dc6a43123a746e221b135dca5,v0.1.0-8-ge91146e,,,,59a8fc1dbe64,4cce1df28497,57.89303578299346,0.044105053500970826,784-512-256-10,True,3.945788123664291,train,60000,"{""profile"": true}",1950.030099,2115,89.576083,0,571680000,0.0,193.844137,35367.617875,,9,28027.963581,259.808309,42306,97.389994,0.0,0.0,0,4749.005672,0.0,35376.337613,15206.08763561295,1,3.809423539,15750.414566858695,59.55717657281739,,8,8,2026-09-04T11:25:33+00:00,0.1.0,mnist-512-256
ompnn,256,openblas,True,Clang 18.1.3 /usr/bin/clang++-18,"AMD Ryzen Threadripper 2950X 16-Core Processor (OpenMP host, 16 threads)",cpu,202011,float,234.30411766666668,13.577831222222223,0.0,31.534999111111112,4059.603080777778,3191.7822858888885,28.943521666666665,32.077537444444445,0.0,0.0,527.3827877777778,0.0,4060.5144156666665,3,35.315196844905365,35.775921726723325,0a347a31f5aa9c1dc6a43123a746e221b135dca5,v0.1.0-8-ge91146e,,,,59a8fc1dbe64,16d03d38b7d2,57.89303578299346,0.10978626282788717,784-512-256-10,True,4.090177966000435,train,60000,"{""profile"": true}",2108.737059,2115,122.200481,0,571680000,0.0,283.814992,36536.427727,,9,28726.040573,260.491695,42306,288.697837,0.0,0.0,0,4746.44509,0.0,36544.629741,14669.28835340404,1,4.058196605499999,14784.892362948385,57.45471271749915,,16,16,2026-09-04T11:26:16+00:00,0.1.0,mnist-512-256
ompnn,256,openblas,True,Clang 18.1.3 /usr/bin/clang++-18,"AMD Ryzen Threadripper 2950X 16-Core Processor (OpenMP host, 32 threads)",cpu,202011,float,268.29767855555554,16.81172777777778,0.0,63.861197,4226.973567777778,3208.5195169999997,29.09486466666667,62.12427488888889,0.0,0.0,578.2643078888889,0.0,4227.999753,3,33.927614968704376,34.370237346415315,0a347a31f5aa9c1dc6a43123a746e221b135dca5,v0.1.0-8-ge91146e,,,,59a8fc1dbe64,3093f49813aa,57.89303578299346,0.03670736650625894,784-512-256-10,True,4.257459303674598,train,60000,"{""profile"": true}",2414.679107,2115,151.30555,0,571680000,0.0,574.750773,38042.76211,,9,28876.675653,261.853782,42306,559.118474,0.0,0.0,0,5204.378771,0.0,38051.997777,14092.912162005685,1,4.2237390315,14205.423098474876,55.19723930118893,,32,32,2026-09-04T11:27:01+00:00,0.1.0,mnist-512-256
ompnn,40,omp,True,Clang 18.1.3 /usr/bin/clang++-18,"AMD Ryzen Threadripper 2950X 16-Core Processor (OpenMP host, 16 threads)",cpu,202011,float,0.054835888888888885,0.04865666666666667,0.0,0.024701333333333336,0.36463033333333333,0.12470288888888888,0.00134,0.03748688888888889,0.0,0.018307777777777777,0.05459888888888889,0.0,0.37457033333333334,3,0.09711217667007663,0.1200143944462368,0a347a31f5aa9c1dc6a43123a746e221b135dca5,v0.1.0-8-ge91146e,,,,59a8fc1dbe64,dd99208d8b37,1.2191103789126854,5.786666103328286e-06,17-4-1,True,0.0003779546629327039,train,124,"{""blas"": ""omp"", ""profile"": true}",0.493523,36,0.43791,0,26784,0.0,0.222312,3.281673,,9,1.122326,0.01206,492,0.337382,0.0,0.16477,0,0.49139,0.0,3.371133,328081.67793944804,1,0.00036506150000000003,339668.7955317118,10583.27993353058,,,16,2026-09-04T11:27:02+00:00,0.1.0,monk
ompnn,40,omp,True,Clang 18.1.3 /usr/bin/clang++-18,"AMD Ryzen Threadripper 2950X 16-Core Processor (OpenMP host, 16 threads)",cpu,202011,float,0.7125337777777778,0.43262744444444445,0.0,0.306905,4.543058777777778,2.025656888888889,0.007540000000000001,0.22415655555555553,0.0,0.025663444444444447,0.8079756666666666,0.0,4.6143936666666665,3,6.218875044425423,6.7811865896750145,0a347a31f5aa9c1dc6a43123a746e221b135dca5,v0.1.0-8-ge91146e,,,,59a8fc1dbe64,13a575418e75,6.563354603463993,0.00011805883453537992,12-64-64-3,True,0.004631062659124534,train,1000,"{""blas"": ""omp"", ""profile"": true}",6.412804,225,3.893647,0,180000,0.0,2.762145,40.887529,,9,18.230912,0.06786,4533,2.017409,0.0,0.230971,0,7.271781,0.0,41.529543,215933.16126477162,1,0.004502854000000001,222081.3732801463,5398.329031619291,,,16,2026-09-04T11:27:02+00:00,0.1.0,cup
ompnn,256,omp,True,Clang 18.1.3 /usr/bin/clang++-18,"AMD Ryzen Threadripper 2950X 16-Core Processor (OpenMP host, 16 threads)",cpu,202011,float,31.265825222222222,12.428482222222222,0.0,5.147602222222222,15312.63977688889,15075.302457666668,30.141459111111107,2.7010105555555555,0.0,0.0,155.6529398888889,0.0,15313.556999777777,3,9.268701712566372,9.389621936227654,0a347a31f5aa9c1dc6a43123a746e221b135dca5,v0.1.0-8-ge91146e,,,,59a8fc1dbe64,2596a21df2f6,57.89303578299346,0.35189607283488655,784-512-256-10,True,15.584214972002277,train,60000,"{""blas"": ""omp"", ""profile"": true}",281.392427,2115,111.85634,0,571680000,0.0,46.32842,137813.757992,,9,135677.722119,271.273132,42306,24.309095,0.0,0.0,0,1400.876459,0.0,137822.012998,3850.0495602629085,1,15.4582812385,3881.4146976809775,15.07936077769639,,,16,2026-09-04T11:29:37+00:00,0.1.0,mnist-512-256
ompnn,40,openblas,True,Clang 22.1.8 /usr/bin/clang++-22,"AMD Ryzen Threadripper 2950X 16-Core Processor (OpenMP host, 16 threads)",cpu,202011,float,0.3696354,0.0015776000000000002,0.0,0.18512008000000002,1.32449792,0.025552039999999998,0.000156,0.36882844,0.0,0.0003224,0.37330596,0.0,1.33238992,5,0.029056649914483205,0.035909155408700905,0a347a31f5aa9c1dc6a43123a746e221b135dca5,v0.1.0-8-ge91146e,,,,59a8fc1dbe64,9e434e97d3f2,1.2191103789126854,5.9820013120770454e-06,17-4-1,True,0.0012631876044906676,train,124,"{""profile"": true}",9.240885,100,0.03944,0,44640,0.0,4.628002,33.112448,,25,0.638801,0.0039,1360,9.220711,0.0,0.00806,0,9.332649,0.0,33.309748,98164.35781920001,1,0.0012584,98537.82581055308,3166.5921877161295,,,16,2026-09-04T11:00:01+00:00,0.1.0,monk
ompnn,40,openblas,True,Clang 22.1.8 /usr/bin/clang++-22,"AMD Ryzen Threadripper 2950X 16-Core Processor (OpenMP host, 16 threads)",cpu,202011,double,0.046291599999999995,0.0033667999999999997,0.0,0.023544,0.1850396,0.02605844,0.0002172,0.037004999999999996,0.0,0.00037400000000000004,0.04818256,0.0,0.19184888,5,0.18689247963128558,0.23096782029411272,0a347a31f5aa9c1dc6a43123a746e221b135dca5,v0.1.0-8-ge91146e,,,,59a8fc1dbe64,6fe8572e6803,0.6095551894563427,6.12579751759767e-06,17-4-1,True,0.0001963909948244691,train,124,"{""profile"": true}",1.15729,100,0.08417,0,89280,0.0,0.5886,4.62599,,25,0.651461,0.00543,1360,0.925125,0.0,0.00935,0,1.204564,0.0,4.796222,631393.5122678566,1,0.0001911605,648669.5734735995,20367.532653801827,,,16,2026-09-04T11:00:01+00:00,0.1.0,monk
ompnn,40,openblas,True,Clang 22.1.8 /usr/bin/clang++-22,"AMD Ryzen Threadripper 2950X 16-Core Processor (OpenMP host, 16 threads)",cpu,202011,float,0.71517732,0.03524256,0.0,0.29493312,4.13383996,2.0733441999999997,0.0013144,0.23573152,0.0,0.0020047999999999997,0.7760920400000001,0.0,4.18681544,5,6.903914254089443,7.528167139821191,0a347a31f5aa9c1dc6a43123a746e221b135dca5,v0.1.0-8-ge91146e,,,,59a8fc1dbe64,e4a75d889468,6.563354603463993,3.8622191641479904e-05,12-64-64-3,True,0.004171546595171094,train,1000,"{""profile"": true}",17.879433,625,0.881064,0,300000,0.0,7.373328,103.345999,,25,51.833605,0.03286,12585,5.893288,0.0,0.05012,0,19.402301,0.0,104.670386,239719.24493366125,1,0.004220053499999999,236963.8204823707,5992.981123341531,,,16,2026-09-04T11:00:02+00:00,0.1.0,cup
ompnn,40,openblas,True,Clang 22.1.8 /usr/bin/clang++-22,"AMD Ryzen Threadripper 2950X 16-Core Processor (OpenMP host, 16 threads)",cpu,202011,double,0.7227906000000001,0.062010199999999994,0.0,0.32934040000000003,5.64109188,3.52550656,0.0031836,0.23759376,0.0,0.003962,0.75670476,0.0,5.69554096,5,5.190303187835871,5.659611122955434,0a347a31f5aa9c1dc6a43123a746e221b135dca5,v0.1.0-8-ge91146e,,,,59a8fc1dbe64,14bb9c54861b,3.2816773017319965,0.00031227320432662947,12-64-64-3,True,0.005548808799358085,train,1000,"{""profile"": true}",18.069765,625,1.550255,0,600000,0.0,8.23351,141.027297,,25,88.137664,0.07959,12585,5.939844,0.0,0.09905,0,18.917619,0.0,142.388524,180218.86068874554,1,0.005465359499999999,182970.58043482777,4505.471517218638,,,16,2026-09-04T11:00:02+00:00,0.1.0,cup
ompnn,64,openblas,True,Clang 22.1.8 /usr/bin/clang++-22,"AMD Ryzen Threadripper 2950X 16-Core Processor (OpenMP host, 16 threads)",cpu,202011,float,67.75501944444444,20.70695211111111,0.0,31.772207666666663,1956.1760293333334,1253.266501,34.14159877777777,13.159883666666666,0.0,0.0,535.3738666666667,0.0,1958.6716135555555,3,71.93694048098469,75.12657292568747,0a347a31f5aa9c1dc6a43123a746e221b135dca5,v0.1.0-8-ge91146e,,,,59a8fc1dbe64,bbc3f5deea20,24.563545832993224,0.055316846497590166,784-512-256-10,True,2.007945278659463,train,60000,"{""profile"": true}",609.795175,8442,186.362569,0,571680000,0.0,285.949869,17605.584264,,9,11279.398509,307.274389,168846,118.438953,0.0,0.0,0,4818.3648,0.0,17628.044522,29881.29240257831,1,1.9110693054999999,31396.035626401306,467.1442045603076,,,16,2026-09-04T11:00:23+00:00,0.1.0,mnist-512-256
ompnn,256,openblas,True,Clang 22.1.8 /usr/bin/clang++-22,"AMD Ryzen Threadripper 2950X 16-Core Processor (OpenMP host, 16 threads)",cpu,202011,float,48.72825988888889,9.558560222222221,0.0,19.159853222222225,1045.9002719999999,766.275465,31.755511444444444,7.176279888888889,0.0,0.0,163.24634233333333,0.0,1046.7545735555555,3,143.18982621725894,145.05789213945127,0a347a31f5aa9c1dc6a43123a746e221b135dca5,v0.1.0-8-ge91146e,,,,59a8fc1dbe64,445a2ba0cc91,57.89303578299346,0.12392855866831565,784-512-256-10,True,1.0087688756660402,train,60000,"{""profile"": true}",438.554339,2115,86.027042,0,571680000,0.0,172.438679,9413.102448,,9,6896.479185,285.799603,42306,64.586519,0.0,0.0,0,1469.217081,0.0,9420.791162,59478.44094652996,1,0.963851267,62250.268329003506,232.95722704057567,,,16,2026-09-04T11:00:36+00:00,0.1.0,mnist-512-256
ompnn,1024,openblas,True,Clang 22.1.8 /usr/bin/clang++-22,"AMD Ryzen Threadripper 2950X 16-Core Processor (OpenMP host, 16 threads)",cpu,202011,float,36.213863333333336,6.125540888888889,0.0,11.383034666666667,737.1238294444444,616.5770882222222,32.13042433333333,1.0185667777777778,0.0,0.0,33.67531122222223,0.0,737.713063,3,187.13340694231871,188.10868084892306,0a347a31f5aa9c1dc6a43123a746e221b135dca5,v0.1.0-8-ge91146e,,,,59a8fc1dbe64,18a4e80bffe2,87.61278113399811,0.01509503400302492,784-512-256-10,True,0.7718848406608837,train,60000,"{""profile"": true}",325.92477,531,55.129868,0,571680000,0.0,102.447312,6634.114465,,9,5549.193794,289.173819,10626,9.167101,0.0,0.0,0,303.077801,0.0,6639.417567,77731.80251684735,1,0.7240526045,82866.90722068938,76.4362724748999,,,16,2026-09-04T11:00:46+00:00,0.1.0,mnist-512-256
ompnn,64,openblas,True,Clang 22.1.8 /usr/bin/clang++-22,"AMD Ryzen Threadripper 2950X 16-Core Processor (OpenMP host, 16 threads)",cpu,202011,double,94.97324222222223,35.28660955555555,0.0,43.73213833333333,3434.028621,2428.4349810000003,54.238147222222224,19.503590666666668,0.0,0.0,757.859912,0.0,3437.325235111111,3,41.23822862776087,43.06670216463511,0a347a31f5aa9c1dc6a43123a746e221b135dca5,v0.1.0-8-ge91146e,,,,59a8fc1dbe64,5a088e5f4a1d,12.281772916496612,0.0805244285002118,784-512-256-10,True,3.502707192004891,train,60000,"{""profile"": true}",854.75918,8442,317.579486,0,1143360000,0.0,393.589245,30906.257589,,9,21855.914829,488.143325,168846,175.532316,0.0,0.0,0,6820.739208,0.0,30935.927116,17129.60767515854,1,3.3668276635,17820.929966349016,267.7928666549785,,,16,2026-09-04T11:01:23+00:00,0.1.0,mnist-512-256
ompnn,256,openblas,True,Clang 22.1.8 /usr/bin/clang++-22,"AMD Ryzen Threadripper 2950X 16-Core Processor (OpenMP host, 16 threads)",cpu,202011,double,52.55991177777778,18.63489033333333,0.0,28.78600122222222,1705.1925444444446,1357.7375103333334,55.77174722222222,4.713137,0.0,0.0,186.98934655555556,0.0,1706.4574571111111,3,80.98324490230308,82.0397587906642,0a347a31f5aa9c1dc6a43123a746e221b135dca5,v0.1.0-8-ge91146e,,,,59a8fc1dbe64,05df6e739710,28.94651789149673,0.022004479498718865,784-512-256-10,True,1.7836459896643646,train,60000,"{""profile"": true}",473.039206,2115,167.714013,0,1143360000,0.0,259.074011,15346.7329,,9,12219.637593,501.945725,42306,42.418233,0.0,0.0,0,1682.904119,0.0,15358.117114,33638.962186263445,1,1.6495217455,36374.17946364381,131.75260189619848,,,16,2026-09-04T11:01:42+00:00,0.1.0,mnist-512-256
ompnn,1024,openblas,True,Clang 22.1.8 /usr/bin/clang++-22,"AMD Ryzen Threadripper 2950X 16-Core Processor (OpenMP host, 16 threads)",cpu,202011,double,46.676606,19.55039111111111,0.0,24.463601999999998,1429.734596,1227.9554582222222,54.929964777777776,4.39207,0.0,0.0,51.766503888888884,0.0,1430.530033888889,3,95.40132792374123,95.8985262984179,0a347a31f5aa9c1dc6a43123a746e221b135dca5,v0.1.0-8-ge91146e,,,,59a8fc1dbe64,e9b33c02a4d2,43.806390566999056,0.014290896831274491,784-512-256-10,True,1.5140820693341084,train,60000,"{""profile"": true}",420.089454,531,175.95352,0,1143360000,0.0,220.172418,12867.611364,,9,11051.599124,494.369683,10626,39.52863,0.0,0.0,0,465.898535,0.0,12874.770305,39627.970778617,1,1.4156954495,42381.996792594764,38.96750459897338,,,16,2026-09-04T11:01:59+00:00,0.1.0,mnist-512-256
ompnn,64,openblas,True,Clang 22.1.8 /usr/bin/clang++-22,"AMD Ryzen Threadripper 2950X 16-Core Processor (OpenMP host, 16 threads)",cpu,202011,float,151.25577633333333,42.219223,0.0,67.75000422222223,6217.905506666666,4135.884388888889,30.537420444444447,14.774155444444444,0.0,0.0,1775.4845383333331,0.0,6222.571606333334,3,91.29334970929685,94.7878319489659,0a347a31f5aa9c1dc6a43123a746e221b135dca5,v0.1.0-8-ge91146e,,,,59a8fc1dbe64,ba77c8310db0,27.300586878582358,0.04294384616756908,784-1024-1024-10,True,6.2857765853405,train,60000,"{""profile"": true}",1361.301987,8442,379.973007,0,571680000,0.0,609.750038,55961.14956,,9,37222.9595,274.836784,168846,132.967399,0.0,0.0,0,15979.360845,0.0,56003.144457,9545.359938488778,1,6.172733023999999,9720.167673981035,149.22579370504124,,,16,2026-09-04T11:03:04+00:00,0.1.0,mnist
ompnn,256,openblas,True,Clang 22.1.8 /usr/bin/clang++-22,"AMD Ryzen Threadripper 2950X 16-Core Processor (OpenMP host, 16 threads)",cpu,202011,float,111.85447833333333,23.67986022222222,0.0,44.481289,3224.9629114444447,2525.088801222222,31.56758277777778,9.413191555555555,0.0,0.0,478.8777083333333,0.0,3227.3079807777776,3,175.5665206350259,177.4766728001217,0a347a31f5aa9c1dc6a43123a746e221b135dca5,v0.1.0-8-ge91146e,,,,59a8fc1dbe64,733686ffce2f,75.80495846807432,0.040345399669604376,784-1024-1024-10,True,3.268559392328219,train,60000,"{""profile"": true}",1006.690305,2115,213.118742,0,571680000,0.0,400.331601,29024.666203,,9,22725.799211,284.108245,42306,84.718724,0.0,0.0,0,4309.899375,0.0,29045.771827,18356.710953709047,1,3.224327174,18608.533427941766,71.89711790202709,,,16,2026-09-04T11:03:39+00:00,0.1.0,mnist
ompnn,1024,openblas,True,Clang 22.1.8 /usr/bin/clang++-22,"AMD Ryzen Threadripper 2950X 16-Core Processor (OpenMP host, 16 threads)",cpu,202011,float,92.32256533333333,18.132547777777777,0.0,29.400646888888886,2503.010247888889,2213.2603251111113,30.812807888888887,1.5475794444444444,0.0,0.0,117.53377544444444,0.0,2504.7817414444444,3,223.7621219283529,224.66182390718063,0a347a31f5aa9c1dc6a43123a746e221b135dca5,v0.1.0-8-ge91146e,,,,59a8fc1dbe64,a7dbe333ab5e,136.3814738763404,0.030703792833568055,784-1024-1024-10,True,2.5645520119966627,train,60000,"{""profile"": true}",830.903088,531,163.19293,0,571680000,0.0,264.605822,22527.092231,,9,19919.342926,277.315271,10626,13.928215,0.0,0.0,0,1057.803979,0.0,22543.035673,23395.89905735087,1,2.4818645650000004,24175.372357596792,23.005967406395023,,,16,2026-09-04T11:04:06+00:00,0.1.0,mnist
ompnn,64,openblas,True,Clang 22.1.8 /usr/bin/clang++-22,"AMD Ryzen Threadripper 2950X 16-Core Processor (OpenMP host, 16 threads)",cpu,202011,double,181.99749533333335,68.16849066666667,0.0,89.32057555555555,10006.996689555555,7164.970122333333,54.37451933333333,21.241978777777778,0.0,0.0,2426.9235075555557,0.0,10013.936071444445,3,56.94960010477771,59.129489075399356,0a347a31f5aa9c1dc6a43123a746e221b135dca5,v0.1.0-8-ge91146e,,,,59a8fc1dbe64,9f584bac9cbc,13.650293439291179,0.3567843931717416,784-1024-1024-10,True,10.07644652366677,train,60000,"{""profile"": true}",1637.977458,8442,613.516416,0,1143360000,0.0,803.88518,90062.970206,,9,64484.731101,489.370674,168846,191.177809,0.0,0.0,0,21842.311568,0.0,90125.424643,5954.480069841754,1,9.826924708,6105.674133348616,93.08837175852608,,,16,2026-09-04T11:05:50+00:00,0.1.0,mnist
ompnn,256,openblas,True,Clang 22.1.8 /usr/bin/clang++-22,"AMD Ryzen Threadripper 2950X 16-Core Processor (OpenMP host, 16 threads)",cpu,202011,double,129.53314655555556,70.33911322222222,0.0,72.18288611111112,5660.830196333333,4710.9433587777785,50.494209444444444,12.199702444444444,0.0,0.0,615.1377797777778,0.0,5664.817591666667,3,98.96708756786478,100.04384295327206,0a347a31f5aa9c1dc6a43123a746e221b135dca5,v0.1.0-8-ge91146e,,,,59a8fc1dbe64,dbc7d5a92629,37.90247923403716,0.11470148133715519,784-1024-1024-10,True,5.798388273338787,train,60000,"{""profile"": true}",1165.798319,2115,633.052019,0,1143360000,0.0,649.645975,50947.471767,,9,42398.490229,454.447885,42306,109.797322,0.0,0.0,0,5536.240018,0.0,50983.358325,10347.703046358987,1,5.5969153775,10720.190668096267,40.52850359823937,,,16,2026-09-04T11:06:50+00:00,0.1.0,mnist
ompnn,1024,openblas,True,Clang 22.1.8 /usr/bin/clang++-22,"AMD Ryzen Threadripper 2950X 16-Core Processor (OpenMP host, 16 threads)",cpu,202011,double,116.1954308888889,51.53435833333334,0.0,56.10850544444444,4596.423163888889,4177.813300888889,50.694130333333334,2.8085959999999996,0.0,0.0,141.268842,0.0,4599.522816888889,3,122.65627668481035,123.1494526249469,0a347a31f5aa9c1dc6a43123a746e221b135dca5,v0.1.0-8-ge91146e,,,,59a8fc1dbe64,c7f3b36a7b49,68.1907369381702,0.014888981163190707,784-1024-1024-10,True,4.678518013999565,train,60000,"{""profile"": true}",1045.758878,531,463.809225,0,1143360000,0.0,504.976549,41367.808475,,9,37600.319708,456.247173,10626,25.277364,0.0,0.0,0,1271.419578,0.0,41395.705352,12824.573897217357,1,4.5989506875,13046.454305996513,12.6108309989304,,,16,2026-09-04T11:07:39+00:00,0.1.0,mnist
ompnn,256,openblas,True,Clang 22.1.8 /usr/bin/clang++-22,"AMD Ryzen Threadripper 2950X 16-Core Processor (OpenMP host, 1 threads)",cpu,202011,float,198.29730622222223,4.593217555555555,0.0,9.04011888888889,3848.354058333333,3042.347046888889,24.36505677777778,1.0458476666666667,0.0,0.0,568.6654643333334,0.0,3849.132914888889,3,37.26955293154443,37.75577449913769,0a347a31f5aa9c1dc6a43123a746e221b135dca5,v0.1.0-8-ge91146e,,,,59a8fc1dbe64,0ec699c30bbe,57.89303578299346,0.009032410001964308,784-512-256-10,True,3.8756955379988844,train,60000,"{""profile"": true}",1784.675756,2115,41.338958,0,571680000,0.0,81.36107,34635.186525,,9,27381.123422,219.285511,42306,9.412629,0.0,0.0,0,5117.989179,0.0,34642.196234,15481.092209575227,1,3.8035580885,15774.703213133273,60.63427782083631,,1,1,2026-09-04T11:08:20+00:00,0.1.0,mnist-512-256
ompnn,256,openblas,True,Clang 22.1.8 /usr/bin/clang++-22,"AMD Ryzen Threadripper 2950X 16-Core Processor (OpenMP host, 2 threads)",cpu,202011,float,212.514024,7.616333444444444,0.0,16.507302,3893.907845888889,3042.413538888889,26.504342333333334,4.480506999999999,0.0,0.0,583.8717982222222,0.0,3894.878365555556,3,36.70334959494631,37.18218442853706,0a347a31f5aa9c1dc6a43123a746e221b135dca5,v0.1.0-8-ge91146e,,,,59a8fc1dbe64,d588a171b3be,57.89303578299346,0.027755203501631964,784-512-256-10,True,3.935483861666095,train,60000,"{""profile"": true}",1912.626216,2115,68.547001,0,571680000,0.0,148.565718,35045.170613,,9,27381.72185,238.539081,42306,40.324563,0.0,0.0,0,5254.846184,0.0,35053.90529,15245.901675378458,1,3.8455619910000003,15602.400933965335,59.713114895232295,,2,2,2026-09-04T11:09:01+00:00,0.1.0,mnist-512-256
ompnn,256,openblas,True,Clang 22.1.8 /usr/bin/clang++-22,"AMD Ryzen Threadripper 2950X 16-Core Processor (OpenMP host, 4 threads)",cpu,202011,float,202.984286,6.557739555555555,0.0,14.063347444444444,3855.1670325555556,3088.6019146666667,28.812262444444443,3.1728193333333334,0.0,0.0,510.9746631111111,0.0,3856.1877034444447,3,37.13543992332843,37.619911841892915,0a347a31f5aa9c1dc6a43123a746e221b135dca5,v0.1.0-8-ge91146e,,,,59a8fc1dbe64,66f2282813f7,57.89303578299346,0.02583294983681661,784-512-256-10,True,3.8896924419968855,train,60000,"{""profile"": true}",1826.858574,2115,59.019656,0,571680000,0.0,126.570127,34696.503293,,9,27797.417232,259.310362,42306,28.555374,0.0,0.0,0,4598.771968,0.0,34705.689331,15425.384113196691,1,3.8354479025,15643.5445155939,60.41608777668704,,4,4,2026-09-04T11:09:42+00:00,0.1.0,mnist-512-256
ompnn,256,openblas,True,Clang 22.1.8 /usr/bin/clang++-22,"AMD Ryzen Threadripper 2950X 16-Core Processor (OpenMP host, 8 threads)",cpu,202011,float,210.80527433333333,11.935856333333334,0.0,18.126315666666667,3882.326756666667,3106.1923068888887,28.576892,12.445437555555555,0.0,0.0,494.24467388888894,0.0,3883.304635333333,3,36.93641460594211,37.41829002430204,0a347a31f5aa9c1dc6a43123a746e221b135dca5,v0.1.0-8-ge91146e,,,,59a8fc1dbe64,4cce1df28497,57.89303578299346,0.0910115771645601,784-512-256-10,True,3.910651359668312,train,60000,"{""profile"": true}",1897.247469,2115,107.422707,0,571680000,0.0,163.136841,34940.94081,,9,27955.730762,257.192028,42306,112.008938,0.0,0.0,0,4448.202065,0.0,34949.741718,15342.712628079684,1,3.7631902065,15943.91904410373,60.09229112664543,,8,8,2026-09-04T11:10:24+00:00,0.1.0,mnist-512-256
ompnn,256,openblas,True,Clang 22.1.8 /usr/bin/clang++-22,"AMD Ryzen Threadripper 2950X 16-Core Processor (OpenMP host, 16 threads)",cpu,202011,float,237.610138,10.504986777777779,0.0,32.729639999999996,3983.543342222222,3152.3818546666666,28.874099333333334,25.038024555555555,0.0,0.0,496.40459888888887,0.0,3984.537476111111,3,35.506663288561185,35.969886056912614,0a347a31f5aa9c1dc6a43123a746e221b135dca5,v0.1.0-8-ge91146e,,,,59a8fc1dbe64,16d03d38b7d2,57.89303578299346,0.08322715866961605,784-512-256-10,True,4.068122054333799,train,60000,"{""profile"": true}",2138.491242,2115,94.544881,0,571680000,0.0,294.56676,35851.89008,,9,28371.436692,259.866894,42306,225.342221,0.0,0.0,0,4467.64139,0.0,35860.837285,14748.820020304353,1,3.8881847675,15431.365428289155,57.76621174619205,,16,16,2026-09-04T11:11:06+00:00,0.1.0,mnist-512-256
ompnn,256,openblas,True,Clang 22.1.8 /usr/bin/clang++-22,"AMD Ryzen Threadripper 2950X 16-Core Processor (OpenMP host, 32 threads)",cpu,202011,float,249.19238677777776,15.588196111111111,0.0,57.82412433333333,3895.5974041111112,2978.0519382222224,28.822341444444444,57.67472466666667,0.0,0.0,508.4436925555556,0.0,3896.6677259999997,3,36.93660873479536,37.418486685775825,0a347a31f5aa9c1dc6a43123a746e221b135dca5,v0.1.0-8-ge91146e,,,,59a8fc1dbe64,3093f49813aa,57.89303578299346,0.052814499504165724,784-512-256-10,True,3.9106308063395168,train,60000,"{""profile"": true}",2242.731481,2115,140.293765,0,571680000,0.0,520.417119,35060.376637,,9,26802.467444,259.401073,42306,519.072522,0.0,0.0,0,4575.993233,0.0,35070.009534,15342.793265662947,1,3.8384768630000003,15631.200119598063,60.092606957179875,,32,32,2026-09-04T11:11:48+00:00,0.1.0,mnist-512-256
ompnn,40,omp,True,Clang 22.1.8 /usr/bin/clang++-22,"AMD Ryzen Threadripper 2950X 16-Core Processor (OpenMP host, 16 threads)",cpu,202011,float,0.047260333333333335,0.04103022222222222,0.0,0.021861222222222223,0.31559933333333334,0.10570488888888889,0.0009266666666666667,0.03364888888888889,0.0,0.015854555555555556,0.049312555555555554,0.0,0.32134155555555555,3,0.11191790612709117,0.13831179767667978,0a347a31f5aa9c1dc6a43123a746e221b135dca5,v0.1.0-8-ge91146e,,,,59a8fc1dbe64,dd99208d8b37,1.2191103789126854,1.611668267287314e-06,17-4-1,True,0.00032795467025910813,train,124,"{""blas"": ""omp"", ""profile"": true}",0.425343,36,0.369272,0,26784,0.0,0.196751,2.840394,,9,0.951344,0.00834,492,0.30284,0.0,0.142691,0,0.443813,0.0,2.892074,378101.03421314585,1,0.00032243150000000004,384577.8095502455,12196.807555262769,,,16,2026-09-04T11:11:49+00:00,0.1.0,monk
ompnn,40,omp,True,Clang 22.1.8 /usr/bin/clang++-22,"AMD Ryzen Threadripper 2950X 16-Core Processor (OpenMP host, 16 threads)",cpu,202011,float,0.669375,0.40625500000000003,0.0,0.28454599999999997,4.247599666666667,1.9293879999999999,0.0045966666666666664,0.20045322222222223,0.0,0.024965555555555557,0.7280202222222223,0.0,4.288929777777778,3,6.871530530340375,7.492855275272992,0a347a31f5aa9c1dc6a43123a746e221b135dca5,v0.1.0-8-ge91146e,,,,59a8fc1dbe64,13a575418e75,6.563354603463993,0.00016419749590568244,12-64-64-3,True,0.004191206001754229,train,1000,"{""blas"": ""omp"", ""profile"": true}",6.024375,225,3.656295,0,180000,0.0,2.560914,38.228397,,9,17.364492,0.04137,4533,1.804079,0.0,0.22469,0,6.552182,0.0,38.600368,238594.81008126301,1,0.004169145,239857.33285841582,5964.870252031576,,,16,2026-09-04T11:11:49+00:00,0.1.0,cup
ompnn,256,omp,True,Clang 22.1.8 /usr/bin/clang++-22,"AMD Ryzen Threadripper 2950X 16-Core Processor (OpenMP host, 16 threads)",cpu,202011,float,31.120217555555556,11.926567333333333,0.0,4.364734222222222,15671.232444555557,15460.558667444442,33.23586644444444,2.754415888888889,0.0,0.0,127.27197566666668,0.0,15672.134767777778,3,9.248287698917233,9.368941599724156,0a347a31f5aa9c1dc6a43123a746e221b135dca5,v0.1.0-8-ge91146e,,,,59a8fc1dbe64,2596a21df2f6,57.89303578299346,0.8815387226641178,784-512-256-10,True,15.618614461670708,train,60000,"{""blas"": ""omp"", ""profile"": true}",280.081958,2115,107.339106,0,571680000,0.0,39.282608,141041.092001,,9,139145.028007,299.122798,42306,24.789743,0.0,0.0,0,1145.447781,0.0,141049.21291,3841.569951498877,1,15.824269579,3791.64420199366,15.046148976703934,,,16,2026-09-04T11:14:27+00:00,0.1.0,mnist-512-256
ompnn,40,openblas,True,GNU 14.2.0 /usr/bin/g++-14,"AMD Ryzen Threadripper 2950X 16-Core Processor (OpenMP host, 16 threads)",cpu,201511,double,0.052936319999999995,0.00451688,0.0,0.02455924,0.19228732,0.02794828,0.0002076,0.02835808,0.0,0.00042479999999999997,0.053336119999999994,0.0,0.20087256,5,0.17899029401950195,0.221202041650082,0a347a31f5aa9c1dc6a43123a746e221b135dca5,v0.1.0-8-ge91146e,,,,59a8fc1dbe64,6fe8572e6803,0.6095551894563427,2.2508198162540788e-05,17-4-1,True,0.0002050613984465599,train,124,"{""profile"": true}",1.323408,100,0.112922,0,89280,0.0,0.613981,4.807183,,25,0.698707,0.00519,1360,0.708952,0.0,0.01062,0,1.333403,0.0,5.021814,604696.9392550741,1,0.000193936,639386.189258312,19506.35287919594,,,16,2026-09-04T10:42:07+00:00,0.1.0,monk
ompnn,40,openblas,True,GNU 14.2.0 /usr/bin/g++-14,"AMD Ryzen Threadripper 2950X 16-Core Processor (OpenMP host, 16 threads)",cpu,201511,double,0.64793868,0.06873884000000001,0.0,0.35447132000000003,5.27477172,3.3821263599999996,0.00321924,0.17092796,0.0,0.0037112,0.64363812,0.0,5.32280452,5,5.434472899549726,5.925858693914914,0a347a31f5aa9c1dc6a43123a746e221b135dca5,v0.1.0-8-ge91146e,,,,59a8fc1dbe64,14bb9c54861b,3.2816773017319965,5.043220007792167e-05,12-64-64-3,True,0.005299501999979838,train,1000,"{""profile"": true}",16.198467,625,1.718471,0,600000,0.0,8.861783,131.869293,,25,84.553159,0.080481,12585,4.273199,0.0,0.09278,0,16.090953,0.0,133.070113,188696.9756788099,1,0.0052873009999999995,189132.41368327625,4717.424391970248,,,16,2026-09-04T10:42:08+00:00,0.1.0,cup
ompnn,64,openblas,True,GNU 14.2.0 /usr/bin/g++-14,"AMD Ryzen Threadripper 2950X 16-Core Processor (OpenMP host, 16 threads)",cpu,201511,float,88.51022622222223,14.626606,0.0,29.484302999999997,1645.668535888889,1097.8466881111112,29.113713666666666,10.425486888888889,0.0,0.0,375.66151199999996,0.0,1647.7130106666666,3,87.31389272049405,91.1853282198701,0a347a31f5aa9c1dc6a43123a746e221b135dca5,v0.1.0-8-ge91146e,,,,59a8fc1dbe64,bbc3f5deea20,24.563545832993224,0.06335391716856975,784-512-256-10,True,1.6543236763294165,train,60000,"{""profile"": true}",796.592036,8442,131.639454,0,571680000,0.0,265.358727,14811.016823,,9,9880.620193,262.023423,168846,93.829382,0.0,0.0,0,3380.953608,0.0,14829.417096,36268.59777110058,1,1.6103475405,37259.03787288704,566.9990784882058,,,16,2026-09-04T10:42:30+00:00,0.1.0,mnist-512-256
ompnn,256,openblas,True,GNU 14.2.0 /usr/bin/g++-14,"AMD Ryzen Threadripper 2950X 16-Core Processor (OpenMP host, 16 threads)",cpu,201511,float,49.38106988888889,6.832918,0.0,15.834236777777777,818.2587582222222,616.212483888889,29.73190711111111,1.9011335555555557,0.0,0.0,98.365009,0.0,818.9871381111111,3,168.21342777381838,170.4079536027879,0a347a31f5aa9c1dc6a43123a746e221b135dca5,v0.1.0-8-ge91146e,,,,59a8fc1dbe64,445a2ba0cc91,57.89303578299346,0.029366108671335267,784-512-256-10,True,0.8587033859997367,train,60000,"{""profile"": true}",444.429629,2115,61.496262,0,571680000,0.0,142.508131,7364.328824,,9,5545.912355,267.587164,42306,17.110202,0.0,0.0,0,885.285081,0.0,7370.884243,69872.78841359826,1,0.808603105,74202.04007255203,273.6684212865932,,,16,2026-09-04T10:42:40+00:00,0.1.0,mnist-512-256
ompnn,1024,openblas,True,GNU 14.2.0 /usr/bin/g++-14,"AMD Ryzen Threadripper 2950X 16-Core Processor (OpenMP host, 16 threads)",cpu,201511,float,47.09669566666667,4.326674888888889,0.0,12.46995188888889,617.8739898888889,492.5319054444444,29.80046844444444,0.6239187777777777,0.0,0.0,31.02437477777778,0.0,618.503399,3,221.90426450716086,223.0607519696307,0a347a31f5aa9c1dc6a43123a746e221b135dca5,v0.1.0-8-ge91146e,,,,59a8fc1dbe64,18a4e80bffe2,87.61278113399811,0.014700647991655158,784-512-256-10,True,0.6509358453331515,train,60000,"{""profile"": true}",423.870261,531,38.940074,0,571680000,0.0,112.229567,5560.865909,,9,4432.787149,268.204216,10626,5.615269,0.0,0.0,0,279.219373,0.0,5566.530591,92174.98226617365,1,0.6098428165,98386.00763447706,90.63873256173743,,,16,2026-09-04T10:42:48+00:00,0.1.0,mnist-512-256
ompnn,64,openblas,True,GNU 14.2.0 /usr/bin/g++-14,"AMD Ryzen Threadripper 2950X 16-Core Processor (OpenMP host, 16 threads)",cpu,201511,double,121.23652766666666,21.580101444444445,0.0,44.93893211111111,2885.7406856666666,2217.514998,53.68089611111111,7.901433999999999,0.0,0.0,418.8877963333333,0.0,2888.7736787777776,3,48.8602328038904,51.026660549705014,0a347a31f5aa9c1dc6a43123a746e221b135dca5,v0.1.0-8-ge91146e,,,,59a8fc1dbe64,5a088e5f4a1d,12.281772916496612,0.06442173982698751,784-512-256-10,True,2.9562986443343107,train,60000,"{""profile"": true}",1091.128749,8442,194.220913,0,1143360000,0.0,404.450389,25971.666171,,9,19957.634982,483.128065,168846,71.112906,0.0,0.0,0,3769.990167,0.0,25998.963109,20295.64912698818,1,2.833255576,21177.05176626113,317.2886480185819,,,16,2026-09-04T10:43:19+00:00,0.1.0,mnist-512-256
ompnn,256,openblas,True,GNU 14.2.0 /usr/bin/g++-14,"AMD Ryzen Threadripper 2950X 16-Core Processor (OpenMP host, 16 threads)",cpu,201511,double,81.74963933333333,13.829527111111112,0.0,32.588528333333336,1531.8476098888889,1190.935611888889,53.994245,2.8617707777777777,0.0,0.0,155.88828744444444,0.0,1533.2301876666668,3,89.58031354987546,90.74898548322861,0a347a31f5aa9c1dc6a43123a746e221b135dca5,v0.1.0-8-ge91146e,,,,59a8fc1dbe64,05df6e739710,28.94651789149673,0.054977105833434736,784-512-256-10,True,1.612468568996216,train,60000,"{""profile"": true}",735.746754,2115,124.465744,0,1143360000,0.0,293.296755,13786.628489,,9,10718.420507,485.948205,42306,25.755937,0.0,0.0,0,1402.994587,0.0,13799.071689,37210.027626988616,1,1.4835154735,40444.471980089525,145.7392748723721,,,16,2026-09-04T10:43:37+00:00,0.1.0,mnist-512-256
ompnn,1024,openblas,True,GNU 14.2.0 /usr/bin/g++-14,"AMD Ryzen Threadripper 2950X 16-Core Processor (OpenMP host, 16 threads)",cpu,201511,double,67.97457166666668,13.861767777777779,0.0,36.62754588888889,1319.1660689999999,1084.1367753333334,52.318872,4.045045333333333,0.0,0.0,60.201491,0.0,1320.0096304444444,3,104.0147364132427,104.55682486224651,0a347a31f5aa9c1dc6a43123a746e221b135dca5,v0.1.0-8-ge91146e,,,,59a8fc1dbe64,e9b33c02a4d2,43.806390566999056,0.052938636499068936,784-512-256-10,True,1.38870168767365,train,60000,"{""profile"": true}",611.771145,531,124.75591,0,1143360000,0.0,329.647913,11872.494621,,9,9757.230978,470.869848,10626,36.405408,0.0,0.0,0,541.813419,0.0,11880.086674,43205.82349151737,1,1.2907321585,46485.24452178201,42.48572643332541,,,16,2026-09-04T10:43:52+00:00,0.1.0,mnist-512-256
ompnn,64,openblas,True,GNU 14.2.0 /usr/bin/g++-14,"AMD Ryzen Threadripper 2950X 16-Core Processor (OpenMP host, 16 threads)",cpu,201511,float,175.698237,21.96915611111111,0.0,92.08343055555555,5330.73264688889,3748.4240802222225,28.616407444444445,8.649657777777778,0.0,0.0,1255.2916777777777,0.0,5335.127285222222,3,107.01614042126779,111.11245196258884,0a347a31f5aa9c1dc6a43123a746e221b135dca5,v0.1.0-8-ge91146e,,,,59a8fc1dbe64,ba77c8310db0,27.300586878582358,0.06634748800327817,784-1024-1024-10,True,5.362271501672997,train,60000,"{""profile"": true}",1581.284133,8442,197.722405,0,571680000,0.0,828.750875,47976.593822,,9,33735.816722,257.547667,168846,77.84692,0.0,0.0,0,11297.6251,0.0,48016.145567,11189.287968966202,1,5.292049437999999,11337.762563056389,174.92586858150497,,,16,2026-09-04T10:44:49+00:00,0.1.0,mnist
ompnn,256,openblas,True,GNU 14.2.0 /usr/bin/g++-14,"AMD Ryzen Threadripper 2950X 16-Core Processor (OpenMP host, 16 threads)",cpu,201511,float,135.44740366666667,14.178396888888889,0.0,43.05080122222222,2810.8774582222222,2244.264728666667,27.799479666666667,2.0174475555555555,0.0,0.0,344.11920055555555,0.0,2813.1269035555556,3,199.327053774838,201.49571897337933,0a347a31f5aa9c1dc6a43123a746e221b135dca5,v0.1.0-8-ge91146e,,,,59a8fc1dbe64,733686ffce2f,75.80495846807432,0.07348339750024024,784-1024-1024-10,True,2.8789348416709495,train,60000,"{""profile"": true}",1219.026633,2115,127.605572,0,571680000,0.0,387.457211,25297.897124,,9,20198.382558,250.195317,42306,18.157028,0.0,0.0,0,3097.072805,0.0,25318.142132,20841.04132248289,1,2.79899671,21436.252420603952,81.62741184639133,,,16,2026-09-04T10:45:19+00:00,0.1.0,mnist
ompnn,1024,openblas,True,GNU 14.2.0 /usr/bin/g++-14,"AMD Ryzen Threadripper 2950X 16-Core Processor (OpenMP host, 16 threads)",cpu,201511,float,124.24678922222223,16.148247222222224,0.0,39.58986733333333,2104.131142,1794.745928111111,28.700785000000003,0.9145719999999999,0.0,0.0,99.78495311111111,0.0,2105.893356111111,3,273.15076161668264,274.24904526999694,0a347a31f5aa9c1dc6a43123a746e221b135dca5,v0.1.0-8-ge91146e,,,,59a8fc1dbe64,a7dbe333ab5e,136.3814738763404,0.19190822250190376,784-1024-1024-10,True,2.100853011002376,train,60000,"{""profile"": true}",1118.221103,531,145.334225,0,571680000,0.0,356.308806,18937.180278,,9,16152.713353,258.307065,10626,8.231148,0.0,0.0,0,898.064578,0.0,18953.040205,28559.82769178711,1,2.109250919,28446.117747074928,28.08383056359066,,,16,2026-09-04T10:45:42+00:00,0.1.0,mnist
ompnn,64,openblas,True,GNU 14.2.0 /usr/bin/g++-14,"AMD Ryzen Threadripper 2950X 16-Core Processor (OpenMP host, 16 threads)",cpu,201511,double,280.64166355555557,42.40788577777778,0.0,130.68547233333334,9316.880455444443,6813.203309222223,51.96125077777778,12.220402,0.0,0.0,1985.7604717777779,0.0,9324.020877555557,3,60.7600130913705,63.08575518875168,0a347a31f5aa9c1dc6a43123a746e221b135dca5,v0.1.0-8-ge91146e,,,,59a8fc1dbe64,9f584bac9cbc,13.650293439291179,0.08343774617242161,784-1024-1024-10,True,9.44452726066811,train,60000,"{""profile"": true}",2525.774972,8442,381.670972,0,1143360000,0.0,1176.169251,83851.924099,,9,61318.829783,467.651257,168846,109.983618,0.0,0.0,0,17871.844246,0.0,83916.187898,6352.885469436993,1,9.3141353545,6441.821781236173,99.31677617219832,,,16,2026-09-04T10:47:19+00:00,0.1.0,mnist
ompnn,256,openblas,True,GNU 14.2.0 /usr/bin/g++-14,"AMD Ryzen Threadripper 2950X 16-Core Processor (OpenMP host, 16 threads)",cpu,201511,double,188.65018877777777,51.93344477777778,0.0,108.04159144444445,4545.760775111111,3708.054649,52.51717877777778,2.6674306666666663,0.0,0.0,433.8962916666667,0.0,4549.836169555555,3,125.21595229096147,126.57829359332364,0a347a31f5aa9c1dc6a43123a746e221b135dca5,v0.1.0-8-ge91146e,,,,59a8fc1dbe64,dbc7d5a92629,37.90247923403716,0.13526943716957796,784-1024-1024-10,True,4.582879333669553,train,60000,"{""profile"": true}",1697.851699,2115,467.401003,0,1143360000,0.0,972.374323,40911.846976,,9,33372.491841,472.654609,42306,24.006876,0.0,0.0,0,3905.066625,0.0,40948.525526,13092.205932456323,1,4.529368697000001,13246.879204102026,51.27780656878727,,,16,2026-09-04T10:48:07+00:00,0.1.0,mnist
ompnn,1024,openblas,True,GNU 14.2.0 /usr/bin/g++-14,"AMD Ryzen Threadripper 2950X 16-Core Processor (OpenMP host, 16 threads)",cpu,201511,double,150.0332268888889,45.922477666666666,0.0,81.20997711111112,3852.638726222222,3391.9473134444443,50.22499333333334,1.8186071111111108,0.0,0.0,131.48213066666665,0.0,3855.8404862222224,3,143.46633768442945,144.04318664705758,0a347a31f5aa9c1dc6a43123a746e221b135dca5,v0.1.0-8-ge91146e,,,,59a8fc1dbe64,c7f3b36a7b49,68.1907369381702,0.1685303263317719,784-1024-1024-10,True,3.999890213007651,train,60000,"{""profile"": true}",1350.299042,531,413.302299,0,1143360000,0.0,730.889794,34673.748536,,9,30527.525821,452.02494,10626,16.367464,0.0,0.0,0,1183.339176,0.0,34702.564376,15000.41171252148,1,3.8918808435,15416.71043197754,14.750404850646122,,,16,2026-09-04T10:48:49+00:00,0.1.0,mnist
ompnn,256,openblas,True,GNU 14.2.0 /usr/bin/g++-14,"AMD Ryzen Threadripper 2950X 16-Core Processor (OpenMP host, 1 threads)",cpu,201511,float,200.2668092222222,4.485793444444444,0.0,8.700268222222222,3391.028206666667,2956.2471173333333,24.024794333333332,0.5307938888888889,0.0,0.0,196.77263022222223,0.0,3391.9399165555556,3,41.425144431823355,41.96558017840754,0a347a31f5aa9c1dc6a43123a746e221b135dca5,v0.1.0-8-ge91146e,,,,59a8fc1dbe64,0ec699c30bbe,57.89303578299346,0.11028842566399044,784-512-256-10,True,3.4869025076720086,train,60000,"{""profile"": true}",1802.401283,2115,40.372141,0,571680000,0.0,78.302414,30519.25386,,9,26606.224056,216.223149,42306,4.777145,0.0,0.0,0,1770.953672,0.0,30527.459249,17207.249089409823,1,3.3794380575,17754.431056027723,67.39505893352181,,1,1,2026-09-04T10:49:25+00:00,0.1.0,mnist-512-256
ompnn,256,openblas,True,GNU 14.2.0 /usr/bin/g++-14,"AMD Ryzen Threadripper 2950X 16-Core Processor (OpenMP host, 2 threads)",cpu,201511,float,848.7559767777778,14.886228111111112,0.0,465.934712,6196.063113333334,3698.687919222222,23.825771333333332,247.71040688888888,0.0,0.0,896.262099,0.0,6197.088359111111,3,23.410360075314003,23.715773504733157,0a347a31f5aa9c1dc6a43123a746e221b135dca5,v0.1.0-8-ge91146e,,,,59a8fc1dbe64,d588a171b3be,57.89303578299346,0.11878673300573883,784-512-256-10,True,6.170150289670953,train,60000,"{""profile"": true}",7638.803791,2115,133.976053,0,571680000,0.0,4193.412408,55764.56802,,9,33288.191273,214.431942,42306,2229.393662,0.0,0.0,0,8066.358891,0.0,55773.795232,9724.236393470366,1,6.337772059500001,9467.04921488349,38.086592541092266,,2,2,2026-09-04T10:50:29+00:00,0.1.0,mnist-512-256
ompnn,256,openblas,True,GNU 14.2.0 /usr/bin/g++-14,"AMD Ryzen Threadripper 2950X 16-Core Processor (OpenMP host, 4 threads)",cpu,201511,float,228.6921241111111,6.769896666666667,0.0,25.359072777777776,3626.321910888889,3040.0031622222223,24.351132333333332,7.147418444444445,0.0,0.0,293.9991043333333,0.0,3627.307809666667,3,39.33429213796883,39.847450458344255,0a347a31f5aa9c1dc6a43123a746e221b135dca5,v0.1.0-8-ge91146e,,,,59a8fc1dbe64,66f2282813f7,57.89303578299346,0.05521420266207633,784-512-256-10,True,3.672252178667501,train,60000,"{""profile"": true}",2058.229117,2115,60.92907,0,571680000,0.0,228.231655,32636.897198,,9,27360.02846,219.160191,42306,64.326766,0.0,0.0,0,2645.991939,0.0,32645.770287,16338.747199483278,1,3.6168495204999997,16589.02303231722,63.9934265313095,,4,4,2026-09-04T10:51:08+00:00,0.1.0,mnist-512-256
ompnn,256,openblas,True,GNU 14.2.0 /usr/bin/g++-14,"AMD Ryzen Threadripper 2950X 16-Core Processor (OpenMP host, 8 threads)",cpu,201511,float,253.41621633333332,5.295890555555555,0.0,43.71124733333333,3619.742390222222,2955.427914111111,21.882953222222223,15.968568444444445,0.0,0.0,324.0396002222222,0.0,3620.783216777778,3,39.53482960223064,40.05060415039966,0a347a31f5aa9c1dc6a43123a746e221b135dca5,v0.1.0-8-ge91146e,,,,59a8fc1dbe64,4cce1df28497,57.89303578299346,0.015256366998073645,784-512-256-10,True,3.6536249543326753,train,60000,"{""profile"": true}",2280.745947,2115,47.663015,0,571680000,0.0,393.401226,32577.681512,,9,26598.851227,196.946579,42306,143.717116,0.0,0.0,0,2916.356402,0.0,32587.048951,16422.046802819375,1,3.5890407325,16717.55894456124,64.31968331104255,,8,8,2026-09-04T10:51:47+00:00,0.1.0,mnist-512-256
ompnn,256,openblas,True,GNU 14.2.0 /usr/bin/g++-14,"AMD Ryzen Threadripper 2950X 16-Core Processor (OpenMP host, 16 threads)",cpu,201511,float,309.75769288888887,6.736715666666666,0.0,75.64505033333334,3845.150167222222,3015.055702111111,24.07715122222222,32.40900144444444,0.0,0.0,381.46885355555554,0.0,3846.2239921111113,3,37.04322382379934,37.526492683755826,0a347a31f5aa9c1dc6a43123a746e221b135dca5,v0.1.0-8-ge91146e,,,,59a8fc1dbe64,16d03d38b7d2,57.89303578299346,0.07413394217049518,784-512-256-10,True,3.899375515669817,train,60000,"{""profile"": true}",2787.819236,2115,60.630441,0,571680000,0.0,680.805453,34606.351505,,9,27135.501319,216.694361,42306,291.681013,0.0,0.0,0,3433.219682,0.0,34616.015929,15387.079228170584,1,3.816812367,15719.923913147393,60.26606031033479,,16,16,2026-09-04T10:52:28+00:00,0.1.0,mnist-512-256
ompnn,256,openblas,True,GNU 14.2.0 /usr/bin/g++-14,"AMD Ryzen Threadripper 2950X 16-Core Processor (OpenMP host, 32 threads)",cpu,201511,float,405.3821995555556,16.132090555555557,0.0,135.83383033333334,4125.021145222222,3000.035309111111,24.47414677777778,64.91615766666666,0.0,0.0,478.2474112222222,0.0,4126.075125333333,3,34.705612441929546,35.15838463688432,0a347a31f5aa9c1dc6a43123a746e221b135dca5,v0.1.0-8-ge91146e,,,,59a8fc1dbe64,3093f49813aa,57.89303578299346,0.01286897266497089,784-512-256-10,True,4.1620196226673825,train,60000,"{""profile"": true}",3648.439796,2115,145.188815,0,571680000,0.0,1222.504473,37125.190307,,9,27000.317782,220.267321,42306,584.245419,0.0,0.0,0,4304.226701,0.0,37134.676128,14416.078115832333,1,4.1133328145,14586.711726435722,56.46297262034331,,32,32,2026-09-04T10:53:12+00:00,0.1.0,mnist-512-256
ompnn,40,omp,True,GNU 14.2.0 /usr/bin/g++-14,"AMD Ryzen Threadripper 2950X 16-Core Processor (OpenMP host, 16 threads)",cpu,201511,float,0.05827444444444444,0.05183355555555555,0.0,0.02757333333333333,0.3763324444444444,0.13513288888888889,0.0016277777777777777,0.02963788888888889,0.0,0.014269,0.05798355555555555,0.0,0.3844046666666667,3,0.09277323909169637,0.11465219390800313,0a347a31f5aa9c1dc6a43123a746e221b135dca5,v0.1.0-8-ge91146e,,,,59a8fc1dbe64,dd99208d8b37,1.2191103789126854,9.094995524113413e-06,17-4-1,True,0.0003956313303206116,train,124,"{""blas"": ""omp"", ""profile"": true}",0.52447,36,0.466502,0,26784,0.0,0.24816,3.386992,,9,1.216196,0.01465,492,0.266741,0.0,0.128421,0,0.521852,0.0,3.459642,313423.1050395147,1,0.00037033149999999996,334835.14094804256,10110.422743210152,,,16,2026-09-04T11:39:05+00:00,0.1.0,monk
ompnn,40,omp,True,GNU 14.2.0 /usr/bin/g++-14,"AMD Ryzen Threadripper 2950X 16-Core Processor (OpenMP host, 16 threads)",cpu,201511,float,0.6909224444444445,0.4551861111111111,0.0,0.49533866666666665,4.967690111111112,2.198549,0.008133333333333333,0.174275,0.0,0.02149688888888889,0.9237886666666666,0.0,5.033390222222222,3,5.600457163682526,6.106851278263973,0a347a31f5aa9c1dc6a43123a746e221b135dca5,v0.1.0-8-ge91146e,,,,59a8fc1dbe64,13a575418e75,6.563354603463993,0.0005039418319938704,12-64-64-3,True,0.0051424373329306645,train,1000,"{""blas"": ""omp"", ""profile"": true}",6.218302,225,4.096675,0,180000,0.0,4.458048,44.709211,,9,19.786941,0.0732,4533,1.568475,0.0,0.193472,0,8.314098,0.0,45.300512,194460.318183421,1,0.00450905,221776.20563089786,4861.507954585525,,,16,2026-09-04T11:39:05+00:00,0.1.0,cup
ompnn,256,omp,True,GNU 14.2.0 /usr/bin/g++-14,"AMD Ryzen Threadripper 2950X 16-Core Processor (OpenMP host, 16 threads)",cpu,201511,float,49.428240333333335,27.021536777777776,0.0,5.329579333333333,11239.279107222223,11039.254792333333,30.723536,1.8606664444444445,0.0,0.0,85.660756,0.0,11240.052151888889,3,12.751427646560149,12.917783791232731,0a347a31f5aa9c1dc6a43123a746e221b135dca5,v0.1.0-8-ge91146e,,,,59a8fc1dbe64,2596a21df2f6,57.89303578299346,0.13731432216688155,784-512-256-10,True,11.32778571966143,train,60000,"{""blas"": ""omp"", ""profile"": true}",444.854163,2115,243.193831,0,571680000,0.0,47.966214,101153.511965,,9,99353.293131,276.511824,42306,16.745998,0.0,0.0,0,770.946804,0.0,101160.469367,5296.710362013567,1,11.284761612499999,5316.904517817966,20.74544891788647,,,16,2026-09-04T11:41:00+00:00,0.1.0,mnist-512-256
ompnn,40,mkl,True,GNU 14.2.0 /usr/bin/g++-14,"AMD Ryzen Threadripper 2950X 16-Core Processor (OpenMP host, 16 threads)",cpu,201511,float,0.054653,0.0051652,0.0,0.023903720000000003,0.28526756,0.11854452,0.0008744,0.028120159999999998,0.0,0.00041959999999999995,0.05358696,0.0,0.2911972,5,0.12451268827830407,0.15387684013469574,0a347a31f5aa9c1dc6a43123a746e221b135dca5,v0.1.0-8-ge91146e,,,,59a8fc1dbe64,9e434e97d3f2,1.2191103789126854,6.746000144630638e-06,17-4-1,True,0.0002947812026832253,train,124,"{""profile"": true}",1.366325,100,0.12913,0,44640,0.0,0.597593,7.131689,,25,2.963613,0.02186,1360,0.703004,0.0,0.01049,0,1.339674,0.0,7.27993,420650.97391318943,1,0.00028758099999999997,431182.86674015323,13569.386255264175,,,16,2026-09-04T11:30:09+00:00,0.1.0,monk
ompnn,40,mkl,True,GNU 14.2.0 /usr/bin/g++-14,"AMD Ryzen Threadripper 2950X 16-Core Processor (OpenMP host, 16 threads)",cpu,201511,double,0.0527494,0.00536,0.0,0.02445492,0.29014036,0.1247066,0.0012328,0.02854048,0.0,0.0005996,0.05249656,0.0,0.29691648,5,0.12302774896426921,0.1520417037112917,0a347a31f5aa9c1dc6a43123a746e221b135dca5,v0.1.0-8-ge91146e,,,,59a8fc1dbe64,6fe8572e6803,0.6095551894563427,9.213795419782443e-06,17-4-1,True,0.0002983391983434558,train,124,"{""profile"": true}",1.318735,100,0.134,0,89280,0.0,0.611373,7.253509,,25,3.117665,0.03082,1360,0.713512,0.0,0.01499,0,1.312414,0.0,7.422912,415634.28704145004,1,0.000296101,418776.02574797114,13407.557646498388,,,16,2026-09-04T11:30:09+00:00,0.1.0,monk
ompnn,40,mkl,True,GNU 14.2.0 /usr/bin/g++-14,"AMD Ryzen Threadripper 2950X 16-Core Processor (OpenMP host, 16 threads)",cpu,201511,float,0.65027068,0.08684828,0.0,0.28172556,4.59267892,2.7955934,0.0037643999999999998,0.1574028,0.0,0.0019684,0.6151054,0.0,4.64054736,5,6.333644514415949,6.906333531082288,0a347a31f5aa9c1dc6a43123a746e221b135dca5,v0.1.0-8-ge91146e,,,,59a8fc1dbe64,e4a75d889468,6.563354603463993,0.0014291778032202275,12-64-64-3,True,0.004547145002288744,train,1000,"{""profile"": true}",16.256767,625,2.171207,0,300000,0.0,7.043139,114.816973,,25,69.889835,0.09411,12585,3.93507,0.0,0.04921,0,15.377635,0.0,116.013684,219918.21230610934,1,0.0047931399999999996,208631.5025223549,5497.955307652734,,,16,2026-09-04T11:30:09+00:00,0.1.0,cup
ompnn,40,mkl,True,GNU 14.2.0 /usr/bin/g++-14,"AMD Ryzen Threadripper 2950X 16-Core Processor (OpenMP host, 16 threads)",cpu,201511,double,0.70844916,0.088795,0.0,0.33594848,5.34346596,3.3675537600000003,0.00896488,0.17406892,0.0,0.00746568,0.65222008,0.0,5.4067974,5,5.36417695506191,5.849206580363185,0a347a31f5aa9c1dc6a43123a746e221b135dca5,v0.1.0-8-ge91146e,,,,59a8fc1dbe64,14bb9c54861b,3.2816773017319965,1.0785995982587337e-05,12-64-64-3,True,0.005368950398406014,train,1000,"{""profile"": true}",17.711229,625,2.219875,0,600000,0.0,8.398712,133.586649,,25,84.188844,0.224122,12585,4.351723,0.0,0.186642,0,16.305502,0.0,135.169935,186256.144272983,1,0.005369047,186252.79309344842,4656.403606824575,,,16,2026-09-04T11:30:09+00:00,0.1.0,cup
ompnn,64,mkl,True,GNU 14.2.0 /usr/bin/g++-14,"AMD Ryzen Threadripper 2950X 16-Core Processor (OpenMP host, 16 threads)",cpu,201511,float,48.05586611111111,9.226825333333332,0.0,15.445675444444444,1140.5589301111113,700.890929,32.59405366666667,6.672955777777777,0.0,0.0,327.67262477777774,0.0,1142.7199695555555,3,122.9327266183864,128.38347571497093,0a347a31f5aa9c1dc6a43123a746e221b135dca5,v0.1.0-8-ge91146e,,,,59a8fc1dbe64,bbc3f5deea20,24.563545832993224,0.013604946832250109,784-512-256-10,True,1.1749958206686035,train,60000,"{""profile"": true}",432.502795,8442,83.041428,0,571680000,0.0,139.011079,10265.030371,,9,6308.018361,293.346483,168846,60.056602,0.0,0.0,0,2949.053623,0.0,10284.479726,51064.01141568182,1,1.1150886505,53807.38111996415,798.3007117984924,,,16,2026-09-04T11:30:22+00:00,0.1.0,mnist-512-256
ompnn,256,mkl,True,GNU 14.2.0 /usr/bin/g++-14,"AMD Ryzen Threadripper 2950X 16-Core Processor (OpenMP host, 16 threads)",cpu,201511,float,33.94813555555555,6.760519666666666,0.0,7.163260666666667,591.4334624444444,426.8738761111111,31.10651422222222,1.8481043333333333,0.0,0.0,83.7330518888889,0.0,592.2057267777777,3,228.79174789727432,231.77658333437606,0a347a31f5aa9c1dc6a43123a746e221b135dca5,v0.1.0-8-ge91146e,,,,59a8fc1dbe64,445a2ba0cc91,57.89303578299346,0.01086466850150214,784-512-256-10,True,0.6313402529922314,train,60000,"{""profile"": true}",305.53322,2115,60.844677,0,571680000,0.0,64.469346,5322.901162,,9,3841.864885,279.958628,42306,16.632939,0.0,0.0,0,753.597467,0.0,5329.851541,95035.91718670011,1,0.5538290100000001,108336.6868051928,372.2240089812421,,,16,2026-09-04T11:30:30+00:00,0.1.0,mnist-512-256
ompnn,1024,mkl,True,GNU 14.2.0 /usr/bin/g++-14,"AMD Ryzen Threadripper 2950X 16-Core Processor (OpenMP host, 16 threads)",cpu,201511,float,26.662332,9.001967444444444,0.0,6.423854888888889,482.47435288888886,387.3853622222222,31.38439755555556,0.6097727777777778,0.0,0.0,21.006666,0.0,483.0310178888889,3,280.03323029237794,281.4926656061937,0a347a31f5aa9c1dc6a43123a746e221b135dca5,v0.1.0-8-ge91146e,,,,59a8fc1dbe64,18a4e80bffe2,87.61278113399811,0.0025408623332623392,784-512-256-10,True,0.5158153546605414,train,60000,"{""profile"": true}",239.960988,531,81.017707,0,571680000,0.0,57.814694,4342.269176,,9,3486.46826,282.459578,10626,5.487955,0.0,0.0,0,189.059994,0.0,4347.279161,116320.69394189722,1,0.45327585550000005,132369.72424621013,114.38201570953225,,,16,2026-09-04T11:30:36+00:00,0.1.0,mnist-512-256
ompnn,64,mkl,True,GNU 14.2.0 /usr/bin/g++-14,"AMD Ryzen Threadripper 2950X 16-Core Processor (OpenMP host, 16 threads)",cpu,201511,double,56.528265777777776,15.586738444444443,0.0,25.675758,1417.6787864444443,982.2370325555556,53.637261555555554,6.743407555555556,0.0,0.0,277.27032255555554,0.0,1420.5296513333333,3,97.44279462892074,101.76333838811873,0a347a31f5aa9c1dc6a43123a746e221b135dca5,v0.1.0-8-ge91146e,,,,59a8fc1dbe64,5a088e5f4a1d,12.281772916496612,0.013540788165604,784-512-256-10,True,1.4823614260045967,train,60000,"{""profile"": true}",508.754392,8442,140.280646,0,1143360000,0.0,231.081822,12759.109078,,9,8840.133293,482.735354,168846,60.690668,0.0,0.0,0,2495.432903,0.0,12784.766862,40475.95879617414,1,1.367382023,43879.47112860354,632.7741558468557,,,16,2026-09-04T11:30:53+00:00,0.1.0,mnist-512-256
ompnn,256,mkl,True,GNU 14.2.0 /usr/bin/g++-14,"AMD Ryzen Threadripper 2950X 16-Core Processor (OpenMP host, 16 threads)",cpu,201511,double,30.83143488888889,12.951676666666666,0.0,5.358682777777777,971.4302331111111,760.452402,55.89184966666667,2.025662111111111,0.0,0.0,103.91852499999999,0.0,972.6719647777778,3,138.7582456098332,140.56849677707487,0a347a31f5aa9c1dc6a43123a746e221b135dca5,v0.1.0-8-ge91146e,,,,59a8fc1dbe64,05df6e739710,28.94651789149673,0.0032399053355525176,784-512-256-10,True,1.0409863526680663,train,60000,"{""profile"": true}",277.482914,2115,116.56509,0,1143360000,0.0,48.228145,8742.872098,,9,6844.071618,503.026647,42306,18.230959,0.0,0.0,0,935.266725,0.0,8754.047683,57637.64322771278,1,0.9241404950000001,64925.1930032565,225.7474359752084,,,16,2026-09-04T11:31:05+00:00,0.1.0,mnist-512-256
ompnn,1024,mkl,True,GNU 14.2.0 /usr/bin/g++-14,"AMD Ryzen Threadripper 2950X 16-Core Processor (OpenMP host, 16 threads)",cpu,201511,double,19.45220622222222,17.48945111111111,0.0,6.650861222222222,739.1914346666667,608.7597983333333,53.70961077777778,0.8717046666666666,0.0,0.0,32.25780233333333,0.0,739.9887852222223,3,177.82299418682743,178.74974547650024,0a347a31f5aa9c1dc6a43123a746e221b135dca5,v0.1.0-8-ge91146e,,,,59a8fc1dbe64,e9b33c02a4d2,43.806390566999056,0.009393004331893051,784-512-256-10,True,0.8122989980038255,train,60000,"{""profile"": true}",175.069856,531,157.40506,0,1143360000,0.0,59.857751,6652.722912,,9,5478.838185,483.386497,10626,7.845342,0.0,0.0,0,290.320221,0.0,6659.899067,73864.42695047794,1,0.6796314895,88283.1371514901,72.63335316796997,,,16,2026-09-04T11:31:14+00:00,0.1.0,mnist-512-256
ompnn,64,mkl,True,GNU 14.2.0 /usr/bin/g++-14,"AMD Ryzen Threadripper 2950X 16-Core Processor (OpenMP host, 16 threads)",cpu,201511,float,101.59669855555555,23.537959333333333,0.0,29.657421222222222,4239.880370444444,2861.715849222222,28.693108777777777,7.277975666666666,0.0,0.0,1187.4013576666666,0.0,4244.075739,3,134.72591941231187,139.88289233650138,0a347a31f5aa9c1dc6a43123a746e221b135dca5,v0.1.0-8-ge91146e,,,,59a8fc1dbe64,ba77c8310db0,27.300586878582358,0.03231237983466961,784-1024-1024-10,True,4.25938529499884,train,60000,"{""profile"": true}",914.370287,8442,211.841634,0,571680000,0.0,266.916791,38158.923334,,9,25755.442643,258.237979,168846,65.501781,0.0,0.0,0,10686.612219,0.0,38196.681651,14086.53968694709,1,4.209613662,14253.089432319503,220.21957043927281,,,16,2026-09-04T11:31:59+00:00,0.1.0,mnist
ompnn,256,mkl,True,GNU 14.2.0 /usr/bin/g++-14,"AMD Ryzen Threadripper 2950X 16-Core Processor (OpenMP host, 16 threads)",cpu,201511,float,72.90756533333334,19.11138066666667,0.0,20.308128,2054.675433666667,1620.7772962222223,28.166828666666667,1.8485134444444447,0.0,0.0,291.55572133333334,0.0,2056.7678328888887,3,274.6627185888191,277.6510308518057,0a347a31f5aa9c1dc6a43123a746e221b135dca5,v0.1.0-8-ge91146e,,,,59a8fc1dbe64,733686ffce2f,75.80495846807432,0.00910279450181406,784-1024-1024-10,True,2.089288284002881,train,60000,"{""profile"": true}",656.168088,2115,172.002426,0,571680000,0.0,182.773152,18492.078903,,9,14586.995666,253.501458,42306,16.636621,0.0,0.0,0,2624.001492,0.0,18510.910496,28717.913396348355,1,2.0263853165,29609.373652407237,112.47849413569772,,,16,2026-09-04T11:32:22+00:00,0.1.0,mnist
ompnn,1024,mkl,True,GNU 14.2.0 /usr/bin/g++-14,"AMD Ryzen Threadripper 2950X 16-Core Processor (OpenMP host, 16 threads)",cpu,201511,float,59.17572011111112,25.20692633333333,0.0,21.996231444444444,1630.4319624444443,1416.509480888889,27.96489,0.672395111111111,0.0,0.0,78.90631855555556,0.0,1631.2929071111112,3,343.6469842816607,345.02871890730654,0a347a31f5aa9c1dc6a43123a746e221b135dca5,v0.1.0-8-ge91146e,,,,59a8fc1dbe64,a7dbe333ab5e,136.3814738763404,0.019768585834147867,784-1024-1024-10,True,1.6698810879994805,train,60000,"{""profile"": true}",532.581481,531,226.862337,0,571680000,0.0,197.966083,14673.887662,,9,12748.585328,251.68401,10626,6.051556,0.0,0.0,0,710.156867,0.0,14681.636164,35930.70215070228,1,1.619064293,37058.44187868826,35.33185711485724,,,16,2026-09-04T11:32:40+00:00,0.1.0,mnist
ompnn,64,mkl,True,GNU 14.2.0 /usr/bin/g++-14,"AMD Ryzen Threadripper 2950X 16-Core Processor (OpenMP host, 16 threads)",cpu,201511,double,142.17971944444446,40.303361333333335,0.0,62.90694033333333,6590.6897033333335,4333.867999,50.85209988888889,7.301394222222222,0.0,0.0,1953.2781891111113,0.0,6597.264945888888,3,86.10938083243254,89.405433644012,0a347a31f5aa9c1dc6a43123a746e221b135dca5,v0.1.0-8-ge91146e,,,,59a8fc1dbe64,9f584bac9cbc,13.650293439291179,0.025862519328559763,784-1024-1024-10,True,6.664193778337601,train,60000,"{""profile"": true}",1279.617475,8442,362.730252,0,1143360000,0.0,566.162463,59316.20733,,9,39004.811991,457.668899,168846,65.712548,0.0,0.0,0,17579.503702,0.0,59375.384513,9003.339638027024,1,6.5377846025,9177.420739290867,140.75220967448914,,,16,2026-09-04T11:33:49+00:00,0.1.0,mnist
ompnn,256,mkl,True,GNU 14.2.0 /usr/bin/g++-14,"AMD Ryzen Threadripper 2950X 16-Core Processor (OpenMP host, 16 threads)",cpu,201511,double,90.95600477777778,37.21859666666667,0.0,55.27134566666667,3626.9565596666666,2813.077258111111,52.25276866666667,2.0571747777777776,0.0,0.0,576.123411,0.0,3630.5375352222222,3,154.94789240734426,156.63371525721556,0a347a31f5aa9c1dc6a43123a746e221b135dca5,v0.1.0-8-ge91146e,,,,59a8fc1dbe64,dbc7d5a92629,37.90247923403716,0.016944327163704642,784-1024-1024-10,True,3.7035005193320103,train,60000,"{""profile"": true}",818.604043,2115,334.96737,0,1143360000,0.0,497.442111,32642.609037,,9,25317.695323,470.274918,42306,18.514573,0.0,0.0,0,5185.110699,0.0,32674.837817,16200.888777199909,1,3.5657806274999997,16826.61000995637,63.453481044032976,,,16,2026-09-04T11:34:28+00:00,0.1.0,mnist
ompnn,1024,mkl,True,GNU 14.2.0 /usr/bin/g++-14,"AMD Ryzen Threadripper 2950X 16-Core Processor (OpenMP host, 16 threads)",cpu,201511,double,52.90422044444445,65.11481288888889,0.0,16.492667666666666,2544.607259222222,2257.6786791111113,50.71790466666667,0.9259862222222223,0.0,0.0,100.77298822222222,0.0,2547.264034111111,3,220.25275797326788,221.13834951344043,0a347a31f5aa9c1dc6a43123a746e221b135dca5,v0.1.0-8-ge91146e,,,,59a8fc1dbe64,c7f3b36a7b49,68.1907369381702,0.014802994832280092,784-1024-1024-10,True,2.605413912999211,train,60000,"{""profile"": true}",476.137984,531,586.033316,0,1143360000,0.0,148.434009,22901.465333,,9,20319.108112,456.461142,10626,8.333876,0.0,0.0,0,906.956894,0.0,22925.376307,23028.970445210856,1,2.487413649,24121.440366028964,22.64515427112401,,,16,2026-09-04T11:34:56+00:00,0.1.0,mnist
ompnn,256,mkl,True,GNU 14.2.0 /usr/bin/g++-14,"AMD Ryzen Threadripper 2950X 16-Core Processor (OpenMP host, 1 threads)",cpu,201511,float,197.7057508888889,6.006011555555556,0.0,9.318363777777778,3525.6110107777777,3083.8424662222224,25.234412000000003,0.5264191111111111,0.0,0.0,202.97758722222224,0.0,3526.4176446666665,3,40.67133551236476,41.201937007511646,0a347a31f5aa9c1dc6a43123a746e221b135dca5,v0.1.0-8-ge91146e,,,,59a8fc1dbe64,0ec699c30bbe,57.89303578299346,0.011832438331718542,784-512-256-10,True,3.551529306336306,train,60000,"{""profile"": true}",1779.351758,2115,54.054104,0,571680000,0.0,83.865274,31730.499097,,9,27754.582196,227.109708,42306,4.737772,0.0,0.0,0,1826.798285,0.0,31737.758802,16894.130619435862,1,3.5223541660000004,17034.062213038684,66.16867825945714,,1,1,2026-09-04T11:35:33+00:00,0.1.0,mnist-512-256
ompnn,256,mkl,True,GNU 14.2.0 /usr/bin/g++-14,"AMD Ryzen Threadripper 2950X 16-Core Processor (OpenMP host, 2 threads)",cpu,201511,float,203.74931600000002,6.7566120000000005,0.0,9.109079111111111,3409.103534,3001.2836322222224,24.30144211111111,2.2654792222222224,0.0,0.0,161.63797333333335,0.0,3409.944868777778,3,42.00187446280113,42.5498342754844,0a347a31f5aa9c1dc6a43123a746e221b135dca5,v0.1.0-8-ge91146e,,,,59a8fc1dbe64,d588a171b3be,57.89303578299346,0.01636839033259685,784-512-256-10,True,3.439023659001881,train,60000,"{""profile"": true}",1833.743844,2115,60.809508,0,571680000,0.0,81.981712,30681.931806,,9,27011.55269,218.712979,42306,20.389313,0.0,0.0,0,1454.74176,0.0,30689.503819,17446.812220365475,1,3.3795357535,17753.91780893612,68.33334786309811,,2,2,2026-09-04T11:36:10+00:00,0.1.0,mnist-512-256
ompnn,256,mkl,True,GNU 14.2.0 /usr/bin/g++-14,"AMD Ryzen Threadripper 2950X 16-Core Processor (OpenMP host, 4 threads)",cpu,201511,float,207.05061933333334,7.228664444444444,0.0,15.501334888888888,3507.730280333333,3077.456889333333,24.750082444444445,4.173369888888889,0.0,0.0,171.56932,0.0,3508.715380333333,3,40.835596719750264,41.36834117974291,0a347a31f5aa9c1dc6a43123a746e221b135dca5,v0.1.0-8-ge91146e,,,,59a8fc1dbe64,66f2282813f7,57.89303578299346,0.011013303834866761,784-512-256-10,True,3.537243277998641,train,60000,"{""profile"": true}",1863.455574,2115,65.05798,0,571680000,0.0,139.512014,31569.572523,,9,27697.112004,222.750742,42306,37.560329,0.0,0.0,0,1544.12388,0.0,31578.438423,16962.36172761851,1,3.480410669,17239.34492398259,66.43591676650584,,4,4,2026-09-04T11:36:47+00:00,0.1.0,mnist-512-256
ompnn,256,mkl,True,GNU 14.2.0 /usr/bin/g++-14,"AMD Ryzen Threadripper 2950X 16-Core Processor (OpenMP host, 8 threads)",cpu,201511,float,219.39636099999998,8.003190333333333,0.0,26.761733333333336,3686.416740111111,3211.9828677777778,24.385364666666664,9.172691666666667,0.0,0.0,186.71453133333333,0.0,3687.629264888889,3,38.86284713527547,39.36985494644933,0a347a31f5aa9c1dc6a43123a746e221b135dca5,v0.1.0-8-ge91146e,,,,59a8fc1dbe64,4cce1df28497,57.89303578299346,0.0063605064982157344,784-512-256-10,True,3.7168002513353713,train,60000,"{""profile"": true}",1974.567249,2115,72.028713,0,571680000,0.0,240.8556,33177.750661,,9,28907.84581,219.468282,42306,82.554225,0.0,0.0,0,1680.430782,0.0,33188.663384,16142.917548082713,1,3.6620286230000003,16384.36128629899,63.22642706332395,,8,8,2026-09-04T11:37:27+00:00,0.1.0,mnist-512-256
ompnn,256,mkl,True,GNU 14.2.0 /usr/bin/g++-14,"AMD Ryzen Threadripper 2950X 16-Core Processor (OpenMP host, 16 threads)",cpu,201511,float,244.56856522222222,8.600008666666666,0.0,47.37583688888889,4003.8973623333336,3437.032906,23.892577444444445,19.444688888888887,0.0,0.0,222.98277922222223,0.0,4005.2033101111106,3,35.792054532970084,36.25900053831576,0a347a31f5aa9c1dc6a43123a746e221b135dca5,v0.1.0-8-ge91146e,,,,59a8fc1dbe64,16d03d38b7d2,57.89303578299346,0.013874583504124516,784-512-256-10,True,4.035684508329723,train,60000,"{""profile"": true}",2201.117087,2115,77.400078,0,571680000,0.0,426.382532,36035.076261,,9,30933.296154,215.033197,42306,175.0022,0.0,0.0,0,2006.845013,0.0,36046.829791,14867.366335539598,1,3.9793085550000002,15077.99638321839,58.23051814753009,,16,16,2026-09-04T11:38:09+00:00,0.1.0,mnist-512-256
ompnn,256,mkl,True,GNU 14.2.0 /usr/bin/g++-14,"AMD Ryzen Threadripper 2950X 16-Core Processor (OpenMP host, 32 threads)",cpu,201511,float,630.0831821111111,8.906604,0.0,294.24564322222227,5274.603487,3848.4432603333335,25.088731666666668,40.244593,0.0,0.0,427.5914726666667,0.0,5276.040861555555,3,27.235162682704424,27.59047479276823,0a347a31f5aa9c1dc6a43123a746e221b135dca5,v0.1.0-8-ge91146e,,,,59a8fc1dbe64,3093f49813aa,57.89303578299346,0.009712586164823733,784-512-256-10,True,5.303637862671167,train,60000,"{""profile"": true}",5670.748639,2115,80.159436,0,571680000,0.0,2648.210789,47471.431383,,9,34635.989343,225.798585,42306,362.201337,0.0,0.0,0,3848.323254,0.0,47484.367754,11312.98960328734,1,5.2477339155,11433.50653179664,44.30920927954208,,32,32,2026-09-04T11:39:05+00:00,0.1.0,mnist-512-256
ompnn,64,rocblas,True,Clang 22.0.0 /usr/bin/amdclang++,AMD Radeon RX 7900 XTX,gpu,70253.21,float,81.10127433333334,61.93776866666667,0.0,56.16768833333333,649.8881201111111,289.881939,7.788095444444445,53.418686666666666,0.0,0.0,99.59266766666667,0.0,651.2214713333333,3,211.20501749469952,220.5696967788176,9b27fc33b12be505d44e4879d2d2f20ce41b4dee,v0.1.0-2-g065f719-dirty,831.3721108338577,139.5,76.2,ws-amd,da306bc6f7eb,24.563545832993224,0.007187292668580536,784-512-256-10,True,0.6839110250002705,train,60000,"{""profile"": true}",729.911469,8442,557.439918,0,571680000,0.0,505.509195,5848.993081,,9,2608.937451,70.092859,168846,480.76818,0.0,0.0,0,896.334009,0.0,5860.993242,87730.71029228732,1,0.64263041,93366.2631994026,1371.5234375694251,,,32,2026-09-03T22:30:09+00:00,0.1.0,mnist-512-256
ompnn,256,rocblas,True,Clang 22.0.0 /usr/bin/amdclang++,AMD Radeon RX 7900 XTX,gpu,70253.21,float,22.55899433333333,15.909831777777779,0.0,15.715526666666667,192.9129521111111,92.18689644444444,7.540743,13.936891333333334,0.0,0.0,25.064068555555554,0.0,193.37802333333332,3,647.9409309987626,656.3940201934925,9b27fc33b12be505d44e4879d2d2f20ce41b4dee,v0.1.0-2-g065f719-dirty,248.0362215306959,135.11111111111111,68.33333333333333,ws-amd,ba842048b4bc,57.89303578299346,0.0017402758336781121,784-512-256-10,True,0.22292995100239446,train,60000,"{""profile"": true}",203.030949,2115,143.188486,0,571680000,0.0,141.43974,1736.216569,,9,829.682068,67.866687,42306,125.432022,0.0,0.0,0,225.576617,0.0,1740.40221,269142.8393996083,1,0.1845929595,325039.4823427705,1054.1427876484659,,,32,2026-09-03T22:30:13+00:00,0.1.0,mnist-512-256
ompnn,1024,rocblas,True,Clang 22.0.0 /usr/bin/amdclang++,AMD Radeon RX 7900 XTX,gpu,70253.21,float,6.302708444444445,4.531030222222222,0.0,4.477893555555556,62.312194222222224,30.03153522222222,6.989042222222222,3.619306111111111,0.0,0.0,6.360678444444444,0.0,62.591851111111104,3,1564.526799304268,1572.6805661194844,9b27fc33b12be505d44e4879d2d2f20ce41b4dee,v0.1.0-2-g065f719-dirty,79.72247988464369,122.0,41.0,ws-amd,33416b6d50a2,87.61278113399811,0.0010990524994364537,784-512-256-10,True,0.09232532166546055,train,60000,"{""profile"": true}",56.724376,531,40.779272,0,571680000,0.0,40.301042,560.809748,,9,270.283817,62.90138,10626,32.573755,0.0,0.0,0,57.246106,0.0,563.32666,649875.8836433749,1,0.054638032,1098136.184700064,639.0446189159853,,,32,2026-09-03T22:30:15+00:00,0.1.0,mnist-512-256
ompnn,64,rocblas,True,Clang 22.0.0 /usr/bin/amdclang++,AMD Radeon RX 7900 XTX,gpu,70253.21,double,83.12225833333333,64.1287331111111,0.0,56.60398355555556,944.097841111111,481.96039055555553,16.07853988888889,57.32511188888889,0.0,0.0,184.87882377777777,0.0,945.6566710000001,3,143.64216695535526,150.01115781158057,9b27fc33b12be505d44e4879d2d2f20ce41b4dee,v0.1.0-2-g065f719-dirty,1512.9323993035214,168.26666666666668,80.95555555555555,ws-amd,7322aa1bc60a,12.281772916496612,0.003631867499886532,784-512-256-10,True,1.0055921813327586,train,60000,"{""profile"": true}",748.100325,8442,577.158598,0,1143360000,0.0,509.435852,8496.88057,,9,4337.643515,144.706859,168846,515.926007,0.0,0.0,0,1663.909414,0.0,8510.910039,59666.335035023025,1,0.9267208769999999,64744.413867348325,932.78370438086,,,32,2026-09-03T22:30:27+00:00,0.1.0,mnist-512-256
ompnn,256,rocblas,True,Clang 22.0.0 /usr/bin/amdclang++,AMD Radeon RX 7900 XTX,gpu,70253.21,double,23.537345000000002,17.765676777777777,0.0,15.915638999999999,362.52641800000004,227.7901662222222,14.716714,16.032680666666668,0.0,0.0,46.768196333333336,0.0,363.1553138888889,3,341.2464240083361,345.69835214178283,9b27fc33b12be505d44e4879d2d2f20ce41b4dee,v0.1.0-2-g065f719-dirty,686.4730711810989,187.61111111111111,79.16666666666667,ws-amd,88eb3476e8f0,28.94651789149673,0.004269474166600673,784-512-256-10,True,0.4232877763327754,train,60000,"{""profile"": true}",211.836105,2115,159.891091,0,1143360000,0.0,143.240751,3262.737762,,9,2050.111496,132.450426,42306,144.294126,0.0,0.0,0,420.913767,0.0,3268.397825,141747.53762043416,1,0.3473801445,172721.44349631935,555.1778556800338,,,32,2026-09-03T22:30:33+00:00,0.1.0,mnist-512-256
ompnn,1024,rocblas,True,Clang 22.0.0 /usr/bin/amdclang++,AMD Radeon RX 7900 XTX,gpu,70253.21,double,6.6943209999999995,5.877374,0.0,4.564584888888889,213.322765,164.75732566666667,15.552610555555557,4.014145777777778,0.0,0.0,11.862403111111112,0.0,213.7477648888889,3,533.4061472090774,536.1860736022078,9b27fc33b12be505d44e4879d2d2f20ce41b4dee,v0.1.0-2-g065f719-dirty,461.89051312956144,196.66666666666666,74.5,ws-amd,e50a7f6262bb,43.806390566999056,0.0022896236672143577,784-512-256-10,True,0.270798228996379,train,60000,"{""profile"": true}",60.248889,531,52.896366,0,1143360000,0.0,41.081264,1919.904885,,9,1482.815931,139.973495,10626,36.127312,0.0,0.0,0,106.761628,0.0,1923.729884,221567.18019305175,1,0.1959960245,306128.658237147,217.8743938565009,,,32,2026-09-03T22:30:37+00:00,0.1.0,mnist-512-256
ompnn,64,rocblas,True,Clang 22.0.0 /usr/bin/amdclang++,AMD Radeon RX 7900 XTX,gpu,70253.21,float,81.942841,61.35947722222222,0.0,56.535767222222226,729.2864374444445,342.3416335555555,7.4919371111111115,55.272686,0.0,0.0,124.34209533333335,0.0,731.6710615555555,3,754.8317625714653,783.7248440132504,9b27fc33b12be505d44e4879d2d2f20ce41b4dee,v0.1.0-2-g065f719-dirty,1180.121018037462,174.35294117647058,78.5,ws-amd,404afad244bb,27.300586878582358,0.005054403501465798,784-1024-1024-10,True,0.7602350993353563,train,60000,"{""profile"": true}",737.485569,8442,552.235295,0,571680000,0.0,508.821905,6563.577937,,9,3081.074702,67.427434,168846,497.454174,0.0,0.0,0,1119.078858,0.0,6585.039554,78922.95429723733,1,0.7225376395,83040.65659682493,1233.8288521801435,,,32,2026-09-03T22:30:46+00:00,0.1.0,mnist
ompnn,256,rocblas,True,Clang 22.0.0 /usr/bin/amdclang++,AMD Radeon RX 7900 XTX,gpu,70253.21,float,24.587134222222222,15.98331111111111,0.0,17.509129666666666,217.36398055555554,107.13054211111111,7.049660333333333,13.344542111111112,0.0,0.0,31.759661,0.0,218.36296133333335,3,2311.884351747719,2337.0375010154103,9b27fc33b12be505d44e4879d2d2f20ce41b4dee,v0.1.0-2-g065f719-dirty,397.1933537792502,182.36363636363637,71.9090909090909,ws-amd,6ea7f507cafd,75.80495846807432,0.0006607868320619437,784-1024-1024-10,True,0.24821726033405866,train,60000,"{""profile"": true}",221.284208,2115,143.8498,0,571680000,0.0,157.582167,1956.275825,,9,964.174879,63.446943,42306,120.100879,0.0,0.0,0,285.836949,0.0,1965.266652,241723.72186869718,1,0.2091845735,286828.0341905805,946.7512439857306,,,32,2026-09-03T22:30:50+00:00,0.1.0,mnist
ompnn,1024,rocblas,True,Clang 22.0.0 /usr/bin/amdclang++,AMD Radeon RX 7900 XTX,gpu,70253.21,float,7.105648444444444,4.505801,0.0,5.104088555555555,87.02133388888889,50.12406566666667,7.913287,4.129287555555555,0.0,0.0,8.139155666666667,0.0,87.89459488888889,3,4884.626339226699,4904.266428198698,9b27fc33b12be505d44e4879d2d2f20ce41b4dee,v0.1.0-2-g065f719-dirty,145.20602794520528,154.6,56.0,ws-amd,bd74427960e8,136.3814738763404,0.0005066243344723775,784-1024-1024-10,True,0.11748075700112774,train,60000,"{""profile"": true}",63.950836,531,40.552209,0,571680000,0.0,45.936797,783.192005,,9,451.116591,71.219583,10626,37.163588,0.0,0.0,0,73.252401,0.0,791.051354,510721.93890803785,1,0.0780249745,768984.5512221219,502.20990659290385,,,32,2026-09-03T22:30:53+00:00,0.1.0,mnist
ompnn,64,rocblas,True,Clang 22.0.0 /usr/bin/amdclang++,AMD Radeon RX 7900 XTX,gpu,70253.21,double,85.99907577777778,64.20778455555555,0.0,58.19413599999999,1563.3913942222223,1067.0195376666666,16.393594999999998,59.44097933333333,0.0,0.0,212.1362858888889,0.0,1566.1098296666667,3,351.8114553645252,365.2779223788061,9b27fc33b12be505d44e4879d2d2f20ce41b4dee,v0.1.0-2-g065f719-dirty,3087.280722169853,213.34722222222223,88.51388888888889,ws-amd,7ea61cf73935,13.650293439291179,0.008682822165913873,784-1024-1024-10,True,1.631128239998361,train,60000,"{""profile"": true}",773.991682,8442,577.870061,0,1143360000,0.0,523.747224,14070.522548,,9,9603.175839,147.542355,168846,534.968814,0.0,0.0,0,1909.226573,0.0,14094.988467,36784.35485861019,1,1.5506327985,38693.88036809283,575.0620809562727,,,32,2026-09-03T22:31:11+00:00,0.1.0,mnist
ompnn,256,rocblas,True,Clang 22.0.0 /usr/bin/amdclang++,AMD Radeon RX 7900 XTX,gpu,70253.21,double,26.322740222222222,18.67023,0.0,18.238176666666664,805.9627795555556,657.6996164444445,15.140004999999999,16.115476444444443,0.0,0.0,53.776534777777776,0.0,807.6146792222222,3,664.6507431939139,671.8820994431139,9b27fc33b12be505d44e4879d2d2f20ce41b4dee,v0.1.0-2-g065f719-dirty,1867.2747333823427,244.73684210526315,90.97368421052632,ws-amd,ab667866a755,37.90247923403716,0.007581129835064981,784-1024-1024-10,True,0.8633851776685333,train,60000,"{""profile"": true}",236.904662,2115,168.03207,0,1143360000,0.0,164.14359,7253.665016,,9,5919.296548,136.260045,42306,145.039288,0.0,0.0,0,483.988813,0.0,7268.532113,69493.89629553603,1,0.788291715,76113.95484474933,272.1844271575161,,,32,2026-09-03T22:31:21+00:00,0.1.0,mnist
ompnn,1024,rocblas,True,Clang 22.0.0 /usr/bin/amdclang++,AMD Radeon RX 7900 XTX,gpu,70253.21,double,8.258966888888889,6.133025111111111,0.0,5.940736888888889,613.0048215555556,558.684068,15.682816777777779,4.389572888888889,0.0,0.0,13.915635,0.0,613.9993835555556,3,851.0020225216493,854.4237285595206,9b27fc33b12be505d44e4879d2d2f20ce41b4dee,v0.1.0-2-g065f719-dirty,1593.0756782875906,266.6666666666667,89.66666666666667,ws-amd,076fc6e4eb0c,68.1907369381702,0.0010206388348401596,784-1024-1024-10,True,0.6743222516670357,train,60000,"{""profile"": true}",74.330702,531,55.197226,0,1143360000,0.0,53.466632,5517.043394,,9,5028.156612,141.145351,10626,39.506156,0.0,0.0,0,125.240715,0.0,5525.994452,88978.2294024409,1,0.591782578,101388.58802294785,87.49525891240023,,,32,2026-09-03T22:31:29+00:00,0.1.0,mnist
ompnn,40,omp,True,Clang 22.0.0 /usr/bin/amdclang++,AMD Radeon RX 7900 XTX,gpu,70253.21,float,0.24177322222222225,0.15838977777777777,0.0,0.10233166666666667,1.557487,0.4393476666666667,0.023006666666666665,0.23980544444444446,0.0,0.11072399999999999,0.24210855555555558,0.0,1.5798315555555555,3,0.02343738524834963,0.02896468490805196,9b27fc33b12be505d44e4879d2d2f20ce41b4dee,v0.1.0-2-g065f719-dirty,,65.0,2.0,ws-amd,6689074fd929,1.2191103789126854,0.00011240033442542563,17-4-1,True,0.0015660450007999316,train,124,"{""blas"": ""omp"", ""profile"": true}",2.175959,36,1.425508,0,26784,0.0,0.920985,14.017383,,9,3.954129,0.20706,492,2.158249,0.0,0.996516,0,2.178977,0.0,14.218484,79180.35556874875,1,0.0015184780000000002,81660.71553226322,2554.2050183467336,,,32,2026-09-03T22:31:30+00:00,0.1.0,monk
ompnn,40,omp,True,Clang 22.0.0 /usr/bin/amdclang++,AMD Radeon RX 7900 XTX,gpu,70253.21,float,1.7387451111111112,1.4701933333333335,0.0,1.2010934444444445,11.941872777777778,4.403609222222222,0.02465911111111111,1.1634386666666667,0.0,0.14759844444444445,1.7925354444444446,0.0,11.99481311111111,3,2.4232268308101768,2.6423353374113154,9b27fc33b12be505d44e4879d2d2f20ce41b4dee,v0.1.0-2-g065f719-dirty,,70.0,48.0,ws-amd,d7d742bd3141,6.563354603463993,0.00022789616923546419,12-64-64-3,True,0.011884979001479223,train,1000,"{""blas"": ""omp"", ""profile"": true}",15.648706,225,13.23174,0,180000,0.0,10.809841,107.476855,,9,39.632483,0.221932,4533,10.470948,0.0,1.328386,0,16.132819,0.0,107.953318,84139.82051424225,1,0.011828092,84544.48950853612,2103.4955128560564,,,32,2026-09-03T22:31:30+00:00,0.1.0,cup
ompnn,256,omp,True,Clang 22.0.0 /usr/bin/amdclang++,AMD Radeon RX 7900 XTX,gpu,70253.21,float,19.79210711111111,33.17582977777778,0.0,13.634571888888889,331.00696700000003,215.21307933333333,7.545331777777777,17.942529444444446,0.0,0.0,23.703517666666666,0.0,331.44937511111107,3,399.3097247972187,404.5191513954596,9b27fc33b12be505d44e4879d2d2f20ce41b4dee,v0.1.0-2-g065f719-dirty,657.8562306216772,214.73333333333332,86.86666666666666,ws-amd,9b22aff9e359,57.89303578299346,0.0005206476659320169,784-512-256-10,True,0.36173784666364855,train,60000,"{""blas"": ""omp"", ""profile"": true}",178.128964,2115,298.582468,0,571680000,0.0,122.711147,2979.062703,,9,1936.917714,67.907986,42306,161.482765,0.0,0.0,0,213.331659,0.0,2983.044376,165865.97325490596,1,0.322163847,186240.63674034784,649.6417285817149,,,32,2026-09-03T22:31:35+00:00,0.1.0,mnist-512-256
ompnn,64,rocblas,True,GNU 14.2.0 /usr/bin/g++-14,AMD Radeon RX 7900 XTX,gpu,70253.21,float,1558.7539603333332,63.633333111111114,0.0,1017.9812138888889,5358.290717222222,344.2332781111111,7.453879000000001,526.7450271111111,0.0,0.0,1839.490025666667,0.0,5360.097016444444,3,26.846511873812425,28.03686699216008,9b27fc33b12be505d44e4879d2d2f20ce41b4dee,v0.1.0-2-g065f719-dirty,7392.096247584253,152.5082644628099,74.76446280991736,ws-amd,da306bc6f7eb,24.563545832993224,0.01696101083264967,784-512-256-10,True,5.3804174143345636,train,60000,"{""profile"": true}",14028.785643,8442,572.699998,0,571680000,0.0,9161.830925,48224.616455,,9,3098.099503,67.084911,168846,4740.705244,0.0,0.0,0,16555.410231,0.0,48240.873148,11151.551149200317,1,5.360064250500001,11193.895669142967,174.33591629916495,,,32,2026-09-03T22:36:29+00:00,0.1.0,mnist-512-256
ompnn,256,rocblas,True,GNU 14.2.0 /usr/bin/g++-14,AMD Radeon RX 7900 XTX,gpu,70253.21,float,406.94461288888886,16.424218444444445,0.0,262.10403577777777,1393.8095986666667,105.30643555555555,7.545903,133.90189455555554,0.0,0.0,461.58249844444447,0.0,1394.3915188888889,3,100.52578256280563,101.8372499600938,9b27fc33b12be505d44e4879d2d2f20ce41b4dee,v0.1.0-2-g065f719-dirty,1974.8892829657489,153.640625,73.90625,ws-amd,ba842048b4bc,57.89303578299346,0.00869353400048567,784-512-256-10,True,1.4368994333344745,train,60000,"{""profile"": true}",3662.501516,2115,147.817966,0,571680000,0.0,2358.936322,12544.286388,,9,947.75792,67.913127,42306,1205.117051,0.0,0.0,0,4154.242486,0.0,12549.52367,41756.575726920404,1,1.3776251305,43553.21246079722,163.54658826377158,,,32,2026-09-03T22:36:45+00:00,0.1.0,mnist-512-256
ompnn,1024,rocblas,True,GNU 14.2.0 /usr/bin/g++-14,AMD Radeon RX 7900 XTX,gpu,70253.21,float,106.42993233333333,4.616374888888888,0.0,64.59372388888889,365.0914462222222,32.729594666666664,7.182679888888889,33.65526188888889,0.0,0.0,115.88387866666666,0.0,365.4293914444445,3,365.74058937639177,367.64670148770944,9b27fc33b12be505d44e4879d2d2f20ce41b4dee,v0.1.0-2-g065f719-dirty,573.1739596264451,163.0,69.61111111111111,ws-amd,33416b6d50a2,87.61278113399811,0.0038768686693705368,784-512-256-10,True,0.3949395943345735,train,60000,"{""profile"": true}",957.869391,531,41.547374,0,571680000,0.0,581.343515,3285.823016,,9,294.566352,64.644119,10626,302.897357,0.0,0.0,0,1042.954908,0.0,3288.864523,151921.96695571358,1,0.356854749,168135.63548792788,149.38993417311835,,,32,2026-09-03T22:36:50+00:00,0.1.0,mnist-512-256
ompnn,64,rocblas,True,GNU 14.2.0 /usr/bin/g++-14,AMD Radeon RX 7900 XTX,gpu,70253.21,double,1565.344578888889,67.12945833333333,0.0,1019.522028,5761.3148120000005,535.5430832222223,16.75980577777778,525.9569831111111,0.0,0.0,2031.0588746666665,0.0,5763.193090333333,3,24.731354954872277,25.827925529574063,9b27fc33b12be505d44e4879d2d2f20ce41b4dee,v0.1.0-2-g065f719-dirty,8431.86203954136,161.40769230769232,76.09615384615384,ws-amd,7322aa1bc60a,12.281772916496612,0.03945696700247936,784-512-256-10,True,5.840579307667213,train,60000,"{""profile"": true}",14088.10121,8442,604.165125,0,1143360000,0.0,9175.698252,51851.833308,,9,4819.887749,150.838252,168846,4733.612848,0.0,0.0,0,18279.529872,0.0,51868.737813,10272.953561513168,1,5.7626991355,10411.787703852442,160.60050734498918,,,32,2026-09-03T22:37:50+00:00,0.1.0,mnist-512-256
ompnn,256,rocblas,True,GNU 14.2.0 /usr/bin/g++-14,AMD Radeon RX 7900 XTX,gpu,70253.21,double,412.2441138888889,18.705921888888888,0.0,263.3062081111111,1595.278681888889,241.94498533333334,15.542673777777777,134.96900766666667,0.0,0.0,508.56577122222217,0.0,1596.0728703333334,3,87.27693094408116,88.41555276378222,9b27fc33b12be505d44e4879d2d2f20ce41b4dee,v0.1.0-2-g065f719-dirty,2536.9194533748596,171.0,76.45205479452055,ws-amd,88eb3476e8f0,28.94651789149673,0.008497762998255665,784-512-256-10,True,1.6550242823335186,train,60000,"{""profile"": true}",3710.197025,2115,168.353297,0,1143360000,0.0,2369.755873,14357.508137,,9,2177.504868,139.884064,42306,1214.721069,0.0,0.0,0,4577.091941,0.0,14364.655833,36253.24452364069,1,1.5673331965,38281.58564750977,141.99187438425938,,,32,2026-09-03T22:38:09+00:00,0.1.0,mnist-512-256
ompnn,1024,rocblas,True,GNU 14.2.0 /usr/bin/g++-14,AMD Radeon RX 7900 XTX,gpu,70253.21,double,107.56929933333333,6.118185666666666,0.0,65.04325966666666,522.9688984444444,166.71847,16.043021888888887,33.48210133333333,0.0,0.0,127.99456055555555,0.0,523.4556245555555,3,247.67023752427448,248.96100823190326,9b27fc33b12be505d44e4879d2d2f20ce41b4dee,v0.1.0-2-g065f719-dirty,964.0662084386713,192.08333333333334,76.5,ws-amd,e50a7f6262bb,43.806390566999056,0.0013540438327860338,784-512-256-10,True,0.5832167863360761,train,60000,"{""profile"": true}",968.123694,531,55.063671,0,1143360000,0.0,585.389337,4706.720086,,9,1500.46623,144.387197,10626,301.338912,0.0,0.0,0,1151.951045,0.0,4711.100621,102877.69729149267,1,0.5071250235,118314.01965909892,101.16306900330113,,,32,2026-09-03T22:38:16+00:00,0.1.0,mnist-512-256
ompnn,64,rocblas,True,GNU 14.2.0 /usr/bin/g++-14,AMD Radeon RX 7900 XTX,gpu,70253.21,float,1603.4161976666667,63.501895777777776,0.0,1013.2942106666667,6660.693298666667,393.858534,9.276290777777778,526.4850337777777,0.0,0.0,3050.861136,0.0,6663.532157555555,3,85.68268183570171,88.96240167154409,9b27fc33b12be505d44e4879d2d2f20ce41b4dee,v0.1.0-2-g065f719-dirty,10469.842476035265,174.28,79.95666666666666,ws-amd,404afad244bb,27.300586878582358,0.01425784666692742,784-1024-1024-10,True,6.697381404335222,train,60000,"{""profile"": true}",14430.745779,8442,571.517062,0,571680000,0.0,9119.647896,59946.239688,,9,3544.726806,83.486617,168846,4738.365304,0.0,0.0,0,27457.750224,0.0,59971.789418,8958.725265543626,1,6.6516716595,9020.288894492749,140.05473831799867,,,32,2026-09-03T22:39:25+00:00,0.1.0,mnist
ompnn,256,rocblas,True,GNU 14.2.0 /usr/bin/g++-14,AMD Radeon RX 7900 XTX,gpu,70253.21,float,394.51195144444443,16.626099222222223,0.0,255.39586044444442,1700.3798437777778,119.99190966666667,8.327811666666667,131.97778555555556,0.0,0.0,773.5484257777778,0.0,1702.1079994444444,3,331.11526782133546,334.7177800966685,9b27fc33b12be505d44e4879d2d2f20ce41b4dee,v0.1.0-2-g065f719-dirty,2849.0174237283354,183.07692307692307,78.67948717948718,ws-amd,6ea7f507cafd,75.80495846807432,0.007248952999361791,784-1024-1024-10,True,1.7330810619993524,train,60000,"{""profile"": true}",3550.607563,2115,149.634893,0,571680000,0.0,2298.562744,15303.418594,,9,1079.927187,74.950305,42306,1187.80007,0.0,0.0,0,6961.935832,0.0,15318.971995,34620.42331175299,1,1.6821534995,35668.56414580137,135.59665797103253,,,32,2026-09-03T22:39:44+00:00,0.1.0,mnist
ompnn,1024,rocblas,True,GNU 14.2.0 /usr/bin/g++-14,AMD Radeon RX 7900 XTX,gpu,70253.21,float,133.77610922222223,4.579209666666667,0.0,65.64678355555556,496.1710193333333,54.292707444444446,8.292893444444445,36.12874033333333,0.0,0.0,193.45457566666667,0.0,497.52234066666665,3,1095.289756742182,1099.693694070977,9b27fc33b12be505d44e4879d2d2f20ce41b4dee,v0.1.0-2-g065f719-dirty,912.6936022873197,194.04166666666666,76.375,ws-amd,bd74427960e8,136.3814738763404,0.010216313501587138,784-1024-1024-10,True,0.5239249216635168,train,60000,"{""profile"": true}",1203.984983,531,41.212887,0,571680000,0.0,590.821052,4465.539174,,9,488.634367,74.636041,10626,325.158663,0.0,0.0,0,1741.091181,0.0,4477.701066,114520.22516793758,1,0.4829089565,124247.02253373923,112.61155474847196,,,32,2026-09-03T22:39:51+00:00,0.1.0,mnist
ompnn,64,rocblas,True,GNU 14.2.0 /usr/bin/g++-14,AMD Radeon RX 7900 XTX,gpu,70253.21,double,1616.6572837777776,67.46013333333333,0.0,1023.1414528888888,8135.274258222223,1121.3049723333334,16.34319911111111,524.6480565555555,0.0,0.0,3765.719160222222,0.0,8138.506743111111,3,70.03101173346867,72.71162458761331,9b27fc33b12be505d44e4879d2d2f20ce41b4dee,v0.1.0-2-g065f719-dirty,14442.270560579076,196.0326975476839,83.3024523160763,ws-amd,7ea61cf73935,13.650293439291179,0.025499827332772895,784-1024-1024-10,True,8.19422118566581,train,60000,"{""profile"": true}",14549.915554,8442,607.1412,0,1143360000,0.0,9208.273076,73217.468324,,9,10091.744751,147.088792,168846,4721.832509,0.0,0.0,0,33891.472442,0.0,73246.560688,7322.233393572324,1,8.105590055,7402.29885706945,114.47091538618066,,,32,2026-09-03T22:41:16+00:00,0.1.0,mnist
ompnn,256,rocblas,True,GNU 14.2.0 /usr/bin/g++-14,AMD Radeon RX 7900 XTX,gpu,70253.21,double,402.97783766666663,19.671124666666667,0.0,264.36560266666663,2457.849475666667,670.4173843333333,18.289828333333332,132.14965033333334,0.0,0.0,949.9780476666666,0.0,2459.8655479999998,3,227.96994923110992,230.45024724308584,9b27fc33b12be505d44e4879d2d2f20ce41b4dee,v0.1.0-2-g065f719-dirty,4891.809456792165,216.22321428571428,84.33035714285714,ws-amd,ab667866a755,37.90247923403716,0.008724397666810546,784-1024-1024-10,True,2.5172159836656647,train,60000,"{""profile"": true}",3626.800539,2115,177.040122,0,1143360000,0.0,2379.290424,22120.645281,,9,6033.756459,164.608455,42306,1189.346853,0.0,0.0,0,8549.802429,0.0,22138.789932,23835.856910707258,1,2.424095736,24751.49768589833,93.35710623360342,,,32,2026-09-03T22:41:43+00:00,0.1.0,mnist
ompnn,1024,rocblas,True,GNU 14.2.0 /usr/bin/g++-14,AMD Radeon RX 7900 XTX,gpu,70253.21,double,135.001552,6.249527888888888,0.0,66.61311111111111,1057.339253,557.2982815555556,15.873042222222223,33.615791,0.0,0.0,242.68794722222225,0.0,1059.0879823333335,3,514.6089052238165,516.6780429597399,9b27fc33b12be505d44e4879d2d2f20ce41b4dee,v0.1.0-2-g065f719-dirty,2457.183827505469,249.77083333333334,89.16666666666667,ws-amd,076fc6e4eb0c,68.1907369381702,0.004935519168308478,784-1024-1024-10,True,1.1151178966683801,train,60000,"{""profile"": true}",1215.013968,531,56.245751,0,1143360000,0.0,599.518,9516.053277,,9,5015.684534,142.85738,10626,302.542119,0.0,0.0,0,2184.191525,0.0,9531.791841,53805.96991516416,1,1.0385309695,57773.91504163516,52.90920374991143,,,32,2026-09-03T22:41:56+00:00,0.1.0,mnist
ompnn,40,omp,True,GNU 14.2.0 /usr/bin/g++-14,AMD Radeon RX 7900 XTX,gpu,70253.21,float,4.240478444444445,2.250652888888889,0.0,2.123037777777778,21.41989033333333,5.734001777777777,0.030709111111111114,2.1976797777777777,0.0,0.619011,4.224319555555556,0.0,21.458909444444444,3,0.001714115535566195,0.002118359870675747,9b27fc33b12be505d44e4879d2d2f20ce41b4dee,v0.1.0-2-g065f719-dirty,,68.0,11.0,ws-amd,6689074fd929,1.2191103789126854,0.0009766033326741308,17-4-1,True,0.021412792334255453,train,124,"{""blas"": ""omp"", ""profile"": true}",38.164306,36,20.255876,0,26784,0.0,19.10734,192.779013,,9,51.606016,0.276382,492,19.779118,0.0,5.571099,0,38.018876,0.0,193.130185,5790.930863399307,1,0.0211681115,5857.867859397849,186.80422139997765,,,32,2026-09-03T22:41:57+00:00,0.1.0,monk
ompnn,40,omp,True,GNU 14.2.0 /usr/bin/g++-14,AMD Radeon RX 7900 XTX,gpu,70253.21,float,40.95886722222222,22.53288988888889,0.0,26.977249555555556,210.86918966666667,62.92833166666667,0.03603244444444445,14.094257,0.0,0.9437371111111111,42.39782477777778,0.0,210.99023822222222,3,0.13760292312509043,0.15004499854557818,9b27fc33b12be505d44e4879d2d2f20ce41b4dee,v0.1.0-2-g065f719-dirty,255.59032337855024,140.7,66.1,ws-amd,d7d742bd3141,6.563354603463993,0.003024322667139756,12-64-64-3,True,0.20929787933224966,train,1000,"{""blas"": ""omp"", ""profile"": true}",368.629805,225,202.796009,0,180000,0.0,242.795246,1897.822707,,9,566.354985,0.324292,4533,126.848313,0.0,8.493634,0,381.580423,0.0,1898.912144,4777.8792751767505,1,0.208788661,4789.53212885445,119.44698187941876,,,32,2026-09-03T22:41:59+00:00,0.1.0,cup
ompnn,256,omp,True,GNU 14.2.0 /usr/bin/g++-14,AMD Radeon RX 7900 XTX,gpu,70253.21,float,406.0823281111111,253.36873100000003,0.0,252.27887844444442,13731.143054777778,12219.246770777778,9.014290777777779,132.72767922222224,0.0,0.0,458.4243764444444,0.0,13731.874463666667,3,10.50760893753102,10.644692043911375,9b27fc33b12be505d44e4879d2d2f20ce41b4dee,v0.1.0-2-g065f719-dirty,28649.176243033573,231.56239870340357,94.85899513776337,ws-amd,9b22aff9e359,57.89303578299346,0.04565486816621345,784-512-256-10,True,13.746746844000882,train,60000,"{""blas"": ""omp"", ""profile"": true}",3654.740953,2115,2280.318579,0,571680000,0.0,2270.509906,123580.287493,,9,109973.220937,81.128617,42306,1194.549113,0.0,0.0,0,4125.819388,0.0,123586.870173,4364.669014486447,1,13.6937319535,4381.5667053906745,17.094953640071918,,,32,2026-09-03T22:44:20+00:00,0.1.0,mnist-512-256
syclnn,40,mklcpu,True,Clang 22.1.0 /opt/sycl/bin/clang++,AMD Ryzen Threadripper 2950X 16-Core Processor ,cpu,2026.21.6.0.17_160000,float,0.1217048,0.030291199999999997,0.0016239999999999998,0.0491692,0.5840292,0.1451432,0.0777504,0.032862,0.0011548,0.009834,0.1144956,1.0064964,2.3522593599999997,5,0.015163183938768749,0.018739157134441763,0a73be8afed3a477e4841fd11669a6a91cc7edb9,v0.2.0-5-g0c57d4f,,,,703db5101643,a0a40012ac9e,1.2191103789126854,0.00025032599805854296,17-4-1,True,0.002420599799370393,train,124,"{""blas"": ""mklcpu"", ""profile"": true}",3.04262,100,0.75728,1940,44640,0.0406,1.22923,14.60073,,25,3.62858,1.94376,1455,0.82155,0.02887,0.24585,0,2.86239,25.16241,58.806484,51226.97276611064,1,0.0023172795,53511.02445777473,1652.4829924551818,,,16,2026-09-04T06:54:09+00:00,0.2.0,monk
syclnn,40,mklcpu,True,Clang 22.1.0 /opt/sycl/bin/clang++,AMD Ryzen Threadripper 2950X 16-Core Processor ,cpu,2026.21.6.0.17_160000,double,0.0776004,0.036362399999999996,0.0055471999999999995,0.0426856,0.60303036,0.18716719999999998,0.11191000000000001,0.0285608,0.001164,0.0110948,0.10093796,0.39731316,2.31264816,5,0.015312832959470935,0.018924098273801263,0a73be8afed3a477e4841fd11669a6a91cc7edb9,v0.2.0-5-g0c57d4f,,,,703db5101643,e9bef4e05abb,0.6095551894563427,9.40477999392896e-05,17-4-1,True,0.0023969437985215335,train,124,"{""blas"": ""mklcpu"", ""profile"": true}",1.94001,100,0.90906,3480,89280,0.13868,1.06714,15.075759,,25,4.67918,2.79775,1455,0.71402,0.0291,0.27737,0,2.523449,9.932829,57.816204,51732.543781996406,1,0.00228039,54376.66364086844,1668.7917349031097,,,16,2026-09-04T06:54:09+00:00,0.2.0,monk
syclnn,40,mklcpu,True,Clang 22.1.0 /opt/sycl/bin/clang++,AMD Ryzen Threadripper 2950X 16-Core Processor ,cpu,2026.21.6.0.17_160000,float,1.2094623199999999,0.27898076,0.0173008,0.78703756,7.848796640000001,3.5424866400000004,0.20414276,0.24777159999999998,0.0013708000000000001,0.0147136,1.5455298,9.71710644,19.06166204,5,1.501035073136941,1.6367588729270766,0a73be8afed3a477e4841fd11669a6a91cc7edb9,v0.2.0-5-g0c57d4f,,,,703db5101643,f62b560f15d1,6.563354603463993,0.0002057940000668168,12-64-64-3,True,0.019186760199954734,train,1000,"{""blas"": ""mklcpu"", ""profile"": true}",30.236558,625,6.974519,104140,300000,0.43252,19.675939,196.219916,,25,88.562166,5.103569,12690,6.19429,0.03427,0.36784,0,38.638245,242.927661,476.541551,52119.27337281044,1,0.018582983,53812.67367031439,1302.9818343202612,,,16,2026-09-04T06:54:10+00:00,0.2.0,cup
syclnn,40,mklcpu,True,Clang 22.1.0 /opt/sycl/bin/clang++,AMD Ryzen Threadripper 2950X 16-Core Processor ,cpu,2026.21.6.0.17_160000,double,1.3767954800000002,0.29862832,0.0243412,0.82268028,9.72816252,5.07962472,0.13891396,0.25661676,0.0013691999999999999,0.02171796,1.70747464,11.639618599999999,20.659910319999998,5,1.3981680833842502,1.5245906356738659,0a73be8afed3a477e4841fd11669a6a91cc7edb9,v0.2.0-5-g0c57d4f,,,,703db5101643,b439b411fe3f,3.2816773017319965,0.0004927179950755083,12-64-64-3,True,0.020598381798481568,train,1000,"{""blas"": ""mklcpu"", ""profile"": true}",34.419887,625,7.465708,207880,600000,0.60853,20.567007,243.204063,,25,126.990618,3.472849,12690,6.415419,0.03423,0.542949,0,42.686866,290.990465,516.497758,48547.50289528647,1,0.020563408,48630.07143562974,1213.6875723821618,,,16,2026-09-04T06:54:10+00:00,0.2.0,cup
syclnn,64,mklcpu,True,Clang 22.1.0 /opt/sycl/bin/clang++,AMD Ryzen Threadripper 2950X 16-Core Processor ,cpu,2026.21.6.0.17_160000,float,80.81100866666667,33.61483222222222,0.10057111111111111,50.70180022222222,2150.7315535555554,1053.8943864444445,31.364982444444447,17.966026222222222,0.0037355555555555553,0.0,882.2742106666667,2003.9988885555556,2290.0042997777778,3,62.16890364319526,64.92542832698206,0a73be8afed3a477e4841fd11669a6a91cc7edb9,v0.2.0-5-g0c57d4f,,,,703db5101643,a5e53e542e8f,24.563545832993224,0.008677902500494383,784-512-256-10,True,2.3234355366633586,train,60000,"{""blas"": ""mklcpu"", ""profile"": true}",727.299078,8442,302.53349,6429960,571680000,0.90514,456.316202,19356.583982,,9,9485.049478,282.284842,168882,161.694236,0.03362,0.0,0,7940.467896,18035.989997,20610.038698,25823.828142942522,1,2.258740993,26563.470617456493,403.71251330133475,,,16,2026-09-04T06:54:39+00:00,0.2.0,mnist-512-256
syclnn,256,mklcpu,True,Clang 22.1.0 /opt/sycl/bin/clang++,AMD Ryzen Threadripper 2950X 16-Core Processor ,cpu,2026.21.6.0.17_160000,float,34.02855888888889,12.150221888888888,0.13421544444444444,18.191457444444445,964.8586362222221,629.9614008888889,32.86454666666666,5.288542111111111,0.004133333333333333,0.0,232.23555955555554,890.5706645555556,1007.313081,3,139.0515521445359,140.86562981228187,0a73be8afed3a477e4841fd11669a6a91cc7edb9,v0.2.0-5-g0c57d4f,,,,703db5101643,4fecf8ad498b,57.89303578299346,0.021357132830113867,784-512-256-10,True,1.0387905620057911,train,60000,"{""blas"": ""mklcpu"", ""profile"": true}",306.25703,2115,109.351997,6429960,571680000,1.207939,163.723117,8683.727726,,9,5669.652608,295.78092,42342,47.596879,0.0372,0.0,0,2090.120036,8015.135981,9065.817729,57759.47741010137,1,0.9889766504999999,60668.773089501774,226.22461985623036,,,16,2026-09-04T06:54:51+00:00,0.2.0,mnist-512-256
syclnn,1024,mklcpu,True,Clang 22.1.0 /opt/sycl/bin/clang++,AMD Ryzen Threadripper 2950X 16-Core Processor ,cpu,2026.21.6.0.17_160000,float,22.100235222222224,7.190564777777778,0.08413333333333334,13.373574999999999,645.1394292222222,501.89913177777777,33.85896322222222,1.629151,0.003634444444444445,0.0,65.00004044444444,598.0923145555556,652.23628,3,209.86944225194324,210.96320842745573,0a73be8afed3a477e4841fd11669a6a91cc7edb9,v0.2.0-5-g0c57d4f,,,,703db5101643,fae56a36c944,87.61278113399811,0.006681769334439536,784-512-256-10,True,0.6882633243318802,train,60000,"{""blas"": ""mklcpu"", ""profile"": true}",198.902117,531,64.715083,6429960,571680000,0.7572,120.362175,5806.254863,,9,4517.092186,304.730669,10662,14.662359,0.03271,0.0,0,585.000364,5382.830831,5870.12652,87175.93670742803,1,0.6201638075,96748.63201364745,85.7230044289709,,,16,2026-09-04T06:54:59+00:00,0.2.0,mnist-512-256
syclnn,64,mklcpu,True,Clang 22.1.0 /opt/sycl/bin/clang++,AMD Ryzen Threadripper 2950X 16-Core Processor ,cpu,2026.21.6.0.17_160000,double,109.162605,43.45926233333333,0.12764111111111112,62.328002,4026.993183333333,2088.3410094444444,78.47551633333333,20.57969011111111,0.004508888888888889,0.0,1624.5149481111112,3621.6427777777776,4037.5722484444445,3,35.139999059089,36.69808146231996,0a73be8afed3a477e4841fd11669a6a91cc7edb9,v0.2.0-5-g0c57d4f,,,,703db5101643,465b0c92d281,12.281772916496612,0.01000293733280433,784-512-256-10,True,4.110570400332411,train,60000,"{""blas"": ""mklcpu"", ""profile"": true}",982.463445,8442,391.133361,12859776,1143360000,1.14877,560.952018,36242.93865,,9,18795.069085,706.279647,168882,185.217211,0.04058,0.0,0,14620.634533,32594.785,36338.150236,14596.514390107019,1,3.9546512175,15172.0080229806,228.19217496533972,,,16,2026-09-04T06:55:42+00:00,0.2.0,mnist-512-256
syclnn,256,mklcpu,True,Clang 22.1.0 /opt/sycl/bin/clang++,AMD Ryzen Threadripper 2950X 16-Core Processor ,cpu,2026.21.6.0.17_160000,double,51.26851333333334,18.569448,0.14132333333333336,31.545894777777775,2006.3682007777777,1405.1288233333335,61.363763666666664,5.636885222222222,0.004123333333333333,0.0,432.7094257777778,1811.003377888889,1982.837592777778,3,70.55348519288115,71.4739316021166,0a73be8afed3a477e4841fd11669a6a91cc7edb9,v0.2.0-5-g0c57d4f,,,,703db5101643,e692ac3343f4,28.94651789149673,0.015940344999155975,784-512-256-10,True,2.047318280664816,train,60000,"{""blas"": ""mklcpu"", ""profile"": true}",461.41662,2115,167.125032,12859776,1143360000,1.27191,283.913053,18057.313807,,9,12646.15941,552.273873,42342,50.731967,0.03711,0.0,0,3894.384832,16299.030401,17845.538335,29306.6303205755,1,1.9224208615,31210.64757546588,114.78430208892071,,,16,2026-09-04T06:56:04+00:00,0.2.0,mnist-512-256
syclnn,1024,mklcpu,True,Clang 22.1.0 /opt/sycl/bin/clang++,AMD Ryzen Threadripper 2950X 16-Core Processor ,cpu,2026.21.6.0.17_160000,double,33.37029377777778,12.432123555555556,0.1325788888888889,27.19959988888889,1385.9023896666667,1117.851624777778,69.28191422222223,2.1960753333333334,0.003338888888888889,0.0,123.43484033333334,1292.3787077777777,1375.0012417777778,3,99.60396015288204,100.12306117775412,0a73be8afed3a477e4841fd11669a6a91cc7edb9,v0.2.0-5-g0c57d4f,,,,703db5101643,0753e53e9a22,43.806390566999056,0.005766185994919626,784-512-256-10,True,1.450197760995555,train,60000,"{""blas"": ""mklcpu"", ""profile"": true}",300.332644,531,111.889112,12859776,1143360000,1.19321,244.796399,12473.121507,,9,10060.664623,623.537228,10662,19.764678,0.03005,0.0,0,1110.913563,11631.40837,12375.011176,41373.66751884256,1,1.309491693,45819.30555247898,40.684106393528516,,,16,2026-09-04T06:56:20+00:00,0.2.0,mnist-512-256
syclnn,64,mklcpu,True,Clang 22.1.0 /opt/sycl/bin/clang++,AMD Ryzen Threadripper 2950X 16-Core Processor ,cpu,2026.21.6.0.17_160000,float,120.2827081111111,55.82330288888889,0.1866922222222222,68.91679333333333,7820.924531222223,3084.740775777778,31.492992444444447,24.055316777777776,0.004304444444444444,0.0,4435.421645222222,5988.636225555555,6351.167633666667,3,89.8016656118996,93.23904989643665,0a73be8afed3a477e4841fd11669a6a91cc7edb9,v0.2.0-5-g0c57d4f,,,,703db5101643,f92a4118d8c8,27.300586878582358,0.03786133133689873,784-1024-1024-10,True,6.3901888243368985,train,60000,"{""blas"": ""mklcpu"", ""profile"": true}",1082.544373,8442,502.409726,22364424,571680000,1.68023,620.25114,70388.320781,,9,27762.666982,283.436932,168882,216.497851,0.03874,0.0,0,39918.794807,53897.72603,57160.508703,9389.39390515211,1,6.3370533275,9468.122942823697,146.7875247172113,,,16,2026-09-04T06:57:27+00:00,0.2.0,mnist
syclnn,256,mklcpu,True,Clang 22.1.0 /opt/sycl/bin/clang++,AMD Ryzen Threadripper 2950X 16-Core Processor ,cpu,2026.21.6.0.17_160000,float,73.7466641111111,34.41832355555555,0.18565444444444446,36.89915533333333,3321.7824494444444,2160.53824,32.18808333333333,5.994835777777777,0.004058888888888889,0.0,977.8074340000001,2817.5694996666666,2961.349511,3,192.4136790880294,194.5071272259469,0a73be8afed3a477e4841fd11669a6a91cc7edb9,v0.2.0-5-g0c57d4f,,,,703db5101643,dcc2b1d5de45,75.80495846807432,0.037372348000644706,784-1024-1024-10,True,2.982374240333835,train,60000,"{""blas"": ""mklcpu"", ""profile"": true}",663.719977,2115,309.764912,22364424,571680000,1.67089,332.092398,29896.042045,,9,19444.84416,289.69275,42342,53.953522,0.03653,0.0,0,8800.266906,25358.125497,26652.145599,20118.199516531447,1,2.9485760085,20348.80560210595,78.79628143974816,,,16,2026-09-04T06:57:58+00:00,0.2.0,mnist
syclnn,1024,mklcpu,True,Clang 22.1.0 /opt/sycl/bin/clang++,AMD Ryzen Threadripper 2950X 16-Core Processor ,cpu,2026.21.6.0.17_160000,float,56.739528888888884,23.865969222222223,0.18457666666666667,26.27526044444444,2272.1644605555557,1900.523971777778,29.821190555555557,1.6224997777777779,0.004646666666666667,0.0,233.12681655555556,2111.0893057777776,2157.0763706666667,3,260.7783345539753,261.82687119463486,0a73be8afed3a477e4841fd11669a6a91cc7edb9,v0.2.0-5-g0c57d4f,,,,703db5101643,09a23318a772,136.3814738763404,0.027226161662838422,784-1024-1024-10,True,2.200526362673069,train,60000,"{""blas"": ""mklcpu"", ""profile"": true}",510.65576,531,214.793723,22364424,571680000,1.66119,236.477344,20449.480145,,9,17104.715746,268.390715,10662,14.602498,0.04182,0.0,0,2098.141349,18999.803752,19413.687336,27266.203676431105,1,2.1272954785,28204.826553905546,26.811766948490586,,,16,2026-09-04T06:58:22+00:00,0.2.0,mnist
syclnn,64,mklcpu,True,Clang 22.1.0 /opt/sycl/bin/clang++,AMD Ryzen Threadripper 2950X 16-Core Processor ,cpu,2026.21.6.0.17_160000,double,164.4062871111111,78.75454277777777,0.42319444444444443,100.15509800000001,11965.324385777778,6005.745670333334,61.556839888888895,24.570919,0.005396666666666667,0.0,5529.706437555556,9457.201379,9947.909546222223,3,57.233341565678245,59.42409145332104,0a73be8afed3a477e4841fd11669a6a91cc7edb9,v0.2.0-5-g0c57d4f,,,,703db5101643,5c74640e7873,13.650293439291179,0.028867250327797578,784-1024-1024-10,True,10.02649127766684,train,60000,"{""blas"": ""mklcpu"", ""profile"": true}",1479.656584,8442,708.790885,44728704,1143360000,3.80875,901.395882,107687.919472,,9,54051.711033,554.011559,168882,221.138271,0.04857,0.0,0,49767.357938,85114.812411,89531.185916,5984.147229414632,1,9.903850237499999,6058.249929185686,93.55216835318208,,,16,2026-09-04T07:00:05+00:00,0.2.0,mnist
syclnn,256,mklcpu,True,Clang 22.1.0 /opt/sycl/bin/clang++,AMD Ryzen Threadripper 2950X 16-Core Processor ,cpu,2026.21.6.0.17_160000,double,97.21454477777777,50.45545022222222,0.36640544444444445,76.79477988888888,6971.449133,5318.65194,61.21517855555555,6.523560888888889,0.003938888888888889,0.0,1360.2233343333332,6078.222482333334,6226.066024444444,3,91.30537398641897,92.2987704333851,0a73be8afed3a477e4841fd11669a6a91cc7edb9,v0.2.0-5-g0c57d4f,,,,703db5101643,7c2436877d0b,37.90247923403716,0.031465666669343584,784-1024-1024-10,True,6.2849487926675165,train,60000,"{""blas"": ""mklcpu"", ""profile"": true}",874.930903,2115,454.099052,44728704,1143360000,3.297649,691.153019,62743.042197,,9,47867.86746,550.936607,42342,58.712048,0.03545,0.0,0,12242.010009,54704.002341,56034.59422,9546.617160986325,1,6.167650342,9728.177940214367,37.390917213863105,,,16,2026-09-04T07:01:10+00:00,0.2.0,mnist
syclnn,1024,mklcpu,True,Clang 22.1.0 /opt/sycl/bin/clang++,AMD Ryzen Threadripper 2950X 16-Core Processor ,cpu,2026.21.6.0.17_160000,double,74.3979621111111,45.35106644444445,0.31636333333333333,70.55259822222223,4912.423986666667,4279.441620444445,63.33056333333333,2.0381454444444445,0.004116666666666667,0.0,376.9915506666667,4580.260462111111,4661.119322444444,3,121.11777730934708,121.60476725642725,0a73be8afed3a477e4841fd11669a6a91cc7edb9,v0.2.0-5-g0c57d4f,,,,703db5101643,42b97d590104,68.1907369381702,0.021341083668326988,784-1024-1024-10,True,4.737946920329705,train,60000,"{""blas"": ""mklcpu"", ""profile"": true}",669.581659,531,408.159598,44728704,1143360000,2.84727,634.973384,44211.81588,,9,38514.974584,569.97507,10662,18.343309,0.03705,0.0,0,3392.923956,41222.344159,41950.073902,12663.712998250456,1,4.6225570815,12979.828900356219,12.452651114946281,,,16,2026-09-04T07:02:00+00:00,0.2.0,mnist
syclnn,40,netlib,True,Clang 22.1.0 /opt/sycl/bin/clang++,AMD Ryzen Threadripper 2950X 16-Core Processor ,cpu,2026.21.6.0.17_160000,float,0.0670896,0.0322128,0.0016424,0.0404828,0.5376432,0.15144236,0.09145564,0.0291704,0.0011884,0.0107796,0.11217919999999999,0.40346995999999996,1.78944388,5,0.022050989548977176,0.02725133189683971,0a73be8afed3a477e4841fd11669a6a91cc7edb9,v0.2.0-5-g0c57d4f,,,,703db5101643,4926911bd25e,1.2191103789126854,0.00025847200304269786,17-4-1,True,0.0016645057999994605,train,124,"{""blas"": ""netlib"", ""profile"": true}",1.67724,100,0.80532,1940,44640,0.04106,1.01207,13.44108,,25,3.786059,2.286391,1455,0.72926,0.02971,0.26949,0,2.80448,10.086749,44.736097,74496.5863141121,1,0.0015601094999999998,79481.60049022202,2403.115687552003,,,16,2026-09-04T07:02:00+00:00,0.2.0,monk
syclnn,40,netlib,True,Clang 22.1.0 /opt/sycl/bin/clang++,AMD Ryzen Threadripper 2950X 16-Core Processor ,cpu,2026.21.6.0.17_160000,double,0.0744684,0.037368359999999996,0.0063988,0.04772439999999999,0.54804436,0.16572520000000002,0.08577,0.027564799999999997,0.0011224,0.010522400000000001,0.09137959999999999,0.3375904,2.0850826799999997,5,0.017967741889079847,0.02220512129709737,0a73be8afed3a477e4841fd11669a6a91cc7edb9,v0.2.0-5-g0c57d4f,,,,703db5101643,5b9068f7a111,0.6095551894563427,0.00032881000661291173,17-4-1,True,0.002042771998094395,train,124,"{""blas"": ""netlib"", ""profile"": true}",1.86171,100,0.934209,3480,89280,0.15997,1.19311,13.701109,,25,4.14313,2.14425,1455,0.68912,0.02806,0.26306,0,2.28449,8.43976,52.127067,60701.83070635084,1,0.001911665,64864.92141667081,1958.1235711726076,,,16,2026-09-04T07:02:01+00:00,0.2.0,monk
syclnn,40,netlib,True,Clang 22.1.0 /opt/sycl/bin/clang++,AMD Ryzen Threadripper 2950X 16-Core Processor ,cpu,2026.21.6.0.17_160000,float,1.23989752,0.27866996,0.01794316,0.77068636,8.16980792,3.67249228,0.31180992,0.246882,0.0013624,0.0144992,1.61556512,10.38262676,18.91182216,5,1.4988954388146403,1.6344257725721822,0a73be8afed3a477e4841fd11669a6a91cc7edb9,v0.2.0-5-g0c57d4f,,,,703db5101643,7ea4970cfb9f,6.563354603463993,0.000648401997750625,12-64-64-3,True,0.019214148801984264,train,1000,"{""blas"": ""netlib"", ""profile"": true}",30.997438,625,6.966749,104140,300000,0.448579,19.267159,204.245198,,25,91.812307,7.795248,12690,6.17205,0.03406,0.36248,0,40.389128,259.565669,472.795554,52044.98051439723,1,0.018572874,53841.9632847345,1301.124512859931,,,16,2026-09-04T07:02:01+00:00,0.2.0,cup
syclnn,40,netlib,True,Clang 22.1.0 /opt/sycl/bin/clang++,AMD Ryzen Threadripper 2950X 16-Core Processor ,cpu,2026.21.6.0.17_160000,double,1.42486596,0.3056292,0.0256092,0.8769652000000001,9.72794504,4.8888839200000005,0.1431876,0.254264,0.0014656,0.0215724,1.78550196,12.7851088,21.02237724,5,1.3700566358468838,1.4939373471458028,0a73be8afed3a477e4841fd11669a6a91cc7edb9,v0.2.0-5-g0c57d4f,,,,703db5101643,1ceb4a670042,3.2816773017319965,0.0007252997951582053,12-64-64-3,True,0.021021028800169005,train,1000,"{""blas"": ""netlib"", ""profile"": true}",35.621649,625,7.64073,207880,600000,0.64023,21.92413,243.198626,,25,122.222098,3.57969,12690,6.3566,0.03664,0.53931,0,44.637549,319.62772,525.559431,47571.410966905685,1,0.020599289,48545.36484244675,1189.2852741726422,,,16,2026-09-04T07:02:02+00:00,0.2.0,cup
syclnn,64,netlib,True,Clang 22.1.0 /opt/sycl/bin/clang++,AMD Ryzen Threadripper 2950X 16-Core Processor ,cpu,2026.21.6.0.17_160000,float,83.71406722222223,33.62390488888889,0.0959411111111111,52.11575,2174.7711273333334,1069.692341111111,32.41529144444444,18.485287333333332,0.004148888888888889,0.0,884.6243953333334,2015.6919215555556,2298.342501888889,3,61.810400944253644,64.55102987500436,0a73be8afed3a477e4841fd11669a6a91cc7edb9,v0.2.0-5-g0c57d4f,,,,703db5101643,30ab068bbbba,24.563545832993224,0.004196594833047129,784-512-256-10,True,2.3369115519938837,train,60000,"{""blas"": ""netlib"", ""profile"": true}",753.426605,8442,302.615144,6429960,571680000,0.86347,469.04175,19572.940146,,9,9627.23107,291.737623,168882,166.367586,0.03734,0.0,0,7961.619558,18141.227294,20685.082517,25674.912663599618,1,2.2721247155,26407.001160936055,401.384467974274,,,16,2026-09-04T07:02:26+00:00,0.2.0,mnist-512-256
syclnn,256,netlib,True,Clang 22.1.0 /opt/sycl/bin/clang++,AMD Ryzen Threadripper 2950X 16-Core Processor ,cpu,2026.21.6.0.17_160000,float,33.79630833333333,12.311642888888889,0.08805666666666667,18.050963666666668,965.4915876666668,631.2069253333334,31.792482666666665,5.308827444444444,0.0037622222222222224,0.0,232.93261844444447,894.1230467777777,1008.2528857777777,3,137.9595715853601,139.75940318741706,0a73be8afed3a477e4841fd11669a6a91cc7edb9,v0.2.0-5-g0c57d4f,,,,703db5101643,7587f393e124,57.89303578299346,0.012869517668150365,784-512-256-10,True,1.047012819336184,train,60000,"{""blas"": ""netlib"", ""profile"": true}",304.166775,2115,110.804786,6429960,571680000,0.79251,162.458673,8689.424289,,9,5680.862328,286.132344,42342,47.779447,0.03386,0.0,0,2096.393566,8047.107421,9074.275972,57305.88861179423,1,0.973510377,61632.62500077079,224.4480637295274,,,16,2026-09-04T07:02:38+00:00,0.2.0,mnist-512-256
syclnn,1024,netlib,True,Clang 22.1.0 /opt/sycl/bin/clang++,AMD Ryzen Threadripper 2950X 16-Core Processor ,cpu,2026.21.6.0.17_160000,float,23.44705688888889,8.602821555555556,0.08641,11.197206222222222,646.629656,504.2732046666667,32.09211144444444,1.6614422222222223,0.004563333333333333,0.0,65.26483966666666,601.2090693333333,654.9108617777778,3,209.1044649708604,210.19424435217306,0a73be8afed3a477e4841fd11669a6a91cc7edb9,v0.2.0-5-g0c57d4f,,,,703db5101643,58d227f66328,87.61278113399811,0.006441544673483235,784-512-256-10,True,0.6907812323382435,train,60000,"{""blas"": ""netlib"", ""profile"": true}",211.023512,531,77.425394,6429960,571680000,0.77769,100.774856,5819.666904,,9,4538.458842,288.829003,10662,14.95298,0.04107,0.0,0,587.383557,5410.881624,5894.197756,86858.17910383064,1,0.6225034105,96385.01410266571,85.41054278543346,,,16,2026-09-04T07:02:47+00:00,0.2.0,mnist-512-256
syclnn,64,netlib,True,Clang 22.1.0 /opt/sycl/bin/clang++,AMD Ryzen Threadripper 2950X 16-Core Processor ,cpu,2026.21.6.0.17_160000,double,106.42726666666667,44.87981244444445,0.12856666666666666,63.53295577777778,4039.8649246666664,2124.465967,57.010290222222224,20.709973666666667,0.004885555555555556,0.0,1622.7052066666665,3638.1212771111113,4039.032725444444,3,35.163158944172125,36.72226824012862,0a73be8afed3a477e4841fd11669a6a91cc7edb9,v0.2.0-5-g0c57d4f,,,,703db5101643,ec87fd3abf59,12.281772916496612,0.010771461335631116,784-512-256-10,True,4.107863011663237,train,60000,"{""blas"": ""netlib"", ""profile"": true}",957.8454,8442,403.918312,12859776,1143360000,1.1571,571.796602,36358.784322,,9,19120.193703,513.092612,168882,186.389763,0.04397,0.0,0,14604.34686,32743.091494,36351.294529,14606.134583759293,1,3.980590567,15073.140276574442,228.34257065943692,,,16,2026-09-04T07:03:30+00:00,0.2.0,mnist-512-256
syclnn,256,netlib,True,Clang 22.1.0 /opt/sycl/bin/clang++,AMD Ryzen Threadripper 2950X 16-Core Processor ,cpu,2026.21.6.0.17_160000,double,48.319426222222226,19.039451333333332,0.13026444444444443,30.71708044444445,2095.3019943333334,1420.259114111111,58.76668455555556,5.726030777777778,0.004224444444444444,0.0,512.339718,1893.398295111111,2058.3765693333335,3,68.16083808804467,69.05006983183596,0a73be8afed3a477e4841fd11669a6a91cc7edb9,v0.2.0-5-g0c57d4f,,,,703db5101643,6188efe2d08c,28.94651789149673,0.021823328832397237,784-512-256-10,True,2.119185210331731,train,60000,"{""blas"": ""netlib"", ""profile"": true}",434.874836,2115,171.355062,12859776,1143360000,1.17238,276.453724,18857.717949,,9,12782.332027,528.900161,42342,51.534277,0.03802,0.0,0,4611.057462,17040.584656,18525.389124,28312.768373184226,1,1.9833335760000002,30252.09713890307,110.8916761283049,,,16,2026-09-04T07:03:53+00:00,0.2.0,mnist-512-256
syclnn,1024,netlib,True,Clang 22.1.0 /opt/sycl/bin/clang++,AMD Ryzen Threadripper 2950X 16-Core Processor ,cpu,2026.21.6.0.17_160000,double,34.60436966666666,12.159497333333332,0.11500444444444444,22.200308666666665,1385.633247,1119.2654378888888,67.64299522222223,2.014881111111111,0.002972222222222222,0.0,127.62778044444445,1290.5737736666667,1368.7045752222223,3,100.1281721964398,100.65000523125049,0a73be8afed3a477e4841fd11669a6a91cc7edb9,v0.2.0-5-g0c57d4f,,,,703db5101643,2d9f2c717620,43.806390566999056,0.004584628002097357,784-512-256-10,True,1.442605380997217,train,60000,"{""blas"": ""netlib"", ""profile"": true}",311.439327,531,109.435476,12859776,1143360000,1.03504,199.802778,12470.699223,,9,10073.388941,608.786957,10662,18.13393,0.02675,0.0,0,1148.650024,11615.163963,12318.341177,41591.41563614877,1,1.3144096885,45647.86803152052,40.89822537554629,,,16,2026-09-04T07:04:09+00:00,0.2.0,mnist-512-256
syclnn,64,netlib,True,Clang 22.1.0 /opt/sycl/bin/clang++,AMD Ryzen Threadripper 2950X 16-Core Processor ,cpu,2026.21.6.0.17_160000,float,117.8106068888889,54.27484533333333,0.21071666666666666,65.17320966666666,7667.691831,3101.174407111111,32.009615000000004,22.967034555555557,0.0036233333333333334,0.0,4274.067772444444,5878.120029333333,6234.574568444445,3,91.47013717586252,94.97138639980895,0a73be8afed3a477e4841fd11669a6a91cc7edb9,v0.2.0-5-g0c57d4f,,,,703db5101643,834161d0a81f,27.300586878582358,0.014149760667351075,784-1024-1024-10,True,6.273627849674085,train,60000,"{""blas"": ""netlib"", ""profile"": true}",1060.295462,8442,488.473608,22364424,571680000,1.89645,586.558887,69009.226479,,9,27910.569664,288.086535,168882,206.703311,0.03261,0.0,0,38466.609952,52903.080264,56111.171116,9563.844307901847,1,6.2270806795,9635.333648000473,149.5147660135322,,,16,2026-09-04T07:05:14+00:00,0.2.0,mnist
syclnn,256,netlib,True,Clang 22.1.0 /opt/sycl/bin/clang++,AMD Ryzen Threadripper 2950X 16-Core Processor ,cpu,2026.21.6.0.17_160000,float,69.29954222222221,33.61638611111111,0.1645088888888889,45.62016833333334,3328.6928855555557,2208.1397218888887,31.99807255555556,6.017529666666666,0.0041400000000000005,0.0,933.832815888889,2844.763780111111,2978.3859446666665,3,190.26210713694024,192.3321463139359,0a73be8afed3a477e4841fd11669a6a91cc7edb9,v0.2.0-5-g0c57d4f,,,,703db5101643,062438f79472,75.80495846807432,0.02800288516543059,784-1024-1024-10,True,3.0161003083339892,train,60000,"{""blas"": ""netlib"", ""profile"": true}",623.69588,2115,302.547475,22364424,571680000,1.48058,410.581515,29958.23597,,9,19873.257497,287.982653,42342,54.157767,0.03726,0.0,0,8404.495343,25602.874021,26805.473502,19893.237580398098,1,2.91768068,20564.279158883142,77.91518052322587,,,16,2026-09-04T07:05:46+00:00,0.2.0,mnist
syclnn,1024,netlib,True,Clang 22.1.0 /opt/sycl/bin/clang++,AMD Ryzen Threadripper 2950X 16-Core Processor ,cpu,2026.21.6.0.17_160000,float,56.902548777777774,24.757600333333333,0.16647222222222224,27.541105444444444,2326.222847444444,1947.1485404444445,30.95359488888889,1.7590477777777778,0.004271111111111111,0.0,236.98966644444442,2162.527621222222,2209.6883144444446,3,256.6682430294073,257.70025382804334,0a73be8afed3a477e4841fd11669a6a91cc7edb9,v0.2.0-5-g0c57d4f,,,,703db5101643,8cdbd8ae24bc,136.3814738763404,0.016657713999545187,784-1024-1024-10,True,2.235763931006659,train,60000,"{""blas"": ""netlib"", ""profile"": true}",512.122939,531,222.818403,22364424,571680000,1.49825,247.869949,20936.005627,,9,17524.336864,278.582354,10662,15.83143,0.03844,0.0,0,2132.906998,19462.748591,19887.19483,26836.464784090527,1,2.168862251,27664.274193686444,26.38919037102235,,,16,2026-09-04T07:06:10+00:00,0.2.0,mnist
syclnn,64,netlib,True,Clang 22.1.0 /opt/sycl/bin/clang++,AMD Ryzen Threadripper 2950X 16-Core Processor ,cpu,2026.21.6.0.17_160000,double,166.2268682222222,77.34457077777778,0.3193692222222222,102.51766244444444,12100.608402666667,6108.678481777777,61.444019777777775,24.378010777777778,0.0043,0.0,5559.695119666667,9570.662686444444,10068.777107222222,3,56.60825917004685,58.77508245912776,0a73be8afed3a477e4841fd11669a6a91cc7edb9,v0.2.0-5-g0c57d4f,,,,703db5101643,6198ee188f36,13.650293439291179,0.05935926966776606,784-1024-1024-10,True,10.137206273667593,train,60000,"{""blas"": ""netlib"", ""profile"": true}",1496.041814,8442,696.101137,44728704,1143360000,2.874323,922.658962,108905.475624,,9,54978.106336,552.996178,168882,219.402097,0.0387,0.0,0,50037.256077,86135.964178,90618.993965,5918.790481343563,1,10.001304173000001,5999.217598238724,92.53042452500438,,,16,2026-09-04T07:07:54+00:00,0.2.0,mnist
syclnn,256,netlib,True,Clang 22.1.0 /opt/sycl/bin/clang++,AMD Ryzen Threadripper 2950X 16-Core Processor ,cpu,2026.21.6.0.17_160000,double,98.52241166666666,55.64812022222222,0.3230116666666667,77.508482,6895.3282543333335,5263.267695888889,60.88300366666667,6.416137,0.00466,0.0,1332.7547322222222,6015.648883222222,6156.7655153333335,3,92.65352478312106,93.66158902183861,0a73be8afed3a477e4841fd11669a6a91cc7edb9,v0.2.0-5-g0c57d4f,,,,703db5101643,953891c12922,37.90247923403716,0.07188121883276288,784-1024-1024-10,True,6.1934999380027875,train,60000,"{""blas"": ""netlib"", ""profile"": true}",886.701705,2115,500.833082,44728704,1143360000,2.907105,697.576338,62057.954289,,9,47369.409263,547.947033,42342,57.745233,0.04194,0.0,0,11994.79259,54140.839949,55410.889638,9687.5757811581,1,6.094358337,9845.171006064522,37.943005142869225,,,16,2026-09-04T07:08:59+00:00,0.2.0,mnist
syclnn,1024,netlib,True,Clang 22.1.0 /opt/sycl/bin/clang++,AMD Ryzen Threadripper 2950X 16-Core Processor ,cpu,2026.21.6.0.17_160000,double,74.88970622222222,48.46824688888889,0.3495672222222222,74.26089511111111,4887.865695111111,4258.331550777777,59.91896766666667,2.050304222222222,0.0036177777777777775,0.0,369.5928392222222,4558.432152777777,4636.876571333333,3,121.88396748012157,122.37403812203455,0a73be8afed3a477e4841fd11669a6a91cc7edb9,v0.2.0-5-g0c57d4f,,,,703db5101643,17b13d568b59,68.1907369381702,0.012727153002439984,784-1024-1024-10,True,4.708163115001905,train,60000,"{""blas"": ""netlib"", ""profile"": true}",674.007356,531,436.214222,44728704,1143360000,3.146105,668.348056,43990.791256,,9,38324.983957,539.270709,10662,18.452738,0.03256,0.0,0,3326.335553,41025.889375,41731.889142,12743.823553780108,1,4.6234033475,12977.453077383705,12.53142649455044,,,16,2026-09-04T07:09:48+00:00,0.2.0,mnist
syclnn,40,auto,True,Clang 22.1.0 /opt/sycl/bin/clang++,AMD Ryzen Threadripper 2950X 16-Core Processor ,cpu,2026.21.6.0.17_160000,double,0.20146908,0.03407056,0.00647004,0.0521668,0.9118913999999999,0.16634432,0.09482811999999999,0.058240480000000004,0.0011636,0.010447640000000001,0.28669076,1.04264736,3.05044236,5,0.011618822596187394,0.014358919816997063,0a73be8afed3a477e4841fd11669a6a91cc7edb9,v0.2.0-5-g0c57d4f,,,,703db5101643,e2ee39156285,0.6095551894563427,0.0003536164003890008,17-4-1,True,0.0031590119993779807,train,124,"{""profile"": true}",5.036727,100,0.851764,3480,89280,0.161751,1.30417,22.797285,,25,4.158608,2.370703,1455,1.456012,0.02909,0.261191,0,7.167269,26.066184,76.261059,39252.77904117363,1,0.0026444485,46890.684390336966,1266.2186787475364,,,16,2026-09-04T07:12:19+00:00,0.2.0,monk
syclnn,40,auto,True,Clang 22.1.0 /opt/sycl/bin/clang++,AMD Ryzen Threadripper 2950X 16-Core Processor ,cpu,2026.21.6.0.17_160000,double,1.41271072,0.33871364,0.02488848,0.84095844,9.903686760000001,5.05464188,0.22406659999999998,0.25120204,0.0015848000000000001,0.0210668,1.73385336,11.62586072,21.100658279999998,5,1.357715694538506,1.4804805362103022,0a73be8afed3a477e4841fd11669a6a91cc7edb9,v0.2.0-5-g0c57d4f,,,,703db5101643,6430db22b6e4,3.2816773017319965,0.00035851040156558225,12-64-64-3,True,0.02121209920151159,train,1000,"{""profile"": true}",35.317768,625,8.467841,207880,600000,0.622212,21.023961,247.592169,,25,126.366047,5.601665,12690,6.280051,0.03962,0.52667,0,43.346334,290.646518,527.516457,47142.906060364796,1,0.020820686999999997,48029.154849693485,1178.5726515091199,,,16,2026-09-04T07:12:20+00:00,0.2.0,cup
syclnn,64,auto,True,Clang 22.1.0 /opt/sycl/bin/clang++,AMD Ryzen Threadripper 2950X 16-Core Processor ,cpu,2026.21.6.0.17_160000,float,81.15623866666667,34.30468811111111,0.09506455555555555,53.62755544444445,2182.047461666667,1079.4094902222223,33.36271711111111,18.179551444444442,0.003132222222222222,0.0,881.9090238888889,2024.2674588888888,2323.4113143333334,3,61.23285336366352,63.94787424812964,0a73be8afed3a477e4841fd11669a6a91cc7edb9,v0.2.0-5-g0c57d4f,,,,703db5101643,b1542e2d43d5,24.563545832993224,0.011678613334273447,784-512-256-10,True,2.358953275329744,train,60000,"{""profile"": true}",730.406148,8442,308.742193,6429960,571680000,0.855581,482.647999,19638.427155,,9,9714.685412,300.264454,168882,163.615963,0.02819,0.0,0,7937.181215,18218.40713,20910.701829,25435.00993745328,1,2.2907867795000003,26191.874572061188,397.6339886888529,,,16,2026-09-04T07:12:45+00:00,0.2.0,mnist-512-256
syclnn,256,auto,True,Clang 22.1.0 /opt/sycl/bin/clang++,AMD Ryzen Threadripper 2950X 16-Core Processor ,cpu,2026.21.6.0.17_160000,float,39.717526444444445,12.145262888888888,0.09253366666666667,20.289185333333332,988.3648588888888,635.7654168888889,32.452729000000005,5.220783222222222,0.0034511111111111114,0.0,242.67797033333332,920.7302025555556,1032.8643485555556,3,135.45443675015693,137.22158616284491,110c2a5a1f7beb2ae372b3d9063938442373a9ae,v0.2.0-5-g0c57d4f,,,,a0f580195416,678e745820fc,57.89303578299346,0.01236722283162317,784-512-256-10,True,1.0663765873274922,train,60000,"{""profile"": true}",357.457738,2115,109.307366,6429960,571680000,0.832803,182.602668,8895.28373,,9,5721.888752,292.074561,42342,46.987049,0.03106,0.0,0,2184.101733,8286.571823,9295.779137,56265.3013138346,1,1.008451469,59497.16158329083,220.37243014585218,,,16,2026-09-04T12:36:01+00:00,0.2.0,mnist-512-256
syclnn,1024,auto,True,Clang 22.1.0 /opt/sycl/bin/clang++,AMD Ryzen Threadripper 2950X 16-Core Processor ,cpu,2026.21.6.0.17_160000,float,22.28849277777778,7.996498111111112,0.10112133333333334,10.907393555555556,647.8284207777778,502.5336917777778,37.35302544444445,1.5936341111111112,0.0034244444444444444,0.0,65.05113922222222,597.6059235555555,656.0325838888889,3,208.34167105139073,209.42747501742122,0a73be8afed3a477e4841fd11669a6a91cc7edb9,v0.2.0-5-g0c57d4f,,,,703db5101643,ed9a21415be5,87.61278113399811,0.002533636332373135,784-512-256-10,True,0.6933103649935219,train,60000,"{""profile"": true}",200.596435,531,71.968483,6429960,571680000,0.910092,98.166542,5830.455787,,9,4522.803226,336.177229,10662,14.342707,0.03082,0.0,0,585.460253,5378.453312,5904.293255,86541.32842880637,1,0.6247319455,96041.19083742292,85.09897295499293,,,16,2026-09-04T07:13:06+00:00,0.2.0,mnist-512-256
syclnn,64,auto,True,Clang 22.1.0 /opt/sycl/bin/clang++,AMD Ryzen Threadripper 2950X 16-Core Processor ,cpu,2026.21.6.0.17_160000,double,105.58327133333334,44.53372922222222,0.14531022222222223,62.75773677777777,3858.3668656666664,2103.965877666667,63.83257499999999,20.049059333333332,0.0041266666666666665,0.0,1457.4951794444444,3476.0839493333333,3897.312144,3,36.33291103680703,37.94388630318124,0a73be8afed3a477e4841fd11669a6a91cc7edb9,v0.2.0-5-g0c57d4f,,,,703db5101643,e9002230715c,12.281772916496612,0.030574144000032888,784-512-256-10,True,3.9756087766727433,train,60000,"{""profile"": true}",950.249442,8442,400.803563,12859776,1143360000,1.307792,564.819631,34725.301791,,9,18935.692899,574.493175,168882,180.441534,0.03714,0.0,0,13117.456615,31284.755544,35075.809296,15092.02825792508,1,3.8329960405000003,15653.5512601712,235.93870843222876,,,16,2026-09-04T07:13:47+00:00,0.2.0,mnist-512-256
syclnn,256,auto,True,Clang 22.1.0 /opt/sycl/bin/clang++,AMD Ryzen Threadripper 2950X 16-Core Processor ,cpu,2026.21.6.0.17_160000,double,48.159390333333334,19.187717888888887,0.14604555555555557,31.009551666666667,1995.9332016666667,1405.671695888889,59.04487133333334,5.434549888888889,0.0050799999999999994,0.0,427.2742991111111,1810.3973369999999,1978.0049774444442,3,70.31448729807272,71.23181572166239,0a73be8afed3a477e4841fd11669a6a91cc7edb9,v0.2.0-5-g0c57d4f,,,,703db5101643,5a8a657d639a,28.94651789149673,0.00854411116354914,784-512-256-10,True,2.054277085000649,train,60000,"{""profile"": true}",433.434513,2115,172.689461,12859776,1143360000,1.31441,279.085965,17963.398815,,9,12651.045263,531.403842,42342,48.910949,0.04572,0.0,0,3845.468692,16293.576033,17802.044797,29207.354956199124,1,1.9258150525,31155.63974957559,114.39547357844657,,,16,2026-09-04T07:14:09+00:00,0.2.0,mnist-512-256
syclnn,1024,auto,True,Clang 22.1.0 /opt/sycl/bin/clang++,AMD Ryzen Threadripper 2950X 16-Core Processor ,cpu,2026.21.6.0.17_160000,double,33.012553,12.478977666666667,0.1252012222222222,26.295545444444443,1380.5110523333333,1126.120781777778,60.412433,1.9309778888888889,0.003612222222222222,0.0,120.13097011111111,1278.9297206666665,1357.6654915555555,3,101.06368406421699,101.59039265988486,0a73be8afed3a477e4841fd11669a6a91cc7edb9,v0.2.0-5-g0c57d4f,,,,703db5101643,b1be82f6684e,43.806390566999056,0.007923428333015181,784-512-256-10,True,1.4292516776671012,train,60000,"{""profile"": true}",297.112977,531,112.310799,12859776,1143360000,1.126811,236.659909,12424.599471,,9,10135.087036,543.711897,10662,17.378801,0.03251,0.0,0,1081.178731,11510.367486,12218.989424,41980.01019521986,1,1.3039686910000001,46013.374718365834,41.28034335863286,,,16,2026-09-04T07:14:25+00:00,0.2.0,mnist-512-256
syclnn,64,auto,True,Clang 22.1.0 /opt/sycl/bin/clang++,AMD Ryzen Threadripper 2950X 16-Core Processor ,cpu,2026.21.6.0.17_160000,float,118.0873158888889,55.386751,0.17225222222222222,66.78289177777778,7107.515000222223,3142.802280888889,31.667632333333334,22.137267333333334,0.004371111111111111,0.0,3670.474237666667,5547.9465660000005,5922.402333555556,3,96.24066450588003,99.9245176443688,0a73be8afed3a477e4841fd11669a6a91cc7edb9,v0.2.0-5-g0c57d4f,,,,703db5101643,84c15e8227a7,27.300586878582358,0.009990875837198487,784-1024-1024-10,True,5.962652096660652,train,60000,"{""profile"": true}",1062.785843,8442,498.480759,22364424,571680000,1.55027,601.046026,63967.635002,,9,28285.220528,285.008691,168882,199.235406,0.03934,0.0,0,33034.268139,49931.519094,53301.621002,10062.63639523806,1,5.9071038125,10157.261816363245,157.31254897888832,,,16,2026-09-04T07:15:27+00:00,0.2.0,mnist
syclnn,256,auto,True,Clang 22.1.0 /opt/sycl/bin/clang++,AMD Ryzen Threadripper 2950X 16-Core Processor ,cpu,2026.21.6.0.17_160000,float,68.5336481111111,30.831519666666665,0.2056748888888889,40.19765755555555,3188.8979171111114,2179.6722790000003,32.24743155555555,5.892555444444444,0.004524444444444445,0.0,831.3126264444444,2723.7363731111113,2862.1705392222225,3,199.2019671006573,201.36927136443362,0a73be8afed3a477e4841fd11669a6a91cc7edb9,v0.2.0-5-g0c57d4f,,,,703db5101643,91c1f259e876,75.80495846807432,0.0344762321668286,784-1024-1024-10,True,2.8807426369943037,train,60000,"{""profile"": true}",616.802833,2115,277.483677,22364424,571680000,1.851074,361.778918,28700.081254,,9,19617.050511,290.226884,42342,53.032999,0.04072,0.0,0,7481.813638,24513.627358,25759.534853,20827.962633483472,1,2.7959398415,21459.689192672497,81.57618698114361,,,16,2026-09-04T07:15:58+00:00,0.2.0,mnist
syclnn,1024,auto,True,Clang 22.1.0 /opt/sycl/bin/clang++,AMD Ryzen Threadripper 2950X 16-Core Processor ,cpu,2026.21.6.0.17_160000,float,53.75055944444445,25.452902444444444,0.19290688888888888,28.39409311111111,2313.7799437777776,1935.1764774444443,34.30201211111111,1.6503672222222223,0.004195555555555556,0.0,234.85642955555556,2143.1387797777775,2192.4560855555555,3,259.99005599973117,261.03542313266075,0a73be8afed3a477e4841fd11669a6a91cc7edb9,v0.2.0-5-g0c57d4f,,,,703db5101643,0de38150b339,136.3814738763404,0.03314053666448036,784-1024-1024-10,True,2.207198263000464,train,60000,"{""profile"": true}",483.755035,531,229.076122,22364424,571680000,1.736162,255.546838,20824.019494,,9,17416.588297,308.718109,10662,14.853305,0.03776,0.0,0,2113.707866,19288.249018,19732.10477,27183.78362550722,1,2.1548866465,27843.691962847755,26.730720565082102,,,16,2026-09-04T07:16:22+00:00,0.2.0,mnist
syclnn,64,auto,True,Clang 22.1.0 /opt/sycl/bin/clang++,AMD Ryzen Threadripper 2950X 16-Core Processor ,cpu,2026.21.6.0.17_160000,double,165.51128522222223,77.5267891111111,0.3586425555555556,98.91011822222222,12046.158901666666,6131.035977555555,59.13271233333333,23.471088666666667,0.004467777777777778,0.0,5490.207820222222,9563.002419333332,10047.644946111111,3,57.021375823514845,59.20401219003296,0a73be8afed3a477e4841fd11669a6a91cc7edb9,v0.2.0-5-g0c57d4f,,,,703db5101643,38935f8186ae,13.650293439291179,0.0916886529982257,784-1024-1024-10,True,10.06376278566313,train,60000,"{""profile"": true}",1489.601567,8442,697.741102,44728704,1143360000,3.227783,890.191064,108415.430115,,9,55179.323798,532.194411,168882,211.239798,0.04021,0.0,0,49411.870382,86067.021774,90428.804515,5961.984724587925,1,10.0034272745,5997.944339831168,93.20569452772456,,,16,2026-09-04T07:18:06+00:00,0.2.0,mnist
syclnn,256,auto,True,Clang 22.1.0 /opt/sycl/bin/clang++,AMD Ryzen Threadripper 2950X 16-Core Processor ,cpu,2026.21.6.0.17_160000,double,103.66212955555555,57.58977333333333,0.356583,75.59331655555555,6980.373231777778,5323.621943,60.249814,6.240159666666667,0.006125555555555555,0.0,1353.053387111111,6080.614509222222,6218.682119777778,3,91.18996412055465,92.18210491579198,0a73be8afed3a477e4841fd11669a6a91cc7edb9,v0.2.0-5-g0c57d4f,,,,703db5101643,3a62abe4135d,37.90247923403716,0.01906428316821529,784-1024-1024-10,True,6.292903013333368,train,60000,"{""profile"": true}",932.959166,2115,518.30796,44728704,1143360000,3.209247,680.339849,62823.359086,,9,47912.597487,542.248326,42342,56.161437,0.05513,0.0,0,12177.480484,54725.530583,55968.139078,9534.550250158365,1,6.1380694155,9775.060517967842,37.3436551464536,,,16,2026-09-04T07:19:12+00:00,0.2.0,mnist
syclnn,1024,auto,True,Clang 22.1.0 /opt/sycl/bin/clang++,AMD Ryzen Threadripper 2950X 16-Core Processor ,cpu,2026.21.6.0.17_160000,double,75.12015644444445,43.673336,0.33812277777777777,63.76024388888888,4921.122986666666,4305.439536111111,59.42046933333333,1.9424131111111111,0.0049633333333333335,0.0,371.42374566666666,4593.390261,4669.777552444444,3,121.00825822805066,121.49480782118123,0a73be8afed3a477e4841fd11669a6a91cc7edb9,v0.2.0-5-g0c57d4f,,,,703db5101643,8abcfcf5751d,68.1907369381702,0.02234257649979554,784-1024-1024-10,True,4.742235021006006,train,60000,"{""profile"": true}",676.081408,531,393.060024,44728704,1143360000,3.043105,573.842195,44290.10688,,9,38748.955825,534.784224,10662,17.481718,0.04467,0.0,0,3342.813711,41340.512349,42027.997972,12652.262010260249,1,4.6360708975,12941.993624893654,12.441390976755912,,,16,2026-09-04T07:20:01+00:00,0.2.0,mnist
syclnn,124,auto,True,Clang 22.1.0 /opt/sycl/bin/clang++,AMD Ryzen Threadripper 2950X 16-Core Processor ,cpu,2026.21.6.0.17_160000,float,0.039286777777777775,0.0,0.0016022222222222223,0.0,0.39163966666666666,0.029924444444444444,0.32082622222222223,0.0,0.0,0.0,0.0,0.4558984444444445,0.5875454444444445,3,0.025837158583100983,0.029425652830753896,0a73be8afed3a477e4841fd11669a6a91cc7edb9,v0.2.0-5-g0c57d4f,,,,703db5101643,74fc730bb246,1.354368932038835,3.7405004453224585e-05,17-4-1,True,0.0006910976662766188,infer,124,"{""profile"": true}",0.353581,0,0.0,4464,75888,0.01442,0.0,3.524757,,0,0.26932,2.887436,54,0.0,0.0,0.0,0,0.0,4.103086,5.287909,179424.7123826457,1,,,1446.9734869568201,,,16,2026-09-04T07:20:02+00:00,0.2.0,monk
syclnn,124,auto,True,Clang 22.1.0 /opt/sycl/bin/clang++,AMD Ryzen Threadripper 2950X 16-Core Processor ,cpu,2026.21.6.0.17_160000,double,0.03846555555555556,0.0,0.024204444444444445,0.0,0.5075785555555555,0.030152444444444444,0.4147561111111111,0.0,0.0,0.0,0.0,0.5551686666666666,0.7034166666666667,3,0.023617443971000695,0.02689764452252857,0a73be8afed3a477e4841fd11669a6a91cc7edb9,v0.2.0-5-g0c57d4f,,,,703db5101643,d588c06890d4,0.6771844660194175,2.995016014513863e-05,17-4-1,True,0.000756051333155483,infer,124,"{""profile"": true}",0.34619,0,0.0,8928,151776,0.21784,0.0,4.568207,,0,0.271372,3.732805,54,0.0,0.0,0.0,0,0.0,4.996518,6.33075,164010.0275763937,1,,,1322.6615127128525,,,16,2026-09-04T07:20:03+00:00,0.2.0,monk
syclnn,1,auto,True,Clang 22.1.0 /opt/sycl/bin/clang++,AMD Ryzen Threadripper 2950X 16-Core Processor ,cpu,2026.21.6.0.17_160000,float,44.81261544444445,0.0,0.9062046666666667,0.0,63.74847233333334,17.872991777777777,0.15666044444444446,0.0,0.0,0.0,0.0,54.120256777777776,1597.2513595555556,3,0.006236572283742713,0.006559749091167672,0a73be8afed3a477e4841fd11669a6a91cc7edb9,v0.2.0-5-g0c57d4f,,,,703db5101643,447726792ad7,0.4745635442087479,0.10715397882934985,12-64-64-3,True,1.6214034793374594,infer,1000,"{""profile"": true}",403.313539,0,0.0,108000,432000,8.155842,0.0,573.736251,,0,160.856926,1.409944,63009,0.0,0.0,0.0,0,0.0,487.082311,14375.262236,616.7496324903791,1,,,616.7496324903791,,,16,2026-09-04T07:20:19+00:00,0.2.0,cup
syclnn,1000,auto,True,Clang 22.1.0 /opt/sycl/bin/clang++,AMD Ryzen Threadripper 2950X 16-Core Processor ,cpu,2026.21.6.0.17_160000,float,0.18653933333333333,0.0,0.22529711111111114,0.0,1.503047888888889,0.1307301111111111,0.9604813333333334,0.0,0.0,0.0,0.0,1.5728968888888888,1.7460136666666668,3,8.336342402103265,8.768328499680608,0a73be8afed3a477e4841fd11669a6a91cc7edb9,v0.2.0-5-g0c57d4f,,,,703db5101643,cf4ef3181016,9.157562233749674,0.0009909463357568407,12-64-64-3,True,0.001213001999227951,infer,1000,"{""profile"": true}",1.678854,0,0.0,108000,432000,2.027674,0.0,13.527431,,0,1.176571,8.644332,72,0.0,0.0,0.0,0,0.0,14.156072,15.714123,824400.9495750855,1,,,824.4009495750855,,,16,2026-09-04T07:20:19+00:00,0.2.0,cup
syclnn,1,auto,True,Clang 22.1.0 /opt/sycl/bin/clang++,AMD Ryzen Threadripper 2950X 16-Core Processor ,cpu,2026.21.6.0.17_160000,double,48.64531122222222,0.0,1.0519854444444445,0.0,70.38368144444445,20.382791,0.30359377777777774,0.0,0.0,0.0,0.0,34.835997444444445,1576.7983932222223,3,0.006348643100312722,0.0066776273748938,0a73be8afed3a477e4841fd11669a6a91cc7edb9,v0.2.0-5-g0c57d4f,,,,703db5101643,23397c61a079,0.23728177210437396,0.09250633766835858,12-64-64-3,True,1.5927812983378924,infer,1000,"{""profile"": true}",437.807801,0,0.0,216000,864000,9.467869,0.0,633.453133,,0,183.445119,2.732344,63009,0.0,0.0,0.0,0,0.0,313.523977,14191.185539,627.8325850783942,1,,,627.8325850783942,,,16,2026-09-04T07:20:35+00:00,0.2.0,cup
syclnn,1000,auto,True,Clang 22.1.0 /opt/sycl/bin/clang++,AMD Ryzen Threadripper 2950X 16-Core Processor ,cpu,2026.21.6.0.17_160000,double,0.2752762222222222,0.0,0.24402155555555557,0.0,1.4598103333333334,0.18632477777777778,0.7541877777777777,0.0,0.0,0.0,0.0,1.5033755555555555,1.7106226666666666,3,5.313604432395237,5.58895339625749,0a73be8afed3a477e4841fd11669a6a91cc7edb9,v0.2.0-5-g0c57d4f,,,,703db5101643,d87462a9c1e3,4.578781116874837,0.0002057051703256243,12-64-64-3,True,0.0019030396651942283,infer,1000,"{""profile"": true}",2.477486,0,0.0,216000,864000,2.196194,0.0,13.138293,,0,1.676923,6.78769,72,0.0,0.0,0.0,0,0.0,13.53038,15.395604,525475.121874529,1,,,525.475121874529,,,16,2026-09-04T07:20:35+00:00,0.2.0,cup
syclnn,4096,auto,True,Clang 22.1.0 /opt/sycl/bin/clang++,AMD Ryzen Threadripper 2950X 16-Core Processor ,cpu,2026.21.6.0.17_160000,float,20.219198666666667,0.0,9.246361111111112,0.0,338.2294998888889,212.09542833333333,96.66851177777778,0.0,0.0,0.0,0.0,258.55009533333333,344.0694624444444,3,140.51607340895134,140.92472137961585,0a73be8afed3a477e4841fd11669a6a91cc7edb9,v0.2.0-5-g0c57d4f,,,,703db5101643,8ebaf5fee23e,108.72034544069088,0.0019369418344770128,784-512-256-10,True,0.45692139299353585,infer,60000,"{""profile"": true}",181.972788,0,0.0,21600000,1693440000,83.21725,0.0,3044.065499,,0,1908.858855,870.016606,954,0.0,0.0,0.0,0,0.0,2326.950858,3096.625162,131313.61525208523,1,,,32.82840381302131,,,16,2026-09-04T08:33:17+00:00,0.2.0,mnist-512-256
syclnn,4096,auto,True,Clang 22.1.0 /opt/sycl/bin/clang++,AMD Ryzen Threadripper 2950X 16-Core Processor ,cpu,2026.21.6.0.17_160000,double,24.81491822222222,0.0,12.854073333333334,0.0,732.4489753333332,516.8874544444444,177.89252933333333,0.0,0.0,0.0,0.0,583.8027662222222,739.2942863333333,3,67.34908125324407,67.54494543242701,110c2a5a1f7beb2ae372b3d9063938442373a9ae,v0.2.0-5-g0c57d4f,,,,a0f580195416,bcb28b1e02ea,54.36017272034544,0.015179230167025937,784-512-256-10,True,0.9533136726628678,infer,60000,"{""profile"": true}",223.334264,0,0.0,43200000,3386880000,115.68666,0.0,6592.040778,,0,4651.98709,1601.032764,954,0.0,0.0,0.0,0,0.0,5254.224896,6653.648577,62938.3609199724,1,,,15.734590229993099,,,16,2026-09-04T11:53:32+00:00,0.2.0,mnist-512-256
syclnn,4096,auto,True,Clang 22.1.0 /opt/sycl/bin/clang++,AMD Ryzen Threadripper 2950X 16-Core Processor ,cpu,2026.21.6.0.17_160000,float,51.04623755555556,0.0,9.76402388888889,0.0,835.301824,682.6590608888888,91.83250166666667,0.0,0.0,0.0,0.0,761.2955017777778,841.9196887777778,3,233.7916429636249,234.3085477022834,110c2a5a1f7beb2ae372b3d9063938442373a9ae,v0.2.0-5-g0c57d4f,,,,a0f580195416,686dfc7691f1,174.16334549536907,0.00701418133394327,784-1024-1024-10,True,0.9555338983385203,infer,60000,"{""profile"": true}",459.416138,0,0.0,21600000,1693440000,87.876215,0.0,7517.716416,,0,6143.931548,826.492515,954,0.0,0.0,0.0,0,0.0,6851.659516,7577.277199,62792.12082829069,1,,,15.698030207072673,,,16,2026-09-04T12:06:41+00:00,0.2.0,mnist
syclnn,4096,auto,True,Clang 22.1.0 /opt/sycl/bin/clang++,AMD Ryzen Threadripper 2950X 16-Core Processor ,cpu,2026.21.6.0.17_160000,double,73.32646477777777,0.0,12.439712,0.0,1643.7677906666665,1386.2584615555556,171.74315233333334,0.0,0.0,0.0,0.0,1501.9583993333333,1651.5631164444444,3,119.41957977829308,119.68361208455312,110c2a5a1f7beb2ae372b3d9063938442373a9ae,v0.2.0-5-g0c57d4f,,,,a0f580195416,759dabbda6df,87.08167274768454,0.01455055333402333,784-1024-1024-10,True,1.8706801716665116,infer,60000,"{""profile"": true}",659.938183,0,0.0,43200000,3386880000,111.957408,0.0,14793.910116,,0,12476.326154,1545.688371,954,0.0,0.0,0.0,0,0.0,13517.625594,14864.068048,32073.895318272647,1,,,8.018473829568162,,,16,2026-09-04T12:35:48+00:00,0.2.0,mnist
syclnn,40,auto,True,Clang 22.1.0 /opt/sycl/bin/clang++,AMD Ryzen Threadripper 2950X 16-Core Processor ,cpu,2026.21.6.0.17_160000,float,0.07029293333333334,0.027977066666666665,0.0014986666666666666,0.04785826666666667,0.5087613333333334,0.1370872,0.085339,0.024168733333333334,0.0010273333333333334,0.009594133333333334,0.103918,0.4416642666666667,1.5852544,5,0.023038599464645093,0.028471852433421464,110c2a5a1f7beb2ae372b3d9063938442373a9ae,v0.2.0-5-g0c57d4f,,,,a0f580195416,2c877847ba3c,1.2191103789126854,3.427809861022979e-05,17-4-1,True,0.0015931523987092078,train,124,"{""memory"": ""shared"", ""profile"": true}",1.054394,60,0.419656,1164,26784,0.02248,0.717874,7.63142,,15,2.056308,1.280085,873,0.362531,0.01541,0.143912,0,1.55877,6.624964,23.778816,77833.10629947667,1,0.0013321055,93085.72031269295,2510.745364499247,,,16,2026-09-04T12:36:02+00:00,0.2.0,monk
syclnn,40,auto,True,Clang 22.1.0 /opt/sycl/bin/clang++,AMD Ryzen Threadripper 2950X 16-Core Processor ,cpu,2026.21.6.0.17_160000,float,1.2347428,0.27218973333333335,0.01565273333333333,0.7954784,8.2799926,3.7523533999999996,0.3922676,0.2511732,0.001158,0.013783466666666666,1.5511932666666666,10.617172933333334,18.861096266666667,5,1.526580517734717,1.664614140173362,110c2a5a1f7beb2ae372b3d9063938442373a9ae,v0.2.0-5-g0c57d4f,,,,a0f580195416,b42acedca031,6.563354603463993,0.0002016988000832498,12-64-64-3,True,0.018865693401312455,train,1000,"{""memory"": ""shared"", ""profile"": true}",18.521142,375,4.082846,62484,180000,0.234791,11.932176,124.199889,,15,56.285301,5.884014,7614,3.767598,0.01737,0.206752,0,23.267899,159.257594,282.916444,53006.26797689989,1,0.018455144,54185.43469506388,1325.1566994224972,,,16,2026-09-04T12:36:02+00:00,0.2.0,cup
syclnn,256,auto,True,Clang 22.1.0 /opt/sycl/bin/clang++,AMD Ryzen Threadripper 2950X 16-Core Processor ,cpu,2026.21.6.0.17_160000,float,32.63897411111111,12.071586444444444,0.09681244444444444,18.919314333333332,941.6893758888889,623.8203662222222,34.48663055555556,5.342116222222222,0.004005555555555556,0.0,214.30957,874.6302741111111,986.0231087777779,3,140.90240506381068,142.74062910673445,110c2a5a1f7beb2ae372b3d9063938442373a9ae,v0.2.0-5-g0c57d4f,,,,a0f580195416,844d5b3f47dc,57.89303578299346,0.0041083849985927845,784-512-256-10,True,1.025145311995099,train,60000,"{""memory"": ""shared"", ""profile"": true}",293.750767,2115,108.644278,6429960,571680000,0.871312,170.273829,8475.204383,,9,5614.383296,310.379675,42342,48.079046,0.03605,0.0,0,1928.78613,7871.672467,8874.207979,58528.28793922909,1,0.963120132,62297.5244795319,229.23579442864727,,,16,2026-09-04T12:36:13+00:00,0.2.0,mnist-512-256
syclnn,40,auto,True,Clang 22.1.0 /opt/sycl/bin/clang++,AMD Ryzen Threadripper 2950X 16-Core Processor ,cpu,2026.21.6.0.17_160000,float,0.07918286666666667,0.03455146666666666,0.002662666666666667,0.03886,0.5225282,0.16135833333333333,0.07777166666666666,0.026530933333333333,0.0021246666666666666,0.010524666666666667,0.08896093333333334,0.24358226666666666,2.1301404666666666,5,0.01741042338577185,0.021516368918336175,110c2a5a1f7beb2ae372b3d9063938442373a9ae,v0.2.0-5-g0c57d4f,,,,a0f580195416,502a096e1022,1.2191103789126854,9.042339806910552e-05,17-4-1,True,0.0021081624028738586,train,124,"{""loss_reduction"": false, ""profile"": true}",1.187743,60,0.518272,1224,26784,0.03994,0.5829,7.837923,,15,2.420375,1.166575,903,0.397964,0.03187,0.15787,0,1.334414,3.653734,31.952107,58818.99792490489,1,0.002015838,61512.879507182624,1897.3870298356417,,,16,2026-09-04T12:36:14+00:00,0.2.0,monk
syclnn,40,auto,True,Clang 22.1.0 /opt/sycl/bin/clang++,AMD Ryzen Threadripper 2950X 16-Core Processor ,cpu,2026.21.6.0.17_160000,float,1.1767190666666667,0.27159486666666666,0.015250000000000001,0.7624287333333334,7.932780466666667,3.538172133333333,0.19666533333333333,0.265512,0.002136,0.014088066666666668,1.6902142666666669,10.180616066666666,17.7753026,5,1.6413512739535923,1.7897624841099309,110c2a5a1f7beb2ae372b3d9063938442373a9ae,v0.2.0-5-g0c57d4f,,,,a0f580195416,bd42fc457ae5,6.563354603463993,0.0006378155027050546,12-64-64-3,True,0.017546518199378625,train,1000,"{""loss_reduction"": false, ""profile"": true}",17.650786,375,4.073923,62544,180000,0.22875,11.436431,118.991707,,15,53.072582,2.94998,7644,3.98268,0.03204,0.211321,0,25.353214,152.709241,266.629539,56991.36367894418,1,0.017248358999999998,57976.529825243095,1424.7840919736045,,,16,2026-09-04T12:36:14+00:00,0.2.0,cup
syclnn,256,auto,True,Clang 22.1.0 /opt/sycl/bin/clang++,AMD Ryzen Threadripper 2950X 16-Core Processor ,cpu,2026.21.6.0.17_160000,float,33.46014788888888,14.22571288888889,0.0991191111111111,21.033956111111113,972.354572,632.1111362222223,35.918517111111115,13.539028444444446,0.005945666666666667,0.0,221.96100855555557,887.7032144444444,996.9234512222223,3,139.37524855485302,141.19354919185056,110c2a5a1f7beb2ae372b3d9063938442373a9ae,v0.2.0-5-g0c57d4f,,,,a0f580195416,371960ea5d19,57.89303578299346,0.008789563503038833,784-512-256-10,True,1.0363779903370112,train,60000,"{""loss_reduction"": false, ""profile"": true}",301.141331,2115,128.031416,6429996,571680000,0.892072,189.305605,8751.191148,,9,5689.000226,323.266654,42360,121.851256,0.053511,0.0,0,1997.649077,7989.32893,8972.311061,57893.93499227931,1,0.964077471,62235.662386928656,226.75124538642729,,,16,2026-09-04T12:36:26+00:00,0.2.0,mnist-512-256
syclnn,40,auto,True,Clang 22.1.0 /opt/sycl/bin/clang++,AMD Ryzen Threadripper 2950X 16-Core Processor ,cpu,2026.21.6.0.17_160000,float,0.06311766666666667,0.031968866666666665,0.001614,0.03844086666666667,0.49047573333333333,0.16356293333333335,0.07798693333333334,0.024688066666666668,0.0009386666666666668,0.009612666666666667,0.07854506666666666,0.6752815333333333,1.924101,5,0.01885249800099084,0.023298531749262875,110c2a5a1f7beb2ae372b3d9063938442373a9ae,v0.2.0-5-g0c57d4f,,,,a0f580195416,7c6e57f925a0,1.2191103789126854,6.943830230738963e-05,17-4-1,True,0.0019469038001261652,train,124,"{""bias_gemv"": false, ""profile"": true}",0.946765,60,0.479533,1164,26784,0.02421,0.576613,7.357136,,15,2.453444,1.169804,873,0.370321,0.01408,0.14419,0,1.178176,10.129223,28.861515,63690.871624969055,1,0.0019032275000000001,65152.48439821303,2054.544245966744,,,16,2026-09-04T12:36:26+00:00,0.2.0,monk
syclnn,40,auto,True,Clang 22.1.0 /opt/sycl/bin/clang++,AMD Ryzen Threadripper 2950X 16-Core Processor ,cpu,2026.21.6.0.17_160000,float,1.1971734,0.5327128666666667,0.016866666666666665,0.78093,9.069697,4.445398333333333,0.18019013333333334,0.24668833333333332,0.0014306666666666667,0.013635333333333333,1.6546712666666668,9.999864800000001,19.416133066666664,5,1.4725609586258406,1.6057101250271446,110c2a5a1f7beb2ae372b3d9063938442373a9ae,v0.2.0-5-g0c57d4f,,,,a0f580195416,032f4e1588e5,6.563354603463993,0.000913635597680696,12-64-64-3,True,0.019557764200726524,train,1000,"{""bias_gemv"": false, ""profile"": true}",17.957601,375,7.990693,62484,180000,0.253,11.71395,136.045455,,15,66.680975,2.702852,7614,3.700325,0.02146,0.20453,0,24.820069,149.997972,291.241996,51130.58884117503,1,0.018200108,54944.728899410926,1278.2647210293756,,,16,2026-09-04T12:36:27+00:00,0.2.0,cup
syclnn,256,auto,True,Clang 22.1.0 /opt/sycl/bin/clang++,AMD Ryzen Threadripper 2950X 16-Core Processor ,cpu,2026.21.6.0.17_160000,float,38.891542,17.06923088888889,0.09249722222222222,20.524008444444444,962.5435915555556,626.193983111111,32.89702277777778,5.220468444444445,0.0033799999999999998,0.0,221.65145866666666,878.9185484444445,992.2353968888888,3,140.7682354710465,142.60470912673497,110c2a5a1f7beb2ae372b3d9063938442373a9ae,v0.2.0-5-g0c57d4f,,,,a0f580195416,8d4267e9d97b,57.89303578299346,0.00857466783296923,784-512-256-10,True,1.0261224026617128,train,60000,"{""bias_gemv"": false, ""profile"": true}",350.023878,2115,153.623078,6429960,571680000,0.832475,184.716076,8662.892324,,9,5635.745848,296.073205,42342,46.984216,0.03042,0.0,0,1994.863128,7910.266936,8930.118572,58472.55633866179,1,0.9638072849999999,62253.10903309888,229.01751232642533,,,16,2026-09-04T12:36:38+00:00,0.2.0,mnist-512-256
syclnn,40,auto,True,Clang 22.1.0 /opt/sycl/bin/clang++,AMD Ryzen Threadripper 2950X 16-Core Processor ,cpu,2026.21.6.0.17_160000,float,0.06962439999999999,0.03144006666666667,0.0016933333333333334,0.0333274,0.5813202666666667,0.14596206666666667,0.07543893333333333,0.02847226666666667,0.09930093333333333,0.010531333333333334,0.08552953333333332,0.32552013333333335,2.122779866666667,5,0.017162785469667617,0.021210329906934482,110c2a5a1f7beb2ae372b3d9063938442373a9ae,v0.2.0-5-g0c57d4f,,,,a0f580195416,b8e5c79c4ba5,1.2191103789126854,3.8187199970707384e-05,17-4-1,True,0.002138580597238615,train,124,"{""direct_input"": false, ""profile"": true}",1.044366,60,0.471601,1164,26784,0.0254,0.499911,8.719804,,15,2.189431,1.131584,933,0.427084,1.489514,0.15797,0,1.282943,4.882802,31.841698,57982.38334347169,1,0.001954913,63429.93268754159,1870.3994626926349,,,16,2026-09-04T12:36:38+00:00,0.2.0,monk
syclnn,40,auto,True,Clang 22.1.0 /opt/sycl/bin/clang++,AMD Ryzen Threadripper 2950X 16-Core Processor ,cpu,2026.21.6.0.17_160000,float,1.3750456,0.2812846,0.016648666666666666,0.8650221333333333,8.749406200000001,3.621258533333333,0.18215879999999998,0.27807506666666665,0.5479470000000001,0.013898133333333333,1.5680676666666666,9.988482733333333,19.926353133333336,5,1.446177941930611,1.5769415522980244,110c2a5a1f7beb2ae372b3d9063938442373a9ae,v0.2.0-5-g0c57d4f,,,,a0f580195416,d2734c987e78,6.563354603463993,0.0007962473027873784,12-64-64-3,True,0.019914561801124366,train,1000,"{""direct_input"": false, ""profile"": true}",20.625684,375,4.219269,62484,180000,0.24973,12.975332,131.241093,,15,54.318878,2.732382,7989,4.171126,8.219205,0.208472,0,23.521015,149.827241,298.895297,50214.511872590665,1,0.019880329500000002,50300.97715432734,1255.3627968147666,,,16,2026-09-04T12:36:39+00:00,0.2.0,cup
syclnn,256,auto,True,Clang 22.1.0 /opt/sycl/bin/clang++,AMD Ryzen Threadripper 2950X 16-Core Processor ,cpu,2026.21.6.0.17_160000,float,36.80517488888889,12.766620777777778,0.09589166666666667,19.52093488888889,986.5785882222222,629.7641895555556,31.787257444444442,5.216635666666666,21.05201,0.0,229.5698733333333,932.0408003333333,1048.0628494444445,3,132.92240609768248,134.65652243601883,110c2a5a1f7beb2ae372b3d9063938442373a9ae,v0.2.0-5-g0c57d4f,,,,a0f580195416,ccfa1ced1aad,57.89303578299346,0.007682022337879513,784-512-256-10,True,1.0866899286629632,train,60000,"{""direct_input"": false, ""profile"": true}",331.246574,2115,114.899587,6429960,571680000,0.863025,175.688414,8879.207294,,9,5667.877706,286.085317,44457,46.949721,189.46809,0.0,0,2066.12886,8388.367203,9432.565645,55213.541984163356,1,1.031019224,58194.84118561886,216.25303943797314,,,16,2026-09-04T12:36:51+00:00,0.2.0,mnist-512-256
syclnn,40,auto,True,Clang 22.1.0 /opt/sycl/bin/clang++,AMD Ryzen Threadripper 2950X 16-Core Processor ,cpu,2026.21.6.0.17_160000,float,0.0661456,0.032918666666666666,0.0015593333333333334,0.043928133333333334,0.5039159333333333,0.16284353333333332,0.059399466666666664,0.025141466666666668,0.000968,0.011049333333333333,0.09996239999999999,0.1971108,2.0246866666666667,5,0.017763320006532572,0.021952490069101934,110c2a5a1f7beb2ae372b3d9063938442373a9ae,v0.2.0-5-g0c57d4f,,,,a0f580195416,a571b5bc8162,1.2191103789126854,4.504009848460555e-05,17-4-1,True,0.002066280401777476,train,124,"{""fine_deps"": false, ""profile"": true}",0.992184,60,0.49378,1164,26784,0.02339,0.658922,7.558739,,15,2.442653,0.890992,873,0.377122,0.01452,0.16574,0,1.499436,2.956662,30.3703,60011.21623828571,1,0.0019048325000000001,65097.587320669925,1935.8456851059907,,,16,2026-09-04T12:36:51+00:00,0.2.0,monk
syclnn,40,auto,True,Clang 22.1.0 /opt/sycl/bin/clang++,AMD Ryzen Threadripper 2950X 16-Core Processor ,cpu,2026.21.6.0.17_160000,float,1.2150521333333333,0.28248660000000003,0.016496133333333333,0.7954532666666666,8.253689733333333,3.8652924,0.1711648,0.24852073333333333,0.0013154,0.014404666666666668,1.6435035999999998,10.1167092,20.345475533333335,5,1.399558878526581,1.526107186706132,110c2a5a1f7beb2ae372b3d9063938442373a9ae,v0.2.0-5-g0c57d4f,,,,a0f580195416,4aade03d599e,6.563354603463993,0.00044935189944226434,12-64-64-3,True,0.020577912399312483,train,1000,"{""fine_deps"": false, ""profile"": true}",18.225782,375,4.237299,62484,180000,0.247442,11.931799,123.805346,,15,57.979386,2.567472,7614,3.727811,0.019731,0.21607,0,24.652554,151.750638,305.182133,48595.79439328406,1,0.020246306,49391.72607585799,1214.8948598321015,,,16,2026-09-04T12:36:52+00:00,0.2.0,cup
syclnn,256,auto,True,Clang 22.1.0 /opt/sycl/bin/clang++,AMD Ryzen Threadripper 2950X 16-Core Processor ,cpu,2026.21.6.0.17_160000,float,34.45243266666667,12.129618555555556,0.10612266666666666,17.39713777777778,1060.3961766666666,622.1635613333333,34.270059333333336,5.300561555555555,0.0032711111111111114,0.0,334.57341166666663,913.4990962222223,1037.3403922222221,3,134.13397067966545,135.88389318641424,110c2a5a1f7beb2ae372b3d9063938442373a9ae,v0.2.0-5-g0c57d4f,,,,a0f580195416,36eff985a03b,57.89303578299346,0.0016375181682328765,784-512-256-10,True,1.0768744059993576,train,60000,"{""fine_deps"": false, ""profile"": true}",310.071894,2115,109.166567,6429960,571680000,0.955104,156.57424,9543.56559,,9,5599.472052,308.430534,42342,47.705054,0.02944,0.0,0,3011.160705,8221.491866,9336.06353,55716.80380342867,1,1.007045888,59580.204551711555,218.22414823009564,,,16,2026-09-04T12:37:03+00:00,0.2.0,mnist-512-256
syclnn,40,auto,True,Clang 22.1.0 /opt/sycl/bin/clang++,AMD Ryzen Threadripper 2950X 16-Core Processor ,cpu,2026.21.6.0.17_160000,float,0.06212026666666667,0.0344048,0.0014926666666666667,0.036518999999999996,0.5056468,0.16544946666666668,0.059578933333333334,0.023413466666666667,0.0155454,0.012255333333333333,0.09486746666666666,0.14389900000000003,2.586389733333333,5,0.014072236165595737,0.017390928304038322,110c2a5a1f7beb2ae372b3d9063938442373a9ae,v0.2.0-5-g0c57d4f,,,,a0f580195416,6b9f9ad99388,1.2191103789126854,1.5158098540269185e-05,17-4-1,True,0.0026082563970703633,train,124,"{""fine_deps"": false, ""join_kernels"": true, ""profile"": true}",0.931804,60,0.516072,1164,26784,0.02239,0.547785,7.584702,,15,2.481742,0.893684,993,0.351202,0.233181,0.18383,0,1.423012,2.158485,38.795846,47541.338397282896,1,0.00248987,49801.79688096166,1533.591561202674,,,16,2026-09-04T12:37:04+00:00,0.2.0,monk
syclnn,40,auto,True,Clang 22.1.0 /opt/sycl/bin/clang++,AMD Ryzen Threadripper 2950X 16-Core Processor ,cpu,2026.21.6.0.17_160000,float,1.236585,0.28373933333333334,0.017399333333333333,0.7971476000000001,8.3002394,3.725977466666667,0.19013273333333333,0.2597544,0.09995573333333334,0.014654666666666667,1.6748931333333335,13.649552333333332,22.872166933333332,5,1.2560103256743633,1.3695789537677179,110c2a5a1f7beb2ae372b3d9063938442373a9ae,v0.2.0-5-g0c57d4f,,,,a0f580195416,964434f2b543,6.563354603463993,0.0002755741006694734,12-64-64-3,True,0.022929747798480095,train,1000,"{""fine_deps"": false, ""join_kernels"": true, ""profile"": true}",18.548775,375,4.25609,62484,180000,0.26099,11.957214,124.503591,,15,55.889662,2.851991,8364,3.896316,1.499336,0.21982,0,25.123397,204.743285,343.082504,43611.46964147095,1,0.0226125655,44223.19970726011,1090.2867410367737,,,16,2026-09-04T12:37:04+00:00,0.2.0,cup
syclnn,256,auto,True,Clang 22.1.0 /opt/sycl/bin/clang++,AMD Ryzen Threadripper 2950X 16-Core Processor ,cpu,2026.21.6.0.17_160000,float,34.31371055555556,12.831954111111111,0.11115055555555557,17.368087,1069.2052095555555,617.9409438888889,34.793532666666664,5.138002333333334,1.6291256666666667,0.0,345.0787027777778,920.7049893333333,1057.6992280000002,3,132.3835191286376,134.11060510448675,110c2a5a1f7beb2ae372b3d9063938442373a9ae,v0.2.0-5-g0c57d4f,,,,a0f580195416,4c4387e73d79,57.89303578299346,0.008248753171453016,784-512-256-10,True,1.0911134629956603,train,60000,"{""fine_deps"": false, ""join_kernels"": true, ""profile"": true}",308.823395,2115,115.487587,6429960,571680000,1.000355,156.312783,9622.846886,,9,5561.468495,313.141794,46572,46.242021,14.662131,0.0,0,3105.708325,8286.344904,9519.293052,54989.698170591306,1,1.0202644565,58808.28212503745,215.37631783481595,,,16,2026-09-04T12:37:16+00:00,0.2.0,mnist-512-256
syclnn,40,auto,True,Clang 22.1.0 /opt/sycl/bin/clang++,AMD Ryzen Threadripper 2950X 16-Core Processor ,cpu,2026.21.6.0.17_160000,float,0.105805,0.03139546666666667,0.0014446666666666666,0.05832546666666667,0.5857635333333333,0.1528714,0.07756300000000001,0.029263666666666667,0.0010873333333333334,0.009794,0.11821353333333334,0.5536979333333334,2.399670866666667,5,0.014344301211318147,0.017727155158712704,110c2a5a1f7beb2ae372b3d9063938442373a9ae,v0.2.0-5-g0c57d4f,,,,a0f580195416,03c8d296f7ea,1.2191103789126854,0.0003415804996620862,17-4-1,True,0.002558786200825125,train,124,"{""profile"": true, ""queue"": ""in_order""}",1.587075,60,0.470932,1164,26784,0.02167,0.874882,8.786453,,15,2.293071,1.163445,873,0.438955,0.01631,0.14691,0,1.773203,8.305469,35.995063,48460.47706526401,1,0.0023211539999999998,53421.703170061104,1563.2411956536776,,,16,2026-09-04T12:37:17+00:00,0.2.0,monk
syclnn,40,auto,True,Clang 22.1.0 /opt/sycl/bin/clang++,AMD Ryzen Threadripper 2950X 16-Core Processor ,cpu,2026.21.6.0.17_160000,float,1.2887947333333334,0.2820298666666667,0.016882733333333334,0.8400427333333333,8.245799533333333,3.4284796666666666,0.18782873333333333,0.2493212,0.0012106666666666665,0.0143354,1.9368738,16.393044933333336,22.612024533333333,5,1.2864391943367237,1.402759204960761,110c2a5a1f7beb2ae372b3d9063938442373a9ae,v0.2.0-5-g0c57d4f,,,,a0f580195416,b9fce56cd5ab,6.563354603463993,0.0005196581041673198,12-64-64-3,True,0.022387377597624436,train,1000,"{""profile"": true, ""queue"": ""in_order""}",19.331921,375,4.230448,62484,180000,0.253241,12.600641,123.686993,,15,51.427195,2.817431,7614,3.739818,0.01816,0.215031,0,29.053107,245.895674,339.180368,44668.027581136244,1,0.0220307685,45391.06295815328,1116.7006895284062,,,16,2026-09-04T12:37:17+00:00,0.2.0,cup
syclnn,256,auto,True,Clang 22.1.0 /opt/sycl/bin/clang++,AMD Ryzen Threadripper 2950X 16-Core Processor ,cpu,2026.21.6.0.17_160000,float,33.557512555555554,12.496173888888888,0.09948033333333334,18.67616822222222,916.9831195555556,623.3935745555556,34.48856688888889,5.155435777777778,0.0027577777777777774,0.0,189.11344955555558,964.8234651111111,1079.1179205555554,3,128.48073264349426,130.15690255479407,110c2a5a1f7beb2ae372b3d9063938442373a9ae,v0.2.0-5-g0c57d4f,,,,a0f580195416,142d02b80a76,57.89303578299346,0.00866328300132091,784-512-256-10,True,1.124257599003613,train,60000,"{""profile"": true, ""queue"": ""in_order""}",302.017613,2115,112.465565,6429960,571680000,0.895323,168.085514,8252.848076,,9,5610.542171,310.397102,42342,46.398922,0.02482,0.0,0,1702.021046,8683.411186,9712.061285,53368.551880970816,1,1.0426015805,57548.34936201212,209.02682820046903,,,16,2026-09-04T12:37:30+00:00,0.2.0,mnist-512-256
syclnn,40,auto,True,Clang 22.1.0 /opt/sycl/bin/clang++,AMD Ryzen Threadripper 2950X 16-Core Processor ,cpu,2026.21.6.0.17_160000,float,0.07727226666666667,0.027080666666666666,0.0014286666666666668,0.046754133333333336,0.4813776666666667,0.13791126666666667,0.05764433333333333,0.024494000000000002,0.001078,0.009420066666666668,0.09829426666666666,0.2967496666666667,1.5724116,5,0.02503881612741933,0.030943785405943246,110c2a5a1f7beb2ae372b3d9063938442373a9ae,v0.2.0-5-g0c57d4f,,,,a0f580195416,a5fe7b0d325d,1.2191103789126854,0.0002584570000180974,17-4-1,True,0.0014658840023912489,train,124,"{""profile"": true, ""specialized_kernels"": false}",1.159084,60,0.40621,1164,26784,0.02143,0.701312,7.220665,,15,2.068669,0.864665,873,0.36741,0.01617,0.141301,0,1.474414,4.451245,23.586174,84590.59502506531,1,0.0013708054999999999,90457.76370170678,2728.7288717763004,,,16,2026-09-04T12:37:30+00:00,0.2.0,monk
syclnn,40,auto,True,Clang 22.1.0 /opt/sycl/bin/clang++,AMD Ryzen Threadripper 2950X 16-Core Processor ,cpu,2026.21.6.0.17_160000,float,1.2896870666666667,0.2816148,0.01702666666666667,0.7944692666666667,7.991298066666667,3.5425565333333333,0.1849488,0.2619322,0.001312,0.014378666666666668,1.6033720666666667,10.161785666666667,19.312572,5,1.4898979179513263,1.6246146946227518,110c2a5a1f7beb2ae372b3d9063938442373a9ae,v0.2.0-5-g0c57d4f,,,,a0f580195416,d88920657a30,6.563354603463993,0.00024620199983474075,12-64-64-3,True,0.0193301833991427,train,1000,"{""profile"": true, ""specialized_kernels"": false}",19.345306,375,4.224222,62484,180000,0.2554,11.917039,119.869471,,15,53.138348,2.774232,7614,3.928983,0.01968,0.21568,0,24.050581,152.426785,289.68858,51732.56659553217,1,0.0191559065,52203.21993114761,1293.314164888304,,,16,2026-09-04T12:37:30+00:00,0.2.0,cup
syclnn,256,auto,True,Clang 22.1.0 /opt/sycl/bin/clang++,AMD Ryzen Threadripper 2950X 16-Core Processor ,cpu,2026.21.6.0.17_160000,float,34.256979,12.06155,0.10372722222222222,21.285408888888888,972.020692,638.9257233333333,37.25088488888889,5.604889333333333,0.003761111111111111,0.0,222.52776822222222,900.239883,1020.2850994444444,3,135.53722413745288,137.30545360101516,110c2a5a1f7beb2ae372b3d9063938442373a9ae,v0.2.0-5-g0c57d4f,,,,a0f580195416,23d8217ffa97,57.89303578299346,0.014825589169049636,784-512-256-10,True,1.0657252346669945,train,60000,"{""profile"": true, ""specialized_kernels"": false}",308.312811,2115,108.55395,6429960,571680000,0.933545,191.56868,8748.186228,,9,5750.33151,335.257964,42342,50.444004,0.03385,0.0,0,2002.749914,8102.158947,9182.565895,56299.68968384999,1,0.9802438904999999,61209.25677934639,220.50711792841244,,,16,2026-09-04T12:37:42+00:00,0.2.0,mnist-512-256
syclnn,40,auto,True,Clang 22.1.0 /opt/sycl/bin/clang++,AMD Ryzen Threadripper 2950X 16-Core Processor ,cpu,2026.21.6.0.17_160000,float,0.1031742,0.02726946666666667,0.0016366666666666667,0.050075466666666665,0.5348068,0.13608986666666667,0.0546322,0.024992866666666665,0.0010026666666666667,0.0090374,0.126896,0.44538633333333333,1.5744417333333334,5,0.024549528475881356,0.030339107772067848,110c2a5a1f7beb2ae372b3d9063938442373a9ae,v0.2.0-5-g0c57d4f,,,,a0f580195416,131c793f502e,1.2191103789126854,0.00017464869888499383,17-4-1,True,0.0014950999990105628,train,124,"{""derivative_from_output"": false, ""profile"": true}",1.547613,60,0.409042,1164,26784,0.02455,0.751132,8.022102,,15,2.041348,0.819483,873,0.374893,0.01504,0.135561,0,1.90344,6.680795,23.616626,82937.59620230188,1,0.0014147305,87649.20244527138,2675.406329106512,,,16,2026-09-04T12:37:43+00:00,0.2.0,monk
syclnn,40,auto,True,Clang 22.1.0 /opt/sycl/bin/clang++,AMD Ryzen Threadripper 2950X 16-Core Processor ,cpu,2026.21.6.0.17_160000,float,1.3571382,0.2861825333333333,0.016936,0.9545756666666667,8.844449866666668,3.572836866666667,0.18548753333333332,0.2599512,0.0014666666666666667,0.014322666666666668,2.1955525333333332,9.678472133333335,19.463039266666666,5,1.49253397214063,1.6274891011979709,110c2a5a1f7beb2ae372b3d9063938442373a9ae,v0.2.0-5-g0c57d4f,,,,a0f580195416,32d4e7ad05fe,6.563354603463993,0.0011718855996150496,12-64-64-3,True,0.019296043197391553,train,1000,"{""derivative_from_output"": false, ""profile"": true}",20.357073,375,4.292738,62484,180000,0.25404,14.318635,132.666748,,15,53.592553,2.782313,7614,3.899268,0.022,0.21484,0,32.933288,145.177082,291.945589,51824.09625488299,1,0.018877891,52972.01896122824,1295.6024063720747,,,16,2026-09-04T12:37:43+00:00,0.2.0,cup
syclnn,256,auto,True,Clang 22.1.0 /opt/sycl/bin/clang++,AMD Ryzen Threadripper 2950X 16-Core Processor ,cpu,2026.21.6.0.17_160000,float,34.823871555555556,13.175527333333333,0.09429266666666666,20.539032666666667,988.6469726666668,647.866142,35.27064111111111,5.8817113333333335,0.0037233333333333333,0.0,230.99203066666666,921.0935112222222,1039.8855756666667,3,134.66462456229831,136.42147002203063,110c2a5a1f7beb2ae372b3d9063938442373a9ae,v0.2.0-5-g0c57d4f,,,,a0f580195416,8a37ae0a218f,57.89303578299346,0.01885204866509138,784-512-256-10,True,1.0726309189922176,train,60000,"{""derivative_from_output"": false, ""profile"": true}",313.414844,2115,118.579746,6429960,571680000,0.848634,184.851294,8897.822754,,9,5830.795278,317.43577,42342,52.935402,0.03351,0.0,0,2078.928276,8289.841601,9358.970181,55937.22774313885,1,1.002394784,59856.65623734929,219.08747532729384,,,16,2026-09-04T12:37:55+00:00,0.2.0,mnist-512-256
syclnn,40,auto,True,Clang 22.1.0 /opt/sycl/bin/clang++,AMD Ryzen Threadripper 2950X 16-Core Processor ,cpu,2026.21.6.0.17_160000,float,0.06695279999999999,0.0281888,0.0014714,0.0491608,0.4980624666666667,0.1487578,0.0625456,0.021778866666666667,0.001086,0.00938,0.1087404,0.40278573333333334,1.6048490000000002,5,0.021543815399353825,0.026624549545408934,110c2a5a1f7beb2ae372b3d9063938442373a9ae,v0.2.0-5-g0c57d4f,,,,a0f580195416,00517e67d874,1.2191103789126854,0.00014849260041955854,17-4-1,True,0.0017036907956935465,train,124,"{""host_adam_correction"": false, ""profile"": true}",1.004292,60,0.422832,1164,26784,0.022071,0.737412,7.470937,,15,2.231367,0.938184,873,0.326683,0.01629,0.1407,0,1.631106,6.041786,24.072735,72783.1601329521,1,0.001492011,83109.30683486919,2347.84387525652,,,16,2026-09-04T12:37:55+00:00,0.2.0,monk
syclnn,40,auto,True,Clang 22.1.0 /opt/sycl/bin/clang++,AMD Ryzen Threadripper 2950X 16-Core Processor ,cpu,2026.21.6.0.17_160000,float,1.6237683333333335,0.28694980000000003,0.0174862,0.9946699333333334,9.3645628,3.5069876,0.16241940000000002,0.41469846666666665,0.0013486666666666669,0.014728666666666666,2.3415057333333333,10.289310133333334,20.233331,5,1.4573732591158757,1.5891491516180858,110c2a5a1f7beb2ae372b3d9063938442373a9ae,v0.2.0-5-g0c57d4f,,,,a0f580195416,f63f52aa0a02,6.563354603463993,0.0007873851980548345,12-64-64-3,True,0.019761581200873478,train,1000,"{""host_adam_correction"": false, ""profile"": true}",24.356525,375,4.304247,62484,180000,0.262293,14.920049,140.468442,,15,52.604814,2.436291,7614,6.220477,0.02023,0.22093,0,35.122586,154.339652,303.499965,50603.238163745686,1,0.019278652,51870.84657163789,1265.080954093642,,,16,2026-09-04T12:37:56+00:00,0.2.0,cup
syclnn,256,auto,True,Clang 22.1.0 /opt/sycl/bin/clang++,AMD Ryzen Threadripper 2950X 16-Core Processor ,cpu,2026.21.6.0.17_160000,float,34.91973355555555,13.439269555555555,0.08410611111111112,19.954015777777776,1139.715514,656.0271956666667,35.462162,5.5092595555555555,0.004118888888888889,0.0,374.3156528888889,1014.1783381111111,1138.8941966666666,3,123.44595558186991,125.05644138904636,110c2a5a1f7beb2ae372b3d9063938442373a9ae,v0.2.0-5-g0c57d4f,,,,a0f580195416,cbc284e46e41,57.89303578299346,0.011679820003337227,784-512-256-10,True,1.1701107526702497,train,60000,"{""host_adam_correction"": false, ""profile"": true}",314.277602,2115,120.953426,6429960,571680000,0.756955,179.586142,10257.439626,,9,5904.244761,319.159458,42342,49.583336,0.03707,0.0,0,3368.840876,9127.605043,10250.04777,51277.19736193953,1,1.0945828535,54815.40278851079,200.83568966759648,,,16,2026-09-04T12:38:09+00:00,0.2.0,mnist-512-256
syclnn,40,auto,True,Clang 22.1.0 /opt/sycl/bin/clang++,AMD Ryzen Threadripper 2950X 16-Core Processor ,cpu,2026.21.6.0.17_160000,float,0.022564733333333333,0.037190266666666666,0.0016374,0.008952,0.34306806666666667,0.17394393333333333,0.0470916,0.010903333333333333,0.000998,0.011171333333333333,0.028615466666666665,0.16340333333333332,2.3803962666666667,5,0.015031129068506722,0.018575959419885157,110c2a5a1f7beb2ae372b3d9063938442373a9ae,v0.2.0-5-g0c57d4f,,,,a0f580195416,4a4bc76da82a,1.2191103789126854,6.439219869207617e-05,17-4-1,True,0.002441865799482912,train,124,"{""profile"": true, ""workgroup_size"": 256}",0.338471,60,0.557854,1164,26784,0.024561,0.13428,5.146021,,15,2.609159,0.706374,873,0.16355,0.01497,0.16757,0,0.429232,2.45105,35.705944,50780.84144765784,1,0.002334644,53113.02279919337,1638.0916596018658,,,16,2026-09-04T12:38:11+00:00,0.2.0,monk
syclnn,40,auto,True,Clang 22.1.0 /opt/sycl/bin/clang++,AMD Ryzen Threadripper 2950X 16-Core Processor ,cpu,2026.21.6.0.17_160000,float,0.8971262000000001,0.2800263333333334,0.0185694,0.473694,6.7143852,3.4654304666666667,0.12527446666666667,0.06645046666666667,0.0013433333333333333,0.015027466666666666,1.3714430666666668,9.879831333333334,19.0324296,5,1.5349669304414177,1.6737588534817822,110c2a5a1f7beb2ae372b3d9063938442373a9ae,v0.2.0-5-g0c57d4f,,,,a0f580195416,a402c5697dcc,6.563354603463993,0.0005236481985775761,12-64-64-3,True,0.018762619199696927,train,1000,"{""profile"": true, ""workgroup_size"": 256}",13.456893,375,4.200395,62484,180000,0.278541,7.10541,100.715778,,15,51.981457,1.879117,7614,0.996757,0.02015,0.225412,0,20.571646,148.19747,285.486444,53297.462862549226,1,0.0188386605,53082.33034933668,1332.4365715637307,,,16,2026-09-04T12:38:11+00:00,0.2.0,cup
syclnn,256,auto,True,Clang 22.1.0 /opt/sycl/bin/clang++,AMD Ryzen Threadripper 2950X 16-Core Processor ,cpu,2026.21.6.0.17_160000,float,31.84864455555556,13.155243555555556,0.0893078888888889,19.984569333333333,975.7516474444445,651.2933231111111,35.76264755555556,1.264413888888889,0.0044822222222222225,0.0,222.34901533333334,913.7106095555555,1031.9650505555555,3,134.86462267983103,136.6240773309964,110c2a5a1f7beb2ae372b3d9063938442373a9ae,v0.2.0-5-g0c57d4f,,,,a0f580195416,f3b27654a8c9,57.89303578299346,0.004611725167099845,784-512-256-10,True,1.0710402559974075,train,60000,"{""profile"": true, ""workgroup_size"": 256}",286.637801,2115,118.397192,6429960,571680000,0.803771,179.861124,8781.764827,,9,5861.639908,321.863828,42342,11.379725,0.04034,0.0,0,2001.141138,8223.395486,9287.685455,56020.30331168545,1,1.0069505125,59585.84781990465,219.4128546374347,,,16,2026-09-04T12:38:23+00:00,0.2.0,mnist-512-256
syclnn,40,auto,True,Clang 22.1.0 /opt/sycl/bin/clang++,AMD Ryzen Threadripper 2950X 16-Core Processor ,cpu,2026.21.6.0.17_160000,float,0.07855433333333334,0.036328066666666665,0.0015366666666666666,0.04530713333333333,0.5170688,0.16393186666666668,0.0444988,0.027944133333333333,0.0018467333333333333,0.011252133333333332,0.10586893333333333,0.13141640000000002,2.3400019999999997,5,0.015147552039044632,0.018719838723056464,110c2a5a1f7beb2ae372b3d9063938442373a9ae,v0.2.0-5-g0c57d4f,,,,a0f580195416,20896ab1b91f,1.2191103789126854,0.0002163048979127776,17-4-1,True,0.002423097798600793,train,124,"{""persistent_workspace"": false, ""profile"": true}",1.178315,60,0.544921,1164,26784,0.02305,0.679607,7.756032,,15,2.458978,0.667482,882,0.419162,0.027701,0.168782,0,1.588034,1.971246,35.10003,51174.1622940697,1,0.0022663989999999997,54712.343237002846,1650.779428840958,,,16,2026-09-04T12:38:23+00:00,0.2.0,monk
syclnn,40,auto,True,Clang 22.1.0 /opt/sycl/bin/clang++,AMD Ryzen Threadripper 2950X 16-Core Processor ,cpu,2026.21.6.0.17_160000,float,1.2642928,0.28492446666666665,0.017244133333333335,0.8128832666666667,8.289030266666666,3.9226964,0.11200893333333334,0.2534698,0.0019913333333333332,0.015246133333333333,1.6042729999999998,10.562959933333333,20.04051026666667,5,1.421200572142945,1.5497057252650785,110c2a5a1f7beb2ae372b3d9063938442373a9ae,v0.2.0-5-g0c57d4f,,,,a0f580195416,a15a9e8e6e5b,6.563354603463993,0.0009000396996270837,12-64-64-3,True,0.02026455699815415,train,1000,"{""persistent_workspace"": false, ""profile"": true}",18.964392,375,4.273867,62484,180000,0.258662,12.193249,124.335454,,15,58.840446,1.680134,7623,3.802047,0.02987,0.228692,0,24.064095,158.444399,300.607654,49347.242088296705,1,0.0193281625,51737.97560942485,1233.6810522074177,,,16,2026-09-04T12:38:24+00:00,0.2.0,cup
syclnn,256,auto,True,Clang 22.1.0 /opt/sycl/bin/clang++,AMD Ryzen Threadripper 2950X 16-Core Processor ,cpu,2026.21.6.0.17_160000,float,34.095713777777775,12.772533444444443,0.09455566666666666,20.000156333333333,977.769134111111,643.8676814444444,35.06726177777777,5.550791222222222,0.004334444444444445,0.0,226.316106,915.2296024444445,1028.9659706666666,3,136.17386693203125,137.9504020883971,110c2a5a1f7beb2ae372b3d9063938442373a9ae,v0.2.0-5-g0c57d4f,,,,a0f580195416,7f4c327dc6ae,57.89303578299346,0.006677210166041725,784-512-256-10,True,1.0607427346694749,train,60000,"{""persistent_workspace"": false, ""profile"": true}",306.861424,2115,114.952801,6429960,571680000,0.851001,180.001407,8799.922207,,9,5794.809133,315.605356,42351,49.957121,0.03901,0.0,0,2036.844954,8237.066422,9260.693736,56564.13948354392,1,1.0026119155,59843.69332981461,221.54287964388035,,,16,2026-09-04T12:38:36+00:00,0.2.0,mnist-512-256
syclnn,40,auto,True,Clang 22.1.0 /opt/sycl/bin/clang++,AMD Ryzen Threadripper 2950X 16-Core Processor ,cpu,2026.21.6.0.17_160000,float,0.06916773333333334,0.028842133333333336,0.0016686666666666666,0.04178286666666667,0.5413813333333334,0.13577313333333332,0.1234498,0.04117286666666666,0.0011067333333333333,0.009801333333333334,0.08861606666666666,0.7057093333333333,1.8919436,5,0.020305049280687687,0.025093641983761805,110c2a5a1f7beb2ae372b3d9063938442373a9ae,v0.2.0-5-g0c57d4f,,,,a0f580195416,57c4d71a0085,1.2191103789126854,0.00035085930139757684,17-4-1,True,0.00180762920062989,train,124,"{""pinned_host"": false, ""profile"": true}",1.037516,60,0.432632,1164,26784,0.02503,0.626743,8.12072,,15,2.036597,1.851747,873,0.617593,0.016601,0.14702,0,1.329241,10.58564,28.379154,68598.13946178272,1,0.001606371,77192.62860198546,2212.843208444604,,,16,2026-09-04T12:38:36+00:00,0.2.0,monk
syclnn,40,auto,True,Clang 22.1.0 /opt/sycl/bin/clang++,AMD Ryzen Threadripper 2950X 16-Core Processor ,cpu,2026.21.6.0.17_160000,float,1.4098386666666667,0.28209513333333336,0.018052733333333335,1.3705171999999999,8.828324066666665,3.677525466666667,0.08870786666666668,0.27280086666666664,0.0013880000000000001,0.030590799999999998,1.6768073333333333,10.149075133333334,19.922646466666666,5,1.4426511603228822,1.5730958786074938,110c2a5a1f7beb2ae372b3d9063938442373a9ae,v0.2.0-5-g0c57d4f,,,,a0f580195416,335c237ba9be,6.563354603463993,0.000586309298523699,12-64-64-3,True,0.019963245996041223,train,1000,"{""pinned_host"": false, ""profile"": true}",21.14758,375,4.231427,62484,180000,0.270791,20.557758,132.424861,,15,55.162882,1.330618,7614,4.092013,0.02082,0.458862,0,25.15211,152.236127,298.839697,50092.05417787785,1,0.018946571000000002,52779.99908268361,1252.3013544469463,,,16,2026-09-04T12:38:37+00:00,0.2.0,cup
syclnn,256,auto,True,Clang 22.1.0 /opt/sycl/bin/clang++,AMD Ryzen Threadripper 2950X 16-Core Processor ,cpu,2026.21.6.0.17_160000,float,33.91833555555556,13.564161333333333,0.10959577777777778,19.97784133333333,950.6336588888888,646.194935888889,6.4302703333333335,5.395241,0.0033677777777777777,0.0,225.0399098888889,911.9255005555556,1002.9123317777778,3,138.73732722952863,140.5473054939082,110c2a5a1f7beb2ae372b3d9063938442373a9ae,v0.2.0-5-g0c57d4f,,,,a0f580195416,a223fd699772,57.89303578299346,0.012538181831283968,784-512-256-10,True,1.0411433093346811,train,60000,"{""pinned_host"": false, ""profile"": true}",305.26502,2115,122.077452,6429960,571680000,0.986362,179.800572,8555.70293,,9,5815.754423,57.872433,42342,48.557169,0.03031,0.0,0,2025.359189,8207.329505,9026.210986,57628.954114243534,1,1.002244254,59865.64628386485,225.7134036141205,,,16,2026-09-04T12:38:48+00:00,0.2.0,mnist-512-256
syclnn,40,auto,True,Clang 22.1.0 /opt/sycl/bin/clang++,AMD Ryzen Threadripper 2950X 16-Core Processor ,cpu,2026.21.6.0.17_160000,float,0.0694616,0.04121673333333333,0.002564,0.0413034,0.6115830666666666,0.1472012666666667,0.041046733333333335,0.043279333333333336,0.12228026666666666,0.009526666666666666,0.09370306666666667,0.14392739999999998,2.411474933333333,5,0.01568547413963019,0.019384620394878635,110c2a5a1f7beb2ae372b3d9063938442373a9ae,v0.2.0-5-g0c57d4f,,,,a0f580195416,2e82d89c2e75,1.2191103789126854,0.000160216700169258,17-4-1,True,0.002339999395189807,train,124,"{""bias_gemv"": false, ""derivative_from_output"": false, ""direct_input"": false, ""fine_deps"": false, ""host_adam_correction"": false, ""join_kernels"": true, ""loss_reduction"": false, ""memory"": ""shared"", ""persistent_workspace"": false, ""pinned_host"": false, ""profile"": true, ""specialized_kernels"": false}",1.041924,60,0.618251,1224,26784,0.03846,0.619551,9.173746,,15,2.208019,0.615701,1092,0.64919,1.834204,0.1429,0,1.405546,2.158911,36.172124,52991.46668793983,1,0.0021497979999999996,57679.83782662372,1709.4021512238655,,,16,2026-09-04T12:38:48+00:00,0.2.0,monk
syclnn,40,auto,True,Clang 22.1.0 /opt/sycl/bin/clang++,AMD Ryzen Threadripper 2950X 16-Core Processor ,cpu,2026.21.6.0.17_160000,float,1.2774489333333332,0.5360088,0.0209974,0.8788160666666667,9.355694066666667,3.5588865333333337,0.11030173333333333,0.2540226,0.6781596000000001,0.014806733333333332,2.0262456666666666,14.0018536,21.889751733333334,5,1.3001118168927686,1.4176681079472986,110c2a5a1f7beb2ae372b3d9063938442373a9ae,v0.2.0-5-g0c57d4f,,,,a0f580195416,894b7ada5f73,6.563354603463993,0.0003469752991804853,12-64-64-3,True,0.022151940799085425,train,1000,"{""bias_gemv"": false, ""derivative_from_output"": false, ""direct_input"": false, ""fine_deps"": false, ""host_adam_correction"": false, ""join_kernels"": true, ""loss_reduction"": false, ""memory"": ""shared"", ""persistent_workspace"": false, ""pinned_host"": false, ""profile"": true, ""specialized_kernels"": false}",19.161734,375,8.040132,62544,180000,0.314961,13.182241,140.335411,,15,53.383298,1.654526,8778,3.810339,10.172394,0.222101,0,30.393685,210.027804,328.346276,45142.7714198878,1,0.021825062,45818.88472985781,1128.5692854971949,,,16,2026-09-04T12:38:49+00:00,0.2.0,cup
syclnn,256,auto,True,Clang 22.1.0 /opt/sycl/bin/clang++,AMD Ryzen Threadripper 2950X 16-Core Processor ,cpu,2026.21.6.0.17_160000,float,36.05985644444444,23.929499333333336,0.105346,18.791623555555557,1365.9294214444444,630.1104193333333,6.205552555555555,14.399546555555556,23.341228555555556,0.0,612.9863491111112,1091.402074777778,1184.9684288888889,3,118.23479357609693,119.77729414706508,110c2a5a1f7beb2ae372b3d9063938442373a9ae,v0.2.0-5-g0c57d4f,,,,a0f580195416,767249215500,57.89303578299346,0.027056666668310303,784-512-256-10,True,1.2216830226631525,train,60000,"{""bias_gemv"": false, ""derivative_from_output"": false, ""direct_input"": false, ""fine_deps"": false, ""host_adam_correction"": false, ""join_kernels"": true, ""loss_reduction"": false, ""memory"": ""shared"", ""persistent_workspace"": false, ""pinned_host"": false, ""profile"": true, ""specialized_kernels"": false}",324.538708,2115,215.365494,6429996,571680000,0.948114,169.124612,12293.364793,,9,5670.993774,55.849973,48714,129.595919,210.071057,0.0,0,5516.877142,9822.618673,10664.71586,49112.575755702754,1,1.1770818040000002,50973.517555114624,192.35758837650243,,,16,2026-09-04T12:39:02+00:00,0.2.0,mnist-512-256
syclnn,64,auto,True,AdaptiveCpp 25.10.0 $HOME/.local/opt/fnn-rocm/acpp/bin/acpp / host Clang 18.1.3 $HOME/.local/opt/fnn-rocm/acpp/bin/acpp,AdaptiveCpp OpenMP host device,cpu,1.2,float,364.50013944444447,87.5074271111111,0.06805233333333333,213.587613,3596.5356741111113,1885.0493115555555,50.61788522222222,86.0095448888889,0.013988888888888891,0.0,909.1817116666666,3539.7988483333334,3673.591484,3,38.86282540424023,40.58597526262142,9b27fc33b12be505d44e4879d2d2f20ce41b4dee,v0.2.0-2-gf0e5dc0,,,,ws-amd,b1542e2d43d5,24.563545832993224,0.1896961314972332,784-512-256-10,True,3.716802329669008,train,60000,"{""profile"": true}",3280.501255,8442,787.566844,6429960,571680000,0.612471,1922.288517,32368.821067,,9,16965.443804,455.560967,168882,774.085904,0.1259,0.0,0,8182.635405,31858.189635,33062.323356,16142.90852140721,1,3.7131639869999997,16158.726145697698,252.36746988466604,,,32,2026-09-03T22:25:46+00:00,0.2.0,mnist-512-256
syclnn,256,auto,True,AdaptiveCpp 25.10.0 $HOME/.local/opt/fnn-rocm/acpp/bin/acpp / host Clang 18.1.3 $HOME/.local/opt/fnn-rocm/acpp/bin/acpp,AdaptiveCpp OpenMP host device,cpu,1.2,float,147.27139566666668,22.521385555555554,0.06642588888888888,67.98032644444444,1557.5551007777779,1028.5051658888888,56.258549333333335,21.146272222222223,0.014085555555555554,0.0,213.79149422222224,1546.679457,1601.100103,3,88.25231094683544,89.40365765204314,9b27fc33b12be505d44e4879d2d2f20ce41b4dee,v0.2.0-2-gf0e5dc0,,,,ws-amd,678e745820fc,57.89303578299346,0.03805115166566497,784-512-256-10,True,1.63673266399807,train,60000,"{""profile"": true}",1325.442561,2115,202.69247,6429960,571680000,0.597833,611.822938,14017.995907,,9,9256.546493,506.326944,42342,190.31645,0.12677,0.0,0,1924.123448,13920.115113,14409.900927,36658.39957848532,1,1.564195512,38358.37626415591,143.57873168240084,,,32,2026-09-03T22:26:05+00:00,0.2.0,mnist-512-256
syclnn,1024,auto,True,AdaptiveCpp 25.10.0 $HOME/.local/opt/fnn-rocm/acpp/bin/acpp / host Clang 18.1.3 $HOME/.local/opt/fnn-rocm/acpp/bin/acpp,AdaptiveCpp OpenMP host device,cpu,1.2,float,91.05326711111111,15.090297333333334,0.06753355555555556,36.07247533333334,1041.0275326666667,776.7790384444445,53.97194977777778,4.216667444444444,0.008880111111111111,0.0,63.76742355555555,1017.6315898888889,1053.01866,3,130.99827197621013,131.6809891807766,9b27fc33b12be505d44e4879d2d2f20ce41b4dee,v0.2.0-2-gf0e5dc0,,,,ws-amd,ed9a21415be5,87.61278113399811,0.01782251383459288,784-512-256-10,True,1.1026514916641947,train,60000,"{""profile"": true}",819.479404,531,135.812676,6429960,571680000,0.607802,324.652278,9369.247794,,9,6991.011346,485.747548,10662,37.950007,0.079921,0.0,0,573.906812,9158.684309,9477.16794,54414.29178084548,1,1.0372334025,57846.18954170249,53.50738691783139,,,32,2026-09-03T22:26:19+00:00,0.2.0,mnist-512-256
syclnn,64,auto,True,AdaptiveCpp 25.10.0 $HOME/.local/opt/fnn-rocm/acpp/bin/acpp / host Clang 18.1.3 $HOME/.local/opt/fnn-rocm/acpp/bin/acpp,AdaptiveCpp OpenMP host device,cpu,1.2,float,556.8202016666667,111.05011,0.27906766666666666,315.0509832222222,9605.911733222221,6145.329653444444,51.296001000000004,113.68240877777777,0.01368,0.0,2312.389627444444,9561.227491444444,9706.671062000001,3,58.08387929823891,60.30718565368649,9b27fc33b12be505d44e4879d2d2f20ce41b4dee,v0.2.0-2-gf0e5dc0,,,,ws-amd,84c15e8227a7,27.300586878582358,0.26862744033375385,784-1024-1024-10,True,9.879670692336125,train,60000,"{""profile"": true}",5011.381815,8442,999.45099,22364424,571680000,2.511609,2835.458849,86453.205599,,9,55307.966881,461.664009,168882,1023.141679,0.12312,0.0,0,20811.506647,86051.047423,87360.039558,6073.076914045658,1,9.6500730975,6217.5694830274315,94.94243575624711,,,32,2026-09-03T22:27:59+00:00,0.2.0,mnist
syclnn,256,auto,True,AdaptiveCpp 25.10.0 $HOME/.local/opt/fnn-rocm/acpp/bin/acpp / host Clang 18.1.3 $HOME/.local/opt/fnn-rocm/acpp/bin/acpp,AdaptiveCpp OpenMP host device,cpu,1.2,float,301.61307366666665,57.771512333333334,0.2754766666666667,139.52112355555556,4546.697612888889,3247.780103222222,54.858721555555555,22.06688988888889,0.013173333333333334,0.0,722.7975386666667,4549.584672666667,4604.054344111111,3,121.96490272356226,123.29187282105266,9b27fc33b12be505d44e4879d2d2f20ce41b4dee,v0.2.0-2-gf0e5dc0,,,,ws-amd,91c1f259e876,75.80495846807432,0.20131078600146157,784-1024-1024-10,True,4.705038803668383,train,60000,"{""profile"": true}",2714.517663,2115,519.943611,22364424,571680000,2.47929,1255.690112,40920.278516,,9,29230.020929,493.728494,42342,198.602009,0.11856,0.0,0,6505.177848,40946.262054,41436.489097,12752.28590106839,1,4.6837160635,12810.34101694965,49.94645311251786,,,32,2026-09-03T22:28:48+00:00,0.2.0,mnist
syclnn,1024,auto,True,AdaptiveCpp 25.10.0 $HOME/.local/opt/fnn-rocm/acpp/bin/acpp / host Clang 18.1.3 $HOME/.local/opt/fnn-rocm/acpp/bin/acpp,AdaptiveCpp OpenMP host device,cpu,1.2,float,230.2803037777778,30.053859333333335,0.24677566666666667,100.16689388888888,3422.9741244444444,2834.077613444444,52.00579122222222,6.936006222222222,0.014105666666666667,0.0,169.19277522222222,3401.929746111111,3439.6728064444446,3,160.686616531111,161.33270473235922,9b27fc33b12be505d44e4879d2d2f20ce41b4dee,v0.2.0-2-gf0e5dc0,,,,ws-amd,0de38150b339,136.3814738763404,0.1793954101667623,784-1024-1024-10,True,3.57123457067064,train,60000,"{""profile"": true}",2072.522734,531,270.484734,22364424,571680000,2.220981,901.502045,30806.76712,,9,25506.698521,468.052121,10662,62.424056,0.126951,0.0,0,1522.734977,30617.367715,30957.055258,16800.91262913952,1,3.5870538575,16726.818827810144,16.52089741865386,,,32,2026-09-03T22:29:25+00:00,0.2.0,mnist
syclnn,1,auto,True,AdaptiveCpp 25.10.0 $HOME/.local/opt/fnn-rocm/acpp/bin/acpp / host Clang 18.1.3 $HOME/.local/opt/fnn-rocm/acpp/bin/acpp,AdaptiveCpp OpenMP host device,cpu,1.2,float,0.5143146666666667,0.0,0.07430822222222222,0.0,1.2373145555555556,0.6440272222222222,0.004664444444444445,0.0,0.0,0.0,0.0,0.23604577777777777,5.728368,3,0.0029581712653652882,0.0033690283855549114,9b27fc33b12be505d44e4879d2d2f20ce41b4dee,v0.2.0-2-gf0e5dc0,,,,ws-amd,8dd95af37409,0.3673469387755102,0.0013581188347113011,17-4-1,True,0.0060361616682106005,infer,124,"{""profile"": true}",4.628832,0,0.0,4464,75888,0.668774,0.0,11.135831,,0,5.796245,0.04198,5589,0.0,0.0,0.0,0,0.0,2.124412,51.555312,20542.856009481166,1,,,20542.856009481166,,,32,2026-09-03T22:29:26+00:00,0.2.0,monk
syclnn,124,auto,True,AdaptiveCpp 25.10.0 $HOME/.local/opt/fnn-rocm/acpp/bin/acpp / host Clang 18.1.3 $HOME/.local/opt/fnn-rocm/acpp/bin/acpp,AdaptiveCpp OpenMP host device,cpu,1.2,float,0.06586488888888889,0.0,0.001271111111111111,0.0,0.08784600000000001,0.016579999999999998,0.00413,0.0,0.0,0.0,0.0,0.09125366666666666,0.1577517777777778,3,0.10943367030102508,0.12463279117616745,9b27fc33b12be505d44e4879d2d2f20ce41b4dee,v0.2.0-2-gf0e5dc0,,,,ws-amd,74fc730bb246,1.354368932038835,3.28833339153789e-05,17-4-1,True,0.00016316733187219748,infer,124,"{""profile"": true}",0.592784,0,0.0,4464,75888,0.01144,0.0,0.790614,,0,0.14922,0.03717,54,0.0,0.0,0.0,0,0.0,0.821283,1.419766,759956.0437571186,1,,,6128.677772234827,,,32,2026-09-03T22:29:26+00:00,0.2.0,monk
syclnn,1,auto,True,AdaptiveCpp 25.10.0 $HOME/.local/opt/fnn-rocm/acpp/bin/acpp / host Clang 18.1.3 $HOME/.local/opt/fnn-rocm/acpp/bin/acpp,AdaptiveCpp OpenMP host device,cpu,1.2,float,71.45770477777778,0.0,0.6238881111111111,0.0,86.692846,14.596753,0.014500111111111111,0.0,0.0,0.0,0.0,82.55902822222222,127.59588022222222,3,0.0715375633624106,0.07524461272968742,9b27fc33b12be505d44e4879d2d2f20ce41b4dee,v0.2.0-2-gf0e5dc0,,,,ws-amd,447726792ad7,0.4745635442087479,0.016767969832775037,12-64-64-3,True,0.14135231233376544,infer,1000,"{""profile"": true}",643.119343,0,0.0,108000,432000,5.614993,0.0,780.235614,,0,131.370777,0.130501,63009,0.0,0.0,0.0,0,0.0,743.031254,1148.362922,7074.521693276366,1,,,7074.521693276366,,,32,2026-09-03T22:29:28+00:00,0.2.0,cup
syclnn,1000,auto,True,AdaptiveCpp 25.10.0 $HOME/.local/opt/fnn-rocm/acpp/bin/acpp / host Clang 18.1.3 $HOME/.local/opt/fnn-rocm/acpp/bin/acpp,AdaptiveCpp OpenMP host device,cpu,1.2,float,0.3862588888888889,0.0,0.0025066666666666666,0.0,0.8152324444444444,0.4019377777777778,0.024529111111111113,0.0,0.0,0.0,0.0,0.8456746666666667,0.9011647777777778,3,11.117528534709448,11.693634641531812,9b27fc33b12be505d44e4879d2d2f20ce41b4dee,v0.2.0-2-gf0e5dc0,,,,ws-amd,cf4ef3181016,9.157562233749674,7.396883302135382e-05,12-64-64-3,True,0.0009095546702155843,infer,1000,"{""profile"": true}",3.47633,0,0.0,108000,432000,0.02256,0.0,7.337092,,0,3.61744,0.220762,72,0.0,0.0,0.0,0,0.0,7.611072,8.110483,1099439.1351571842,1,,,1099.4391351571842,,,32,2026-09-03T22:29:29+00:00,0.2.0,cup
syclnn,1,auto,True,AdaptiveCpp 25.10.0 $HOME/.local/opt/fnn-rocm/acpp/bin/acpp / host Clang 18.1.3 $HOME/.local/opt/fnn-rocm/acpp/bin/acpp,AdaptiveCpp OpenMP host device,cpu,1.2,float,181.30461111111111,0.0,1.209371,0.0,208.32671711111112,25.776640555555556,0.03609444444444445,0.0,0.0,0.0,0.0,199.38818922222222,294.2028642222222,3,0.06725200907281942,0.0707369826442353,110c2a5a1f7beb2ae372b3d9063938442373a9ae,v0.2.0-5-g0c57d4f,,,,ws-amd,29d8f8a91e64,0.4745635442087479,0.006967219834526361,12-64-64-3,True,0.3079369120047583,infer,2048,"{""profile"": true}",1631.7415,0,0.0,221184,884736,10.884339,0.0,1874.940454,,0,231.989765,0.32485,129033,0.0,0.0,0.0,0,0.0,1794.493703,2647.825778,6650.712922549388,1,,,6650.712922549388,,,32,2026-09-04T14:20:04+00:00,0.2.0,cup
syclnn,1,auto,True,AdaptiveCpp 25.10.0 $HOME/.local/opt/fnn-rocm/acpp/bin/acpp / host Clang 18.1.3 $HOME/.local/opt/fnn-rocm/acpp/bin/acpp,AdaptiveCpp OpenMP host device,cpu,1.2,float,299.48442133333333,0.0,1.3340474444444446,0.0,696.9191737777778,389.2895574444444,6.811147555555555,0.0,0.0,0.0,0.0,702.3777697777778,793.7411706666667,3,2.8450599134736865,2.8533338990175063,110c2a5a1f7beb2ae372b3d9063938442373a9ae,v0.2.0-5-g0c57d4f,,,,ws-amd,4068160f7f7b,0.49783203379422,0.06030547400102182,784-512-256-10,True,0.7702909276607292,infer,2048,"{""profile"": true}",2695.359792,0,0.0,737280,57802752,12.006427,0.0,6272.272564,,0,3503.606017,61.300328,129033,0.0,0.0,0.0,0,0.0,6321.399928,7143.670536,2658.7357145948777,1,,,2658.7357145948777,,,32,2026-09-04T14:20:13+00:00,0.2.0,mnist-512-256
syclnn,4096,auto,True,AdaptiveCpp 25.10.0 $HOME/.local/opt/fnn-rocm/acpp/bin/acpp / host Clang 18.1.3 $HOME/.local/opt/fnn-rocm/acpp/bin/acpp,AdaptiveCpp OpenMP host device,cpu,1.2,float,89.16900366666667,0.0,0.5583266666666666,0.0,452.3470131111111,209.90868844444446,152.71099433333333,0.0,0.0,0.0,0.0,367.8933841111111,453.56787844444443,3,107.30231881362667,107.61437474976977,110c2a5a1f7beb2ae372b3d9063938442373a9ae,v0.2.0-5-g0c57d4f,,,,ws-amd,8ebaf5fee23e,108.72034544069088,0.016462008172917764,784-512-256-10,True,0.5983542640072604,infer,60000,"{""profile"": true}",802.521033,0,0.0,21600000,1693440000,5.02494,0.0,4071.123118,,0,1889.178196,1374.398949,954,0.0,0.0,0.0,0,0.0,3311.040457,4082.110906,100275.0437477821,1,,,25.068760936945523,,,32,2026-09-04T14:20:21+00:00,0.2.0,mnist-512-256
syclnn,1,auto,True,AdaptiveCpp 25.10.0 $HOME/.local/opt/fnn-rocm/acpp/bin/acpp / host Clang 18.1.3 $HOME/.local/opt/fnn-rocm/acpp/bin/acpp,AdaptiveCpp OpenMP host device,cpu,1.2,float,366.33113244444445,0.0,1.7173432222222222,0.0,1142.7520311111111,766.4524487777777,8.251106666666667,0.0,0.0,0.0,0.0,1171.4204693333334,1260.5870065555555,3,5.9782859892675875,5.991503760090084,110c2a5a1f7beb2ae372b3d9063938442373a9ae,v0.2.0-5-g0c57d4f,,,,ws-amd,680e10247917,0.49869007705240015,0.029877311166880416,784-1024-1024-10,True,1.275490113000463,infer,2048,"{""profile"": true}",3296.980192,0,0.0,737280,57802752,15.456089,0.0,10284.76828,,0,6898.072039,74.25996,129033,0.0,0.0,0.0,0,0.0,10542.784224,11345.283059,1605.6572913625216,1,,,1605.6572913625216,,,32,2026-09-04T14:20:35+00:00,0.2.0,mnist
syclnn,4096,auto,True,AdaptiveCpp 25.10.0 $HOME/.local/opt/fnn-rocm/acpp/bin/acpp / host Clang 18.1.3 $HOME/.local/opt/fnn-rocm/acpp/bin/acpp,AdaptiveCpp OpenMP host device,cpu,1.2,float,176.3101198888889,0.0,0.5580233333333333,0.0,1311.0739205555556,980.3528118888888,153.85296544444444,0.0,0.0,0.0,0.0,1225.3685772222223,1312.436215888889,3,150.19533290357657,150.52740927002876,110c2a5a1f7beb2ae372b3d9063938442373a9ae,v0.2.0-5-g0c57d4f,,,,ws-amd,686dfc7691f1,174.16334549536907,0.05220417583283665,784-1024-1024-10,True,1.4873687196619965,infer,60000,"{""profile"": true}",1586.791079,0,0.0,21600000,1693440000,5.02221,0.0,11799.665285,,0,8823.175307,1384.676689,954,0.0,0.0,0.0,0,0.0,11028.317195,11811.925943,40339.694661344605,1,,,10.084923665336152,,,32,2026-09-04T14:20:52+00:00,0.2.0,mnist
syclnn,40,generic,True,Clang 22.1.0 /opt/sycl/bin/clang++,AMD Ryzen Threadripper 2950X 16-Core Processor ,cpu,2026.21.6.0.17_160000,float,0.06613212,0.014186879999999999,0.0015484000000000001,0.036607680000000004,0.6503512,0.33305419999999997,0.08838472,0.028023720000000002,0.0010036,0.0062224,0.07518748,0.10156112,1.99942096,5,0.01838459404027159,0.02272028077775499,0a347a31f5aa9c1dc6a43123a746e221b135dca5,v0.2.0-5-g0c57d4f,,,,2d67ebcb2071,e092727b7d20,1.2191103789126854,0.00021351459436118585,17-4-1,True,0.001996454200707376,train,124,"{""blas"": ""generic"", ""profile"": true}",1.653303,100,0.354672,1940,44640,0.03871,0.915192,16.25878,,25,8.326355,2.209618,1455,0.700593,0.02509,0.15556,0,1.879687,2.539028,49.985524,62110.115000917525,1,0.0018813810000000001,65909.03171659542,2003.552096803791,,,16,2026-09-04T09:11:40+00:00,0.2.0,monk
syclnn,40,generic,True,Clang 22.1.0 /opt/sycl/bin/clang++,AMD Ryzen Threadripper 2950X 16-Core Processor ,cpu,2026.21.6.0.17_160000,double,0.06865156,0.01550976,0.0051612,0.033895680000000004,0.64878944,0.33169812,0.08574419999999999,0.02661564,0.0009124000000000001,0.006172800000000001,0.07442808000000001,0.05166775999999999,1.8630206,5,0.019217136260915795,0.023749163600565074,0a347a31f5aa9c1dc6a43123a746e221b135dca5,v0.2.0-5-g0c57d4f,,,,2d67ebcb2071,161aafa62909,0.6095551894563427,0.00014391659642569703,17-4-1,True,0.0019099619996268303,train,124,"{""blas"": ""generic"", ""profile"": true}",1.716289,100,0.387744,3480,89280,0.12903,0.847392,16.219736,,25,8.292453,2.143605,1455,0.665391,0.02281,0.15432,0,1.860702,1.291694,46.575515,64922.757638229035,1,0.001902061,65192.44125188414,2094.2825044590013,,,16,2026-09-04T09:11:40+00:00,0.2.0,monk
syclnn,40,generic,True,Clang 22.1.0 /opt/sycl/bin/clang++,AMD Ryzen Threadripper 2950X 16-Core Processor ,cpu,2026.21.6.0.17_160000,float,1.27040692,0.15916264,0.02017284,0.6942274,8.570453,4.37105796,0.22624704,0.23999816,0.0014508,0.00870324,1.579026,1.41141176,15.73288812,5,1.84841056574937,2.0155441058281176,0a347a31f5aa9c1dc6a43123a746e221b135dca5,v0.2.0-5-g0c57d4f,,,,2d67ebcb2071,62644a67d041,6.563354603463993,0.0013227402057964365,12-64-64-3,True,0.015580954001052305,train,1000,"{""blas"": ""generic"", ""profile"": true}",31.760173,625,3.979066,104140,300000,0.504321,17.355685,214.261325,,25,109.276449,5.656176,12690,5.999954,0.03627,0.217581,0,39.47565,35.285294,393.322203,64180.92242185312,1,0.0155261675,64407.39480621988,1604.523060546328,,,16,2026-09-04T09:11:41+00:00,0.2.0,cup
syclnn,40,generic,True,Clang 22.1.0 /opt/sycl/bin/clang++,AMD Ryzen Threadripper 2950X 16-Core Processor ,cpu,2026.21.6.0.17_160000,double,1.15115872,0.1562064,0.03170252,0.71311128,8.24476144,4.17702804,0.20630508,0.22679684000000003,0.00155724,0.0085556,1.57233972,0.9658356,15.237745,5,1.8645469322425858,2.0331395248208124,0a347a31f5aa9c1dc6a43123a746e221b135dca5,v0.2.0-5-g0c57d4f,,,,2d67ebcb2071,cfdc9020a495,3.2816773017319965,0.0005570918030571182,12-64-64-3,True,0.01544611160061322,train,1000,"{""blas"": ""generic"", ""profile"": true}",28.778968,625,3.90516,207880,600000,0.792563,17.827782,206.119036,,25,104.425701,5.157627,12690,5.669921,0.038931,0.21389,0,39.308493,24.14589,380.943625,64741.21292508979,1,0.015250852499999999,65570.10501544095,1618.5303231272449,,,16,2026-09-04T09:11:41+00:00,0.2.0,cup
syclnn,64,generic,True,Clang 22.1.0 /opt/sycl/bin/clang++,AMD Ryzen Threadripper 2950X 16-Core Processor ,cpu,2026.21.6.0.17_160000,float,110.62322977777778,14.348886666666667,0.08355577777777777,59.81357644444444,33848.92490622222,29829.75990611111,29.586578,17.252561444444446,0.0035088888888888886,0.0,3787.453103111111,25179.550290777777,25778.22534411111,3,5.569814794400933,5.816776395219955,0a347a31f5aa9c1dc6a43123a746e221b135dca5,v0.2.0-5-g0c57d4f,,,,2d67ebcb2071,f822a824f421,24.563545832993224,0.1858969613337358,784-512-256-10,True,25.933616346669925,train,60000,"{""blas"": ""generic"", ""profile"": true}",995.609068,8442,129.13998,6429960,571680000,0.752002,538.322188,304640.324156,,9,268467.839155,266.279202,168882,155.273053,0.03158,0.0,0,34087.077928,226615.952617,232004.028097,2313.5994300966227,1,25.806133664,2325.028645561928,36.169271090510534,,,16,2026-09-04T09:16:06+00:00,0.2.0,mnist-512-256
syclnn,256,generic,True,Clang 22.1.0 /opt/sycl/bin/clang++,AMD Ryzen Threadripper 2950X 16-Core Processor ,cpu,2026.21.6.0.17_160000,float,49.90502711111111,5.6304591111111115,0.09790688888888889,36.30217011111111,28029.869176444445,26332.365724222225,33.08885766666666,5.394509111111111,0.003248888888888889,0.0,1567.0812733333335,21346.184448666667,21535.614948,3,6.690968343349575,6.778259251362231,0a347a31f5aa9c1dc6a43123a746e221b135dca5,v0.2.0-5-g0c57d4f,,,,2d67ebcb2071,db76564129e9,57.89303578299346,0.04439493333726929,784-512-256-10,True,21.588121866331978,train,60000,"{""blas"": ""generic"", ""profile"": true}",449.145244,2115,50.674132,6429960,571680000,0.881162,326.719531,252268.822588,,9,236991.291518,297.799719,42342,48.550582,0.02924,0.0,0,14103.73146,192115.660038,193820.534532,2779.3061560197016,1,21.556984067000002,2783.3207007769506,10.885615777743832,,,16,2026-09-04T09:19:46+00:00,0.2.0,mnist-512-256
syclnn,1024,generic,True,Clang 22.1.0 /opt/sycl/bin/clang++,AMD Ryzen Threadripper 2950X 16-Core Processor ,cpu,2026.21.6.0.17_160000,float,29.83559522222222,8.623211,0.09750266666666667,26.724829,21679.208309555557,20924.36318911111,33.512108222222224,1.592791222222222,0.003391111111111111,0.0,654.455692,16315.507286666667,16388.702935333335,3,8.79868379012778,8.844539454560906,0a347a31f5aa9c1dc6a43123a746e221b135dca5,v0.2.0-5-g0c57d4f,,,,2d67ebcb2071,962f00dfcf55,87.61278113399811,0.050906315829102766,784-512-256-10,True,16.41670998133486,train,60000,"{""blas"": ""generic"", ""profile"": true}",268.520357,531,77.608899,6429960,571680000,0.877524,240.523461,195112.874786,,9,188319.268702,301.608974,10662,14.335121,0.03052,0.0,0,5890.101228,146839.56558,147498.326418,3654.812691959448,1,16.346024826,3670.6172074670994,3.593899147093457,,,16,2026-09-04T09:22:34+00:00,0.2.0,mnist-512-256
syclnn,64,generic,True,Clang 22.1.0 /opt/sycl/bin/clang++,AMD Ryzen Threadripper 2950X 16-Core Processor ,cpu,2026.21.6.0.17_160000,double,127.28184755555556,15.578118333333334,0.14608033333333334,68.48756844444443,37498.50112566667,31964.175844333335,62.771064555555554,20.656454888888888,0.0034022222222222223,0.0,5239.400745,27537.649916444447,28242.854845666665,3,5.1040832469920465,5.330394644393957,0a347a31f5aa9c1dc6a43123a746e221b135dca5,v0.2.0-5-g0c57d4f,,,,2d67ebcb2071,cd3104e642b4,12.281772916496612,0.04835327199543826,784-512-256-10,True,28.299977294673834,train,60000,"{""blas"": ""generic"", ""profile"": true}",1145.536628,8442,140.203065,12859776,1143360000,1.314723,616.388116,337486.510131,,9,287677.582599,564.939581,168882,185.908094,0.03062,0.0,0,47154.606705,247838.849248,254185.693611,2120.1430437646404,1,28.1972344585,2127.868252055234,33.14490291752055,,,16,2026-09-04T09:27:22+00:00,0.2.0,mnist-512-256
syclnn,256,generic,True,Clang 22.1.0 /opt/sycl/bin/clang++,AMD Ryzen Threadripper 2950X 16-Core Processor ,cpu,2026.21.6.0.17_160000,double,59.634394444444446,4.163466555555555,0.11482944444444446,54.09433611111111,30414.20534233333,27992.70451622222,62.361016666666664,5.9710703333333335,0.00339,0.0,2235.1583225555555,22842.555283111113,23070.719934222223,3,6.244550386285176,6.326017289934691,0a347a31f5aa9c1dc6a43123a746e221b135dca5,v0.2.0-5-g0c57d4f,,,,2d67ebcb2071,e15e3ef601e8,28.94651789149673,0.07603071416573215,784-512-256-10,True,23.13143958566555,train,60000,"{""blas"": ""generic"", ""profile"": true}",536.70955,2115,37.471199,12859776,1143360000,1.033465,486.849025,273727.848081,,9,251934.340646,561.24915,42342,53.739633,0.03051,0.0,0,20116.424903,205582.997548,207636.479408,2593.872282691032,1,23.0258902395,2605.7624428814647,10.159333107206542,,,16,2026-09-04T09:31:19+00:00,0.2.0,mnist-512-256
syclnn,1024,generic,True,Clang 22.1.0 /opt/sycl/bin/clang++,AMD Ryzen Threadripper 2950X 16-Core Processor ,cpu,2026.21.6.0.17_160000,double,36.24787011111111,2.4587746666666668,0.12502488888888888,46.076602,23379.584801222223,22333.32898877778,62.894366222222224,1.9070473333333335,0.004095555555555555,0.0,896.5420316666666,17585.197985222225,17691.072603555556,3,8.129231749024342,8.17159846341867,0a347a31f5aa9c1dc6a43123a746e221b135dca5,v0.2.0-5-g0c57d4f,,,,2d67ebcb2071,32d3908dfd19,43.806390566999056,0.029764081996596303,784-512-256-10,True,17.768645852338523,train,60000,"{""blas"": ""generic"", ""profile"": true}",326.230831,531,22.128972,12859776,1143360000,1.125224,414.689418,210416.263211,,9,200999.960899,566.049296,10662,17.163426,0.03686,0.0,0,8068.878285,158266.781867,159219.653432,3376.7345299475046,1,17.6578749355,3397.917372229992,3.3204556211150464,,,16,2026-09-04T09:34:20+00:00,0.2.0,mnist-512-256
syclnn,64,generic,True,Clang 22.1.0 /opt/sycl/bin/clang++,AMD Ryzen Threadripper 2950X 16-Core Processor ,cpu,2026.21.6.0.17_160000,float,178.27962722222222,40.668364555555556,0.21169855555555556,105.01460711111112,107718.51437411111,98270.03508277779,29.939511,20.994921666666666,0.004754444444444445,0.0,9073.365806777778,75473.26784744445,76251.00834755556,3,7.529760909932698,7.817981419449555,0a347a31f5aa9c1dc6a43123a746e221b135dca5,v0.2.0-5-g0c57d4f,,,,2d67ebcb2071,9288daad1a8b,27.300586878582358,0.2687415493322334,784-1024-1024-10,True,76.21086603732935,train,60000,"{""blas"": ""generic"", ""profile"": true}",1604.516645,8442,366.015281,22364424,571680000,1.905287,945.131464,969466.629367,,9,884430.315745,269.455599,168882,188.954295,0.04279,0.0,0,81660.292261,679259.410627,686259.075128,787.2893082019433,1,76.2420523835,786.9672723157826,12.30795618489038,,,16,2026-09-04T09:47:14+00:00,0.2.0,mnist
syclnn,256,generic,True,Clang 22.1.0 /opt/sycl/bin/clang++,AMD Ryzen Threadripper 2950X 16-Core Processor ,cpu,2026.21.6.0.17_160000,float,117.21867477777778,9.833562888888888,0.18059888888888886,50.87928677777778,94974.30447666667,90327.80364222222,32.96116811111111,5.996080888888889,0.004673555555555556,0.0,4429.4267885555555,66077.36262477777,66296.80984011112,3,8.659552787903978,8.753768151099347,0a347a31f5aa9c1dc6a43123a746e221b135dca5,v0.2.0-5-g0c57d4f,,,,2d67ebcb2071,4093a2ad7083,75.80495846807432,0.2012790393346222,784-1024-1024-10,True,66.2678101346731,train,60000,"{""blas"": ""generic"", ""profile"": true}",1054.968073,2115,88.502066,22364424,571680000,1.62539,457.913581,854768.74029,,9,812950.23278,296.650513,42342,53.964728,0.042062,0.0,0,39864.841097,594696.263623,596671.288561,905.4169721025139,1,66.102084327,907.6869604169569,3.546216474068179,,,16,2026-09-04T09:58:29+00:00,0.2.0,mnist
syclnn,1024,generic,True,Clang 22.1.0 /opt/sycl/bin/clang++,AMD Ryzen Threadripper 2950X 16-Core Processor ,cpu,2026.21.6.0.17_160000,float,64.7685931111111,3.3907394444444443,0.17843622222222222,47.357807333333334,67441.79976188889,64877.277168444445,31.244328666666668,1.7551564444444443,0.004536777777777778,0.0,2415.8229954444446,43827.96926177778,43910.71139533333,3,13.056430598349728,13.108927850094254,0a347a31f5aa9c1dc6a43123a746e221b135dca5,v0.2.0-5-g0c57d4f,,,,2d67ebcb2071,dfa703d100c8,136.3814738763404,0.14826297733331018,784-1024-1024-10,True,43.951491617665546,train,60000,"{""blas"": ""generic"", ""profile"": true}",582.917338,531,30.516655,22364424,571680000,1.605926,426.220266,606976.197857,,9,583895.494516,281.198958,10662,15.796408,0.040831,0.0,0,21742.406959,394451.723356,395196.402558,1365.1413818202254,1,43.889866521,1367.0581561530103,1.3423890254565551,,,16,2026-09-04T10:05:55+00:00,0.2.0,mnist
syclnn,64,generic,True,Clang 22.1.0 /opt/sycl/bin/clang++,AMD Ryzen Threadripper 2950X 16-Core Processor ,cpu,2026.21.6.0.17_160000,double,196.82038222222224,48.490401222222225,0.3552504444444444,136.83927844444443,118952.42335522221,106952.547844,62.633592111111106,22.266538222222223,0.005408888888888889,0.0,11532.464659666666,82736.35300566666,83788.43079466667,3,6.843891325376628,7.105858454010953,0a347a31f5aa9c1dc6a43123a746e221b135dca5,v0.2.0-5-g0c57d4f,,,,2d67ebcb2071,5f3e76ba8242,13.650293439291179,0.12429614466479677,784-1024-1024-10,True,83.84843836900352,train,60000,"{""blas"": ""generic"", ""profile"": true}",1771.38344,8442,436.413611,44728704,1143360000,3.197254,1231.553506,1070571.810197,,9,962572.930596,563.702329,168882,200.398844,0.04868,0.0,0,103792.181937,744627.177051,754095.877152,715.5768332374854,1,83.7498429745,716.4192536846749,11.186851159612688,,,16,2026-09-04T10:20:07+00:00,0.2.0,mnist
syclnn,256,generic,True,Clang 22.1.0 /opt/sycl/bin/clang++,AMD Ryzen Threadripper 2950X 16-Core Processor ,cpu,2026.21.6.0.17_160000,double,130.7976901111111,10.348986222222223,0.3954898888888889,70.57801699999999,103926.47079988889,98125.74911033333,65.12706288888889,6.543382666666667,0.004648888888888889,0.0,5516.926411888889,71533.53849244445,71834.21483688889,3,7.976848906784812,8.063636496781042,0a347a31f5aa9c1dc6a43123a746e221b135dca5,v0.2.0-5-g0c57d4f,,,,2d67ebcb2071,d668ebf2b40e,37.90247923403716,0.29839720600284636,784-1024-1024-10,True,71.93938442433137,train,60000,"{""blas"": ""generic"", ""profile"": true}",1177.179211,2115,93.140876,44728704,1143360000,3.559409,635.202153,935338.237199,,9,883131.741993,586.143566,42342,58.890444,0.04184,0.0,0,49652.337707,643801.846432,646507.933532,834.0354936329811,1,71.81221062750001,835.5125051257425,3.266639016729176,,,16,2026-09-04T10:32:17+00:00,0.2.0,mnist
syclnn,1024,generic,True,Clang 22.1.0 /opt/sycl/bin/clang++,AMD Ryzen Threadripper 2950X 16-Core Processor ,cpu,2026.21.6.0.17_160000,double,72.81950222222223,2.584862111111111,0.3538854444444445,69.94079477777778,74044.48243811111,70633.5500441111,57.71420688888889,2.154431,0.005262222222222222,0.0,3205.3594493333335,47715.66803733333,47821.12982322222,3,11.972885440756832,12.021025977816878,0a347a31f5aa9c1dc6a43123a746e221b135dca5,v0.2.0-5-g0c57d4f,,,,2d67ebcb2071,a7549c5ab4da,68.1907369381702,0.18400887449872982,784-1024-1024-10,True,47.92909803066868,train,60000,"{""blas"": ""generic"", ""profile"": true}",655.37552,531,23.263759,44728704,1143360000,3.184969,629.467153,666400.341943,,9,635701.950397,519.427862,10662,19.389879,0.04736,0.0,0,28848.235044,429441.012336,430390.168409,1251.849136856434,1,47.741030355,1256.7805837838625,1.2309849845754934,,,16,2026-09-04T10:40:24+00:00,0.2.0,mnist
syclnn,256,mklcpu,True,Clang 22.1.0 /opt/sycl/bin/clang++,AMD Ryzen Threadripper 2950X 16-Core Processor ,cpu,2026.21.6.0.17_160000,float,33.50490522222222,12.678006,0.10395788888888889,18.558086666666668,967.9581915555555,642.3281021111111,32.62177066666666,5.278917888888889,0.004413333333333333,0.0,222.8800317777778,913.8843317777778,1017.4577234444446,3,137.3537151327918,139.14564268312466,0a73be8afed3a477e4841fd11669a6a91cc7edb9,v0.2.0-5-g0c57d4f,,,,703db5101643,f109e0ce2ebb,57.89303578299346,0.005868757502563993,784-512-256-10,True,1.0516311106718301,train,60000,"{""blas"": ""mklcpu"", ""profile"": true}",301.544147,2115,114.102054,6429960,571680000,0.935621,167.02278,8711.623724,,9,5780.952919,293.595936,42342,47.510261,0.03972,0.0,0,2005.920286,8224.958986,9157.119511,57054.22689679583,1,0.993822643,60372.94523586338,223.462388679117,,1,1,2026-09-04T07:10:01+00:00,0.2.0,mnist-512-256
syclnn,256,mklcpu,True,Clang 22.1.0 /opt/sycl/bin/clang++,AMD Ryzen Threadripper 2950X 16-Core Processor ,cpu,2026.21.6.0.17_160000,float,34.706406,12.911495,0.10538455555555555,19.246376222222224,972.5717852222222,646.4234303333334,29.30927311111111,5.348581666666666,0.0039766666666666665,0.0,224.51686166666667,910.3765361111111,1016.904493888889,3,136.87923125073883,138.664968646407,0a73be8afed3a477e4841fd11669a6a91cc7edb9,v0.2.0-5-g0c57d4f,,,,703db5101643,7323969e0a1b,57.89303578299346,0.009323180497934569,784-512-256-10,True,1.0552765286605184,train,60000,"{""blas"": ""mklcpu"", ""profile"": true}",312.357654,2115,116.203455,6429960,571680000,0.948461,173.217386,8753.146067,,9,5817.810873,263.783458,42342,48.137235,0.03579,0.0,0,2020.651755,8193.388825,9152.140445,56857.13495036139,1,0.9944567440000001,60334.44929807827,222.69044522224877,,2,2,2026-09-04T07:10:13+00:00,0.2.0,mnist-512-256
syclnn,256,mklcpu,True,Clang 22.1.0 /opt/sycl/bin/clang++,AMD Ryzen Threadripper 2950X 16-Core Processor ,cpu,2026.21.6.0.17_160000,float,34.32557444444444,12.723352666666667,0.10054911111111112,17.72292277777778,971.0725545555556,637.943558,29.93714388888889,5.245397111111111,0.003646666666666667,0.0,233.07040988888886,915.4163722222222,1020.2535993333333,3,137.13333480516417,138.92238725612134,0a73be8afed3a477e4841fd11669a6a91cc7edb9,v0.2.0-5-g0c57d4f,,,,703db5101643,bd65e6eb2ed5,57.89303578299346,0.012717193002269145,784-512-256-10,True,1.0533211359967634,train,60000,"{""blas"": ""mklcpu"", ""profile"": true}",308.93017,2115,114.510174,6429960,571680000,0.904942,159.506305,8739.652991,,9,5741.492022,269.434295,42342,47.208574,0.03282,0.0,0,2097.633689,8238.74735,9182.282394,56962.684930101284,1,1.0012100125,59927.48699164652,223.10384930956337,,4,4,2026-09-04T07:10:26+00:00,0.2.0,mnist-512-256
syclnn,256,mklcpu,True,Clang 22.1.0 /opt/sycl/bin/clang++,AMD Ryzen Threadripper 2950X 16-Core Processor ,cpu,2026.21.6.0.17_160000,float,33.513238111111114,13.042991333333333,0.09990566666666667,18.297351666666668,958.1047711111112,638.5116513333334,29.13981511111111,5.12812688888889,0.003822222222222222,0.0,220.36786877777777,890.2693646666667,996.7391991111112,3,139.61801914506492,141.43948698659412,0a73be8afed3a477e4841fd11669a6a91cc7edb9,v0.2.0-5-g0c57d4f,,,,703db5101643,208ed6ac6e23,57.89303578299346,0.004943689496334169,784-512-256-10,True,1.0345759156625718,train,60000,"{""blas"": ""mklcpu"", ""profile"": true}",301.619143,2115,117.386922,6429960,571680000,0.899151,164.676165,8622.94294,,9,5746.604862,262.258336,42342,46.153142,0.0344,0.0,0,1983.310819,8012.424282,8970.652792,57994.777465483814,1,0.9693499320000001,61897.15191520743,227.1462117398116,,8,8,2026-09-04T07:10:38+00:00,0.2.0,mnist-512-256
syclnn,256,mklcpu,True,Clang 22.1.0 /opt/sycl/bin/clang++,AMD Ryzen Threadripper 2950X 16-Core Processor ,cpu,2026.21.6.0.17_160000,float,32.791803111111115,13.191320777777777,0.10414011111111111,17.988504222222222,953.6724042222223,633.6790646666667,29.879883999999997,6.812914,0.00392,0.0,219.22085333333334,891.8439253333333,1005.4934215555555,3,139.41488699715364,141.23370476043888,0a73be8afed3a477e4841fd11669a6a91cc7edb9,v0.2.0-5-g0c57d4f,,,,703db5101643,ed709ce7a718,57.89303578299346,0.011354311160781894,784-512-256-10,True,1.0360833273346846,train,60000,"{""blas"": ""mklcpu"", ""profile"": true}",295.126228,2115,118.721887,6429960,571680000,0.937261,161.896538,8583.051638,,9,5703.111582,268.918956,42342,61.316226,0.03528,0.0,0,1972.98768,8026.595328,9049.440794,57910.400077906364,1,0.974188833,61589.702086022575,226.81573363846658,,16,16,2026-09-04T07:10:51+00:00,0.2.0,mnist-512-256
syclnn,256,mklcpu,True,Clang 22.1.0 /opt/sycl/bin/clang++,AMD Ryzen Threadripper 2950X 16-Core Processor ,cpu,2026.21.6.0.17_160000,float,34.109842,13.182723222222222,0.09641233333333334,18.421806777777775,970.1673206666668,641.8766271111111,28.938183666666664,5.357845,0.0039544444444444445,0.0,228.1799261111111,910.7044916666667,1016.9849562222221,3,138.69789435822125,140.50735817820873,0a73be8afed3a477e4841fd11669a6a91cc7edb9,v0.2.0-5-g0c57d4f,,,,703db5101643,63d621f824ab,57.89303578299346,0.021628629333766414,784-512-256-10,True,1.0414393143340324,train,60000,"{""blas"": ""mklcpu"", ""profile"": true}",306.988578,2115,118.644509,6429960,571680000,0.867711,165.796261,8731.505886,,9,5776.889644,260.443653,42342,48.220605,0.03559,0.0,0,2053.619335,8196.340425,9152.864606,57612.57441905591,1,0.991948701,60486.99891386823,225.64924980796897,,32,32,2026-09-04T07:11:03+00:00,0.2.0,mnist-512-256
syclnn,256,netlib,True,Clang 22.1.0 /opt/sycl/bin/clang++,AMD Ryzen Threadripper 2950X 16-Core Processor ,cpu,2026.21.6.0.17_160000,float,34.93243277777778,12.36564388888889,0.10899233333333333,18.619346444444446,966.748706111111,638.4399771111111,29.236330666666667,5.260242,0.004324444444444445,0.0,227.78141644444446,903.2276793333334,1009.5033854444443,3,137.8504551803959,139.6488632411088,0a73be8afed3a477e4841fd11669a6a91cc7edb9,v0.2.0-5-g0c57d4f,,,,703db5101643,bf01ec3161ef,57.89303578299346,0.0025221483325972294,784-512-256-10,True,1.0478415889956523,train,60000,"{""blas"": ""netlib"", ""profile"": true}",314.391895,2115,111.290795,6429960,571680000,0.980931,167.574118,8700.738355,,9,5745.959794,263.126976,42342,47.342178,0.03892,0.0,0,2050.032748,8129.049114,9085.530469,57260.56364827962,1,0.9873734949999999,60767.278343844955,224.27054095576185,,1,1,2026-09-04T07:11:16+00:00,0.2.0,mnist-512-256
syclnn,256,netlib,True,Clang 22.1.0 /opt/sycl/bin/clang++,AMD Ryzen Threadripper 2950X 16-Core Processor ,cpu,2026.21.6.0.17_160000,float,32.78317411111111,12.049933888888889,0.10197011111111111,18.872345444444445,955.7825184444443,634.0560553333333,32.82199777777778,5.073497555555556,0.004595555555555556,0.0,220.0189486666667,880.9424443333332,993.352216111111,3,140.37457566740645,142.20591360581986,0a73be8afed3a477e4841fd11669a6a91cc7edb9,v0.2.0-5-g0c57d4f,,,,703db5101643,fd5f269f06bb,57.89303578299346,0.0045396973388656114,784-512-256-10,True,1.0290000116704807,train,60000,"{""blas"": ""netlib"", ""profile"": true}",295.048567,2115,108.449405,6429960,571680000,0.917731,169.851109,8602.042666,,9,5706.504498,295.39798,42342,45.661478,0.04136,0.0,0,1980.170538,7928.481999,8940.169945,58309.03723955831,1,0.975191509,61526.376559129785,228.3770625216034,,2,2,2026-09-04T07:11:28+00:00,0.2.0,mnist-512-256
syclnn,256,netlib,True,Clang 22.1.0 /opt/sycl/bin/clang++,AMD Ryzen Threadripper 2950X 16-Core Processor ,cpu,2026.21.6.0.17_160000,float,33.930133444444444,12.235957333333333,0.09507355555555556,19.07018711111111,964.3803838888889,641.8384238888889,30.407620111111115,5.9316452222222225,0.003577777777777778,0.0,220.86776544444444,903.5842075555555,1006.2232690000001,3,138.3101239686686,140.1145289051481,0a73be8afed3a477e4841fd11669a6a91cc7edb9,v0.2.0-5-g0c57d4f,,,,703db5101643,a77a9b11ed62,57.89303578299346,0.011260352834748799,784-512-256-10,True,1.0443591246633634,train,60000,"{""blas"": ""netlib"", ""profile"": true}",305.371201,2115,110.123616,6429960,571680000,0.855662,171.631684,8679.423455,,9,5776.545815,273.668581,42342,53.384807,0.0322,0.0,0,1987.809889,8132.257868,9056.009421,57451.501675096944,1,0.972360516,61705.50841247857,225.01838156079634,,4,4,2026-09-04T07:11:40+00:00,0.2.0,mnist-512-256
syclnn,256,netlib,True,Clang 22.1.0 /opt/sycl/bin/clang++,AMD Ryzen Threadripper 2950X 16-Core Processor ,cpu,2026.21.6.0.17_160000,float,33.27921222222222,12.209896111111112,0.10655455555555556,18.092599888888888,961.1716632222223,637.5506721111111,30.392663333333335,5.299918777777778,0.0036644444444444446,0.0,224.23648177777778,894.1213684444444,1007.1892992222222,3,137.87726636279558,139.6760242043379,0a73be8afed3a477e4841fd11669a6a91cc7edb9,v0.2.0-5-g0c57d4f,,,,703db5101643,df036bb478ef,57.89303578299346,0.007070000836392865,784-512-256-10,True,1.047637828994387,train,60000,"{""blas"": ""netlib"", ""profile"": true}",299.51291,2115,109.889065,6429960,571680000,0.958991,162.833399,8650.544969,,9,5737.956049,273.53397,42342,47.699269,0.03298,0.0,0,2018.128336,8047.092316,9064.703693,57271.70052420994,1,0.9754292845,61511.378583180114,224.31416038648894,,8,8,2026-09-04T07:11:53+00:00,0.2.0,mnist-512-256
syclnn,256,netlib,True,Clang 22.1.0 /opt/sycl/bin/clang++,AMD Ryzen Threadripper 2950X 16-Core Processor ,cpu,2026.21.6.0.17_160000,float,32.98536355555555,12.331888,0.10899244444444445,18.91948166666667,968.4856744444444,638.4208223333333,31.814685111111107,5.286048666666667,0.0038611111111111116,0.0,228.61453155555557,899.5220714444445,1004.7569284444445,3,138.30098167461338,140.10526733999362,0a73be8afed3a477e4841fd11669a6a91cc7edb9,v0.2.0-5-g0c57d4f,,,,703db5101643,7af8620a7b36,57.89303578299346,0.007778988331362147,784-512-256-10,True,1.0444281613260198,train,60000,"{""blas"": ""netlib"", ""profile"": true}",296.868272,2115,110.986992,6429960,571680000,0.980932,170.275335,8716.37107,,9,5745.787401,286.332166,42342,47.574438,0.03475,0.0,0,2057.530784,8095.698643,9042.812356,57447.70413297092,1,0.9863535985,60830.112133463255,225.00350785413607,,16,16,2026-09-04T07:12:05+00:00,0.2.0,mnist-512-256
syclnn,256,netlib,True,Clang 22.1.0 /opt/sycl/bin/clang++,AMD Ryzen Threadripper 2950X 16-Core Processor ,cpu,2026.21.6.0.17_160000,float,34.31192044444444,12.525257555555555,0.08570455555555556,18.129316222222222,967.3596832222223,634.0326863333333,32.359902777777776,5.206699888888888,0.004763333333333333,0.0,230.70343211111108,905.5300006666666,1016.9126928888888,3,137.1791797049169,138.96883025210195,0a73be8afed3a477e4841fd11669a6a91cc7edb9,v0.2.0-5-g0c57d4f,,,,703db5101643,3d6ba7ad2a0c,57.89303578299346,0.013318843833985738,784-512-256-10,True,1.0529691190070782,train,60000,"{""blas"": ""netlib"", ""profile"": true}",308.807284,2115,112.727318,6429960,571680000,0.771341,163.163846,8706.237149,,9,5706.294177,291.239125,42342,46.860299,0.04287,0.0,0,2076.330889,8149.770006,9152.214236,56981.728064901276,1,0.9931670324999999,60412.79869003304,223.17843492086334,,32,32,2026-09-04T07:12:18+00:00,0.2.0,mnist-512-256
syclnn,32,auto,True,Clang 22.1.0 /opt/sycl/bin/clang++,AMD Ryzen Threadripper 2950X 16-Core Processor ,cpu,2026.21.6.0.17_160000,float,38.275891333333334,13.1712895,0.125337,23.342118166666666,508.5118515,219.540716,6.818857333333334,8.104716,0.0035099999999999997,0.0,199.1294161666667,502.5850273333333,664.9160878333333,2,16.659834967716776,18.010143680699866,110c2a5a1f7beb2ae372b3d9063938442373a9ae,v0.2.0-5-g0c57d4f,,,,a0f580195416,fdf931e81202,12.141714285714286,0.0028402789976098575,256-256-256-16,True,0.6686783780023688,train,16384,"{""profile"": true}",229.655348,3072,79.027737,1628448,53477376,0.752022,140.052709,3051.071109,,6,1317.244296,40.913144,61476,48.628296,0.02106,0.0,0,1194.776497,3015.510164,3989.496527,24502.06338201945,1,0.65925906,24852.142342950887,765.6894806881078,,,16,2026-09-04T12:39:09+00:00,0.2.0,sweep-w256-d2-b32
syclnn,256,auto,True,Clang 22.1.0 /opt/sycl/bin/clang++,AMD Ryzen Threadripper 2950X 16-Core Processor ,cpu,2026.21.6.0.17_160000,float,8.235821,2.875246666666667,0.111672,3.982299,109.36949966666667,64.221381,6.178718,1.074918,0.0025833333333333333,0.0,22.686860666666664,104.61598883333333,126.01567966666666,2,86.56404060529462,87.91160674210292,110c2a5a1f7beb2ae372b3d9063938442373a9ae,v0.2.0-5-g0c57d4f,,,,a0f580195416,b38d2f4c91b2,36.136054421768705,0.0009577515011187643,256-256-256-16,True,0.12869167550525162,train,16384,"{""profile"": true}",49.414926,384,17.25148,1628448,53477376,0.670032,23.893794,656.216998,,6,385.328286,37.072308,7716,6.449508,0.0155,0.0,0,136.121164,627.695933,756.094078,127312.04202350606,1,0.120291531,136202.43972121362,497.31266415432054,,,16,2026-09-04T12:39:10+00:00,0.2.0,sweep-w256-d2-b256
syclnn,4096,auto,True,Clang 22.1.0 /opt/sycl/bin/clang++,AMD Ryzen Threadripper 2950X 16-Core Processor ,cpu,2026.21.6.0.17_160000,float,4.381258666666667,1.2383951666666666,0.08708033333333333,1.7673566666666665,60.258554833333335,44.514645,6.4393476666666665,0.19359116666666668,0.0037616666666666666,0.0,1.6331185000000001,55.335796499999994,60.7972485,2,173.67803178899172,174.8585269606999,110c2a5a1f7beb2ae372b3d9063938442373a9ae,v0.2.0-5-g0c57d4f,,,,a0f580195416,f94a1f40756a,49.1425267418329,0.004134638744289987,256-256-256-16,True,0.06414208699425217,train,16384,"{""profile"": true}",26.287552,24,7.430371,1628448,53477376,0.522482,10.60414,361.551329,,6,267.08787,38.636086,516,1.161547,0.02257,0.0,0,9.798711,332.014779,364.783491,255432.91102249583,1,0.051888027,315756.85080490727,62.36155054260152,,,16,2026-09-04T12:39:11+00:00,0.2.0,sweep-w256-d2-b4096
syclnn,32,auto,True,Clang 22.1.0 /opt/sycl/bin/clang++,AMD Ryzen Threadripper 2950X 16-Core Processor ,cpu,2026.21.6.0.17_160000,float,73.65995,23.210418833333335,0.19802866666666666,60.573266,994.1466071666667,447.39129883333334,7.517402333333333,9.094941666666667,0.003575,0.0,372.49772583333333,1014.673406,1261.3081961666667,2,18.939278989780913,20.341286353785527,110c2a5a1f7beb2ae372b3d9063938442373a9ae,v0.2.0-5-g0c57d4f,,,,a0f580195416,c9002a3bbbea,12.486103542234332,0.011148422250698786,256-256-256-256-256-16,True,1.2685262899904046,train,16384,"{""profile"": true}",441.9597,3072,139.262513,3207456,53477376,1.188172,363.439596,5964.879643,,6,2684.347793,45.104414,104496,54.56965,0.02145,0.0,0,2234.986355,6088.040436,7567.849177,12915.774887191286,1,1.255390378,13050.920484273458,403.6179652247277,,,16,2026-09-04T12:39:23+00:00,0.2.0,sweep-w256-d4-b32
syclnn,256,auto,True,Clang 22.1.0 /opt/sycl/bin/clang++,AMD Ryzen Threadripper 2950X 16-Core Processor ,cpu,2026.21.6.0.17_160000,float,15.620176166666667,5.4967535000000005,0.17453733333333332,8.499437,222.76858583333333,136.08374916666665,6.4170355,1.2098358333333332,0.0024566666666666665,0.0,49.26460466666666,217.71288049999998,251.0845671666667,2,95.9750594481997,97.3396282472124,110c2a5a1f7beb2ae372b3d9063938442373a9ae,v0.2.0-5-g0c57d4f,,,,a0f580195416,ccf467ede62a,39.36769759450172,0.009403310003108345,256-256-256-256-256-16,True,0.2503251724992879,train,16384,"{""profile"": true}",93.721057,384,32.980521,3207456,53477376,1.047224,50.996622,1336.611515,,6,816.502495,38.502213,13104,7.259015,0.01474,0.0,0,295.587628,1306.277283,1506.507403,65450.868709764334,1,0.241262786,67909.35424247319,255.66745589751693,,,16,2026-09-04T12:39:25+00:00,0.2.0,sweep-w256-d4-b256
syclnn,4096,auto,True,Clang 22.1.0 /opt/sycl/bin/clang++,AMD Ryzen Threadripper 2950X 16-Core Processor ,cpu,2026.21.6.0.17_160000,float,6.5457781666666675,2.317044,0.1565905,3.661350333333333,112.09828633333332,88.4969105,7.163262,0.200824,0.005023333333333334,0.0,3.5515035000000004,105.73235533333333,112.7557615,2,210.09701316399205,211.40127168513357,110c2a5a1f7beb2ae372b3d9063938442373a9ae,v0.2.0-5-g0c57d4f,,,,a0f580195416,b24a5c3ddd17,55.317941753432926,0.0010863594943657517,256-256-256-256-256-16,True,0.11435180800617673,train,16384,"{""profile"": true}",39.274669,24,13.902264,3207456,53477376,0.939543,21.968102,672.589718,,6,530.981463,42.979572,864,1.204944,0.03014,0.0,0,21.309021,634.394132,676.534569,143277.13995667666,1,0.1050332,155988.77307365672,34.97977049723551,,,16,2026-09-04T12:39:27+00:00,0.2.0,sweep-w256-d4-b4096
syclnn,32,auto,True,Clang 22.1.0 /opt/sycl/bin/clang++,AMD Ryzen Threadripper 2950X 16-Core Processor ,cpu,2026.21.6.0.17_160000,float,52.48447983333333,25.14169533333333,0.22443216666666665,30.586404666666667,2633.722863,950.4874921666666,6.559649666666666,11.496016166666665,0.0026233333333333334,0.0,1556.7400696666666,2017.3156243333333,2179.0354365,2,55.80515237948764,59.66849805489369,110c2a5a1f7beb2ae372b3d9063938442373a9ae,v0.2.0-5-g0c57d4f,,,,a0f580195416,5fad6c3dc7b7,14.522554042234162,0.0038035502439015545,256-1024-1024-16,True,2.183843100996455,train,16384,"{""profile"": true}",314.906879,3072,150.850172,15950112,53477376,1.346593,183.518428,15802.337178,,6,5702.924953,39.357898,61476,68.976097,0.01574,0.0,0,9340.440418,12103.893746,13074.212619,7502.370473649972,1,2.175513173,7531.096664152444,234.44907730156163,,,16,2026-09-04T12:39:56+00:00,0.2.0,sweep-w1024-d2-b32
syclnn,256,auto,True,Clang 22.1.0 /opt/sycl/bin/clang++,AMD Ryzen Threadripper 2950X 16-Core Processor ,cpu,2026.21.6.0.17_160000,float,20.922346666666666,9.6539965,0.22060416666666668,10.582393833333333,699.890859,466.94159083333335,5.965421,1.5322699999999998,0.0029183333333333335,0.0,184.06931766666665,604.9400518333333,636.6524763333333,2,190.73717936938567,192.75823415664752,110c2a5a1f7beb2ae372b3d9063938442373a9ae,v0.2.0-5-g0c57d4f,,,,a0f580195416,01334d4abdb3,70.56709168184578,0.004396002499561291,256-1024-1024-16,True,0.6389404384972295,train,16384,"{""profile"": true}",125.53408,384,57.923979,15950112,53477376,1.323625,63.494363,4199.345154,,6,2801.649545,35.792526,7716,9.19362,0.01751,0.0,0,1104.415906,3629.640311,3819.914858,25642.452743380465,1,0.652552533,25107.55712597931,100.16583102882994,,,16,2026-09-04T12:40:03+00:00,0.2.0,sweep-w1024-d2-b256
syclnn,4096,auto,True,Clang 22.1.0 /opt/sycl/bin/clang++,AMD Ryzen Threadripper 2950X 16-Core Processor ,cpu,2026.21.6.0.17_160000,float,13.870256166666666,7.8142725,0.20626766666666665,10.799516666666667,458.50037516666663,406.76428333333337,6.899961,0.20146416666666667,0.00468,0.0,11.939673666666666,438.42229433333335,445.3507488333333,2,271.2636638104228,272.007838184799,110c2a5a1f7beb2ae372b3d9063938442373a9ae,v0.2.0-5-g0c57d4f,,,,a0f580195416,8cf8c97752b4,146.05592208608232,0.009367950005980674,256-1024-1024-16,True,0.44926657449104823,train,16384,"{""profile"": true}",83.221537,24,46.885635,15950112,53477376,1.237606,64.7971,2751.002251,,6,2440.5857,41.399766,516,1.208785,0.02808,0.0,0,71.638042,2630.533766,2672.104493,36468.32622382517,1,0.429457781,38150.4323005851,8.903399956988567,,,16,2026-09-04T12:40:08+00:00,0.2.0,sweep-w1024-d2-b4096
syclnn,32,auto,True,Clang 22.1.0 /opt/sycl/bin/clang++,AMD Ryzen Threadripper 2950X 16-Core Processor ,cpu,2026.21.6.0.17_160000,float,100.25115666666666,56.56541566666667,0.4722635,145.54121583333333,7500.551679833334,2713.6920686666667,6.349150333333333,13.601839333333333,0.00358,0.0,4464.074989833333,4672.384438833334,4941.356785833334,2,66.31655685460291,70.68394868630725,110c2a5a1f7beb2ae372b3d9063938442373a9ae,v0.2.0-5-g0c57d4f,,,,a0f580195416,4bba316b1540,14.855026354527755,0.011591846756346058,256-1024-1024-1024-1024-16,True,4.946398649000912,train,16384,"{""profile"": true}",601.50694,3072,339.392494,41140512,53477376,2.833581,873.247295,45003.310079,,6,16282.152412,38.094902,104496,81.611036,0.02148,0.0,0,26784.449939,28034.306633,29648.140715,3312.3088458123543,1,4.907007011,3338.8988365559926,103.50965143163607,,,16,2026-09-04T12:41:12+00:00,0.2.0,sweep-w1024-d4-b32
syclnn,256,auto,True,Clang 22.1.0 /opt/sycl/bin/clang++,AMD Ryzen Threadripper 2950X 16-Core Processor ,cpu,2026.21.6.0.17_160000,float,34.450808,17.4959895,0.492392,25.131009333333335,1769.293837,1222.4851101666666,7.259785999999999,1.5222680000000002,0.0039033333333333333,0.0,460.45257066666665,1456.2002168333331,1500.3215433333335,2,218.80945335622917,220.9252892060651,110c2a5a1f7beb2ae372b3d9063938442373a9ae,v0.2.0-5-g0c57d4f,,,,a0f580195416,dd67ed07bbca,79.17792963806632,0.015151153005717788,256-1024-1024-1024-1024-16,True,1.4991497040027753,train,16384,"{""profile"": true}",206.704848,384,104.975937,41140512,53477376,2.954352,150.786056,10615.763022,,6,7334.910661,43.558716,13104,9.133608,0.02342,0.0,0,2762.715424,8737.201301,9001.92926,10928.861844987343,1,1.484740516,11034.924839351524,42.69086658198181,,,16,2026-09-04T12:41:28+00:00,0.2.0,sweep-w1024-d4-b256
syclnn,4096,auto,True,Clang 22.1.0 /opt/sycl/bin/clang++,AMD Ryzen Threadripper 2950X 16-Core Processor ,cpu,2026.21.6.0.17_160000,float,27.112968,14.8623245,0.5550488333333333,21.329881833333335,1170.4941731666665,1065.8083666666666,5.495060166666666,0.19762933333333332,0.0034649999999999998,0.0,35.129428833333336,1125.7455163333334,1134.4578831666665,2,287.41910811934275,288.03554271799595,110c2a5a1f7beb2ae372b3d9063938442373a9ae,v0.2.0-5-g0c57d4f,,,,a0f580195416,27a530b71177,188.48139780087362,0.010123682994162664,256-1024-1024-1024-1024-16,True,1.1412885155004915,train,16384,"{""profile"": true}",162.677808,24,89.173947,41140512,53477376,3.330293,127.979291,7022.965039,,6,6394.8502,32.970361,864,1.185776,0.02079,0.0,0,210.776573,6754.473098,6806.747299,14355.70390613726,1,1.114078542,14706.323999910594,3.504810523959292,,,16,2026-09-04T12:41:39+00:00,0.2.0,sweep-w1024-d4-b4096
syclnn,40,auto,True,AdaptiveCpp 25.10.0 $HOME/.local/opt/fnn-rocm/acpp/bin/acpp / host Clang 18.1.3 $HOME/.local/opt/fnn-rocm/acpp/bin/acpp,AMD Radeon RX 7900 XTX,gpu,70253211,float,0.08179893333333334,0.2426584,0.033105466666666666,0.038715599999999996,1.6474599333333333,0.9599226666666667,0.03946446666666667,0.048017,0.009885399999999999,0.07886393333333334,0.11502806666666668,0.027932799999999997,2.9231596,5,0.01197415298749926,0.014798048700767395,3913e2051df87aa83481b7bcf016a7201f7fbe23,v0.2.0-5-g0c57d4f,,63.0,2.0,ws-amd,248d42ee0a7a,1.2191103789126854,0.0001117956009693442,17-4-1,True,0.0030652690038550645,train,124,"{""memory"": ""shared"", ""profile"": true}",1.226984,60,3.639876,1164,26784,0.496582,0.580734,24.711899,,15,14.39884,0.591967,873,0.720255,0.148281,1.182959,0,1.725421,0.418992,43.847394,40453.21955236237,1,0.0027967154999999997,44337.72401947928,1304.9425662052374,,,32,2026-09-04T04:01:04+00:00,0.2.0,monk
syclnn,40,auto,True,AdaptiveCpp 25.10.0 $HOME/.local/opt/fnn-rocm/acpp/bin/acpp / host Clang 18.1.3 $HOME/.local/opt/fnn-rocm/acpp/bin/acpp,AMD Radeon RX 7900 XTX,gpu,70253211,float,0.7349106,2.1734310666666667,0.04197926666666667,0.4817466,14.2457552,9.474959533333333,0.035307533333333335,0.2573090666666667,0.009418666666666665,0.1039892,0.9327036666666667,0.036567,27.030999,5,1.0555442174106582,1.1509866721522934,3913e2051df87aa83481b7bcf016a7201f7fbe23,v0.2.0-5-g0c57d4f,46.76328559023386,111.66666666666667,75.33333333333333,ws-amd,f9f67247ff82,6.563354603463993,0.000663542700931434,12-64-64-3,True,0.02728450360009447,train,1000,"{""memory"": ""shared"", ""profile"": true}",11.023659,375,32.601466,62484,180000,0.629689,7.226199,213.686328,,15,142.124393,0.529613,7614,3.859636,0.14128,1.559838,0,13.990555,0.548505,405.464985,36650.840882314515,1,0.026876109,37207.76694275202,916.271022057863,,,32,2026-09-04T04:01:04+00:00,0.2.0,cup
syclnn,256,auto,True,AdaptiveCpp 25.10.0 $HOME/.local/opt/fnn-rocm/acpp/bin/acpp / host Clang 18.1.3 $HOME/.local/opt/fnn-rocm/acpp/bin/acpp,AMD Radeon RX 7900 XTX,gpu,70253211,float,43.61177655555556,34.487812444444444,0.11390977777777778,34.03240122222222,1193.4623727777778,887.5420385555556,26.667553444444444,2.2521446666666667,0.023217,0.0,164.7315191111111,0.7180684444444444,1216.665876,3,115.53319304850902,117.04044832297609,3913e2051df87aa83481b7bcf016a7201f7fbe23,v0.2.0-5-g0c57d4f,1602.4162822965736,144.32142857142858,90.92857142857143,ws-amd,f65db116f59c,57.89303578299346,0.011450801835356295,784-512-256-10,True,1.2502505659940653,train,60000,"{""memory"": ""shared"", ""profile"": true}",392.505989,2115,310.390312,6429960,571680000,1.025188,306.291611,10741.161355,,9,7987.878347,240.007981,42342,20.269302,0.208953,0.0,0,1482.583672,6.462616,10949.992884,47990.38019414487,1,1.1662258639999998,51448.01007431611,187.9623224270674,,,32,2026-09-04T04:01:18+00:00,0.2.0,mnist-512-256
syclnn,40,auto,True,AdaptiveCpp 25.10.0 $HOME/.local/opt/fnn-rocm/acpp/bin/acpp / host Clang 18.1.3 $HOME/.local/opt/fnn-rocm/acpp/bin/acpp,AMD Radeon RX 7900 XTX,gpu,70253211,float,0.07924679999999999,0.23683126666666665,0.035052,0.03885713333333333,1.4913681333333335,0.8329248,0.03103406666666667,0.0426034,0.0205228,0.07627606666666667,0.0980198,0.037416866666666666,2.6159224666666665,5,0.013982483634215271,0.017280009199215473,3913e2051df87aa83481b7bcf016a7201f7fbe23,v0.2.0-5-g0c57d4f,,43.0,2.0,ws-amd,a7fdccfeb7ce,1.2191103789126854,7.780550222378276e-05,17-4-1,True,0.002624998602550477,train,124,"{""loss_reduction"": false, ""profile"": true}",1.188702,60,3.552469,1224,26784,0.52578,0.582857,22.370522,,15,12.493872,0.465511,903,0.639051,0.307842,1.144141,0,1.470297,0.561253,39.238837,47238.1203858624,1,0.0024895785,49807.62807840765,1523.8103350278195,,,32,2026-09-04T04:01:19+00:00,0.2.0,monk
syclnn,40,auto,True,AdaptiveCpp 25.10.0 $HOME/.local/opt/fnn-rocm/acpp/bin/acpp / host Clang 18.1.3 $HOME/.local/opt/fnn-rocm/acpp/bin/acpp,AMD Radeon RX 7900 XTX,gpu,70253211,float,0.5741349333333333,1.9490443333333334,0.03974526666666667,0.3741752666666667,10.8793632,6.891305066666666,0.035451533333333334,0.2204652,0.015923066666666666,0.09326713333333332,0.6858514,0.05394773333333334,19.611467666666666,5,1.4798991005973225,1.6137117828148742,3913e2051df87aa83481b7bcf016a7201f7fbe23,v0.2.0-5-g0c57d4f,18.43591063504573,92.0,54.0,ws-amd,2d5088a54c64,6.563354603463993,0.000985995496739632,12-64-64-3,True,0.019460786203853785,train,1000,"{""loss_reduction"": false, ""profile"": true}",8.612024,375,29.235665,62544,180000,0.596179,5.612629,163.190448,,15,103.369576,0.531773,7644,3.306978,0.238846,1.399007,0,10.287771,0.809216,294.172015,51385.385437407036,1,0.019481888500000002,51329.72606839424,1284.6346359351758,,,32,2026-09-04T04:01:19+00:00,0.2.0,cup
syclnn,256,auto,True,AdaptiveCpp 25.10.0 $HOME/.local/opt/fnn-rocm/acpp/bin/acpp / host Clang 18.1.3 $HOME/.local/opt/fnn-rocm/acpp/bin/acpp,AMD Radeon RX 7900 XTX,gpu,70253211,float,5.711009777777778,19.574751777777777,0.18842977777777778,3.8676062222222223,172.51659166666667,103.768722,26.977162,4.154597111111111,0.11326355555555555,0.0,8.161049444444444,0.36356655555555556,266.32449866666667,3,491.2930726096406,497.70252131836884,3913e2051df87aa83481b7bcf016a7201f7fbe23,v0.2.0-5-g0c57d4f,315.9535608650913,126.61538461538461,70.0,ws-amd,82244a6d812f,57.89303578299346,0.008149213662060617,784-512-256-10,True,0.29401074033618596,train,60000,"{""loss_reduction"": false, ""profile"": true}",51.399088,2115,176.172766,6429996,571680000,1.695868,34.808456,1552.649325,,9,933.918498,242.794458,42360,37.391374,1.019372,0.0,0,73.449445,3.272099,2396.920488,204074.17746505834,1,0.23868767600000002,251374.52006529234,799.2905284048119,,,32,2026-09-04T04:01:24+00:00,0.2.0,mnist-512-256
syclnn,40,auto,True,AdaptiveCpp 25.10.0 $HOME/.local/opt/fnn-rocm/acpp/bin/acpp / host Clang 18.1.3 $HOME/.local/opt/fnn-rocm/acpp/bin/acpp,AMD Radeon RX 7900 XTX,gpu,70253211,float,0.07609713333333333,0.08694826666666668,0.0254486,0.0367126,1.4110356666666666,0.9352631333333333,0.0309688,0.041123266666666665,0.0094188,0.0777204,0.09133466666666666,0.0338896,2.6902689333333334,5,0.01352656551094947,0.016716570716452377,3913e2051df87aa83481b7bcf016a7201f7fbe23,v0.2.0-5-g0c57d4f,,63.0,2.0,ws-amd,f0bbc0128fff,1.2191103789126854,5.042630073148757e-05,17-4-1,True,0.00271347519592382,train,124,"{""bias_gemv"": false, ""profile"": true}",1.141457,60,1.304224,1164,26784,0.381729,0.550689,21.165535,,15,14.028947,0.464532,873,0.616849,0.141282,1.165806,0,1.37002,0.508344,40.354034,45697.85645591037,1,0.0025658795,48326.509487292766,1474.1244018035604,,,32,2026-09-04T04:01:24+00:00,0.2.0,monk
syclnn,40,auto,True,AdaptiveCpp 25.10.0 $HOME/.local/opt/fnn-rocm/acpp/bin/acpp / host Clang 18.1.3 $HOME/.local/opt/fnn-rocm/acpp/bin/acpp,AMD Radeon RX 7900 XTX,gpu,70253211,float,0.5653306666666666,0.8823870666666667,0.03316193333333333,0.36703973333333334,11.690930733333333,8.731634000000001,0.03458293333333333,0.27056273333333336,0.0090788,0.10816906666666666,0.6889838,0.03751106666666667,23.834658400000002,5,1.2107557385800218,1.3202324406229466,3913e2051df87aa83481b7bcf016a7201f7fbe23,v0.2.0-5-g0c57d4f,20.791465641756076,103.5,70.0,ws-amd,5675a79a0b1f,6.563354603463993,0.0002515855012461543,12-64-64-3,True,0.023786796198692173,train,1000,"{""bias_gemv"": false, ""profile"": true}",8.47996,375,13.235806,62484,180000,0.497429,5.505596,175.363961,,15,130.97451,0.518744,7614,4.058441,0.136182,1.622536,0,10.334757,0.562666,357.519876,42040.12981180632,1,0.0234688955,42609.58936052189,1051.003245295158,,,32,2026-09-04T04:01:25+00:00,0.2.0,cup
syclnn,256,auto,True,AdaptiveCpp 25.10.0 $HOME/.local/opt/fnn-rocm/acpp/bin/acpp / host Clang 18.1.3 $HOME/.local/opt/fnn-rocm/acpp/bin/acpp,AMD Radeon RX 7900 XTX,gpu,70253211,float,5.767932444444444,28.310957666666667,0.14131244444444443,4.0024182222222215,193.1448871111111,118.19533277777776,26.585895333333333,1.9611696666666667,0.01626711111111111,0.0,8.163601444444446,0.7136961111111111,307.1220418888889,3,421.05212549935004,426.54520519565864,3913e2051df87aa83481b7bcf016a7201f7fbe23,v0.2.0-5-g0c57d4f,365.9068719549832,125.0,70.0,ws-amd,e00a882d8faf,57.89303578299346,0.010203601501416415,784-512-256-10,True,0.3430583323352039,train,60000,"{""bias_gemv"": false, ""profile"": true}",51.911392,2115,254.798619,6429960,571680000,1.271812,36.021764,1738.303984,,9,1063.757995,239.273058,42342,17.650527,0.146404,0.0,0,73.472413,6.423265,2764.098377,174897.36976093537,1,0.2868075435,209199.5184917443,685.0146982303302,,,32,2026-09-04T04:01:29+00:00,0.2.0,mnist-512-256
syclnn,40,auto,True,AdaptiveCpp 25.10.0 $HOME/.local/opt/fnn-rocm/acpp/bin/acpp / host Clang 18.1.3 $HOME/.local/opt/fnn-rocm/acpp/bin/acpp,AMD Radeon RX 7900 XTX,gpu,70253211,float,0.0736986,0.2348237333333333,0.025187066666666664,0.03531533333333334,1.6273138666666667,0.9728568000000001,0.03611613333333333,0.04100086666666667,0.04446233333333333,0.07481686666666666,0.08903613333333334,0.0331996,3.2030090666666666,5,0.011322733683543721,0.013993003484239952,3913e2051df87aa83481b7bcf016a7201f7fbe23,v0.2.0-5-g0c57d4f,,51.0,2.0,ws-amd,014642722816,1.2191103789126854,4.754630208481103e-05,17-4-1,True,0.003241620003245771,train,124,"{""direct_input"": false, ""profile"": true}",1.105479,60,3.522356,1164,26784,0.377806,0.52973,24.409708,,15,14.592852,0.541742,933,0.615013,0.666935,1.122253,0,1.335542,0.497994,48.045136,38252.47866062068,1,0.0031140075,39820.07108203818,1233.950924536151,,,32,2026-09-04T04:01:30+00:00,0.2.0,monk
syclnn,40,auto,True,AdaptiveCpp 25.10.0 $HOME/.local/opt/fnn-rocm/acpp/bin/acpp / host Clang 18.1.3 $HOME/.local/opt/fnn-rocm/acpp/bin/acpp,AMD Radeon RX 7900 XTX,gpu,70253211,float,0.5653839333333334,2.0503236,0.032904666666666665,0.3703522666666667,13.2142778,8.962848533333332,0.036551600000000004,0.21553440000000001,0.20560333333333333,0.0973272,0.6774482666666667,0.03836013333333333,27.911087066666667,5,1.0205866211963768,1.112868205233095,3913e2051df87aa83481b7bcf016a7201f7fbe23,v0.2.0-5-g0c57d4f,43.74800522107398,105.66666666666667,73.0,ws-amd,6662fc70bcfc,6.563354603463993,0.0004887907998636365,12-64-64-3,True,0.028219064802397043,train,1000,"{""direct_input"": false, ""profile"": true}",8.480759,375,30.754854,62484,180000,0.49357,5.555284,198.214167,,15,134.442728,0.548274,7989,3.233016,3.08405,1.459908,0,10.161724,0.575402,418.666306,35437.03545820752,1,0.027927965,35806.40408278942,885.9258864551882,,,32,2026-09-04T04:01:31+00:00,0.2.0,cup
syclnn,256,auto,True,AdaptiveCpp 25.10.0 $HOME/.local/opt/fnn-rocm/acpp/bin/acpp / host Clang 18.1.3 $HOME/.local/opt/fnn-rocm/acpp/bin/acpp,AMD Radeon RX 7900 XTX,gpu,70253211,float,5.696529555555555,19.526076777777778,0.13838733333333333,3.9852064444444446,174.18505077777778,104.459766,27.64941688888889,1.984879111111111,2.3895267777777778,0.0,8.355261888888888,0.38645555555555555,279.2068223333333,3,460.00254176567114,466.00377170703916,3913e2051df87aa83481b7bcf016a7201f7fbe23,v0.2.0-5-g0c57d4f,346.6125318157865,125.0,72.21428571428571,ws-amd,2fd0ab3c3561,57.89303578299346,0.003087705496000126,784-512-256-10,True,0.3140100909998485,train,60000,"{""direct_input"": false, ""profile"": true}",51.268766,2115,175.734691,6429960,571680000,1.245486,35.866858,1567.665457,,9,940.137894,248.844752,44457,17.863912,21.505741,0.0,0,75.197357,3.4781,2512.861401,191076.66192813194,1,0.2527675235,237372.26669469665,748.3835925518501,,,32,2026-09-04T04:01:35+00:00,0.2.0,mnist-512-256
syclnn,40,auto,True,AdaptiveCpp 25.10.0 $HOME/.local/opt/fnn-rocm/acpp/bin/acpp / host Clang 18.1.3 $HOME/.local/opt/fnn-rocm/acpp/bin/acpp,AMD Radeon RX 7900 XTX,gpu,70253211,float,0.07678773333333333,0.2310448,0.024914866666666667,0.03636333333333333,1.4193344,0.8039041333333333,0.03158813333333334,0.041019266666666665,0.009410733333333334,0.07478006666666667,0.08952133333333333,0.03674873333333333,2.493029133333333,5,0.014571023430337553,0.018007345869663016,3913e2051df87aa83481b7bcf016a7201f7fbe23,v0.2.0-5-g0c57d4f,,52.0,2.0,ws-amd,22af020920da,1.2191103789126854,0.00012282459938433004,17-4-1,True,0.0025189719977788626,train,124,"{""fine_deps"": false, ""profile"": true}",1.151816,60,3.465672,1164,26784,0.373723,0.54545,21.290016,,15,12.058562,0.473822,873,0.615289,0.141161,1.121701,0,1.34282,0.551231,37.395437,49226.43050789714,1,0.0023990085,51688.02028004486,1587.9493712224883,,,32,2026-09-04T04:01:36+00:00,0.2.0,monk
syclnn,40,auto,True,AdaptiveCpp 25.10.0 $HOME/.local/opt/fnn-rocm/acpp/bin/acpp / host Clang 18.1.3 $HOME/.local/opt/fnn-rocm/acpp/bin/acpp,AMD Radeon RX 7900 XTX,gpu,70253211,float,0.5560132666666667,1.9797524666666668,0.034224533333333335,0.36920959999999997,11.661562333333334,7.6857776,0.034480199999999996,0.21229666666666666,0.009461599999999999,0.096095,0.6842514000000001,0.03688906666666667,21.8706608,5,1.3160712674285815,1.4350706142171499,3913e2051df87aa83481b7bcf016a7201f7fbe23,v0.2.0-5-g0c57d4f,19.40814253289136,96.5,70.0,ws-amd,a0a8561c74b0,6.563354603463993,0.00012883270101156363,12-64-64-3,True,0.02188331339857541,train,1000,"{""fine_deps"": false, ""profile"": true}",8.340199,375,29.696287,62484,180000,0.513368,5.538144,174.923435,,15,115.286664,0.517203,7614,3.18445,0.141924,1.441425,0,10.263771,0.553336,328.059912,45696.919007936856,1,0.021718230499999998,46044.26681998794,1142.4229751984215,,,32,2026-09-04T04:01:36+00:00,0.2.0,cup
syclnn,256,auto,True,AdaptiveCpp 25.10.0 $HOME/.local/opt/fnn-rocm/acpp/bin/acpp / host Clang 18.1.3 $HOME/.local/opt/fnn-rocm/acpp/bin/acpp,AMD Radeon RX 7900 XTX,gpu,70253211,float,5.652523555555556,19.303831,0.13848644444444444,3.917513111111111,171.29720344444445,104.25503077777779,27.52955488888889,1.9945727777777778,0.019471555555555558,0.0,8.486219333333333,0.6902626666666667,275.7946943333334,3,473.1112574724208,479.28350476706316,3913e2051df87aa83481b7bcf016a7201f7fbe23,v0.2.0-5-g0c57d4f,339.08515241809073,124.42857142857143,69.85714285714286,ws-amd,03b8c8a75f78,57.89303578299346,0.01060097199903487,784-512-256-10,True,0.30530966600053944,train,60000,"{""fine_deps"": false, ""profile"": true}",50.872712,2115,173.734479,6429960,571680000,1.246378,35.257618,1541.674831,,9,938.295277,247.765994,42342,17.951155,0.175244,0.0,0,76.375974,6.212364,2482.152249,196521.78323071497,1,0.241520987,248425.6161142634,769.7103176536336,,,32,2026-09-04T04:01:40+00:00,0.2.0,mnist-512-256
syclnn,40,auto,True,AdaptiveCpp 25.10.0 $HOME/.local/opt/fnn-rocm/acpp/bin/acpp / host Clang 18.1.3 $HOME/.local/opt/fnn-rocm/acpp/bin/acpp,AMD Radeon RX 7900 XTX,gpu,70253211,float,0.0760946,0.23632646666666668,0.025208266666666666,0.035864266666666665,1.3970818666666667,0.7074535999999999,0.02869673333333333,0.042115066666666666,0.07486246666666667,0.075707,0.0947534,0.0398922,2.5253946666666667,5,0.014596810056638742,0.018039213823265402,3913e2051df87aa83481b7bcf016a7201f7fbe23,v0.2.0-5-g0c57d4f,,63.0,2.0,ws-amd,6094760b9f3c,1.2191103789126854,0.00016370980010833565,17-4-1,True,0.0025145219988189638,train,124,"{""fine_deps"": false, ""join_kernels"": true, ""profile"": true}",1.141419,60,3.544897,1164,26784,0.378124,0.537964,20.956228,,15,10.611804,0.430451,993,0.631726,1.122937,1.135605,0,1.421301,0.598383,37.88092,49313.5474886444,1,0.002367438,52377.29562505967,1590.7595964078837,,,32,2026-09-04T04:01:41+00:00,0.2.0,monk
syclnn,40,auto,True,AdaptiveCpp 25.10.0 $HOME/.local/opt/fnn-rocm/acpp/bin/acpp / host Clang 18.1.3 $HOME/.local/opt/fnn-rocm/acpp/bin/acpp,AMD Radeon RX 7900 XTX,gpu,70253211,float,0.5548651333333333,1.9506256,0.0318526,0.3632794,11.448159266666666,7.165300733333334,0.03827286666666666,0.20293713333333332,0.3520352666666666,0.09548893333333333,0.6935015999999999,0.040262400000000004,21.317480333333332,5,1.3471269908730874,1.4689344004888032,3913e2051df87aa83481b7bcf016a7201f7fbe23,v0.2.0-5-g0c57d4f,21.447120017925045,107.0,72.5,ws-amd,793d936bc04d,6.563354603463993,4.574919876176864e-05,12-64-64-3,True,0.02137883079703897,train,1000,"{""fine_deps"": false, ""join_kernels"": true, ""profile"": true}",8.322977,375,29.259384,62484,180000,0.477789,5.449191,171.722389,,15,107.479511,0.574093,8364,3.044057,5.280529,1.432334,0,10.402524,0.603936,319.762205,46775.24273864887,1,0.0211548375,47270.51200464197,1169.381068466222,,,32,2026-09-04T04:01:42+00:00,0.2.0,cup
syclnn,256,auto,True,AdaptiveCpp 25.10.0 $HOME/.local/opt/fnn-rocm/acpp/bin/acpp / host Clang 18.1.3 $HOME/.local/opt/fnn-rocm/acpp/bin/acpp,AMD Radeon RX 7900 XTX,gpu,70253211,float,5.735519666666667,19.588435666666665,0.14572766666666667,4.000764333333333,181.47370533333333,110.9645791111111,27.399596,1.9735316666666667,3.288787,0.0,8.376764222222223,0.4598326666666666,303.00360333333333,3,435.0317024904465,440.7071608659785,3913e2051df87aa83481b7bcf016a7201f7fbe23,v0.2.0-5-g0c57d4f,366.058970889324,126.13333333333334,70.73333333333333,ws-amd,5b4757f5ce17,57.89303578299346,0.009424519162469891,784-512-256-10,True,0.3320342843362596,train,60000,"{""fine_deps"": false, ""join_kernels"": true, ""profile"": true}",51.619677,2115,176.295921,6429960,571680000,1.311549,36.006879,1633.263348,,9,998.681212,246.596364,46572,17.761785,29.599083,0.0,0,75.390878,4.138494,2727.03243,180704.23094994752,1,0.28491473300000003,210589.3204195937,707.7582378872945,,,32,2026-09-04T04:01:46+00:00,0.2.0,mnist-512-256
syclnn,40,auto,True,AdaptiveCpp 25.10.0 $HOME/.local/opt/fnn-rocm/acpp/bin/acpp / host Clang 18.1.3 $HOME/.local/opt/fnn-rocm/acpp/bin/acpp,AMD Radeon RX 7900 XTX,gpu,70253211,float,0.07658233333333334,0.22353220000000001,0.0246216,0.03726206666666666,1.2653615333333332,0.6548732,0.0283796,0.04406173333333333,0.009322733333333333,0.07514599999999999,0.09158006666666667,0.04854633333333334,1.9644802666666665,5,0.018761804709928456,0.023186450022949945,3913e2051df87aa83481b7bcf016a7201f7fbe23,v0.2.0-5-g0c57d4f,,58.0,2.0,ws-amd,5418e3eb8abd,1.2191103789126854,0.0002233771985629574,17-4-1,True,0.0019563150010071693,train,124,"{""profile"": true, ""queue"": ""in_order""}",1.148735,60,3.352983,1164,26784,0.369324,0.558931,18.980423,,15,9.823098,0.425694,873,0.660926,0.139841,1.12719,0,1.373701,0.728195,29.467204,63384.475371379915,1,0.0017983650000000001,68951.51985275514,2044.6604958509652,,,32,2026-09-04T04:01:47+00:00,0.2.0,monk
syclnn,40,auto,True,AdaptiveCpp 25.10.0 $HOME/.local/opt/fnn-rocm/acpp/bin/acpp / host Clang 18.1.3 $HOME/.local/opt/fnn-rocm/acpp/bin/acpp,AMD Radeon RX 7900 XTX,gpu,70253211,float,0.5528292666666667,1.9232418666666669,0.03302713333333333,0.36190500000000003,11.554712066666667,7.698024866666667,0.03546693333333333,0.2011222,0.0074508,0.09970953333333334,0.6419344666666666,0.03678013333333333,17.911002800000002,5,1.600264399142089,1.744960528371461,3913e2051df87aa83481b7bcf016a7201f7fbe23,v0.2.0-5-g0c57d4f,20.164562707723235,100.5,66.5,ws-amd,5093149e5318,6.563354603463993,0.00016872799897101054,12-64-64-3,True,0.01799702600110322,train,1000,"{""profile"": true, ""queue"": ""in_order""}",8.292439,375,28.848628,62484,180000,0.495407,5.428575,173.320681,,15,115.470373,0.532004,7614,3.016833,0.111762,1.495643,0,9.629017,0.551702,268.665042,55564.73608132254,1,0.0176994485,56498.935545929584,1389.1184020330634,,,32,2026-09-04T04:01:47+00:00,0.2.0,cup
syclnn,256,auto,True,AdaptiveCpp 25.10.0 $HOME/.local/opt/fnn-rocm/acpp/bin/acpp / host Clang 18.1.3 $HOME/.local/opt/fnn-rocm/acpp/bin/acpp,AMD Radeon RX 7900 XTX,gpu,70253211,float,5.600774777777778,19.08841866666667,0.142852,4.330538000000001,171.7052518888889,103.57130855555556,29.32206755555556,1.8785933333333336,0.011796,0.0,7.758903,0.063394,237.32258855555554,3,536.4640446110247,543.4627974323236,3913e2051df87aa83481b7bcf016a7201f7fbe23,v0.2.0-5-g0c57d4f,290.75848508704803,125.0,66.33333333333333,ws-amd,57fb2279a2f5,57.89303578299346,0.01088944732813013,784-512-256-10,True,0.26925465266685933,train,60000,"{""profile"": true, ""queue"": ""in_order""}",50.406973,2115,171.795768,6429960,571680000,1.285668,38.974842,1545.347267,,9,932.141777,263.898608,42342,16.90734,0.106164,0.0,0,69.830127,0.570546,2135.903297,222837.37497467198,1,0.21007636200000002,285610.4296017845,872.7797186507987,,,32,2026-09-04T04:01:51+00:00,0.2.0,mnist-512-256
syclnn,40,auto,True,AdaptiveCpp 25.10.0 $HOME/.local/opt/fnn-rocm/acpp/bin/acpp / host Clang 18.1.3 $HOME/.local/opt/fnn-rocm/acpp/bin/acpp,AMD Radeon RX 7900 XTX,gpu,70253211,float,0.07424366666666667,0.23991186666666667,0.0255844,0.03913306666666667,1.5576049333333333,0.9204528666666667,0.031453466666666666,0.044630199999999995,0.009786666666666667,0.077634,0.09477473333333333,0.035315533333333336,2.927290933333333,5,0.012232828489094264,0.015117728320218937,3913e2051df87aa83481b7bcf016a7201f7fbe23,v0.2.0-5-g0c57d4f,,60.0,1.0,ws-amd,d9807bf21d1d,1.2191103789126854,8.871449972502887e-05,17-4-1,True,0.0030004507978446783,train,124,"{""profile"": true, ""specialized_kernels"": false}",1.113655,60,3.598678,1164,26784,0.383766,0.586996,23.364074,,15,13.806793,0.471802,873,0.669453,0.1468,1.16451,0,1.421621,0.529733,43.909364,41327.12327396711,1,0.0027993655,44295.752019520136,1333.1330088376487,,,32,2026-09-04T04:01:52+00:00,0.2.0,monk
syclnn,40,auto,True,AdaptiveCpp 25.10.0 $HOME/.local/opt/fnn-rocm/acpp/bin/acpp / host Clang 18.1.3 $HOME/.local/opt/fnn-rocm/acpp/bin/acpp,AMD Radeon RX 7900 XTX,gpu,70253211,float,0.5761565999999999,2.0252835333333334,0.03240646666666667,0.3837259333333333,12.901090866666667,8.798183,0.03396626666666667,0.2297602,0.010141333333333334,0.10506393333333335,0.7064036,0.04276426666666667,25.5387266,5,1.1265720080784232,1.2284368055172088,3913e2051df87aa83481b7bcf016a7201f7fbe23,v0.2.0-5-g0c57d4f,21.060961427137954,105.0,69.5,ws-amd,e0ca2699c853,6.563354603463993,7.995450287125866e-05,12-64-64-3,True,0.02556427799863741,train,1000,"{""profile"": true, ""specialized_kernels"": false}",8.642349,375,30.379253,62484,180000,0.486097,5.755889,193.516363,,15,131.972745,0.509494,7614,3.446403,0.15212,1.575959,0,10.596054,0.641464,383.080899,39117.08361383414,1,0.025389491,39386.37446493118,977.9270903458535,,,32,2026-09-04T04:01:53+00:00,0.2.0,cup
syclnn,256,auto,True,AdaptiveCpp 25.10.0 $HOME/.local/opt/fnn-rocm/acpp/bin/acpp / host Clang 18.1.3 $HOME/.local/opt/fnn-rocm/acpp/bin/acpp,AMD Radeon RX 7900 XTX,gpu,70253211,float,5.667856777777778,19.69281666666667,0.14972333333333332,3.8796635555555556,176.469942,109.52860855555555,27.488327222222225,2.0136559999999997,0.016035666666666667,0.0,8.033254222222222,0.9933944444444445,279.97646433333335,3,456.56947309707806,462.52591495008977,3913e2051df87aa83481b7bcf016a7201f7fbe23,v0.2.0-5-g0c57d4f,343.1041710710124,127.42857142857143,70.28571428571429,ws-amd,c3ebe09f68cc,57.89303578299346,0.0064652243357462,784-512-256-10,True,0.31637121733122814,train,60000,"{""profile"": true, ""specialized_kernels"": false}",51.010711,2115,177.23535,6429960,571680000,1.34751,34.916972,1588.229478,,9,985.757477,247.394945,42342,18.122904,0.144321,0.0,0,72.299288,8.94055,2519.788179,189650.6278483051,1,0.2455040235,244395.17994294706,742.7982924058616,,,32,2026-09-04T04:01:57+00:00,0.2.0,mnist-512-256
syclnn,40,auto,True,AdaptiveCpp 25.10.0 $HOME/.local/opt/fnn-rocm/acpp/bin/acpp / host Clang 18.1.3 $HOME/.local/opt/fnn-rocm/acpp/bin/acpp,AMD Radeon RX 7900 XTX,gpu,70253211,float,0.07457699999999999,0.2397562,0.025679866666666665,0.03795286666666667,1.4135488,0.7889244000000001,0.030439533333333334,0.041419,0.009605466666666666,0.07501139999999999,0.09018306666666667,0.03702353333333333,2.5157720666666665,5,0.014531955736757678,0.017959064740064524,3913e2051df87aa83481b7bcf016a7201f7fbe23,v0.2.0-5-g0c57d4f,,64.0,1.0,ws-amd,c9c9393ff8d4,1.2191103789126854,8.610139775555581e-05,17-4-1,True,0.0025257439992856234,train,124,"{""derivative_from_output"": false, ""profile"": true}",1.118655,60,3.596343,1164,26784,0.385198,0.569293,21.203232,,15,11.833866,0.456593,873,0.621285,0.144082,1.125171,0,1.352746,0.555353,37.736581,49094.44505661378,1,0.0024233084999999996,51169.712812050144,1583.6917760197994,,,32,2026-09-04T04:01:58+00:00,0.2.0,monk
syclnn,40,auto,True,AdaptiveCpp 25.10.0 $HOME/.local/opt/fnn-rocm/acpp/bin/acpp / host Clang 18.1.3 $HOME/.local/opt/fnn-rocm/acpp/bin/acpp,AMD Radeon RX 7900 XTX,gpu,70253211,float,0.5637742666666666,1.9874709333333334,0.0331594,0.381875,11.777502266666666,7.781471333333333,0.03768033333333333,0.21211613333333332,0.008997733333333334,0.09528293333333333,0.6756742,0.0422536,21.999937666666664,5,1.3100278049794525,1.4284807010540006,3913e2051df87aa83481b7bcf016a7201f7fbe23,v0.2.0-5-g0c57d4f,20.044026299729012,100.0,51.5,ws-amd,891e5b5307c2,6.563354603463993,0.0008203325967770098,12-64-64-3,True,0.021984266204526648,train,1000,"{""derivative_from_output"": false, ""profile"": true}",8.456614,375,29.812064,62484,180000,0.497391,5.728125,176.662534,,15,116.72207,0.565205,7614,3.181742,0.134966,1.429244,0,10.135113,0.633804,329.999065,45487.07656178654,1,0.021769596000000002,45935.625080042824,1137.1769140446634,,,32,2026-09-04T04:01:59+00:00,0.2.0,cup
syclnn,256,auto,True,AdaptiveCpp 25.10.0 $HOME/.local/opt/fnn-rocm/acpp/bin/acpp / host Clang 18.1.3 $HOME/.local/opt/fnn-rocm/acpp/bin/acpp,AMD Radeon RX 7900 XTX,gpu,70253211,float,5.673295111111111,19.43196877777778,0.13753588888888887,3.934121333333333,171.04261855555558,103.91887566666668,27.721106555555554,1.9809808888888891,0.01694033333333333,0.0,8.227794,0.6927038888888889,269.0040656666667,3,473.2053897533055,479.378865105211,3913e2051df87aa83481b7bcf016a7201f7fbe23,v0.2.0-5-g0c57d4f,344.21181294342387,127.92857142857143,71.14285714285714,ws-amd,25de61d009bb,57.89303578299346,0.003144760669480662,784-512-256-10,True,0.30524893234057043,train,60000,"{""derivative_from_output"": false, ""profile"": true}",51.059656,2115,174.887719,6429960,571680000,1.237823,35.407092,1539.383567,,9,935.269881,249.489959,42342,17.828828,0.152463,0.0,0,74.050146,6.234335,2421.036591,196560.88406251057,1,0.243199671,246710.8600652671,769.8634625781664,,,32,2026-09-04T04:02:03+00:00,0.2.0,mnist-512-256
syclnn,40,auto,True,AdaptiveCpp 25.10.0 $HOME/.local/opt/fnn-rocm/acpp/bin/acpp / host Clang 18.1.3 $HOME/.local/opt/fnn-rocm/acpp/bin/acpp,AMD Radeon RX 7900 XTX,gpu,70253211,float,0.07867146666666666,0.2377158,0.025091133333333335,0.03799653333333333,1.4356074666666667,0.7863891333333334,0.034149,0.045163933333333336,0.0094004,0.07812253333333333,0.10290753333333333,0.036549533333333335,2.5744249999999997,5,0.014099469020540704,0.017424583554155576,3913e2051df87aa83481b7bcf016a7201f7fbe23,v0.2.0-5-g0c57d4f,,64.0,2.0,ws-amd,1d82e6823542,1.2191103789126854,0.00010864859796129141,17-4-1,True,0.0026032185996882617,train,124,"{""host_adam_correction"": false, ""profile"": true}",1.180072,60,3.565737,1164,26784,0.376367,0.569948,21.534112,,15,11.795837,0.512235,873,0.677459,0.141006,1.171838,0,1.543613,0.548243,38.616375,47633.34128561049,1,0.002433459,50956.272532226765,1536.5593963100157,,,32,2026-09-04T04:02:04+00:00,0.2.0,monk
syclnn,40,auto,True,AdaptiveCpp 25.10.0 $HOME/.local/opt/fnn-rocm/acpp/bin/acpp / host Clang 18.1.3 $HOME/.local/opt/fnn-rocm/acpp/bin/acpp,AMD Radeon RX 7900 XTX,gpu,70253211,float,0.5718271333333332,2.0397212666666666,0.03341326666666666,0.36953586666666666,12.104607533333333,8.0125502,0.035873466666666666,0.20923013333333335,0.011026200000000002,0.094855,0.726575,0.043837666666666664,22.619939733333336,5,1.2589323543697968,1.3727651927036297,3913e2051df87aa83481b7bcf016a7201f7fbe23,v0.2.0-5-g0c57d4f,20.858201714901952,103.5,70.5,ws-amd,56bbe994661a,6.563354603463993,0.00027102739841211587,12-64-64-3,True,0.02287652700324543,train,1000,"{""host_adam_correction"": false, ""profile"": true}",8.577407,375,30.595819,62484,180000,0.501199,5.543038,181.569113,,15,120.188253,0.538102,7614,3.138452,0.165393,1.422825,0,10.898625,0.657565,339.299096,43712.928971173504,1,0.022147673,45151.4703147369,1092.8232242793374,,,32,2026-09-04T04:02:05+00:00,0.2.0,cup
syclnn,256,auto,True,AdaptiveCpp 25.10.0 $HOME/.local/opt/fnn-rocm/acpp/bin/acpp / host Clang 18.1.3 $HOME/.local/opt/fnn-rocm/acpp/bin/acpp,AMD Radeon RX 7900 XTX,gpu,70253211,float,5.622985888888889,19.54471988888889,0.13877566666666666,3.8508987777777772,173.76282866666668,106.74557944444445,27.838944666666666,2.0027413333333333,0.015706777777777778,0.0,8.00247622222222,0.3568875555555555,274.1068195555556,3,468.13552385907957,474.24285733514597,3913e2051df87aa83481b7bcf016a7201f7fbe23,v0.2.0-5-g0c57d4f,354.60847590709454,129.85714285714286,71.35714285714286,ws-amd,5e7458df153a,57.89303578299346,0.0026222161686746404,784-512-256-10,True,0.30855475100300583,train,60000,"{""host_adam_correction"": false, ""profile"": true}",50.606873,2115,175.902479,6429960,571680000,1.248981,34.658089,1563.865458,,9,960.710215,250.550502,42342,18.024672,0.141361,0.0,0,72.022286,3.211988,2466.961376,194454.954282702,1,0.246230613,243674.00652980545,761.6152376072495,,,32,2026-09-04T04:02:09+00:00,0.2.0,mnist-512-256
syclnn,40,auto,True,AdaptiveCpp 25.10.0 $HOME/.local/opt/fnn-rocm/acpp/bin/acpp / host Clang 18.1.3 $HOME/.local/opt/fnn-rocm/acpp/bin/acpp,AMD Radeon RX 7900 XTX,gpu,70253211,float,0.0763696,0.23101126666666666,0.024824533333333332,0.036760466666666665,1.333678,0.7167706,0.029223600000000002,0.04249713333333334,0.009349533333333333,0.07607486666666667,0.09079640000000001,0.039308800000000005,2.379808533333333,5,0.015554776723741386,0.019223100266698705,3913e2051df87aa83481b7bcf016a7201f7fbe23,v0.2.0-5-g0c57d4f,,64.0,1.0,ws-amd,6a62cdec5107,1.2191103789126854,0.00014020279922988266,17-4-1,True,0.002359661000082269,train,124,"{""profile"": true, ""workgroup_size"": 256}",1.145544,60,3.465169,1164,26784,0.372368,0.551407,20.00517,,15,10.751559,0.438354,873,0.637457,0.140243,1.141123,0,1.361946,0.589632,35.697128,52549.92136399117,1,0.0022523375,55053.91620927148,1695.1587536771344,,,32,2026-09-04T04:02:10+00:00,0.2.0,monk
syclnn,40,auto,True,AdaptiveCpp 25.10.0 $HOME/.local/opt/fnn-rocm/acpp/bin/acpp / host Clang 18.1.3 $HOME/.local/opt/fnn-rocm/acpp/bin/acpp,AMD Radeon RX 7900 XTX,gpu,70253211,float,0.5598308666666667,1.9468492666666668,0.03068646666666667,0.36715933333333334,11.3359474,7.434673933333333,0.0343696,0.20807293333333332,0.008952133333333334,0.09262413333333333,0.6527287333333334,0.040255599999999996,20.917810866666667,5,1.364518571366605,1.4878985301060417,3913e2051df87aa83481b7bcf016a7201f7fbe23,v0.2.0-5-g0c57d4f,20.34027347547817,101.5,50.5,ws-amd,89b1e4ab4867,6.563354603463993,0.0002678275021025939,12-64-64-3,True,0.021106345200678334,train,1000,"{""profile"": true, ""workgroup_size"": 256}",8.397463,375,29.202739,62484,180000,0.460297,5.50739,170.039211,,15,111.520109,0.515544,7614,3.121094,0.134282,1.389362,0,9.790931,0.603834,313.767163,47379.117061340454,1,0.020518394,48736.75785736447,1184.4779265335112,,,32,2026-09-04T04:02:11+00:00,0.2.0,cup
syclnn,256,auto,True,AdaptiveCpp 25.10.0 $HOME/.local/opt/fnn-rocm/acpp/bin/acpp / host Clang 18.1.3 $HOME/.local/opt/fnn-rocm/acpp/bin/acpp,AMD Radeon RX 7900 XTX,gpu,70253211,float,5.818567777777777,19.644024333333334,0.14324222222222222,3.975124111111111,175.593434,107.53534166666667,28.124392333333333,2.0638505555555557,0.015466888888888888,0.0,8.273424111111112,1.0190092222222222,278.7585564444445,3,458.066832497657,464.0428090211365,3913e2051df87aa83481b7bcf016a7201f7fbe23,v0.2.0-5-g0c57d4f,352.5450661875948,128.28571428571428,70.85714285714286,ws-amd,853c1d61672b,57.89303578299346,0.003895803330427383,784-512-256-10,True,0.31533704200410284,train,60000,"{""profile"": true, ""workgroup_size"": 256}",52.36711,2115,176.796219,6429960,571680000,1.28918,35.776117,1580.340906,,9,967.818075,253.119531,42342,18.574655,0.139202,0.0,0,74.460817,9.171083,2508.827008,190272.6036201587,1,0.248431755,241515.01888315365,745.2343641789549,,,32,2026-09-04T04:02:16+00:00,0.2.0,mnist-512-256
syclnn,40,auto,True,AdaptiveCpp 25.10.0 $HOME/.local/opt/fnn-rocm/acpp/bin/acpp / host Clang 18.1.3 $HOME/.local/opt/fnn-rocm/acpp/bin/acpp,AMD Radeon RX 7900 XTX,gpu,70253211,float,0.07503873333333333,0.24013206666666667,0.02549533333333333,0.03619000000000001,1.5819090666666669,0.9444660666666667,0.031862133333333334,0.04409346666666667,0.015330933333333333,0.07637793333333334,0.0929224,0.042199733333333336,3.0165348,5,0.011930498615243798,0.014744099204104693,3913e2051df87aa83481b7bcf016a7201f7fbe23,v0.2.0-5-g0c57d4f,,51.0,2.0,ws-amd,eb74f7549a62,1.2191103789126854,9.842749859672066e-05,17-4-1,True,0.0030764849972911177,train,124,"{""persistent_workspace"": false, ""profile"": true}",1.125581,60,3.601981,1164,26784,0.38243,0.54285,23.728636,,15,14.166991,0.477932,882,0.661402,0.229964,1.145669,0,1.393836,0.632996,45.248022,40305.738565012834,1,0.0028957715,42821.05822230794,1300.1851150004138,,,32,2026-09-04T04:02:16+00:00,0.2.0,monk
syclnn,40,auto,True,AdaptiveCpp 25.10.0 $HOME/.local/opt/fnn-rocm/acpp/bin/acpp / host Clang 18.1.3 $HOME/.local/opt/fnn-rocm/acpp/bin/acpp,AMD Radeon RX 7900 XTX,gpu,70253211,float,0.5768896,1.9664672,0.03276506666666667,0.3752752,12.097911066666667,8.097657866666667,0.03710973333333333,0.21630306666666668,0.0126882,0.09421766666666667,0.6885374666666666,0.04442013333333333,23.622938533333336,5,1.2295541790259794,1.3407306386649223,3913e2051df87aa83481b7bcf016a7201f7fbe23,v0.2.0-5-g0c57d4f,19.33909919204598,96.5,70.5,ws-amd,ebaa2bfc315d,6.563354603463993,0.0015046593005536117,12-64-64-3,True,0.023423123999964445,train,1000,"{""persistent_workspace"": false, ""profile"": true}",8.653344,375,29.497008,62484,180000,0.491476,5.629128,181.468666,,15,121.464868,0.556646,7623,3.244546,0.190323,1.413265,0,10.328062,0.666302,354.344078,42692.85343840207,1,0.022402525,44637.82542369666,1067.3213359600516,,,32,2026-09-04T04:02:17+00:00,0.2.0,cup
syclnn,256,auto,True,AdaptiveCpp 25.10.0 $HOME/.local/opt/fnn-rocm/acpp/bin/acpp / host Clang 18.1.3 $HOME/.local/opt/fnn-rocm/acpp/bin/acpp,AMD Radeon RX 7900 XTX,gpu,70253211,float,5.6592808888888895,19.63764,0.14352944444444446,3.8580831111111116,173.29801366666666,106.62923566666667,27.291236777777776,2.0014823333333336,0.030818111111111116,0.0,8.046707333333334,0.7616532222222223,274.9631222222222,3,465.02526284869504,471.0920196109256,3913e2051df87aa83481b7bcf016a7201f7fbe23,v0.2.0-5-g0c57d4f,353.3929932831379,129.78571428571428,71.78571428571429,ws-amd,fca8cd338f14,57.89303578299346,0.004523088500718586,784-512-256-10,True,0.310618479338397,train,60000,"{""persistent_workspace"": false, ""profile"": true}",50.933528,2115,176.73876,6429960,571680000,1.291765,34.722748,1559.682123,,9,959.663121,245.621131,42351,18.013341,0.277363,0.0,0,72.420366,6.854879,2474.6681,193163.00861364472,1,0.2486739165,241279.8287994149,756.5551170701085,,,32,2026-09-04T04:02:21+00:00,0.2.0,mnist-512-256
syclnn,40,auto,True,AdaptiveCpp 25.10.0 $HOME/.local/opt/fnn-rocm/acpp/bin/acpp / host Clang 18.1.3 $HOME/.local/opt/fnn-rocm/acpp/bin/acpp,AMD Radeon RX 7900 XTX,gpu,70253211,float,0.0726654,0.2308656666666667,0.024365666666666667,0.03675546666666667,1.3698203333333334,0.7886758666666667,0.004514866666666667,0.040851533333333336,0.009106933333333334,0.07267066666666668,0.08934826666666668,0.03543626666666667,2.4825238,5,0.014689462961731339,0.018153717304493614,3913e2051df87aa83481b7bcf016a7201f7fbe23,v0.2.0-5-g0c57d4f,,64.0,2.0,ws-amd,9371fbfa23ff,1.2191103789126854,0.00012458470300771244,17-4-1,True,0.0024986618023831396,train,124,"{""pinned_host"": false, ""profile"": true}",1.089981,60,3.462985,1164,26784,0.365485,0.551332,20.547305,,15,11.830138,0.067723,873,0.612773,0.136604,1.09006,0,1.340224,0.531544,37.237857,49626.56405990317,1,0.002389023,51904.06287423771,1600.856905158167,,,32,2026-09-04T04:02:22+00:00,0.2.0,monk
syclnn,40,auto,True,AdaptiveCpp 25.10.0 $HOME/.local/opt/fnn-rocm/acpp/bin/acpp / host Clang 18.1.3 $HOME/.local/opt/fnn-rocm/acpp/bin/acpp,AMD Radeon RX 7900 XTX,gpu,70253211,float,0.5615957333333333,2.013998133333333,0.03181133333333333,0.37401406666666664,11.884601133333332,7.9034258,0.005405533333333334,0.2076384,0.009171,0.09598713333333334,0.681554,0.04548086666666666,22.481820866666666,5,1.2769407221936966,1.3924018796473285,3913e2051df87aa83481b7bcf016a7201f7fbe23,v0.2.0-5-g0c57d4f,21.45687199619715,107.0,71.5,ws-amd,aec8a45c6014,6.563354603463993,5.982629954814911e-05,12-64-64-3,True,0.022553905204404145,train,1000,"{""pinned_host"": false, ""profile"": true}",8.423936,375,30.209972,62484,180000,0.47717,5.610211,178.269017,,15,118.551387,0.081083,7614,3.114576,0.137565,1.439807,0,10.22331,0.682213,337.227313,44338.21952061446,1,0.0222763585,44890.64045184944,1108.4554880153617,,,32,2026-09-04T04:02:22+00:00,0.2.0,cup
syclnn,256,auto,True,AdaptiveCpp 25.10.0 $HOME/.local/opt/fnn-rocm/acpp/bin/acpp / host Clang 18.1.3 $HOME/.local/opt/fnn-rocm/acpp/bin/acpp,AMD Radeon RX 7900 XTX,gpu,70253211,float,5.851033666666667,19.81008611111111,0.14023144444444446,4.121768888888889,157.9725258888889,112.49837522222222,4.813000777777777,2.0048574444444447,0.019102444444444443,0.0,8.71406988888889,0.061055777777777785,275.75986211111115,3,465.3557441518451,471.4268123995816,3913e2051df87aa83481b7bcf016a7201f7fbe23,v0.2.0-5-g0c57d4f,337.4122444804816,130.6153846153846,76.46153846153847,ws-amd,fb3d8fd50ce3,57.89303578299346,0.012791967494801326,784-512-256-10,True,0.3103978876703574,train,60000,"{""pinned_host"": false, ""profile"": true}",52.659303,2115,178.290775,6429960,571680000,1.262083,37.09592,1421.752733,,9,1012.485377,43.317007,42342,18.043717,0.171922,0.0,0,78.426629,0.549502,2481.838759,193300.28451649775,1,0.27457127,218522.49873047534,757.0927810229496,,,32,2026-09-04T04:02:27+00:00,0.2.0,mnist-512-256
syclnn,40,auto,True,AdaptiveCpp 25.10.0 $HOME/.local/opt/fnn-rocm/acpp/bin/acpp / host Clang 18.1.3 $HOME/.local/opt/fnn-rocm/acpp/bin/acpp,AMD Radeon RX 7900 XTX,gpu,70253211,float,0.07816173333333333,0.10065973333333332,0.053908199999999996,0.041883133333333336,1.6375088,0.9232338666666667,0.006089466666666667,0.048481133333333336,0.17401213333333335,0.07868026666666667,0.13239913333333334,0.055312933333333335,3.274782866666667,5,0.011139895645000288,0.013767046274444557,3913e2051df87aa83481b7bcf016a7201f7fbe23,v0.2.0-5-g0c57d4f,,64.0,2.0,ws-amd,e7eb0c59f966,1.2191103789126854,7.88773992098867e-05,17-4-1,True,0.003294824401382357,train,124,"{""bias_gemv"": false, ""derivative_from_output"": false, ""direct_input"": false, ""fine_deps"": false, ""host_adam_correction"": false, ""join_kernels"": true, ""loss_reduction"": false, ""memory"": ""shared"", ""persistent_workspace"": false, ""pinned_host"": false, ""profile"": true, ""specialized_kernels"": false}",1.172426,60,1.509896,1224,26784,0.808623,0.628247,24.562632,,15,13.848508,0.091342,1092,0.727217,2.610182,1.180204,0,1.985987,0.829694,49.121743,37634.78258446043,1,0.003007202,41234.3434195641,1214.0252446600139,,,32,2026-09-04T04:02:27+00:00,0.2.0,monk
syclnn,40,auto,True,AdaptiveCpp 25.10.0 $HOME/.local/opt/fnn-rocm/acpp/bin/acpp / host Clang 18.1.3 $HOME/.local/opt/fnn-rocm/acpp/bin/acpp,AMD Radeon RX 7900 XTX,gpu,70253211,float,0.7018734,2.3075115333333334,0.0610724,0.48067313333333334,15.266233199999999,9.384790466666667,0.006504800000000001,0.32077113333333335,0.9071310666666667,0.1160112,0.9798940666666667,0.07611506666666666,27.043186266666666,5,1.0621469325083703,1.1581864056661844,3913e2051df87aa83481b7bcf016a7201f7fbe23,v0.2.0-5-g0c57d4f,48.46316715760622,116.66666666666667,76.0,ws-amd,bd91dbb1f021,6.563354603463993,0.00013456079759634892,12-64-64-3,True,0.027114892599638552,train,1000,"{""bias_gemv"": false, ""derivative_from_output"": false, ""direct_input"": false, ""fine_deps"": false, ""host_adam_correction"": false, ""join_kernels"": true, ""loss_reduction"": false, ""memory"": ""shared"", ""persistent_workspace"": false, ""pinned_host"": false, ""profile"": true, ""specialized_kernels"": false}",10.528101,375,34.612673,62544,180000,0.916086,7.210097,228.993498,,15,140.771857,0.097572,8778,4.811567,13.606966,1.740168,0,14.698411,1.141726,405.647794,36880.101823207304,1,0.0265403025,37678.54567595829,922.0025455801826,,,32,2026-09-04T04:02:28+00:00,0.2.0,cup
syclnn,256,auto,True,AdaptiveCpp 25.10.0 $HOME/.local/opt/fnn-rocm/acpp/bin/acpp / host Clang 18.1.3 $HOME/.local/opt/fnn-rocm/acpp/bin/acpp,AMD Radeon RX 7900 XTX,gpu,70253211,float,43.68492388888889,174.30621477777777,0.13551344444444446,34.47106088888889,1362.4223573333334,816.8806958888889,4.2437317777777785,55.547912000000004,19.363387555555555,0.0,213.78891711111112,0.4380857777777778,1315.1328042222221,3,106.94770774758705,108.34295609432868,3913e2051df87aa83481b7bcf016a7201f7fbe23,v0.2.0-5-g0c57d4f,1790.9056674297753,149.45,92.78333333333333,ws-amd,e4dbee70a142,57.89303578299346,0.007366974338462118,784-512-256-10,True,1.3506174469948746,train,60000,"{""bias_gemv"": false, ""derivative_from_output"": false, ""direct_input"": false, ""fine_deps"": false, ""host_adam_correction"": false, ""join_kernels"": true, ""loss_reduction"": false, ""memory"": ""shared"", ""persistent_workspace"": false, ""pinned_host"": false, ""profile"": true, ""specialized_kernels"": false}",393.164315,2115,1568.755933,6429996,571680000,1.219621,310.239548,12261.801216,,9,7351.926263,38.193586,48714,499.931208,174.270488,0.0,0,1924.100254,3.942772,11836.195238,44424.126264250524,1,1.296095576,46292.88233910306,173.99449453498121,,,32,2026-09-04T04:02:43+00:00,0.2.0,mnist-512-256
syclnn,124,auto,True,AdaptiveCpp 25.10.0 $HOME/.local/opt/fnn-rocm/acpp/bin/acpp / host Clang 18.1.3 $HOME/.local/opt/fnn-rocm/acpp/bin/acpp,AMD Radeon RX 7900 XTX,gpu,70253211,float,0.02818722222222222,0.0,0.013191222222222222,0.0,0.19107066666666667,0.08094988888888889,0.06874233333333334,0.0,0.0,0.0,0.0,0.03814,0.42685355555555554,3,0.031683523937160056,0.036084013372876735,3913e2051df87aa83481b7bcf016a7201f7fbe23,v0.2.0-5-g0c57d4f,,64.0,4.0,ws-amd,9810afdb4b88,1.354368932038835,4.151850104487176e-05,17-4-1,True,0.0005635736742988229,infer,124,"{""profile"": true}",0.253685,0,0.0,4464,75888,0.118721,0.0,1.719636,,0,0.728549,0.618681,54,0.0,0.0,0.0,0,0.0,0.34326,3.841682,220024.47178583374,1,,,1774.390901498659,,,32,2026-09-04T03:36:55+00:00,0.2.0,monk
syclnn,124,auto,True,AdaptiveCpp 25.10.0 $HOME/.local/opt/fnn-rocm/acpp/bin/acpp / host Clang 18.1.3 $HOME/.local/opt/fnn-rocm/acpp/bin/acpp,AMD Radeon RX 7900 XTX,gpu,70253211,double,0.03316011111111111,0.0,0.013538888888888889,0.0,0.19983377777777778,0.08414888888888888,0.06898588888888889,0.0,0.0,0.0,0.0,0.03910555555555555,0.4283846666666667,3,0.030645641943687872,0.03490198110253341,3913e2051df87aa83481b7bcf016a7201f7fbe23,v0.2.0-5-g0c57d4f,,66.0,2.0,ws-amd,f5096d50b6eb,0.6771844660194175,2.2113172841879193e-05,17-4-1,True,0.000582660334960868,infer,124,"{""profile"": true}",0.298441,0,0.0,8928,151776,0.12185,0.0,1.798504,,0,0.75734,0.620873,54,0.0,0.0,0.0,0,0.0,0.35195,3.855462,212816.95794227687,1,,,1716.2657898570715,,,32,2026-09-04T03:36:55+00:00,0.2.0,monk
syclnn,1,auto,True,AdaptiveCpp 25.10.0 $HOME/.local/opt/fnn-rocm/acpp/bin/acpp / host Clang 18.1.3 $HOME/.local/opt/fnn-rocm/acpp/bin/acpp,AMD Radeon RX 7900 XTX,gpu,70253211,float,23.51827011111111,0.0,8.201390222222223,0.0,144.47566433333333,112.55550033333333,0.20050366666666666,0.0,0.0,0.0,0.0,0.020866666666666665,306.0889327777778,3,0.03345183194943389,0.03518529317782623,3913e2051df87aa83481b7bcf016a7201f7fbe23,v0.2.0-5-g0c57d4f,328.9890953217691,125.57142857142857,85.5,ws-amd,e3e27ad8393c,0.4745635442087479,0.021110607335382725,12-64-64-3,True,0.30228538799565285,infer,1000,"{""profile"": true}",211.664431,0,0.0,108000,432000,73.812512,0.0,1300.280979,,0,1012.999503,1.804533,63009,0.0,0.0,0.0,0,0.0,0.1878,2754.800395,3308.13211525256,1,,,3308.13211525256,,,32,2026-09-04T03:36:59+00:00,0.2.0,cup
syclnn,1000,auto,True,AdaptiveCpp 25.10.0 $HOME/.local/opt/fnn-rocm/acpp/bin/acpp / host Clang 18.1.3 $HOME/.local/opt/fnn-rocm/acpp/bin/acpp,AMD Radeon RX 7900 XTX,gpu,70253211,float,0.04221844444444445,0.0,0.015184666666666667,0.0,0.25966,0.12228755555555554,0.07996933333333334,0.0,0.0,0.0,0.0,0.047259999999999996,0.5369491111111111,3,13.677791073495486,14.386569012826145,3913e2051df87aa83481b7bcf016a7201f7fbe23,v0.2.0-5-g0c57d4f,,54.0,4.0,ws-amd,ab62045a0c9d,9.157562233749674,3.713817083432025e-05,12-64-64-3,True,0.0007393006623412172,infer,1000,"{""profile"": true}",0.379966,0,0.0,108000,432000,0.136662,0.0,2.33694,,0,1.100588,0.719724,72,0.0,0.0,0.0,0,0.0,0.42534,4.832542,1352629.6552111832,1,,,1352.6296552111833,,,32,2026-09-04T03:36:59+00:00,0.2.0,cup
syclnn,1,auto,True,AdaptiveCpp 25.10.0 $HOME/.local/opt/fnn-rocm/acpp/bin/acpp / host Clang 18.1.3 $HOME/.local/opt/fnn-rocm/acpp/bin/acpp,AMD Radeon RX 7900 XTX,gpu,70253211,double,26.772345555555557,0.0,8.147512666666666,0.0,160.34654444444445,125.22276477777778,0.20392144444444446,0.0,0.0,0.0,0.0,0.020604444444444443,319.897221,3,0.031566563314978306,0.033202330638657955,3913e2051df87aa83481b7bcf016a7201f7fbe23,v0.2.0-5-g0c57d4f,348.9241086323018,124.0,86.06666666666666,ws-amd,76db89d61a6c,0.23728177210437396,0.014578237668805172,12-64-64-3,True,0.3203389580012299,infer,1000,"{""profile"": true}",240.95111,0,0.0,216000,864000,73.327614,0.0,1443.1189,,0,1127.004883,1.835293,63009,0.0,0.0,0.0,0,0.0,0.18544,2879.074989,3121.6933658008606,1,,,3121.6933658008606,,,32,2026-09-04T03:37:02+00:00,0.2.0,cup
syclnn,1000,auto,True,AdaptiveCpp 25.10.0 $HOME/.local/opt/fnn-rocm/acpp/bin/acpp / host Clang 18.1.3 $HOME/.local/opt/fnn-rocm/acpp/bin/acpp,AMD Radeon RX 7900 XTX,gpu,70253211,double,0.12121533333333333,0.0,0.014622333333333333,0.0,0.4016598888888889,0.1655571111111111,0.10026511111111111,0.0,0.0,0.0,0.0,0.04405333333333333,0.6696825555555556,3,11.962324333420176,12.5822074377232,3913e2051df87aa83481b7bcf016a7201f7fbe23,v0.2.0-5-g0c57d4f,,61.0,5.0,ws-amd,6a9e68b0c853,4.578781116874837,5.711183378783358e-05,12-64-64-3,True,0.000845320668304339,infer,1000,"{""profile"": true}",1.090938,0,0.0,216000,864000,0.131601,0.0,3.614939,,0,1.490014,0.902386,72,0.0,0.0,0.0,0,0.0,0.39648,6.027143,1182983.0234790521,1,,,1182.9830234790522,,,32,2026-09-04T03:37:02+00:00,0.2.0,cup
syclnn,4096,auto,True,AdaptiveCpp 25.10.0 $HOME/.local/opt/fnn-rocm/acpp/bin/acpp / host Clang 18.1.3 $HOME/.local/opt/fnn-rocm/acpp/bin/acpp,AMD Radeon RX 7900 XTX,gpu,70253211,float,0.847600888888889,0.0,0.5173703333333334,0.0,84.76377577777777,5.339707555555555,78.05909700000001,0.0,0.0,0.0,0.0,0.026453444444444443,88.43873777777777,3,341.87693583122325,342.8711802095004,3913e2051df87aa83481b7bcf016a7201f7fbe23,v0.2.0-5-g0c57d4f,119.53914511328912,71.0,13.555555555555555,ws-amd,33f21a8101ba,108.72034544069088,0.003433860004103423,784-512-256-10,True,0.18780091100294763,infer,60000,"{""profile"": true}",7.628408,0,0.0,21600000,1693440000,4.656333,0.0,762.873982,,0,48.057368,702.531873,954,0.0,0.0,0.0,0,0.0,0.238081,795.94864,319487.26808390336,1,,,79.87181702097584,,,32,2026-09-04T03:40:51+00:00,0.2.0,mnist-512-256
syclnn,4096,auto,True,AdaptiveCpp 25.10.0 $HOME/.local/opt/fnn-rocm/acpp/bin/acpp / host Clang 18.1.3 $HOME/.local/opt/fnn-rocm/acpp/bin/acpp,AMD Radeon RX 7900 XTX,gpu,70253211,double,1.1506374444444445,0.0,0.9006622222222221,0.0,223.20765422222223,65.81454944444445,155.3418051111111,0.0,0.0,0.0,0.0,0.03834333333333333,227.68061744444444,3,150.894210145446,151.33303974881457,3913e2051df87aa83481b7bcf016a7201f7fbe23,v0.2.0-5-g0c57d4f,352.0604428734223,93.61111111111111,24.944444444444443,ws-amd,a5a062bc03e3,54.36017272034544,0.001626857163500972,784-512-256-10,True,0.4254954510057966,infer,60000,"{""profile"": true}",10.355737,0,0.0,43200000,3386880000,8.10596,0.0,2008.868888,,0,592.330945,1398.076246,954,0.0,0.0,0.0,0,0.0,0.34509,2049.125557,141012.08334465275,1,,,35.25302083616319,,,32,2026-09-04T03:46:14+00:00,0.2.0,mnist-512-256
syclnn,4096,auto,True,AdaptiveCpp 25.10.0 $HOME/.local/opt/fnn-rocm/acpp/bin/acpp / host Clang 18.1.3 $HOME/.local/opt/fnn-rocm/acpp/bin/acpp,AMD Radeon RX 7900 XTX,gpu,70253211,float,1.3950002222222222,0.0,0.532749,0.0,90.767477,11.330487666666667,77.50924011111111,0.0,0.0,0.0,0.0,0.02543566666666667,94.392293,3,1164.9730611637028,1167.5487738285851,3913e2051df87aa83481b7bcf016a7201f7fbe23,v0.2.0-5-g0c57d4f,136.2034196858731,80.22222222222223,15.0,ws-amd,3cebe8bad439,174.16334549536907,0.0007389728319443234,784-1024-1024-10,True,0.19176052000451213,infer,60000,"{""profile"": true}",12.555002,0,0.0,21600000,1693440000,4.794741,0.0,816.907293,,0,101.974389,697.583161,954,0.0,0.0,0.0,0,0.0,0.228921,849.530637,312890.26541327796,1,,,78.2225663533195,,,32,2026-09-04T03:50:27+00:00,0.2.0,mnist
syclnn,4096,auto,True,AdaptiveCpp 25.10.0 $HOME/.local/opt/fnn-rocm/acpp/bin/acpp / host Clang 18.1.3 $HOME/.local/opt/fnn-rocm/acpp/bin/acpp,AMD Radeon RX 7900 XTX,gpu,70253211,double,2.301868777777778,0.0,0.8937613333333333,0.0,377.0969934444445,222.31348677777777,151.58787655555557,0.0,0.0,0.0,0.0,0.03786233333333333,381.5225476666667,3,386.45592332335485,387.3103631806408,3913e2051df87aa83481b7bcf016a7201f7fbe23,v0.2.0-5-g0c57d4f,676.9935862644343,133.0909090909091,45.36363636363637,ws-amd,c994c255068a,87.08167274768454,0.004404286165178517,784-1024-1024-10,True,0.578062921325909,infer,60000,"{""profile"": true}",20.716819,0,0.0,43200000,3386880000,8.043852,0.0,3393.872941,,0,2000.821381,1364.290889,954,0.0,0.0,0.0,0,0.0,0.340761,3433.702929,103794.92921354888,1,,,25.94873230338722,,,32,2026-09-04T03:57:12+00:00,0.2.0,mnist
