backend,batch,blas,check_ok,compiler,device,device_type,driver,dtype,epoch_act_ms,epoch_biasgrad_ms,epoch_d2h_ms,epoch_delta_ms,epoch_device_total_ms,epoch_gemm_ms,epoch_h2d_ms,epoch_loss_ms,epoch_other_ms,epoch_reg_ms,epoch_update_ms,epoch_wait_ms,epoch_wall_ms,epochs,gflops_gemm,gflops_total,git_bench,git_lib,gpu_energy_j,gpu_power_w,gpu_util_pct,host,id,intensity,iqr_epoch_s,layers,losses_finite,median_epoch_s,mode,n_samples,options,prof_act_ms,prof_batches,prof_biasgrad_ms,prof_bytes_d2h,prof_bytes_h2d,prof_d2h_ms,prof_delta_ms,prof_device_total_ms,prof_epoch_wall_ms,prof_epochs,prof_gemm_ms,prof_h2d_ms,prof_launches,prof_loss_ms,prof_other_ms,prof_reg_ms,prof_unprofiled,prof_update_ms,prof_wait_ms,prof_wall_ms,samples_per_s,seed,steady_epoch_s,steady_samples_per_s,steps_per_s,tag,threads,threads_effective,timestamp,version,workload
cudann,40,cublas,True,nvcc 12.9.86 /usr/local/cuda-12.9/bin/nvcc / host GNU 13.3.0,NVIDIA GeForce GTX 1080 Ti,gpu,13.0,float,0.0458752,0.13416086666666666,0.006606933333333333,0.022926933333333333,0.6232907333333333,0.2588712,0.0096956,0.027082666666666665,0.004343466666666667,0.0398506,0.07387726666666666,0.005170933333333333,0.8133916,5,0.045197538760461224,0.0558565921473006,e2e85a4844c129ce900851a7a2cbbd912a6b3532,v0.1.0-6-gfd2d0d5-dirty,,,,ea8906220083,4b61e78043ba,1.2191103789126854,3.10792936943471e-05,17-4-1,True,0.0008120796177536249,train,124,"{""profile"": true}",0.688128,60,2.012413,1164,27744,0.099104,0.343904,9.349361,,15,3.883068,0.145434,876,0.40624,0.065152,0.597759,0,1.108159,0.077564,12.200874,152694.3877042609,1,0.0007856880000000001,157823.46173035604,4925.625409814868,,,16,2026-09-05T06:38:30+00:00,0.1.0,monk
cudann,124,cublas,True,nvcc 12.9.86 /usr/local/cuda-12.9/bin/nvcc / host GNU 13.3.0,NVIDIA GeForce GTX 1080 Ti,gpu,13.0,float,0.016633600000000002,0.0,0.0067518000000000005,0.0,0.08093753333333333,0.04126933333333334,0.0162828,0.0,0.0,0.0,0.0,0.005125133333333334,0.12280926666666667,5,0.1089404762943019,0.12407109800184382,e2e85a4844c129ce900851a7a2cbbd912a6b3532,v0.1.0-6-gfd2d0d5-dirty,,,,ea8906220083,62f8cc4e2fea,1.354368932038835,2.024821005761624e-05,17-4-1,True,0.00016390602104365826,infer,124,"{""profile"": true}",0.249504,0,0.0,7440,126480,0.101277,0.0,1.214063,,0,0.61904,0.244242,90,0.0,0.0,0.0,0,0.0,0.076877,1.842139,756531.0853770965,1,,,6101.057140137875,,,16,2026-09-05T06:38:30+00:00,0.1.0,monk
cudann,40,cublas,True,nvcc 12.9.86 /usr/local/cuda-12.9/bin/nvcc / host GNU 13.3.0,NVIDIA GeForce GTX 1080 Ti,gpu,13.0,double,0.060563,0.1407274,0.005122133333333333,0.026037333333333336,0.7604939333333333,0.3195708,0.012031933333333333,0.032481866666666664,0.0063296,0.0741888,0.08344106666666667,0.031340400000000004,0.9435569333333333,5,0.03967469866991281,0.04903128628125667,e2e85a4844c129ce900851a7a2cbbd912a6b3532,v0.1.0-6-gfd2d0d5-dirty,,,,ea8906220083,de0cf74615d1,0.6095551894563427,7.634148932993416e-05,17-4-1,True,0.0009251235984265805,train,124,"{""profile"": true}",0.908445,60,2.110911,2088,55488,0.076832,0.39056,11.407409,,15,4.793562,0.180479,876,0.487228,0.094944,1.112832,0,1.251616,0.470106,14.153354,134036.14415511084,1,0.0008768755,141411.18094872078,4323.746585648736,,,16,2026-09-05T06:38:31+00:00,0.1.0,monk
cudann,124,cublas,True,nvcc 12.9.86 /usr/local/cuda-12.9/bin/nvcc / host GNU 13.3.0,NVIDIA GeForce GTX 1080 Ti,gpu,13.0,double,0.0153578,0.0,0.006796,0.0,0.08903520000000001,0.039696999999999996,0.0271844,0.0,0.0,0.0,0.0,0.0046541333333333336,0.12493026666666666,5,0.10853141625242155,0.12360522406525787,e2e85a4844c129ce900851a7a2cbbd912a6b3532,v0.1.0-6-gfd2d0d5-dirty,,,,ea8906220083,4de867529131,0.6771844660194175,1.9899907056242217e-05,17-4-1,True,0.00016452379059046508,infer,124,"{""profile"": true}",0.230367,0,0.0,14880,252960,0.10194,0.0,1.335528,,0,0.595455,0.407766,90,0.0,0.0,0.0,0,0.0,0.069812,1.873954,753690.3906418163,1,,,6078.14831162755,,,16,2026-09-05T06:38:31+00:00,0.1.0,monk
cudann,40,cublas,True,nvcc 12.9.86 /usr/local/cuda-12.9/bin/nvcc / host GNU 13.3.0,NVIDIA GeForce GTX 1080 Ti,gpu,13.0,float,0.5255463333333333,1.6003733333333334,0.0104704,0.3444266,5.808536200000001,2.2991902,0.012678066666666666,0.2103844,0.008667733333333334,0.06049706666666667,0.7363020666666666,0.0080612,7.787802733333334,5,3.7229771975300885,4.059609312810926,e2e85a4844c129ce900851a7a2cbbd912a6b3532,v0.1.0-6-gfd2d0d5-dirty,,83.34,8.0,ea8906220083,b21fd20a6438,6.563354603463993,0.0011043468024581685,12-64-64-3,True,0.007735744398087263,train,1000,"{""profile"": true}",7.883195,375,24.0056,62484,186000,0.157056,5.166399,87.128043,,15,34.487853,0.190171,7611,3.155766,0.130016,0.907456,0,11.044531,0.120918,116.817041,129270.04158090585,1,0.0079680495,125501.22837464804,3231.7510395226464,,,16,2026-09-05T06:38:31+00:00,0.1.0,cup
cudann,1000,cublas,True,nvcc 12.9.86 /usr/local/cuda-12.9/bin/nvcc / host GNU 13.3.0,NVIDIA GeForce GTX 1080 Ti,gpu,13.0,float,0.028855466666666666,0.0,0.011554133333333333,0.0,0.11457546666666667,0.04910079999999999,0.025065066666666667,0.0,0.0,0.0,0.0,0.014400133333333334,0.17690413333333332,5,42.193671030512334,44.380131040400435,e2e85a4844c129ce900851a7a2cbbd912a6b3532,v0.1.0-6-gfd2d0d5-dirty,,,,ea8906220083,253220a5f26f,9.157562233749674,2.3701193276792786e-05,12-64-64-3,True,0.00023965679574757814,infer,1000,"{""profile"": true}",0.432832,0,0.0,180000,720000,0.173312,0.0,1.718632,,0,0.736512,0.375976,120,0.0,0.0,0.0,0,0.0,0.216002,2.653562,4172633.606656679,1,,,4172.633606656679,,,16,2026-09-05T06:38:31+00:00,0.1.0,cup
cudann,40,cublas,True,nvcc 12.9.86 /usr/local/cuda-12.9/bin/nvcc / host GNU 13.3.0,NVIDIA GeForce GTX 1080 Ti,gpu,13.0,double,0.38881686666666665,1.1217130666666668,0.009213866666666666,0.24295033333333332,5.716065866666667,2.9238658666666666,0.015304333333333333,0.14239986666666665,0.006939733333333333,0.11825706666666667,0.7466048666666667,0.056420866666666666,7.061342866666666,5,3.9810030955064417,4.340965948319231,e2e85a4844c129ce900851a7a2cbbd912a6b3532,v0.1.0-6-gfd2d0d5-dirty,,87.49,4.0,ea8906220083,3aa34519e44a,3.2816773017319965,0.00025537048932164873,12-64-64-3,True,0.007234357600100339,train,1000,"{""profile"": true}",5.832253,375,16.825696,124728,372000,0.138208,3.644255,85.740988,,15,43.857988,0.229565,7611,2.135998,0.104096,1.773856,0,11.199073,0.846313,105.920143,138229.27414952923,1,0.006866044,145644.2749274546,3455.7318537382307,,,16,2026-09-05T06:38:31+00:00,0.1.0,cup
cudann,1000,cublas,True,nvcc 12.9.86 /usr/local/cuda-12.9/bin/nvcc / host GNU 13.3.0,NVIDIA GeForce GTX 1080 Ti,gpu,13.0,double,0.023210666666666668,0.0,0.011452933333333333,0.0,0.1354236,0.06775033333333333,0.033009666666666666,0.0,0.0,0.0,0.0,0.021931266666666668,0.1895686,5,39.57801151320589,41.62892904019559,e2e85a4844c129ce900851a7a2cbbd912a6b3532,v0.1.0-6-gfd2d0d5-dirty,,,,ea8906220083,dd76cef76dfb,4.578781116874837,9.932497050613165e-06,12-64-64-3,True,0.00025549540296196935,infer,1000,"{""profile"": true}",0.34816,0,0.0,360000,1440000,0.171794,0.0,2.031354,,0,1.016255,0.495145,120,0.0,0.0,0.0,0,0.0,0.328969,2.843529,3913964.746163557,1,,,3913.964746163557,,,16,2026-09-05T06:38:32+00:00,0.1.0,cup
cudann,256,cublas,True,nvcc 12.9.86 /usr/local/cuda-12.9/bin/nvcc / host GNU 13.3.0,NVIDIA GeForce GTX 1080 Ti,gpu,13.0,float,5.702747733333334,9.0482152,0.014715733333333333,4.512241066666666,102.25254146666666,51.58592733333333,14.751758933333333,1.2817194666666665,0.010990933333333334,0.0,15.344225066666667,12.436332866666667,92.23599746666667,5,1218.307050490289,1234.2011816859956,e2e85a4844c129ce900851a7a2cbbd912a6b3532,v0.1.0-6-gfd2d0d5-dirty,218.1478225675819,131.01333333333332,54.44444444444444,ea8906220083,c810d482fb11,57.89303578299346,0.0005051384097896627,784-512-256-10,True,0.11856242639478295,train,60000,"{""profile"": true}",85.541216,3525,135.723228,6430056,571736400,0.220736,67.683616,1533.788122,,15,773.78891,221.276384,70551,19.225792,0.164864,0.0,0,230.163376,186.544993,1383.539962,506062.5176496907,1,0.0762745115,786632.3732535475,1982.0781941279552,,,16,2026-09-05T06:38:35+00:00,0.1.0,mnist-512-256
cudann,4096,cublas,True,nvcc 12.9.86 /usr/local/cuda-12.9/bin/nvcc / host GNU 13.3.0,NVIDIA GeForce GTX 1080 Ti,gpu,13.0,float,1.6585386666666666,0.0,0.7571007333333333,0.0,186.67537413333332,9.111803666666667,175.14793106666667,0.0,0.0,0.0,0.0,30.52532593333333,189.608843,5,182.62527565243093,183.15638534313663,e2e85a4844c129ce900851a7a2cbbd912a6b3532,v0.1.0-6-gfd2d0d5-dirty,354.0350194388284,69.88653846153846,12.807692307692308,ea8906220083,046a51ef4d07,108.72034544069088,0.014437163213733561,784-512-256-10,True,0.3515657937852666,infer,60000,"{""profile"": true}",24.87808,0,0.0,36000000,2822400000,11.356511,0.0,2800.130612,,0,136.677055,2627.218966,1590,0.0,0.0,0.0,0,0.0,457.879889,2844.132645,170665.06770749003,1,,,42.66626692687251,,,16,2026-09-05T06:38:42+00:00,0.1.0,mnist-512-256
cudann,256,cublas,True,nvcc 12.9.86 /usr/local/cuda-12.9/bin/nvcc / host GNU 13.3.0,NVIDIA GeForce GTX 1080 Ti,gpu,13.0,double,6.8425856000000005,79.18253846666667,0.0073408,4.940049066666666,889.8497940666667,638.1558930666666,28.108331066666665,1.5418303999999998,0.01842773333333333,0.0,131.05279786666668,116.55089766666667,606.7355650000001,5,218.4007532200514,221.2500269097372,e2e85a4844c129ce900851a7a2cbbd912a6b3532,v0.1.0-6-gfd2d0d5-dirty,1346.854405904617,139.83416666666668,86.41666666666667,ea8906220083,e041a59585a1,28.94651789149673,0.0013995663030073047,784-512-256-10,True,0.6613779388135299,train,60000,"{""profile"": true}",102.638784,3525,1187.738077,12859872,1143472800,0.110112,74.100736,13347.746911,,15,9572.338396,421.624966,70551,23.127456,0.276416,0.0,0,1965.791968,1748.263465,9101.033475,90719.68760802061,1,0.5780091175,103804.59093709712,355.3187764647474,,,16,2026-09-05T06:38:54+00:00,0.1.0,mnist-512-256
cudann,4096,cublas,True,nvcc 12.9.86 /usr/local/cuda-12.9/bin/nvcc / host GNU 13.3.0,NVIDIA GeForce GTX 1080 Ti,gpu,13.0,double,3.8618368,0.0,1.9050674,0.0,514.7754338,183.97598293333334,325.03254666666663,0.0,0.0,0.0,0.0,226.93118619999998,519.6234074,5,76.40297273969945,76.62516738978724,e2e85a4844c129ce900851a7a2cbbd912a6b3532,v0.1.0-6-gfd2d0d5-dirty,1299.425814384428,101.1172131147541,27.540983606557376,ea8906220083,4d5e69fb4a3a,54.36017272034544,0.0017666379921139619,784-512-256-10,True,0.8403442653827369,infer,60000,"{""profile"": true}",57.927552,0,0.0,72000000,5644800000,28.576011,0.0,7721.631507,,0,2759.639744,4875.4882,1590,0.0,0.0,0.0,0,0.0,3403.967793,7794.351111,71399.30915417487,1,,,17.849827288543718,,,16,2026-09-05T06:39:09+00:00,0.1.0,mnist-512-256
cudann,256,cublas,True,nvcc 12.9.86 /usr/local/cuda-12.9/bin/nvcc / host GNU 13.3.0,NVIDIA GeForce GTX 1080 Ti,gpu,13.0,float,6.940332799999999,17.515752266666667,0.006824533333333333,5.818297599999999,218.14732506666667,123.22572946666666,14.19043,1.3556736,0.008827733333333334,0.0,49.08545706666666,29.2007702,162.90982119999998,5,3008.6682106607495,3041.402322357339,e2e85a4844c129ce900851a7a2cbbd912a6b3532,v0.1.0-6-gfd2d0d5-dirty,508.2652573756426,189.0614285714286,69.85714285714286,ea8906220083,8f78b442cfa0,75.80495846807432,0.0008337951847352254,784-1024-1024-10,True,0.19073209799826146,train,60000,"{""profile"": true}",104.104992,3525,262.736284,22364520,571736400,0.102368,87.274464,3272.209876,,15,1848.385942,212.85645,70551,20.335104,0.132416,0.0,0,736.281856,438.011553,2443.647318,314577.36075732205,1,0.1475898015,406532.1545947062,1232.094662966178,,,16,2026-09-05T06:39:14+00:00,0.1.0,mnist
cudann,4096,cublas,True,nvcc 12.9.86 /usr/local/cuda-12.9/bin/nvcc / host GNU 13.3.0,NVIDIA GeForce GTX 1080 Ti,gpu,13.0,float,4.2565013333333335,0.0,0.7464621333333333,0.0,192.34242606666666,22.125681,165.2137816,0.0,0.0,0.0,0.0,45.647480933333334,195.18023666666667,5,624.5336486539246,625.9144696206138,e2e85a4844c129ce900851a7a2cbbd912a6b3532,v0.1.0-6-gfd2d0d5-dirty,468.75466491890023,92.33,16.076923076923077,ea8906220083,db9dde64fc1e,174.16334549536907,0.00800057429587464,784-1024-1024-10,True,0.35770024638623,infer,60000,"{""profile"": true}",63.84752,0,0.0,36000000,2822400000,11.196932,0.0,2885.136391,,0,331.885215,2478.206724,1590,0.0,0.0,0.0,0,0.0,684.712214,2927.70355,167738.21266875637,1,,,41.934553167189094,,,16,2026-09-05T06:39:21+00:00,0.1.0,mnist
cudann,256,cublas,True,nvcc 12.9.86 /usr/local/cuda-12.9/bin/nvcc / host GNU 13.3.0,NVIDIA GeForce GTX 1080 Ti,gpu,13.0,double,13.498969466666667,683.3727782000001,0.008010666666666668,12.320281466666668,3359.3210728,2345.4377532,28.405065666666665,1.4193408,0.01755946666666667,0.0,274.84131386666667,396.5624174,1987.6741579333332,5,281.1166978591169,284.175228990895,e2e85a4844c129ce900851a7a2cbbd912a6b3532,v0.1.0-6-gfd2d0d5-dirty,4597.492402544617,151.83893333333333,95.26666666666667,ea8906220083,ad0443305e84,37.90247923403716,0.0018177904072222972,784-1024-1024-10,True,2.041321644606069,train,60000,"{""profile"": true}",202.484542,3525,10250.591673,44728800,1143472800,0.12016,184.804222,50389.816092,,15,35181.566298,426.075985,70551,21.290112,0.263392,0.0,0,4122.619708,5948.436261,29815.112369,29392.722189833396,1,1.9566255694999999,30665.03930812502,115.12149524351413,,,16,2026-09-05T06:39:56+00:00,0.1.0,mnist
cudann,4096,cublas,True,nvcc 12.9.86 /usr/local/cuda-12.9/bin/nvcc / host GNU 13.3.0,NVIDIA GeForce GTX 1080 Ti,gpu,13.0,double,9.018144000000001,0.0,1.7453084666666667,0.0,965.0589786666666,626.4374504,327.8580758,0.0,0.0,0.0,0.0,675.0420610666666,969.2638274,5,172.0825220230289,172.4629901610104,e2e85a4844c129ce900851a7a2cbbd912a6b3532,v0.1.0-6-gfd2d0d5-dirty,2436.8258817122605,123.55631578947369,53.50526315789474,ea8906220083,8a13a7e27236,87.08167274768454,0.0005485322093590206,784-1024-1024-10,True,1.298190178605728,infer,60000,"{""profile"": true}",135.27216,0,0.0,72000000,5644800000,26.179627,0.0,14475.88468,,0,9396.561756,4917.871137,1590,0.0,0.0,0.0,0,0.0,10125.630916,14538.957411,46218.189745080905,1,,,11.554547436270225,,,16,2026-09-05T06:40:18+00:00,0.1.0,mnist
syclnn,40,auto,True,Clang 22.1.0 /opt/sycl/bin/clang++,NVIDIA GeForce GTX 1080 Ti,gpu,CUDA 13.0,float,0.05279866666666667,0.20163473333333334,0.015124533333333332,0.038513066666666665,0.8998434666666667,0.4082246,0.0060223333333333335,0.05964146666666667,0.0063039333333333334,0.049406599999999995,0.06217353333333333,0.008108066666666667,2.6262634666666664,5,0.014435653366806233,0.017840051131166376,e2e85a4844c129ce900851a7a2cbbd912a6b3532,v0.2.0-7-g01733d3-dirty,,84.27,3.0,13a136cfe1e9,8b2aa6a813b5,1.2191103789126854,0.0001633180887438356,17-4-1,True,0.0025425936095416547,train,124,"{""profile"": true}",0.79198,60,3.024521,1164,26784,0.226868,0.577696,13.497652,,15,6.123369,0.090335,873,0.894622,0.094559,0.741099,0,0.932603,0.121621,39.393952,48769.09921218322,1,0.002485855,49882.23367815098,1573.196748780104,,,16,2026-09-05T04:38:27+00:00,0.2.0,monk
syclnn,124,auto,True,Clang 22.1.0 /opt/sycl/bin/clang++,NVIDIA GeForce GTX 1080 Ti,gpu,CUDA 13.0,float,0.011663733333333334,0.0,0.006338466666666666,0.0,0.0755522,0.0413064,0.0162436,0.0,0.0,0.0,0.0,0.0049458,0.22778866666666667,5,0.06500191472111899,0.07402995843238552,e2e85a4844c129ce900851a7a2cbbd912a6b3532,v0.2.0-7-g01733d3-dirty,,,,13a136cfe1e9,a1e884cf40d3,1.354368932038835,1.5709607396274805e-05,17-4-1,True,0.00027469960041344167,infer,124,"{""profile"": true}",0.174956,0,0.0,7440,126480,0.095077,0.0,1.133283,,0,0.619596,0.243654,90,0.0,0.0,0.0,0,0.0,0.074187,3.41683,451402.18556332635,1,,,3640.3402061558577,,,16,2026-09-05T04:38:27+00:00,0.2.0,monk
syclnn,40,auto,True,Clang 22.1.0 /opt/sycl/bin/clang++,NVIDIA GeForce GTX 1080 Ti,gpu,CUDA 13.0,double,0.05360073333333334,0.1880817333333333,0.0152508,0.027181266666666665,0.9037133999999999,0.40299406666666665,0.0162058,0.04215106666666667,0.0048095333333333335,0.08370753333333333,0.06973086666666667,0.01589166666666667,2.5285092666666666,5,0.01419917896028805,0.01754780834891745,e2e85a4844c129ce900851a7a2cbbd912a6b3532,v0.2.0-7-g01733d3-dirty,,85.91,3.0,13a136cfe1e9,53c3020503d7,0.6095551894563427,5.953811341896653e-05,17-4-1,True,0.0025849381927400827,train,124,"{""profile"": true}",0.804011,60,2.821226,2088,53568,0.228762,0.407719,13.555701,,15,6.044911,0.243087,873,0.632266,0.072143,1.255613,0,1.045963,0.238375,37.927639,47970.19919016233,1,0.0024185645,51270.081901888494,1547.4257803278172,,,16,2026-09-05T04:38:27+00:00,0.2.0,monk
syclnn,124,auto,True,Clang 22.1.0 /opt/sycl/bin/clang++,NVIDIA GeForce GTX 1080 Ti,gpu,CUDA 13.0,double,0.012288333333333333,0.0,0.009023866666666666,0.0,0.08751246666666666,0.046390933333333335,0.019809333333333335,0.0,0.0,0.0,0.0,0.0043340666666666664,0.2351128,5,0.06370363199085749,0.07255135865625437,e2e85a4844c129ce900851a7a2cbbd912a6b3532,v0.2.0-7-g01733d3-dirty,,,,13a136cfe1e9,b2ddf77b0c6d,0.6771844660194175,1.827350351959469e-05,17-4-1,True,0.0002802979899570346,infer,124,"{""profile"": true}",0.184325,0,0.0,14880,252960,0.135358,0.0,1.312687,,0,0.695864,0.29714,90,0.0,0.0,0.0,0,0.0,0.065011,3.526692,442386.3332698437,1,,,3567.6317199180944,,,16,2026-09-05T04:38:27+00:00,0.2.0,monk
syclnn,40,auto,True,Clang 22.1.0 /opt/sycl/bin/clang++,NVIDIA GeForce GTX 1080 Ti,gpu,CUDA 13.0,float,0.477751,1.9700851333333333,0.026708866666666668,0.33568460000000006,6.8758490666666665,3.0728422666666666,0.010299466666666666,0.3318516666666667,0.0062908,0.07218426666666668,0.572151,0.011755999999999999,21.3859766,5,1.3474949312971707,1.4693356101371349,e2e85a4844c129ce900851a7a2cbbd912a6b3532,v0.2.0-7-g01733d3-dirty,15.121048880452873,74.775,13.0,13a136cfe1e9,ef5755f4ec8c,6.563354603463993,0.00025435218121856035,12-64-64-3,True,0.02137299319729209,train,1000,"{""profile"": true}",7.166265,375,29.551277,62484,180000,0.400633,5.035269,103.137736,,15,46.092634,0.154492,7614,4.977775,0.094362,1.082764,0,8.582265,0.17634,320.789649,46788.018447818424,1,0.0216977485,46087.73117634763,1169.7004611954608,,,16,2026-09-05T04:38:28+00:00,0.2.0,cup
syclnn,1000,auto,True,Clang 22.1.0 /opt/sycl/bin/clang++,NVIDIA GeForce GTX 1080 Ti,gpu,CUDA 13.0,float,0.03683293333333334,0.0,0.0118114,0.0,0.13489733333333334,0.05566393333333333,0.030589066666666668,0.0,0.0,0.0,0.0,0.0131828,0.3815496,5,22.7905429539892,23.971540235228357,e2e85a4844c129ce900851a7a2cbbd912a6b3532,v0.2.0-7-g01733d3-dirty,,,,13a136cfe1e9,e779647e1a33,9.157562233749674,2.212600084021681e-05,12-64-64-3,True,0.00044369280803948643,infer,1000,"{""profile"": true}",0.552494,0,0.0,180000,720000,0.177171,0.0,2.02346,,0,0.834959,0.458836,120,0.0,0.0,0.0,0,0.0,0.197742,5.723244,2253811.6054182355,1,,,2253.8116054182356,,,16,2026-09-05T04:38:28+00:00,0.2.0,cup
syclnn,40,auto,True,Clang 22.1.0 /opt/sycl/bin/clang++,NVIDIA GeForce GTX 1080 Ti,gpu,CUDA 13.0,double,0.5703444666666667,2.1198966,0.027482200000000002,0.3760582,8.863593533333333,4.582950133333333,0.013286133333333333,0.32800320000000005,0.0055502,0.153369,0.6866534000000001,0.025937933333333333,22.296875399999998,5,1.2699857724678338,1.384818062401288,e2e85a4844c129ce900851a7a2cbbd912a6b3532,v0.2.0-7-g01733d3-dirty,12.85603884839511,63.575,13.5,13a136cfe1e9,faaa36bd8fe0,3.2816773017319965,0.0012243991019204245,12-64-64-3,True,0.022677419404499233,train,1000,"{""profile"": true}",8.555167,375,31.798449,124728,360000,0.412233,5.640873,132.953903,,15,68.744252,0.199292,7614,4.920048,0.083253,2.300535,0,10.299801,0.389069,334.453131,44096.72821068867,1,0.0216147115,46264.78590750563,1102.4182052672168,,,16,2026-09-05T04:38:28+00:00,0.2.0,cup
syclnn,1000,auto,True,Clang 22.1.0 /opt/sycl/bin/clang++,NVIDIA GeForce GTX 1080 Ti,gpu,CUDA 13.0,double,0.03434226666666666,0.0,0.017144533333333333,0.0,0.2010518,0.11222313333333332,0.03734186666666666,0.0,0.0,0.0,0.0,0.0193488,0.36768853333333334,5,22.914045662284245,24.101442806967487,e2e85a4844c129ce900851a7a2cbbd912a6b3532,v0.2.0-7-g01733d3-dirty,,,,13a136cfe1e9,2adebea98ea9,4.578781116874837,4.3964595533907413e-05,12-64-64-3,True,0.00044130138121545315,infer,1000,"{""profile"": true}",0.515134,0,0.0,360000,1440000,0.257168,0.0,3.015777,,0,1.683347,0.560128,120,0.0,0.0,0.0,0,0.0,0.290232,5.515328,2266025.0852733627,1,,,2266.025085273363,,,16,2026-09-05T04:38:29+00:00,0.2.0,cup
syclnn,256,auto,True,Clang 22.1.0 /opt/sycl/bin/clang++,NVIDIA GeForce GTX 1080 Ti,gpu,CUDA 13.0,float,5.360195466666667,17.48105693333333,0.18421233333333334,3.8388497333333333,132.497865,53.551174466666666,34.877687599999994,6.0862154,0.0092936,0.0,11.109179466666665,0.0187712,242.92084066666666,5,533.794512854683,540.7584387512345,e2e85a4844c129ce900851a7a2cbbd912a6b3532,v0.2.0-7-g01733d3-dirty,414.1060308508074,106.19500000000001,30.0,13a136cfe1e9,d5a68ffb03d4,57.89303578299346,0.01352391809923581,784-512-256-10,True,0.27060120799578724,train,60000,"{""profile"": true}",80.402932,3525,262.215854,6430056,571680000,2.763185,57.582746,1987.467975,,15,803.267617,523.165314,70554,91.293231,0.139404,0.0,0,166.637692,0.281568,3643.81261,221728.50019551313,1,0.2057915045,291557.2250942944,868.4366257657598,,,16,2026-09-05T04:38:34+00:00,0.2.0,mnist-512-256
syclnn,4096,auto,True,Clang 22.1.0 /opt/sycl/bin/clang++,NVIDIA GeForce GTX 1080 Ti,gpu,CUDA 13.0,float,1.7406894666666666,0.0,0.8016314,0.0,172.64616886666667,8.085221466666667,162.01862653333333,0.0,0.0,0.0,0.0,24.825481,176.04879753333336,5,192.8578516678398,193.41871967246595,e2e85a4844c129ce900851a7a2cbbd912a6b3532,v0.2.0-7-g01733d3-dirty,427.5537257435643,91.67583333333333,12.5,13a136cfe1e9,6d1d71347c8f,108.72034544069088,0.004285043210256856,784-512-256-10,True,0.3329125542193651,infer,60000,"{""profile"": true}",26.110342,0,0.0,36000000,2822400000,12.024471,0.0,2589.692533,,0,121.278322,2430.279398,1590,0.0,0.0,0.0,0,0.0,372.382215,2640.731963,180227.50791327734,1,,,45.05687697831934,,,16,2026-09-05T04:38:41+00:00,0.2.0,mnist-512-256
syclnn,256,auto,True,Clang 22.1.0 /opt/sycl/bin/clang++,NVIDIA GeForce GTX 1080 Ti,gpu,CUDA 13.0,double,4.563280933333333,7.514453666666666,0.27617206666666666,3.1988290666666668,641.1921509333333,534.7923092666666,65.75960453333333,8.690366399999998,0.008724,0.0,16.388411,0.2605287333333333,692.0564256,5,191.21135315540806,193.7059117578044,e2e85a4844c129ce900851a7a2cbbd912a6b3532,v0.2.0-7-g01733d3-dirty,1465.6814453315717,132.76763636363637,79.47272727272727,13a136cfe1e9,c5a82b47de63,28.94651789149673,0.00023407568223787756,784-512-256-10,True,0.7554229266010225,train,60000,"{""profile"": true}",68.449214,3525,112.716805,12859872,1143360000,4.142581,47.982436,9617.882264,,15,8021.884639,986.394068,70554,130.355496,0.13086,0.0,0,245.826165,3.907931,10380.846384,79425.70696121997,1,0.624293636,96108.6202711187,311.0840189314449,,,16,2026-09-05T04:38:55+00:00,0.2.0,mnist-512-256
syclnn,4096,auto,True,Clang 22.1.0 /opt/sycl/bin/clang++,NVIDIA GeForce GTX 1080 Ti,gpu,CUDA 13.0,double,3.819530133333333,0.0,1.8475586666666668,0.0,511.5616804,182.8846356,323.009956,0.0,0.0,0.0,0.0,220.53441706666666,516.9439577333334,5,77.04223756620182,77.26629132228176,e2e85a4844c129ce900851a7a2cbbd912a6b3532,v0.2.0-7-g01733d3-dirty,1302.824716087352,101.18934426229508,30.524590163934427,13a136cfe1e9,ddb31b46d9d9,54.36017272034544,0.0006120390957221611,784-512-256-10,True,0.8333714340114966,infer,60000,"{""profile"": true}",57.292952,0,0.0,72000000,5644800000,27.71338,0.0,7673.425206,,0,2743.269534,4845.14934,1590,0.0,0.0,0.0,0,0.0,3308.016256,7754.159366,71996.7082519081,1,,,17.999177062977022,,,16,2026-09-05T04:39:09+00:00,0.2.0,mnist-512-256
syclnn,256,auto,True,Clang 22.1.0 /opt/sycl/bin/clang++,NVIDIA GeForce GTX 1080 Ti,gpu,CUDA 13.0,float,4.221355866666666,7.2895816,0.42578133333333334,4.077083,184.14129046666667,101.60520453333334,33.63478046666667,5.913801266666667,0.009114866666666667,0.0,26.964587533333333,0.013269399999999999,241.54851079999997,5,2089.6064219905734,2112.341202042751,e2e85a4844c129ce900851a7a2cbbd912a6b3532,v0.2.0-7-g01733d3-dirty,646.7775769598742,164.0355,55.35,13a136cfe1e9,6e04c3b274f6,75.80495846807432,0.003506692894734431,784-1024-1024-10,True,0.2746209017932415,train,60000,"{""profile"": true}",63.320338,3525,109.343724,22364520,571680000,6.38672,61.156245,2762.119357,,15,1524.078068,504.521707,70554,88.707019,0.136723,0.0,0,404.468813,0.199041,3623.227662,218483.0055112601,1,0.20413749250000002,293919.5503246421,855.725104919102,,,16,2026-09-05T04:39:16+00:00,0.2.0,mnist
syclnn,4096,auto,True,Clang 22.1.0 /opt/sycl/bin/clang++,NVIDIA GeForce GTX 1080 Ti,gpu,CUDA 13.0,float,4.270053133333334,0.0,0.8182250666666667,0.0,193.826236,25.003645600000002,163.7343122,0.0,0.0,0.0,0.0,45.4704576,197.16337726666669,5,626.5463449636379,627.9316159279695,e2e85a4844c129ce900851a7a2cbbd912a6b3532,v0.2.0-7-g01733d3-dirty,391.54284713556,77.02884615384616,14.615384615384615,13a136cfe1e9,dfaa47ab142e,174.16334549536907,0.0010282671079039352,784-1024-1024-10,True,0.3565511822002009,infer,60000,"{""profile"": true}",64.050797,0,0.0,36000000,2822400000,12.273376,0.0,2907.39354,,0,375.054684,2456.014683,1590,0.0,0.0,0.0,0,0.0,682.056864,2957.450659,168278.78575455246,1,,,42.06969643863811,,,16,2026-09-05T04:39:23+00:00,0.2.0,mnist
syclnn,256,auto,True,Clang 22.1.0 /opt/sycl/bin/clang++,NVIDIA GeForce GTX 1080 Ti,gpu,CUDA 13.0,double,9.866667,8.444005933333333,0.8200521333333334,8.560157666666667,2144.7873342,1992.9299428000002,65.2253626,7.122915466666667,0.010937400000000002,0.0,51.807293200000004,28.935397866666666,2190.7244664666664,5,254.50429395402617,257.2732838865263,e2e85a4844c129ce900851a7a2cbbd912a6b3532,v0.2.0-7-g01733d3-dirty,4836.711252554075,144.0021686746988,93.1987951807229,13a136cfe1e9,403f10b6dd16,37.90247923403716,0.004797115596010926,784-1024-1024-10,True,2.254773745010607,train,60000,"{""profile"": true}",148.000005,3525,126.660089,44728800,1143360000,12.300782,128.402365,32171.810013,,15,29893.949142,978.380439,70554,106.843732,0.164061,0.0,0,777.109398,434.030968,32860.866997,26610.208732813564,1,2.1226210395,28266.93926209903,104.22331753685312,,,16,2026-09-05T04:40:01+00:00,0.2.0,mnist
syclnn,4096,auto,True,Clang 22.1.0 /opt/sycl/bin/clang++,NVIDIA GeForce GTX 1080 Ti,gpu,CUDA 13.0,double,9.096875266666666,0.0,1.8418131333333332,0.0,962.8113049333333,626.9322919333333,324.9403246,0.0,0.0,0.0,0.0,669.989747,967.7168927333333,5,173.11535551620585,173.49810721111908,e2e85a4844c129ce900851a7a2cbbd912a6b3532,v0.2.0-7-g01733d3-dirty,2409.947764917779,124.11372340425532,52.92553191489362,13a136cfe1e9,3ea4cd55a74e,87.08167274768454,0.00732745560817416,784-1024-1024-10,True,1.290444971411489,infer,60000,"{""profile"": true}",136.453129,0,0.0,72000000,5644800000,27.627197,0.0,14442.169574,,0,9403.984379,4874.104869,1590,0.0,0.0,0.0,0,0.0,10049.846205,14515.753391,46495.58976108217,1,,,11.623897440270543,,,16,2026-09-05T04:40:23+00:00,0.2.0,mnist
ompnn,40,cublas,True,Clang 18.1.3 /usr/bin/clang++-18,NVIDIA GeForce GTX 1080 Ti,gpu,13.0,float,0.4219603333333334,0.3773283333333334,0.0,0.1905496,2.9568552,0.9064460000000001,0.023103,0.4204508,0.0,0.1549874,0.4620297333333333,0.0,3.0385354,5,0.012171332735290825,0.01504172986248888,e2e85a4844c129ce900851a7a2cbbd912a6b3532,v0.1.0-10-gb8e62eb-dirty,,82.33,3.0,a830de02df72,b128d2cd8ed5,1.2191103789126854,0.00021780349779874052,17-4-1,True,0.003015610598959029,train,124,"{""profile"": true}",6.329405,60,5.659925,0,26784,0.0,2.858244,44.352828,,15,13.59669,0.346545,816,6.306762,0.0,2.324811,0,6.930446,0.0,45.578031,41119.36734895549,1,0.002878022,43085.14667365295,1326.4312048050158,,,16,2026-09-05T07:01:13+00:00,0.1.0,monk
ompnn,124,cublas,True,Clang 18.1.3 /usr/bin/clang++-18,NVIDIA GeForce GTX 1080 Ti,gpu,13.0,float,0.09901133333333334,0.0,0.04932633333333333,0.0,0.2797626,0.08266786666666667,0.04875706666666667,0.0,0.0,0.0,0.0,0.0,0.2910586,5,0.055577652706144266,0.06329677113755319,e2e85a4844c129ce900851a7a2cbbd912a6b3532,v0.1.0-10-gb8e62eb-dirty,,,,a830de02df72,1ca69a9bee23,1.354368932038835,1.0517006739974011e-05,17-4-1,True,0.00032128021121025085,infer,124,"{""profile"": true}",1.48517,0,0.0,7440,126480,0.739895,0.0,4.196439,,0,1.240018,0.731356,90,0.0,0.0,0.0,0,0.0,0.0,4.365879,385955.9215704463,1,,,3112.5477546003735,,,16,2026-09-05T07:01:13+00:00,0.1.0,monk
ompnn,40,cublas,True,Clang 18.1.3 /usr/bin/clang++-18,NVIDIA GeForce GTX 1080 Ti,gpu,13.0,double,0.40512986666666667,0.37084573333333337,0.0,0.17746426666666668,2.8091154,0.8364127333333333,0.01902613333333333,0.38270166666666666,0.0,0.15358266666666667,0.46395233333333336,0.0,2.8832928,5,0.013495622024733343,0.016678329747218407,e2e85a4844c129ce900851a7a2cbbd912a6b3532,v0.1.0-10-gb8e62eb-dirty,,81.61,2.0,a830de02df72,dfb21519bed2,0.6095551894563427,0.00036554449470713743,17-4-1,True,0.0027196967974305155,train,124,"{""profile"": true}",6.076948,60,5.562686,0,53568,0.0,2.661964,42.136731,,15,12.546191,0.285392,816,5.740525,0.0,2.30374,0,6.959285,0.0,43.249392,45593.317651126155,1,0.0026885190000000003,46122.04711962236,1470.7521822943922,,,16,2026-09-05T07:01:13+00:00,0.1.0,monk
ompnn,124,cublas,True,Clang 18.1.3 /usr/bin/clang++-18,NVIDIA GeForce GTX 1080 Ti,gpu,13.0,double,0.1158378,0.0,0.05496906666666667,0.0,0.3090707333333333,0.08530499999999999,0.05295886666666667,0.0,0.0,0.0,0.0,0.0,0.3215552666666667,5,0.05242627037295343,0.05970769681364141,e2e85a4844c129ce900851a7a2cbbd912a6b3532,v0.1.0-10-gb8e62eb-dirty,,,,a830de02df72,d288708aeb4e,0.6771844660194175,2.8957892209291447e-05,17-4-1,True,0.0003405926050618291,infer,124,"{""profile"": true}",1.737567,0,0.0,14880,252960,0.824536,0.0,4.636061,,0,1.279575,0.794383,90,0.0,0.0,0.0,0,0.0,0.0,4.823329,364071.3220343988,1,,,2936.0590486645065,,,16,2026-09-05T07:01:14+00:00,0.1.0,monk
ompnn,40,cublas,True,Clang 18.1.3 /usr/bin/clang++-18,NVIDIA GeForce GTX 1080 Ti,gpu,13.0,float,3.2899653333333334,3.219048,0.0,2.1096762,24.576252066666665,9.0493258,0.033049133333333335,2.419998133333333,0.0,0.22541453333333333,4.229774933333333,0.0,24.8898482,5,1.1363285025778695,1.2390754836043636,e2e85a4844c129ce900851a7a2cbbd912a6b3532,v0.1.0-10-gb8e62eb-dirty,16.768381817537012,82.845,8.0,a830de02df72,8a1bfd869c4e,6.563354603463993,0.0007486024056561277,12-64-64-3,True,0.025344783603213728,train,1000,"{""profile"": true}",49.34948,375,48.28572,0,180000,0.0,31.645143,368.643781,,15,135.739887,0.495737,7551,36.299972,0.0,3.381218,0,63.446624,0.0,373.347723,39455.85078395381,1,0.0242615395,41217.49982106453,986.3962695988452,,,16,2026-09-05T07:01:14+00:00,0.1.0,cup
ompnn,1000,cublas,True,Clang 18.1.3 /usr/bin/clang++-18,NVIDIA GeForce GTX 1080 Ti,gpu,13.0,float,0.214795,0.0,0.07123220000000001,0.0,0.5640058,0.1675456,0.110433,0.0,0.0,0.0,0.0,0.0,0.5819339333333333,5,16.420371778349395,17.27126920831924,e2e85a4844c129ce900851a7a2cbbd912a6b3532,v0.1.0-10-gb8e62eb-dirty,,,,a830de02df72,7611b34ef727,9.157562233749674,4.777039866894479e-05,12-64-64-3,True,0.0006158204050734639,infer,1000,"{""profile"": true}",3.221925,0,0.0,180000,720000,1.068483,0.0,8.460087,,0,2.513184,1.656495,120,0.0,0.0,0.0,0,0.0,0.0,8.729009,1623850.0571943626,1,,,1623.8500571943628,,,16,2026-09-05T07:01:14+00:00,0.1.0,cup
ompnn,40,cublas,True,Clang 18.1.3 /usr/bin/clang++-18,NVIDIA GeForce GTX 1080 Ti,gpu,13.0,double,4.078081133333333,4.311358533333333,0.0,2.3954839333333333,28.150696333333332,9.919792666666666,0.04144726666666666,2.4894264666666666,0.0,0.3065213333333333,4.608585000000001,0.0,28.43763853333333,5,1.026610704897818,1.1194369874194987,e2e85a4844c129ce900851a7a2cbbd912a6b3532,v0.1.0-10-gb8e62eb-dirty,25.756007753481974,63.68000000000001,13.333333333333334,a830de02df72,bfcd567b81d8,3.2816773017319965,0.0007800807943567634,12-64-64-3,True,0.02805347719695419,train,1000,"{""profile"": true}",61.171217,375,64.670378,0,360000,0.0,35.932259,422.260445,,15,148.79689,0.621709,7551,37.341397,0.0,4.59782,0,69.128775,0.0,426.564578,35646.205031174235,1,0.028721955,34816.5715042726,891.1551257793558,,,16,2026-09-05T07:01:15+00:00,0.1.0,cup
ompnn,1000,cublas,True,Clang 18.1.3 /usr/bin/clang++-18,NVIDIA GeForce GTX 1080 Ti,gpu,13.0,double,0.19281126666666668,0.0,0.0766188,0.0,0.6131965333333333,0.22783553333333334,0.11593093333333333,0.0,0.0,0.0,0.0,0.0,0.6358266666666667,5,15.352829622803432,16.14840742366864,e2e85a4844c129ce900851a7a2cbbd912a6b3532,v0.1.0-10-gb8e62eb-dirty,,,,a830de02df72,6ba20447b354,4.578781116874837,6.857491098344326e-05,12-64-64-3,True,0.0006586408009752632,infer,1000,"{""profile"": true}",2.892169,0,0.0,360000,1440000,1.149282,0.0,9.197948,,0,3.417533,1.738964,120,0.0,0.0,0.0,0,0.0,0.0,9.5374,1518278.2459259722,1,,,1518.2782459259724,,,16,2026-09-05T07:01:15+00:00,0.1.0,cup
ompnn,256,cublas,True,Clang 18.1.3 /usr/bin/clang++-18,NVIDIA GeForce GTX 1080 Ti,gpu,13.0,float,42.97207626666667,39.685424600000005,0.0,28.702450600000002,366.8096734,118.19818466666668,17.337482666666666,22.946481933333335,0.0,0.0,96.96757266666667,0.0,368.93424746666665,5,361.127641897343,365.83894198905847,e2e85a4844c129ce900851a7a2cbbd912a6b3532,v0.1.0-10-gb8e62eb-dirty,428.2710624678725,75.19620689655173,33.41379310344828,a830de02df72,cc673cc64b2f,57.89303578299346,0.006668256293051011,784-512-256-10,True,0.39998444661032406,train,60000,"{""profile"": true}",644.581144,3525,595.281369,0,571680000,0.0,430.536759,5502.145101,,15,1772.97277,260.06224,70506,344.197229,0.0,0.0,0,1454.51359,0.0,5534.013712,150005.83274792598,1,0.352734894,170099.41749624576,587.5228449293768,,,16,2026-09-05T07:01:23+00:00,0.1.0,mnist-512-256
ompnn,4096,cublas,True,Clang 18.1.3 /usr/bin/clang++-18,NVIDIA GeForce GTX 1080 Ti,gpu,13.0,float,6.591823533333334,0.0,1.9104695333333335,0.0,104.6890822,12.739946733333333,83.4468424,0.0,0.0,0.0,0.0,0.0,105.60069539999999,5,263.2691162012013,264.0347538073786,e2e85a4844c129ce900851a7a2cbbd912a6b3532,v0.1.0-10-gb8e62eb-dirty,229.8297912061686,67.67277777777778,16.88888888888889,a830de02df72,be11588ec948,108.72034544069088,0.0007055446039885283,784-512-256-10,True,0.24387516821734606,infer,60000,"{""profile"": true}",98.877353,0,0.0,36000000,2822400000,28.657043,0.0,1570.336233,,0,191.099201,1251.702636,1590,0.0,0.0,0.0,0,0.0,0.0,1584.010431,246027.50841170878,1,,,61.50687710292719,,,16,2026-09-05T07:01:28+00:00,0.1.0,mnist-512-256
ompnn,256,cublas,True,Clang 18.1.3 /usr/bin/clang++-18,NVIDIA GeForce GTX 1080 Ti,gpu,13.0,double,50.681185600000006,46.22294546666667,0.0,32.44799833333333,1005.0579842666666,675.5251322,33.92238626666667,25.067103333333332,0.0,0.0,141.19123306666668,0.0,1007.4496006,5,136.06068804280451,137.83574665833183,e2e85a4844c129ce900851a7a2cbbd912a6b3532,v0.1.0-10-gb8e62eb-dirty,1945.3033848631019,124.02128205128204,62.217948717948715,a830de02df72,58c22e5c89c2,28.94651789149673,0.0008167164982295638,784-512-256-10,True,1.0616250886116176,train,60000,"{""profile"": true}",760.217784,3525,693.344182,0,1143360000,0.0,486.719975,15075.869764,,15,10132.876983,508.835794,70506,376.00655,0.0,0.0,0,2117.868496,0.0,15111.744009,56517.12703819705,1,0.970851431,61801.423043893104,221.3587475662718,,,16,2026-09-05T07:01:47+00:00,0.1.0,mnist-512-256
ompnn,4096,cublas,True,Clang 18.1.3 /usr/bin/clang++-18,NVIDIA GeForce GTX 1080 Ti,gpu,13.0,double,8.172591733333332,0.0,3.3583172,0.0,365.3439630666666,186.58923753333332,167.22381660000002,0.0,0.0,0.0,0.0,0.0,366.6139806,5,99.69735592702331,99.98729515740318,e2e85a4844c129ce900851a7a2cbbd912a6b3532,v0.1.0-10-gb8e62eb-dirty,1089.668410323558,108.54702127659574,36.765957446808514,a830de02df72,ebffa10c9eaa,54.36017272034544,0.000683495786506616,784-512-256-10,True,0.6439970188075677,infer,60000,"{""profile"": true}",122.588876,0,0.0,72000000,5644800000,50.374758,0.0,5480.159446,,0,2798.838563,2508.357249,1590,0.0,0.0,0.0,0,0.0,0.0,5499.209709,93168.1331554868,1,,,23.2920332888717,,,16,2026-09-05T07:01:58+00:00,0.1.0,mnist-512-256
ompnn,256,cublas,True,Clang 18.1.3 /usr/bin/clang++-18,NVIDIA GeForce GTX 1080 Ti,gpu,13.0,float,46.7273346,42.65252373333333,0.0,31.0175416,526.6986220666666,183.91861573333333,16.9644144,23.5589106,0.0,0.0,181.8592814,0.0,529.791702,5,1029.504618989544,1040.705561343622,e2e85a4844c129ce900851a7a2cbbd912a6b3532,v0.1.0-10-gb8e62eb-dirty,1111.9926601689617,136.16390243902438,44.31707317073171,a830de02df72,e5689ff55a8b,75.80495846807432,0.0030610333080403063,784-1024-1024-10,True,0.5574036186095327,train,60000,"{""profile"": true}",700.910019,3525,639.787856,0,571680000,0.0,465.263124,7900.479331,,15,2758.779236,254.466216,70506,353.383659,0.0,0.0,0,2727.889221,0.0,7946.87553,107641.92767472981,1,0.5125680484999999,117057.62810535391,421.59755005935847,,,16,2026-09-05T07:02:09+00:00,0.1.0,mnist
ompnn,4096,cublas,True,Clang 18.1.3 /usr/bin/clang++-18,NVIDIA GeForce GTX 1080 Ti,gpu,13.0,float,10.7477226,0.0,2.0003912,0.0,124.46777926666667,28.0855618,83.63410366666668,0.0,0.0,0.0,0.0,0.0,125.34279386666667,5,839.3110355079851,841.1667213912053,e2e85a4844c129ce900851a7a2cbbd912a6b3532,v0.1.0-10-gb8e62eb-dirty,303.8433702314302,84.92052631578947,23.63157894736842,a830de02df72,305b3545eaf8,174.16334549536907,0.0014202157035470009,784-1024-1024-10,True,0.26616573659703135,infer,60000,"{""profile"": true}",161.215839,0,0.0,36000000,2822400000,30.005868,0.0,1867.016689,,0,421.283427,1254.511555,1590,0.0,0.0,0.0,0,0.0,0.0,1880.141908,225423.45520166852,1,,,56.355863800417126,,,16,2026-09-05T07:02:15+00:00,0.1.0,mnist
ompnn,256,cublas,True,Clang 18.1.3 /usr/bin/clang++-18,NVIDIA GeForce GTX 1080 Ti,gpu,13.0,double,73.20684073333334,66.2736728,0.0,46.078157600000004,2736.1351900666664,2139.2948650000003,34.083855666666665,31.826214866666664,0.0,0.0,345.3715834,0.0,2740.8056457333337,5,204.89873160231807,207.12801628814483,e2e85a4844c129ce900851a7a2cbbd912a6b3532,v0.1.0-10-gb8e62eb-dirty,5706.390910666323,136.94975728155342,82.52912621359224,a830de02df72,e47ede683b47,37.90247923403716,0.015976196690462796,784-1024-1024-10,True,2.8006498405942692,train,60000,"{""profile"": true}",1098.102611,3525,994.105092,0,1143360000,0.0,691.172364,41042.027851,,15,32089.422975,511.257835,70506,477.393223,0.0,0.0,0,5180.573751,0.0,41112.084686,21423.59931267545,1,2.7047090755000003,22183.531879083235,83.90909730797885,,,16,2026-09-05T07:03:01+00:00,0.1.0,mnist
ompnn,4096,cublas,True,Clang 18.1.3 /usr/bin/clang++-18,NVIDIA GeForce GTX 1080 Ti,gpu,13.0,double,14.717627733333334,0.0,3.770727866666667,0.0,816.6025574666667,630.7836016,167.33060026666666,0.0,0.0,0.0,0.0,0.0,818.1306809333333,5,203.55796654405844,204.0080257342181,e2e85a4844c129ce900851a7a2cbbd912a6b3532,v0.1.0-10-gb8e62eb-dirty,2188.5339127783486,131.262375,62.35,a830de02df72,5d5643e60eec,87.08167274768454,0.004888722102623255,784-1024-1024-10,True,1.0974556476110593,infer,60000,"{""profile"": true}",220.764416,0,0.0,72000000,5644800000,56.560918,0.0,12249.038362,,0,9461.754024,2509.959004,1590,0.0,0.0,0.0,0,0.0,0.0,12271.960214,54671.91328470354,1,,,13.667978321175886,,,16,2026-09-05T07:03:20+00:00,0.1.0,mnist
ompnn,40,cublas,True,GNU 14.2.0 /usr/bin/g++-14,NVIDIA GeForce GTX 1080 Ti,gpu,13.0,float,2.3590444,0.20474233333333333,0.0,1.1825724000000002,7.718522266666667,0.46512506666666664,0.0040258,1.2348188,0.0,0.0570214,2.2111720666666668,0.0,7.7475406,5,0.004695270624031829,0.005802568534930356,e2e85a4844c129ce900851a7a2cbbd912a6b3532,v0.1.0-10-gb8e62eb-dirty,,88.52,2.0,a830de02df72,b128d2cd8ed5,1.2191103789126854,7.00131873600171e-05,17-4-1,True,0.007817227789200843,train,124,"{""profile"": true}",35.385666,60,3.071135,0,26784,0.0,17.738586,115.777834,,15,6.976876,0.060387,816,18.522282,0.0,0.855321,0,33.167581,0.0,116.213109,15862.400756864288,1,0.0076829525,16139.628612828208,511.6903469956222,,,16,2026-09-05T11:13:19+00:00,0.1.0,monk
ompnn,124,cublas,True,GNU 14.2.0 /usr/bin/g++-14,NVIDIA GeForce GTX 1080 Ti,gpu,13.0,float,0.6023880666666667,0.0,0.008922666666666666,0.0,0.6730920666666667,0.0493186,0.012462733333333333,0.0,0.0,0.0,0.0,0.0,0.6826594666666667,5,0.025031261290041736,0.02850782535810309,e2e85a4844c129ce900851a7a2cbbd912a6b3532,v0.1.0-10-gb8e62eb-dirty,,,,a830de02df72,1ca69a9bee23,1.354368932038835,1.6775296535343062e-05,17-4-1,True,0.0007133479928597807,infer,124,"{""profile"": true}",9.035821,0,0.0,7440,126480,0.13384,0.0,10.096381,,0,0.739779,0.186941,90,0.0,0.0,0.0,0,0.0,0.0,10.239892,173828.20340306763,1,,,1401.8403500247389,,,16,2026-09-05T11:13:20+00:00,0.1.0,monk
ompnn,40,cublas,True,GNU 14.2.0 /usr/bin/g++-14,NVIDIA GeForce GTX 1080 Ti,gpu,13.0,double,2.3801628,0.23044140000000002,0.0,1.213303,7.949410133333333,0.5129203333333333,0.006721933333333333,1.2367027333333334,0.0,0.11245453333333333,2.2567034,0.0,7.9811986,5,0.00451127694130642,0.005575183142373016,e2e85a4844c129ce900851a7a2cbbd912a6b3532,v0.1.0-10-gb8e62eb-dirty,,87.35,10.0,a830de02df72,dfb21519bed2,0.6095551894563427,0.0002010941039770845,17-4-1,True,0.008136055595241488,train,124,"{""profile"": true}",35.702442,60,3.456621,0,53568,0.0,18.199545,119.241152,,15,7.693805,0.100829,816,18.550541,0.0,1.686818,0,33.850551,0.0,119.717979,15240.800477386552,1,0.007753304,15993.181745485537,491.63872507698557,,,16,2026-09-05T11:13:20+00:00,0.1.0,monk
ompnn,124,cublas,True,GNU 14.2.0 /usr/bin/g++-14,NVIDIA GeForce GTX 1080 Ti,gpu,13.0,double,0.6534168,0.0,0.012059266666666667,0.0,0.7433831333333334,0.06191186666666667,0.0159952,0.0,0.0,0.0,0.0,0.0,0.7556767333333333,5,0.022204939517359856,0.02528895889477095,e2e85a4844c129ce900851a7a2cbbd912a6b3532,v0.1.0-10-gb8e62eb-dirty,,,,a830de02df72,d288708aeb4e,0.6771844660194175,1.577789662405855e-05,17-4-1,True,0.0008041454013437033,infer,124,"{""profile"": true}",9.801252,0,0.0,14880,252960,0.180889,0.0,11.150747,,0,0.928678,0.239928,90,0.0,0.0,0.0,0,0.0,0.0,11.335151,154200.96887055456,1,,,1243.5562005689885,,,16,2026-09-05T11:13:20+00:00,0.1.0,monk
ompnn,40,cublas,True,GNU 14.2.0 /usr/bin/g++-14,NVIDIA GeForce GTX 1080 Ti,gpu,13.0,float,23.824571266666666,1.9620619333333333,0.0,15.579948133333334,76.90649773333332,4.0962092,0.011426333333333333,8.034058666666667,0.0,0.10325973333333334,23.294962466666668,0.0,77.0657796,5,0.37204007150758706,0.40567998644553527,e2e85a4844c129ce900851a7a2cbbd912a6b3532,v0.1.0-10-gb8e62eb-dirty,91.46158786883576,90.15333333333332,72.66666666666667,a830de02df72,8a1bfd869c4e,6.563354603463993,0.0009561805985867922,12-64-64-3,True,0.07741101619321852,train,1000,"{""profile"": true}",357.368569,375,29.430929,0,180000,0.0,233.699222,1153.597466,,15,61.443138,0.171395,7551,120.51088,0.0,1.548896,0,349.424437,0.0,1155.986694,12918.058038457884,1,0.076369924,13094.159947049311,322.9514509614471,,,16,2026-09-05T11:13:21+00:00,0.1.0,cup
ompnn,1000,cublas,True,GNU 14.2.0 /usr/bin/g++-14,NVIDIA GeForce GTX 1080 Ti,gpu,13.0,float,0.9663137333333334,0.0,0.017015866666666667,0.0,1.0919156,0.080368,0.028218,0.0,0.0,0.0,0.0,0.0,1.1046653333333334,5,8.720470865037708,9.172362353692748,e2e85a4844c129ce900851a7a2cbbd912a6b3532,v0.1.0-10-gb8e62eb-dirty,,,,a830de02df72,7611b34ef727,9.157562233749674,6.15661963820457e-05,12-64-64-3,True,0.001159570412710309,infer,1000,"{""profile"": true}",14.494706,0,0.0,180000,720000,0.255238,0.0,16.378734,,0,1.20552,0.42327,120,0.0,0.0,0.0,0,0.0,0.0,16.56998,862388.3371279378,1,,,862.3883371279378,,,16,2026-09-05T11:13:22+00:00,0.1.0,cup
ompnn,40,cublas,True,GNU 14.2.0 /usr/bin/g++-14,NVIDIA GeForce GTX 1080 Ti,gpu,13.0,double,24.350182733333334,2.1485119999999998,0.0,15.694034799999999,79.7018082,5.3237596,0.013485066666666667,8.253420466666666,0.0,0.18117833333333333,23.7372352,0.0,79.89479159999999,5,0.35894634976248785,0.3914023285616717,e2e85a4844c129ce900851a7a2cbbd912a6b3532,v0.1.0-10-gb8e62eb-dirty,90.66796599126539,89.86333333333334,76.0,a830de02df72,bfcd567b81d8,3.2816773017319965,0.00045981139410286587,12-64-64-3,True,0.08023483180440963,train,1000,"{""profile"": true}",365.252741,375,32.22768,0,360000,0.0,235.410522,1195.527123,,15,79.856394,0.202276,7551,123.801307,0.0,2.717675,0,356.058528,0.0,1198.421874,12463.414922308604,1,0.07997967850000001,12503.176041149001,311.5853730577151,,,16,2026-09-05T11:13:23+00:00,0.1.0,cup
ompnn,1000,cublas,True,GNU 14.2.0 /usr/bin/g++-14,NVIDIA GeForce GTX 1080 Ti,gpu,13.0,double,1.0161259333333335,0.0,0.025692733333333332,0.0,1.2020887333333334,0.12030366666666666,0.0399664,0.0,0.0,0.0,0.0,0.0,1.2173751333333334,5,7.9685130344620365,8.381438353890251,e2e85a4844c129ce900851a7a2cbbd912a6b3532,v0.1.0-10-gb8e62eb-dirty,,,,a830de02df72,6ba20447b354,4.578781116874837,4.096449119970211e-05,12-64-64-3,True,0.0012689945986494422,infer,1000,"{""profile"": true}",15.241889,0,0.0,360000,1440000,0.385391,0.0,18.031331,,0,1.804555,0.599496,120,0.0,0.0,0.0,0,0.0,0.0,18.260627,788025.4187561349,1,,,788.0254187561349,,,16,2026-09-05T11:13:23+00:00,0.1.0,cup
ompnn,256,cublas,True,GNU 14.2.0 /usr/bin/g++-14,NVIDIA GeForce GTX 1080 Ti,gpu,13.0,float,226.7242108,20.085144333333336,0.0,148.4987178,792.1960100666668,65.25741406666667,10.082441666666666,77.80160873333332,0.0,0.0,243.74647266666668,0.0,793.4196036,5,175.7127392994832,178.0051017462564,e2e85a4844c129ce900851a7a2cbbd912a6b3532,v0.1.0-10-gb8e62eb-dirty,1186.5960774687308,98.97533333333334,79.41666666666667,a830de02df72,cc673cc64b2f,57.89303578299346,0.00703052589669817,784-512-256-10,True,0.8220544541953132,train,60000,"{""profile"": true}",3400.863162,3525,301.277165,0,571680000,0.0,2227.480767,11882.940151,,15,978.861211,151.236625,70506,1167.024131,0.0,0.0,0,3656.19709,0.0,11901.294054,72987.86557726565,1,0.7746899865,77450.33632237352,285.86914017762376,,,16,2026-09-05T11:13:38+00:00,0.1.0,mnist-512-256
ompnn,4096,cublas,True,GNU 14.2.0 /usr/bin/g++-14,NVIDIA GeForce GTX 1080 Ti,gpu,13.0,float,18.846077933333333,0.0,1.0471288,0.0,79.34331193333334,9.811931466666666,49.63817373333333,0.0,0.0,0.0,0.0,0.0,80.19730460000001,5,292.1036158043709,292.9531097229407,e2e85a4844c129ce900851a7a2cbbd912a6b3532,v0.1.0-10-gb8e62eb-dirty,233.2153435839148,76.915625,25.9375,a830de02df72,be11588ec948,108.72034544069088,0.0005114055122248939,784-512-256-10,True,0.21980145580600946,infer,60000,"{""profile"": true}",282.691169,0,0.0,36000000,2822400000,15.706932,0.0,1190.149679,,0,147.178972,744.572606,1590,0.0,0.0,0.0,0,0.0,0.0,1202.959569,272973.6242190966,1,,,68.24340605477416,,,16,2026-09-05T11:13:42+00:00,0.1.0,mnist-512-256
ompnn,256,cublas,True,GNU 14.2.0 /usr/bin/g++-14,NVIDIA GeForce GTX 1080 Ti,gpu,13.0,double,246.54719486666667,33.43828466666667,0.0,162.6996738,1399.2579018,595.7642646666667,19.980457466666667,82.09101319999999,0.0,0.0,258.73701313333333,0.0,1400.8722054,5,104.85287502505777,106.22079401659987,e2e85a4844c129ce900851a7a2cbbd912a6b3532,v0.1.0-10-gb8e62eb-dirty,2644.720718629907,122.60672897196262,85.4766355140187,a830de02df72,58c22e5c89c2,28.94651789149673,0.1210312235984019,784-512-256-10,True,1.377601138409227,train,60000,"{""profile"": true}",3698.207923,3525,501.57427,0,1143360000,0.0,2440.495107,20988.868527,,15,8936.46397,299.706862,70506,1231.365198,0.0,0.0,0,3881.055197,0.0,21013.083081,43553.970976885576,1,1.292739913,46413.04828344076,170.58638632613517,,,16,2026-09-05T11:14:08+00:00,0.1.0,mnist-512-256
ompnn,4096,cublas,True,GNU 14.2.0 /usr/bin/g++-14,NVIDIA GeForce GTX 1080 Ti,gpu,13.0,double,19.621217666666666,0.0,1.9640636,0.0,309.68303899999995,188.85385813333332,99.2438996,0.0,0.0,0.0,0.0,0.0,310.9466261333334,5,109.83392406321252,110.15334239799563,e2e85a4844c129ce900851a7a2cbbd912a6b3532,v0.1.0-10-gb8e62eb-dirty,976.0068734289787,110.11619047619048,46.357142857142854,a830de02df72,ebffa10c9eaa,54.36017272034544,0.00572098150150846,784-512-256-10,True,0.5845625615911558,infer,60000,"{""profile"": true}",294.318265,0,0.0,72000000,5644800000,29.460954,0.0,4645.245585,,0,2832.807872,1488.658494,1590,0.0,0.0,0.0,0,0.0,0.0,4664.199392,102640.85307940764,1,,,25.66021326985191,,,16,2026-09-05T11:14:18+00:00,0.1.0,mnist-512-256
ompnn,256,cublas,True,GNU 14.2.0 /usr/bin/g++-14,NVIDIA GeForce GTX 1080 Ti,gpu,13.0,float,228.9769002,22.969608733333335,0.0,158.14441186666667,907.8911958000001,127.53437753333333,10.191768266666665,78.56886793333334,0.0,0.0,281.50526126666665,0.0,910.1554132,5,610.7419393140018,617.38677133252,e2e85a4844c129ce900851a7a2cbbd912a6b3532,v0.1.0-10-gb8e62eb-dirty,1570.9466903182263,113.58985507246376,81.1159420289855,a830de02df72,e5689ff55a8b,75.80495846807432,0.010533747391309634,784-1024-1024-10,True,0.9395942264003679,train,60000,"{""profile"": true}",3434.653503,3525,344.544131,0,571680000,0.0,2372.166178,13618.367937,,15,1913.015663,152.876524,70506,1178.533019,0.0,0.0,0,4222.578919,0.0,13652.331198,63857.3527956456,1,0.887841985,67579.59300606854,250.1079651162786,,,16,2026-09-05T11:14:35+00:00,0.1.0,mnist
ompnn,4096,cublas,True,GNU 14.2.0 /usr/bin/g++-14,NVIDIA GeForce GTX 1080 Ti,gpu,13.0,float,22.599733,0.0,1.0487874,0.0,96.68214293333334,23.093064733333332,49.9405578,0.0,0.0,0.0,0.0,0.0,97.53823333333334,5,953.5396223437356,955.6478634384131,e2e85a4844c129ce900851a7a2cbbd912a6b3532,v0.1.0-10-gb8e62eb-dirty,333.6227187905041,103.4535294117647,32.411764705882355,a830de02df72,305b3545eaf8,174.16334549536907,0.009131138294469543,784-1024-1024-10,True,0.23428060540463774,infer,60000,"{""profile"": true}",338.995995,0,0.0,36000000,2822400000,15.731811,0.0,1450.232144,,0,346.395971,749.108367,1590,0.0,0.0,0.0,0,0.0,0.0,1463.0735,256103.1456119511,1,,,64.02578640298778,,,16,2026-09-05T11:14:40+00:00,0.1.0,mnist
ompnn,256,cublas,True,GNU 14.2.0 /usr/bin/g++-14,NVIDIA GeForce GTX 1080 Ti,gpu,13.0,double,238.41951826666667,29.069917533333335,0.0,160.35540473333333,2869.837589266667,2048.8295610666664,20.2059976,79.46335153333332,0.0,0.0,293.49383853333336,0.0,2872.9778724666667,5,196.13381286259983,198.26773581062486,e2e85a4844c129ce900851a7a2cbbd912a6b3532,v0.1.0-10-gb8e62eb-dirty,5828.927878019723,133.34875,92.37962962962963,a830de02df72,e47ede683b47,37.90247923403716,0.0066851838957515675,784-1024-1024-10,True,2.9258065788075327,train,60000,"{""profile"": true}",3576.292774,3525,436.048763,0,1143360000,0.0,2405.331071,43047.563839,,15,30732.443416,303.089964,70506,1191.950273,0.0,0.0,0,4402.407578,0.0,43094.668087,20507.165591395355,1,2.8355671605,21159.78800848438,80.3197318996318,,,16,2026-09-05T11:15:29+00:00,0.1.0,mnist
ompnn,4096,cublas,True,GNU 14.2.0 /usr/bin/g++-14,NVIDIA GeForce GTX 1080 Ti,gpu,13.0,double,26.526535333333335,0.0,2.1223277333333335,0.0,765.295754,637.0435931333334,99.6032978,0.0,0.0,0.0,0.0,0.0,766.4937194666667,5,214.8049456541771,215.2798715022032,e2e85a4844c129ce900851a7a2cbbd912a6b3532,v0.1.0-10-gb8e62eb-dirty,2127.347558106052,134.78802631578947,71.53947368421052,a830de02df72,5d5643e60eec,87.08167274768454,0.0059343829983844465,784-1024-1024-10,True,1.0399939317954705,infer,60000,"{""profile"": true}",397.89803,0,0.0,72000000,5644800000,31.834916,0.0,11479.43631,,0,9555.653897,1494.049467,1590,0.0,0.0,0.0,0,0.0,0.0,11497.405792,57692.644318043815,1,,,14.423161079510955,,,16,2026-09-05T11:15:47+00:00,0.1.0,mnist
cudann,1,cublas,True,nvcc 12.9.86 /usr/local/cuda-12.9/bin/nvcc / host GNU 13.3.0,NVIDIA GeForce GTX 1080 Ti,gpu,13.0,float,,,,,,,,,,,,,,3,0.0026640921012668715,0.0030341048931094923,e2e85a4844c129ce900851a7a2cbbd912a6b3532,v0.1.0-6-gfd2d0d5-dirty,,88.62,3.0,ea8906220083,c847d093a670,0.3673469387755102,0.00037632102612406015,17-4-1,True,0.0067024709812055034,infer,124,{},,,,,,,,,,,,,,,,,,,,,18500.639592131054,1,,,18500.639592131054,,,16,2026-09-05T06:36:50+00:00,0.1.0,monk
cudann,124,cublas,True,nvcc 12.9.86 /usr/local/cuda-12.9/bin/nvcc / host GNU 13.3.0,NVIDIA GeForce GTX 1080 Ti,gpu,13.0,float,,,,,,,,,,,,,,5,0.12864107939329925,0.14650789597570194,e2e85a4844c129ce900851a7a2cbbd912a6b3532,v0.1.0-6-gfd2d0d5-dirty,,,,ea8906220083,8213b4aaa3c9,1.354368932038835,7.119774818420399e-06,17-4-1,True,0.00013880480546504259,infer,124,{},,,,,,,,,,,,,,,,,,,,,893340.8291201337,1,,,7204.361525162368,,,16,2026-09-05T06:36:50+00:00,0.1.0,monk
cudann,1,cublas,True,nvcc 12.9.86 /usr/local/cuda-12.9/bin/nvcc / host GNU 13.3.0,NVIDIA GeForce GTX 1080 Ti,gpu,13.0,double,,,,,,,,,,,,,,3,0.0026787470366599238,0.0030507952361960244,e2e85a4844c129ce900851a7a2cbbd912a6b3532,v0.1.0-6-gfd2d0d5-dirty,,89.35,2.0,ea8906220083,501519dc1b68,0.1836734693877551,0.0010827059935157495,17-4-1,True,0.0066658029876028495,infer,124,{},,,,,,,,,,,,,,,,,,,,,18602.409976805026,1,,,18602.409976805026,,,16,2026-09-05T06:36:50+00:00,0.1.0,monk
cudann,124,cublas,True,nvcc 12.9.86 /usr/local/cuda-12.9/bin/nvcc / host GNU 13.3.0,NVIDIA GeForce GTX 1080 Ti,gpu,13.0,double,,,,,,,,,,,,,,5,0.12707919765499734,0.14472908621819142,e2e85a4844c129ce900851a7a2cbbd912a6b3532,v0.1.0-6-gfd2d0d5-dirty,,,,ea8906220083,f3c3e6cf3695,0.6771844660194175,3.999192267656305e-06,17-4-1,True,0.00014051080215722324,infer,124,{},,,,,,,,,,,,,,,,,,,,,882494.4281597038,1,,,7116.890549675031,,,16,2026-09-05T06:36:50+00:00,0.1.0,monk
cudann,1,cublas,True,nvcc 12.9.86 /usr/local/cuda-12.9/bin/nvcc / host GNU 13.3.0,NVIDIA GeForce GTX 1080 Ti,gpu,13.0,float,,,,,,,,,,,,,,3,0.13715774224874605,0.14426520436685747,e2e85a4844c129ce900851a7a2cbbd912a6b3532,v0.1.0-6-gfd2d0d5-dirty,198.3923895054142,88.94166666666666,18.916666666666668,ea8906220083,c6641952ec9d,0.4745635442087479,0.015365551691502333,12-64-64-3,True,0.15098947868682444,infer,2048,{},,,,,,,,,,,,,,,,,,,,,13563.859004029473,1,,,13563.859004029473,,,16,2026-09-05T06:36:53+00:00,0.1.0,cup
cudann,1000,cublas,True,nvcc 12.9.86 /usr/local/cuda-12.9/bin/nvcc / host GNU 13.3.0,NVIDIA GeForce GTX 1080 Ti,gpu,13.0,float,,,,,,,,,,,,,,5,79.27199688457196,83.37984165984054,e2e85a4844c129ce900851a7a2cbbd912a6b3532,v0.1.0-6-gfd2d0d5-dirty,,,,ea8906220083,5ef0fc12e270,9.157562233749674,8.628005161881433e-06,12-64-64-3,True,0.00012756080832332373,infer,1000,{},,,,,,,,,,,,,,,,,,,,,7839398.426085044,1,,,7839.398426085044,,,16,2026-09-05T06:36:53+00:00,0.1.0,cup
cudann,1,cublas,True,nvcc 12.9.86 /usr/local/cuda-12.9/bin/nvcc / host GNU 13.3.0,NVIDIA GeForce GTX 1080 Ti,gpu,13.0,double,,,,,,,,,,,,,,3,0.1267916283069573,0.13336192233710426,e2e85a4844c129ce900851a7a2cbbd912a6b3532,v0.1.0-6-gfd2d0d5-dirty,196.56860794113135,88.10833333333333,21.916666666666668,ea8906220083,b2f39e614c47,0.23728177210437396,0.005422220681793988,12-64-64-3,True,0.16333393834065646,infer,2048,{},,,,,,,,,,,,,,,,,,,,,12538.729065165875,1,,,12538.729065165875,,,16,2026-09-05T06:36:56+00:00,0.1.0,cup
cudann,1000,cublas,True,nvcc 12.9.86 /usr/local/cuda-12.9/bin/nvcc / host GNU 13.3.0,NVIDIA GeForce GTX 1080 Ti,gpu,13.0,double,,,,,,,,,,,,,,5,56.213385915420616,59.126342226702306,e2e85a4844c129ce900851a7a2cbbd912a6b3532,v0.1.0-6-gfd2d0d5-dirty,,,,ea8906220083,dae3d3a77c27,4.578781116874837,1.5709619037807e-05,12-64-64-3,True,0.00017988597974181176,infer,1000,{},,,,,,,,,,,,,,,,,,,,,5559076.929926881,1,,,5559.076929926881,,,16,2026-09-05T06:36:56+00:00,0.1.0,cup
cudann,1,cublas,True,nvcc 12.9.86 /usr/local/cuda-12.9/bin/nvcc / host GNU 13.3.0,NVIDIA GeForce GTX 1080 Ti,gpu,13.0,float,,,,,,,,,,,,,,3,13.770768933399351,13.81081699795596,e2e85a4844c129ce900851a7a2cbbd912a6b3532,v0.1.0-6-gfd2d0d5-dirty,224.10542635199437,100.10833333333333,36.5,ea8906220083,5fdda9ee9637,0.49783203379422,0.0015960030335311903,784-512-256-10,True,0.15914317135078213,infer,2048,{},,,,,,,,,,,,,,,,,,,,,12868.915345954836,1,,,12868.915345954836,,,16,2026-09-05T06:36:59+00:00,0.1.0,mnist-512-256
cudann,4096,cublas,True,nvcc 12.9.86 /usr/local/cuda-12.9/bin/nvcc / host GNU 13.3.0,NVIDIA GeForce GTX 1080 Ti,gpu,13.0,float,,,,,,,,,,,,,,5,195.77040391155091,196.33974218249583,e2e85a4844c129ce900851a7a2cbbd912a6b3532,v0.1.0-6-gfd2d0d5-dirty,612.4930137404066,77.40225000000001,12.7,ea8906220083,e6379569e4a0,108.72034544069088,0.002944021997973334,784-512-256-10,True,0.32795968500431627,infer,60000,{},,,,,,,,,,,,,,,,,,,,,182949.31585633868,1,,,45.737328964084675,,,16,2026-09-05T06:37:09+00:00,0.1.0,mnist-512-256
cudann,1,cublas,True,nvcc 12.9.86 /usr/local/cuda-12.9/bin/nvcc / host GNU 13.3.0,NVIDIA GeForce GTX 1080 Ti,gpu,13.0,double,,,,,,,,,,,,,,3,12.852595892236286,12.889973731665712,e2e85a4844c129ce900851a7a2cbbd912a6b3532,v0.1.0-6-gfd2d0d5-dirty,261.87251263860617,107.06461538461538,44.46153846153846,ea8906220083,2e07c57254d3,0.24891601689711,0.003691162021520228,784-512-256-10,True,0.1705121563281864,infer,2048,{},,,,,,,,,,,,,,,,,,,,,12010.87385264306,1,,,12010.87385264306,,,16,2026-09-05T06:37:13+00:00,0.1.0,mnist-512-256
cudann,4096,cublas,True,nvcc 12.9.86 /usr/local/cuda-12.9/bin/nvcc / host GNU 13.3.0,NVIDIA GeForce GTX 1080 Ti,gpu,13.0,double,,,,,,,,,,,,,,5,77.84982124692472,78.07622361284167,e2e85a4844c129ce900851a7a2cbbd912a6b3532,v0.1.0-6-gfd2d0d5-dirty,2152.8833927157025,100.82663366336634,30.178217821782177,ea8906220083,06a74b8d4335,54.36017272034544,0.0027605236042290704,784-512-256-10,True,0.8247263638069853,infer,60000,{},,,,,,,,,,,,,,,,,,,,,72751.40292961714,1,,,18.187850732404286,,,16,2026-09-05T06:37:36+00:00,0.1.0,mnist-512-256
cudann,1,cublas,True,nvcc 12.9.86 /usr/local/cuda-12.9/bin/nvcc / host GNU 13.3.0,NVIDIA GeForce GTX 1080 Ti,gpu,13.0,float,,,,,,,,,,,,,,3,48.26771619864409,48.374434346953535,e2e85a4844c129ce900851a7a2cbbd912a6b3532,v0.1.0-6-gfd2d0d5-dirty,267.66447630797336,119.64583333333333,71.08333333333333,ea8906220083,2a62fb3e35e4,0.49869007705240015,0.003254307356352598,784-1024-1024-10,True,0.15797815336069712,infer,2048,{},,,,,,,,,,,,,,,,,,,,,12963.817821847735,1,,,12963.817821847735,,,16,2026-09-05T06:37:40+00:00,0.1.0,mnist
cudann,4096,cublas,True,nvcc 12.9.86 /usr/local/cuda-12.9/bin/nvcc / host GNU 13.3.0,NVIDIA GeForce GTX 1080 Ti,gpu,13.0,float,,,,,,,,,,,,,,5,637.1317080648937,638.540382878388,e2e85a4844c129ce900851a7a2cbbd912a6b3532,v0.1.0-6-gfd2d0d5-dirty,843.2408158063942,99.01162790697674,18.325581395348838,ea8906220083,fb186999e84b,174.16334549536907,0.007731353794224571,784-1024-1024-10,True,0.35062740901485084,infer,60000,{},,,,,,,,,,,,,,,,,,,,,171121.8189376025,1,,,42.78045473440063,,,16,2026-09-05T06:37:50+00:00,0.1.0,mnist
cudann,1,cublas,True,nvcc 12.9.86 /usr/local/cuda-12.9/bin/nvcc / host GNU 13.3.0,NVIDIA GeForce GTX 1080 Ti,gpu,13.0,double,,,,,,,,,,,,,,3,45.07745505216279,45.177119650211544,e2e85a4844c129ce900851a7a2cbbd912a6b3532,v0.1.0-6-gfd2d0d5-dirty,340.83261682921614,139.06307692307692,81.76923076923077,ea8906220083,02fb6415fc45,0.24934503852620007,0.004092578659765422,784-1024-1024-10,True,0.1691587216531237,infer,2048,{},,,,,,,,,,,,,,,,,,,,,12106.972552084082,1,,,12106.972552084082,,,16,2026-09-05T06:37:54+00:00,0.1.0,mnist
cudann,4096,cublas,True,nvcc 12.9.86 /usr/local/cuda-12.9/bin/nvcc / host GNU 13.3.0,NVIDIA GeForce GTX 1080 Ti,gpu,13.0,double,,,,,,,,,,,,,,5,172.73286439511176,173.11477041619986,e2e85a4844c129ce900851a7a2cbbd912a6b3532,v0.1.0-6-gfd2d0d5-dirty,4067.9587614349853,123.47721518987343,53.86708860759494,ea8906220083,9dafaeef84bf,87.08167274768454,0.007129652425646782,784-1024-1024-10,True,1.293302469002083,infer,60000,{},,,,,,,,,,,,,,,,,,,,,46392.85970457957,1,,,11.598214926144893,,,16,2026-09-05T06:38:29+00:00,0.1.0,mnist
syclnn,1,auto,True,Clang 22.1.0 /opt/sycl/bin/clang++,NVIDIA GeForce GTX 1080 Ti,gpu,CUDA 13.0,float,,,,,,,,,,,,,,3,0.0010752595808597896,0.0012246011893125382,e2e85a4844c129ce900851a7a2cbbd912a6b3532,v0.2.0-7-g01733d3-dirty,17.921730824516853,88.69,6.0,13a136cfe1e9,385579bf079f,0.3673469387755102,0.0008817873119066136,17-4-1,True,0.01660622264413784,infer,124,{},,,,,,,,,,,,,,,,,,,,,7467.080422637428,1,,,7467.080422637428,,,16,2026-09-05T04:36:27+00:00,0.2.0,monk
syclnn,124,auto,True,Clang 22.1.0 /opt/sycl/bin/clang++,NVIDIA GeForce GTX 1080 Ti,gpu,CUDA 13.0,float,,,,,,,,,,,,,,5,0.08377057131441401,0.09540537288586041,e2e85a4844c129ce900851a7a2cbbd912a6b3532,v0.2.0-7-g01733d3-dirty,,,,13a136cfe1e9,787d8e32c0ed,1.354368932038835,1.850938424468042e-05,17-4-1,True,0.00021315361373126508,infer,124,{},,,,,,,,,,,,,,,,,,,,,581740.0785723196,1,,,4691.452246550964,,,16,2026-09-05T04:36:27+00:00,0.2.0,monk
syclnn,1,auto,True,Clang 22.1.0 /opt/sycl/bin/clang++,NVIDIA GeForce GTX 1080 Ti,gpu,CUDA 13.0,double,,,,,,,,,,,,,,3,0.001141759815658624,0.001300337567833433,e2e85a4844c129ce900851a7a2cbbd912a6b3532,v0.2.0-7-g01733d3-dirty,17.738844917312964,87.775,7.0,13a136cfe1e9,99bb26f12fed,0.1836734693877551,0.0013167376940449085,17-4-1,True,0.015639015977891784,infer,124,{},,,,,,,,,,,,,,,,,,,,,7928.887608740445,1,,,7928.887608740445,,,16,2026-09-05T04:36:27+00:00,0.2.0,monk
syclnn,124,auto,True,Clang 22.1.0 /opt/sycl/bin/clang++,NVIDIA GeForce GTX 1080 Ti,gpu,CUDA 13.0,double,,,,,,,,,,,,,,5,0.08171649213183461,0.09306600492792276,e2e85a4844c129ce900851a7a2cbbd912a6b3532,v0.2.0-7-g01733d3-dirty,,,,13a136cfe1e9,9e857fed5b28,0.6771844660194175,7.0303911343217004e-06,17-4-1,True,0.000218511582352221,infer,124,{},,,,,,,,,,,,,,,,,,,,,567475.639804407,1,,,4576.416450035541,,,16,2026-09-05T04:36:27+00:00,0.2.0,monk
syclnn,1,auto,True,Clang 22.1.0 /opt/sycl/bin/clang++,NVIDIA GeForce GTX 1080 Ti,gpu,CUDA 13.0,float,,,,,,,,,,,,,,3,0.0575909666320768,0.06057530865296369,e2e85a4844c129ce900851a7a2cbbd912a6b3532,v0.2.0-7-g01733d3-dirty,460.5492837431241,87.43148148148148,9.592592592592593,13a136cfe1e9,93d333608b01,0.4745635442087479,0.006337835337035358,12-64-64-3,True,0.3595941726816818,infer,2048,{},,,,,,,,,,,,,,,,,,,,,5695.309200165822,1,,,5695.309200165822,,,16,2026-09-05T04:36:33+00:00,0.2.0,cup
syclnn,1000,auto,True,Clang 22.1.0 /opt/sycl/bin/clang++,NVIDIA GeForce GTX 1080 Ti,gpu,CUDA 13.0,float,,,,,,,,,,,,,,5,41.560765763169705,43.71442886244788,e2e85a4844c129ce900851a7a2cbbd912a6b3532,v0.2.0-7-g01733d3-dirty,,,,13a136cfe1e9,de3f7f6347a4,9.157562233749674,4.752189852297306e-06,12-64-64-3,True,0.00024330639280378819,infer,1000,{},,,,,,,,,,,,,,,,,,,,,4110044.0825919406,1,,,4110.04408259194,,,16,2026-09-05T04:36:33+00:00,0.2.0,cup
syclnn,1,auto,True,Clang 22.1.0 /opt/sycl/bin/clang++,NVIDIA GeForce GTX 1080 Ti,gpu,CUDA 13.0,double,,,,,,,,,,,,,,3,0.05613993418496397,0.059049084255466455,e2e85a4844c129ce900851a7a2cbbd912a6b3532,v0.2.0-7-g01733d3-dirty,451.3979828919056,85.52777777777777,11.333333333333334,13a136cfe1e9,27bcea302113,0.23728177210437396,0.01580274830727524,12-64-64-3,True,0.3688884980122869,infer,2048,{},,,,,,,,,,,,,,,,,,,,,5551.813111645963,1,,,5551.813111645963,,,16,2026-09-05T04:36:39+00:00,0.2.0,cup
syclnn,1000,auto,True,Clang 22.1.0 /opt/sycl/bin/clang++,NVIDIA GeForce GTX 1080 Ti,gpu,CUDA 13.0,double,,,,,,,,,,,,,,5,32.10699097215542,33.7707630518043,e2e85a4844c129ce900851a7a2cbbd912a6b3532,v0.2.0-7-g01733d3-dirty,,,,13a136cfe1e9,2559543dd4f3,4.578781116874837,7.284199818968751e-06,12-64-64-3,True,0.00031494698487222195,infer,1000,{},,,,,,,,,,,,,,,,,,,,,3175137.5565818255,1,,,3175.1375565818257,,,16,2026-09-05T04:36:39+00:00,0.2.0,cup
syclnn,1,auto,True,Clang 22.1.0 /opt/sycl/bin/clang++,NVIDIA GeForce GTX 1080 Ti,gpu,CUDA 13.0,float,,,,,,,,,,,,,,3,6.06296104754716,6.080593313153439,e2e85a4844c129ce900851a7a2cbbd912a6b3532,v0.2.0-7-g01733d3-dirty,424.4804091115266,80.46111111111111,18.555555555555557,13a136cfe1e9,3cc36cb6e6f7,0.49783203379422,0.0013593386393040419,784-512-256-10,True,0.3614609796786681,infer,2048,{},,,,,,,,,,,,,,,,,,,,,5665.895117698826,1,,,5665.895117698826,,,16,2026-09-05T04:36:46+00:00,0.2.0,mnist-512-256
syclnn,4096,auto,True,Clang 22.1.0 /opt/sycl/bin/clang++,NVIDIA GeForce GTX 1080 Ti,gpu,CUDA 13.0,float,,,,,,,,,,,,,,5,199.76681277532157,200.34777337766604,e2e85a4844c129ce900851a7a2cbbd912a6b3532,v0.2.0-7-g01733d3-dirty,529.3343492696179,67.08775,14.775,13a136cfe1e9,3d580e6eac7e,108.72034544069088,0.00360102578997612,784-512-256-10,True,0.32139873038977385,infer,60000,{},,,,,,,,,,,,,,,,,,,,,186683.99818267938,1,,,46.670999545669844,,,16,2026-09-05T04:36:56+00:00,0.2.0,mnist-512-256
syclnn,1,auto,True,Clang 22.1.0 /opt/sycl/bin/clang++,NVIDIA GeForce GTX 1080 Ti,gpu,CUDA 13.0,double,,,,,,,,,,,,,,3,5.8314341852963585,5.848393125921958,e2e85a4844c129ce900851a7a2cbbd912a6b3532,v0.2.0-7-g01733d3-dirty,386.6681067150907,70.54214285714286,24.142857142857142,13a136cfe1e9,984dccf904be,0.24891601689711,0.00409741435820854,784-512-256-10,True,0.37581215364237625,infer,2048,{},,,,,,,,,,,,,,,,,,,,,5449.531049357392,1,,,5449.531049357392,,,16,2026-09-05T04:37:03+00:00,0.2.0,mnist-512-256
syclnn,4096,auto,True,Clang 22.1.0 /opt/sycl/bin/clang++,NVIDIA GeForce GTX 1080 Ti,gpu,CUDA 13.0,double,,,,,,,,,,,,,,5,78.74732432926315,78.97633680806163,e2e85a4844c129ce900851a7a2cbbd912a6b3532,v0.2.0-7-g01733d3-dirty,2109.1516637338327,100.8202,28.98,13a136cfe1e9,92afcd702a39,54.36017272034544,0.016930091194808483,784-512-256-10,True,0.8153267497895286,infer,60000,{},,,,,,,,,,,,,,,,,,,,,73590.12814860867,1,,,18.397532037152168,,,16,2026-09-05T04:37:25+00:00,0.2.0,mnist-512-256
syclnn,1,auto,True,Clang 22.1.0 /opt/sycl/bin/clang++,NVIDIA GeForce GTX 1080 Ti,gpu,CUDA 13.0,float,,,,,,,,,,,,,,3,20.61921189884632,20.664800219296147,e2e85a4844c129ce900851a7a2cbbd912a6b3532,v0.2.0-7-g01733d3-dirty,458.59891263475697,83.93535714285714,34.642857142857146,13a136cfe1e9,8a8d2d73140b,0.49869007705240015,0.0013150283290694342,784-1024-1024-10,True,0.36981261502175283,infer,2048,{},,,,,,,,,,,,,,,,,,,,,5537.9398019711525,1,,,5537.9398019711525,,,16,2026-09-05T04:37:33+00:00,0.2.0,mnist
syclnn,4096,auto,True,Clang 22.1.0 /opt/sycl/bin/clang++,NVIDIA GeForce GTX 1080 Ti,gpu,CUDA 13.0,float,,,,,,,,,,,,,,5,654.9059364891351,656.3539094690739,e2e85a4844c129ce900851a7a2cbbd912a6b3532,v0.2.0-7-g01733d3-dirty,614.2062751339855,73.93047619047618,18.738095238095237,13a136cfe1e9,3a7016dd9504,174.16334549536907,0.003956335014663637,784-1024-1024-10,True,0.34111133760306983,infer,60000,{},,,,,,,,,,,,,,,,,,,,,175895.6486806026,1,,,43.973912170150655,,,16,2026-09-05T04:37:43+00:00,0.2.0,mnist
syclnn,1,auto,True,Clang 22.1.0 /opt/sycl/bin/clang++,NVIDIA GeForce GTX 1080 Ti,gpu,CUDA 13.0,double,,,,,,,,,,,,,,3,19.53675039982482,19.579945437644152,e2e85a4844c129ce900851a7a2cbbd912a6b3532,v0.2.0-7-g01733d3-dirty,614.8787550629559,108.01206896551724,39.758620689655174,13a136cfe1e9,70b21b4c0edd,0.24934503852620007,0.0038082090128834234,784-1024-1024-10,True,0.3903026100015268,infer,2048,{},,,,,,,,,,,,,,,,,,,,,5247.2106194524,1,,,5247.2106194524,,,16,2026-09-05T04:37:51+00:00,0.2.0,mnist
syclnn,4096,auto,True,Clang 22.1.0 /opt/sycl/bin/clang++,NVIDIA GeForce GTX 1080 Ti,gpu,CUDA 13.0,double,,,,,,,,,,,,,,5,176.1785914020782,176.56811579906483,e2e85a4844c129ce900851a7a2cbbd912a6b3532,v0.2.0-7-g01733d3-dirty,4031.899521150968,125.02135483870968,54.85806451612903,13a136cfe1e9,3d88043374d7,87.08167274768454,0.0009718318004161564,784-1024-1024-10,True,1.2680078675970434,infer,60000,{},,,,,,,,,,,,,,,,,,,,,47318.318390014305,1,,,11.829579597503576,,,16,2026-09-05T04:38:25+00:00,0.2.0,mnist
ompnn,1,cublas,True,Clang 18.1.3 /usr/bin/clang++-18,NVIDIA GeForce GTX 1080 Ti,gpu,13.0,float,,,,,,,,,,,,,,3,0.0006407678575964334,0.0007297633933737157,e2e85a4844c129ce900851a7a2cbbd912a6b3532,v0.1.0-10-gb8e62eb-dirty,17.665808468214816,87.35499999999999,5.0,a830de02df72,9b0c7c11fe63,0.3673469387755102,0.0010727159678936005,17-4-1,True,0.027866566320881248,infer,124,{},,,,,,,,,,,,,,,,,,,,,4449.77678886412,1,,,4449.77678886412,,,16,2026-09-05T06:58:49+00:00,0.1.0,monk
ompnn,124,cublas,True,Clang 18.1.3 /usr/bin/clang++-18,NVIDIA GeForce GTX 1080 Ti,gpu,13.0,float,,,,,,,,,,,,,,5,0.04698591171215148,0.05351173278328364,e2e85a4844c129ce900851a7a2cbbd912a6b3532,v0.1.0-10-gb8e62eb-dirty,,,,a830de02df72,405d38a369b9,1.354368932038835,2.074083313345908e-05,17-4-1,True,0.0003800288075581193,infer,124,{},,,,,,,,,,,,,,,,,,,,,326291.0535566075,1,,,2631.37946416619,,,16,2026-09-05T06:58:49+00:00,0.1.0,monk
ompnn,1,cublas,True,Clang 18.1.3 /usr/bin/clang++-18,NVIDIA GeForce GTX 1080 Ti,gpu,13.0,double,,,,,,,,,,,,,,3,0.0005867504867573049,0.0006682436099180417,e2e85a4844c129ce900851a7a2cbbd912a6b3532,v0.1.0-10-gb8e62eb-dirty,35.0979979263153,86.77666666666669,7.333333333333333,a830de02df72,e33fa81cc26f,0.1836734693877551,0.00038459900921831297,17-4-1,True,0.030432015657424927,infer,124,{},,,,,,,,,,,,,,,,,,,,,4074.6561580368398,1,,,4074.6561580368398,,,16,2026-09-05T06:58:50+00:00,0.1.0,monk
ompnn,124,cublas,True,Clang 18.1.3 /usr/bin/clang++-18,NVIDIA GeForce GTX 1080 Ti,gpu,13.0,double,,,,,,,,,,,,,,5,0.0445535198288199,0.050741508693933776,e2e85a4844c129ce900851a7a2cbbd912a6b3532,v0.1.0-10-gb8e62eb-dirty,,,,a830de02df72,c11c966de5de,0.6771844660194175,5.839182995259729e-06,17-4-1,True,0.00040077641606330874,infer,124,{},,,,,,,,,,,,,,,,,,,,,309399.44325569377,1,,,2495.1568004491432,,,16,2026-09-05T06:58:50+00:00,0.1.0,monk
ompnn,1,cublas,True,Clang 18.1.3 /usr/bin/clang++-18,NVIDIA GeForce GTX 1080 Ti,gpu,13.0,float,,,,,,,,,,,,,,3,0.029769400412227896,0.031312039436753945,e2e85a4844c129ce900851a7a2cbbd912a6b3532,v0.1.0-10-gb8e62eb-dirty,695.5775486791455,65.93716981132076,10.283018867924529,a830de02df72,95b7c334c5f7,0.4745635442087479,0.029975038681489763,12-64-64-3,True,0.6956598289931814,infer,2048,{},,,,,,,,,,,,,,,,,,,,,2943.967604057347,1,,,2943.967604057347,,,16,2026-09-05T06:59:02+00:00,0.1.0,cup
ompnn,1000,cublas,True,Clang 18.1.3 /usr/bin/clang++-18,NVIDIA GeForce GTX 1080 Ti,gpu,13.0,float,,,,,,,,,,,,,,5,16.453282966255333,17.305885841484546,e2e85a4844c129ce900851a7a2cbbd912a6b3532,v0.1.0-10-gb8e62eb-dirty,,,,a830de02df72,fa10e15879a6,9.157562233749674,2.584080211818216e-05,12-64-64-3,True,0.0006145885912701487,infer,1000,{},,,,,,,,,,,,,,,,,,,,,1627104.723719871,1,,,1627.104723719871,,,16,2026-09-05T06:59:02+00:00,0.1.0,cup
ompnn,1,cublas,True,Clang 18.1.3 /usr/bin/clang++-18,NVIDIA GeForce GTX 1080 Ti,gpu,13.0,double,,,,,,,,,,,,,,3,0.02855354831592176,0.03003318234653321,e2e85a4844c129ce900851a7a2cbbd912a6b3532,v0.1.0-10-gb8e62eb-dirty,707.4274932567292,64.33981818181819,11.581818181818182,a830de02df72,f225dbb3a149,0.23728177210437396,0.014226236031390727,12-64-64-3,True,0.7252820479916409,infer,2048,{},,,,,,,,,,,,,,,,,,,,,2823.729066052389,1,,,2823.729066052389,,,16,2026-09-05T06:59:14+00:00,0.1.0,cup
ompnn,1000,cublas,True,Clang 18.1.3 /usr/bin/clang++-18,NVIDIA GeForce GTX 1080 Ti,gpu,13.0,double,,,,,,,,,,,,,,5,16.88763756741267,17.76274853312907,e2e85a4844c129ce900851a7a2cbbd912a6b3532,v0.1.0-10-gb8e62eb-dirty,,,,a830de02df72,93a629b2280e,4.578781116874837,0.00010155038908123972,12-64-64-3,True,0.0005987812066450715,infer,1000,{},,,,,,,,,,,,,,,,,,,,,1670059.0948786265,1,,,1670.0590948786264,,,16,2026-09-05T06:59:14+00:00,0.1.0,cup
ompnn,1,cublas,True,Clang 18.1.3 /usr/bin/clang++-18,NVIDIA GeForce GTX 1080 Ti,gpu,13.0,float,,,,,,,,,,,,,,3,2.935403815256663,2.9439405383737,e2e85a4844c129ce900851a7a2cbbd912a6b3532,v0.1.0-10-gb8e62eb-dirty,732.3025110077582,65.66660714285715,15.017857142857142,a830de02df72,06b942fdee70,0.49783203379422,0.011440866665604177,784-512-256-10,True,0.7465834269920985,infer,2048,{},,,,,,,,,,,,,,,,,,,,,2743.1629553460143,1,,,2743.1629553460143,,,16,2026-09-05T06:59:27+00:00,0.1.0,mnist-512-256
ompnn,4096,cublas,True,Clang 18.1.3 /usr/bin/clang++-18,NVIDIA GeForce GTX 1080 Ti,gpu,13.0,float,,,,,,,,,,,,,,5,331.13783733052196,332.10085032933756,e2e85a4844c129ce900851a7a2cbbd912a6b3532,v0.1.0-10-gb8e62eb-dirty,332.89130399181965,70.39208333333333,21.666666666666668,a830de02df72,b5f2b210debe,108.72034544069088,0.0009921611985191647,784-512-256-10,True,0.19389146380126476,infer,60000,{},,,,,,,,,,,,,,,,,,,,,309451.4777685051,1,,,77.36286944212628,,,16,2026-09-05T06:59:33+00:00,0.1.0,mnist-512-256
ompnn,1,cublas,True,Clang 18.1.3 /usr/bin/clang++-18,NVIDIA GeForce GTX 1080 Ti,gpu,13.0,double,,,,,,,,,,,,,,3,2.8226456820060934,2.8308544826213775,e2e85a4844c129ce900851a7a2cbbd912a6b3532,v0.1.0-10-gb8e62eb-dirty,766.4130466835934,66.22068965517242,17.06896551724138,a830de02df72,efadbd9e0542,0.24891601689711,0.014472656999714673,784-512-256-10,True,0.7764076993335038,infer,2048,{},,,,,,,,,,,,,,,,,,,,,2637.7894007981586,1,,,2637.7894007981586,,,16,2026-09-05T06:59:47+00:00,0.1.0,mnist-512-256
ompnn,4096,cublas,True,Clang 18.1.3 /usr/bin/clang++-18,NVIDIA GeForce GTX 1080 Ti,gpu,13.0,double,,,,,,,,,,,,,,5,102.35480468994322,102.65247229628584,e2e85a4844c129ce900851a7a2cbbd912a6b3532,v0.1.0-10-gb8e62eb-dirty,1746.2847848932918,108.67253333333333,37.906666666666666,a830de02df72,31f5f0c15b29,54.36017272034544,0.07249533059075475,784-512-256-10,True,0.6272768551949411,infer,60000,{},,,,,,,,,,,,,,,,,,,,,95651.54445456716,1,,,23.91288611364179,,,16,2026-09-05T07:00:04+00:00,0.1.0,mnist-512-256
ompnn,1,cublas,True,Clang 18.1.3 /usr/bin/clang++-18,NVIDIA GeForce GTX 1080 Ti,gpu,13.0,float,,,,,,,,,,,,,,3,8.873432114310612,8.893050946916896,e2e85a4844c129ce900851a7a2cbbd912a6b3532,v0.1.0-10-gb8e62eb-dirty,877.9196023206678,68.96046875,20.984375,a830de02df72,0e789939fd6b,0.49869007705240015,0.020039289297225538,784-1024-1024-10,True,0.8593343109823763,infer,2048,{},,,,,,,,,,,,,,,,,,,,,2383.240112522403,1,,,2383.240112522403,,,16,2026-09-05T07:00:19+00:00,0.1.0,mnist
ompnn,4096,cublas,True,Clang 18.1.3 /usr/bin/clang++-18,NVIDIA GeForce GTX 1080 Ti,gpu,13.0,float,,,,,,,,,,,,,,5,998.9451157772412,1001.1537467507844,e2e85a4844c129ce900851a7a2cbbd912a6b3532,v0.1.0-10-gb8e62eb-dirty,435.6560371292121,83.13925925925926,27.22222222222222,a830de02df72,895098520b8b,174.16334549536907,0.0045274204108864124,784-1024-1024-10,True,0.2236317456001416,infer,60000,{},,,,,,,,,,,,,,,,,,,,,268298.2232195303,1,,,67.07455580488258,,,16,2026-09-05T07:00:26+00:00,0.1.0,mnist
ompnn,1,cublas,True,Clang 18.1.3 /usr/bin/clang++-18,NVIDIA GeForce GTX 1080 Ti,gpu,13.0,double,,,,,,,,,,,,,,3,8.399183036523794,8.417753321831704,e2e85a4844c129ce900851a7a2cbbd912a6b3532,v0.1.0-10-gb8e62eb-dirty,1008.2944276368951,75.3365671641791,22.91044776119403,a830de02df72,06b5e557d15d,0.24934503852620007,0.03207223699428141,784-1024-1024-10,True,0.9078555186667169,infer,2048,{},,,,,,,,,,,,,,,,,,,,,2255.8655621851676,1,,,2255.8655621851676,,,16,2026-09-05T07:00:42+00:00,0.1.0,mnist
ompnn,4096,cublas,True,Clang 18.1.3 /usr/bin/clang++-18,NVIDIA GeForce GTX 1080 Ti,gpu,13.0,double,,,,,,,,,,,,,,5,202.8788768988967,203.3274346467845,e2e85a4844c129ce900851a7a2cbbd912a6b3532,v0.1.0-10-gb8e62eb-dirty,3741.2320898853827,132.10485074626865,64.92537313432835,a830de02df72,4498e67ab5f5,87.08167274768454,0.008410567999817431,784-1024-1024-10,True,1.1011291240109131,infer,60000,{},,,,,,,,,,,,,,,,,,,,,54489.52233816799,1,,,13.622380584541997,,,16,2026-09-05T07:01:11+00:00,0.1.0,mnist
ompnn,1,cublas,True,GNU 14.2.0 /usr/bin/g++-14,NVIDIA GeForce GTX 1080 Ti,gpu,13.0,float,,,,,,,,,,,,,,3,0.00025239266174503804,0.0002874471980985155,e2e85a4844c129ce900851a7a2cbbd912a6b3532,v0.1.0-10-gb8e62eb-dirty,89.25928975567338,87.97666666666667,65.66666666666667,a830de02df72,9b0c7c11fe63,0.3673469387755102,0.0004009486486514363,17-4-1,True,0.07074690633453429,infer,124,{},,,,,,,,,,,,,,,,,,,,,1752.726817673875,1,,,1752.726817673875,,,16,2026-09-05T11:08:52+00:00,0.1.0,monk
ompnn,124,cublas,True,GNU 14.2.0 /usr/bin/g++-14,NVIDIA GeForce GTX 1080 Ti,gpu,13.0,float,,,,,,,,,,,,,,5,0.025135120859446112,0.028626109867702518,e2e85a4844c129ce900851a7a2cbbd912a6b3532,v0.1.0-10-gb8e62eb-dirty,,125.09,6.0,a830de02df72,405d38a369b9,1.354368932038835,5.8247405104339166e-05,17-4-1,True,0.0007104004034772515,infer,124,{},,,,,,,,,,,,,,,,,,,,,174549.45041282024,1,,,1407.656858167905,,,16,2026-09-05T11:08:52+00:00,0.1.0,monk
ompnn,1,cublas,True,GNU 14.2.0 /usr/bin/g++-14,NVIDIA GeForce GTX 1080 Ti,gpu,13.0,double,,,,,,,,,,,,,,3,0.00023807674212701803,0.00027114295631132607,e2e85a4844c129ce900851a7a2cbbd912a6b3532,v0.1.0-10-gb8e62eb-dirty,110.81227568718779,109.44833333333334,66.66666666666667,a830de02df72,e33fa81cc26f,0.1836734693877551,0.004760763336283461,17-4-1,True,0.07500102630971621,infer,124,{},,,,,,,,,,,,,,,,,,,,,1653.310709215403,1,,,1653.310709215403,,,16,2026-09-05T11:08:53+00:00,0.1.0,monk
ompnn,124,cublas,True,GNU 14.2.0 /usr/bin/g++-14,NVIDIA GeForce GTX 1080 Ti,gpu,13.0,double,,,,,,,,,,,,,,5,0.024473583766950757,0.027872692623471695,e2e85a4844c129ce900851a7a2cbbd912a6b3532,v0.1.0-10-gb8e62eb-dirty,,120.97,48.0,a830de02df72,c11c966de5de,0.6771844660194175,5.077477544546127e-05,17-4-1,True,0.0007296029943972826,infer,124,{},,,,,,,,,,,,,,,,,,,,,169955.44282604693,1,,,1370.6084098874753,,,16,2026-09-05T11:08:54+00:00,0.1.0,monk
ompnn,1,cublas,True,GNU 14.2.0 /usr/bin/g++-14,NVIDIA GeForce GTX 1080 Ti,gpu,13.0,float,,,,,,,,,,,,,,3,0.010653525688330764,0.011205587343857399,e2e85a4844c129ce900851a7a2cbbd912a6b3532,v0.1.0-10-gb8e62eb-dirty,2678.9527255752696,91.83868965517242,77.8344827586207,a830de02df72,95b7c334c5f7,0.4745635442087479,0.04404851600217308,12-64-64-3,True,1.943898818649662,infer,2048,{},,,,,,,,,,,,,,,,,,,,,1053.5527777225834,1,,,1053.5527777225834,,,16,2026-09-05T11:09:26+00:00,0.1.0,cup
ompnn,1000,cublas,True,GNU 14.2.0 /usr/bin/g++-14,NVIDIA GeForce GTX 1080 Ti,gpu,13.0,float,,,,,,,,,,,,,,5,9.131323271791153,9.604504976144254,e2e85a4844c129ce900851a7a2cbbd912a6b3532,v0.1.0-10-gb8e62eb-dirty,,88.89,17.0,a830de02df72,fa10e15879a6,9.157562233749674,4.26372280344367e-05,12-64-64-3,True,0.0011073970003053547,infer,1000,{},,,,,,,,,,,,,,,,,,,,,903018.5197578276,1,,,903.0185197578277,,,16,2026-09-05T11:09:26+00:00,0.1.0,cup
ompnn,1,cublas,True,GNU 14.2.0 /usr/bin/g++-14,NVIDIA GeForce GTX 1080 Ti,gpu,13.0,double,,,,,,,,,,,,,,3,0.010566446394044285,0.01111399563360908,e2e85a4844c129ce900851a7a2cbbd912a6b3532,v0.1.0-10-gb8e62eb-dirty,2961.9287512570463,96.61717105263158,79.35526315789474,a830de02df72,f225dbb3a149,0.23728177210437396,0.08099426135110366,12-64-64-3,True,1.959918711334467,infer,2048,{},,,,,,,,,,,,,,,,,,,,,1044.9412968793795,1,,,1044.9412968793795,,,16,2026-09-05T11:09:59+00:00,0.1.0,cup
ompnn,1000,cublas,True,GNU 14.2.0 /usr/bin/g++-14,NVIDIA GeForce GTX 1080 Ti,gpu,13.0,double,,,,,,,,,,,,,,5,8.686140469647924,9.136252970250725,e2e85a4844c129ce900851a7a2cbbd912a6b3532,v0.1.0-10-gb8e62eb-dirty,,93.66,69.0,a830de02df72,93a629b2280e,4.578781116874837,5.046604201197624e-06,12-64-64-3,True,0.001164153404533863,infer,1000,{},,,,,,,,,,,,,,,,,,,,,858993.3217610685,1,,,858.9933217610685,,,16,2026-09-05T11:09:59+00:00,0.1.0,cup
ompnn,1,cublas,True,GNU 14.2.0 /usr/bin/g++-14,NVIDIA GeForce GTX 1080 Ti,gpu,13.0,float,,,,,,,,,,,,,,3,1.12369588364304,1.1269638090223546,e2e85a4844c129ce900851a7a2cbbd912a6b3532,v0.1.0-10-gb8e62eb-dirty,2604.6883113065505,89.16875862068964,76.89655172413794,a830de02df72,06b942fdee70,0.49783203379422,0.012137963009687835,784-512-256-10,True,1.9502819863458474,infer,2048,{},,,,,,,,,,,,,,,,,,,,,1050.1045563350776,1,,,1050.1045563350776,,,16,2026-09-05T11:10:31+00:00,0.1.0,mnist-512-256
ompnn,4096,cublas,True,GNU 14.2.0 /usr/bin/g++-14,NVIDIA GeForce GTX 1080 Ti,gpu,13.0,float,,,,,,,,,,,,,,5,308.9746272418817,309.8731853309749,e2e85a4844c129ce900851a7a2cbbd912a6b3532,v0.1.0-10-gb8e62eb-dirty,398.6181306455634,78.08461538461539,26.884615384615383,a830de02df72,b5f2b210debe,108.72034544069088,0.008391736401244992,784-512-256-10,True,0.20779958721250297,infer,60000,{},,,,,,,,,,,,,,,,,,,,,288739.745852536,1,,,72.18493646313401,,,16,2026-09-05T11:10:38+00:00,0.1.0,mnist-512-256
ompnn,1,cublas,True,GNU 14.2.0 /usr/bin/g++-14,NVIDIA GeForce GTX 1080 Ti,gpu,13.0,double,,,,,,,,,,,,,,3,1.1170124029364104,1.1202608914587062,e2e85a4844c129ce900851a7a2cbbd912a6b3532,v0.1.0-10-gb8e62eb-dirty,2656.0431284305178,90.31157534246576,77.55479452054794,a830de02df72,efadbd9e0542,0.24891601689711,0.022555162354062075,784-512-256-10,True,1.9619512140052393,infer,2048,{},,,,,,,,,,,,,,,,,,,,,1043.8587796579793,1,,,1043.8587796579793,,,16,2026-09-05T11:11:11+00:00,0.1.0,mnist-512-256
ompnn,4096,cublas,True,GNU 14.2.0 /usr/bin/g++-14,NVIDIA GeForce GTX 1080 Ti,gpu,13.0,double,,,,,,,,,,,,,,5,112.76736773628657,113.09531709371342,e2e85a4844c129ce900851a7a2cbbd912a6b3532,v0.1.0-10-gb8e62eb-dirty,1623.0632510640887,110.68115942028986,46.869565217391305,a830de02df72,31f5f0c15b29,54.36017272034544,0.004013150976970858,784-512-256-10,True,0.5693562001921236,infer,60000,{},,,,,,,,,,,,,,,,,,,,,105382.18426312665,1,,,26.345546065781665,,,16,2026-09-05T11:11:27+00:00,0.1.0,mnist-512-256
ompnn,1,cublas,True,GNU 14.2.0 /usr/bin/g++-14,NVIDIA GeForce GTX 1080 Ti,gpu,13.0,float,,,,,,,,,,,,,,3,3.717674194264811,3.725893835409567,e2e85a4844c129ce900851a7a2cbbd912a6b3532,v0.1.0-10-gb8e62eb-dirty,2808.4239242122135,91.07169934640523,77.63398692810458,a830de02df72,0e789939fd6b,0.49869007705240015,0.020139321335591376,784-1024-1024-10,True,2.0510793236705163,infer,2048,{},,,,,,,,,,,,,,,,,,,,,998.4986813357342,1,,,998.4986813357342,,,16,2026-09-05T11:12:01+00:00,0.1.0,mnist
ompnn,4096,cublas,True,GNU 14.2.0 /usr/bin/g++-14,NVIDIA GeForce GTX 1080 Ti,gpu,13.0,float,,,,,,,,,,,,,,5,980.7486508859607,982.9170501437337,e2e85a4844c129ce900851a7a2cbbd912a6b3532,v0.1.0-10-gb8e62eb-dirty,594.9951796389917,110.02107142857143,32.035714285714285,a830de02df72,895098520b8b,174.16334549536907,0.004626427218317991,784-1024-1024-10,True,0.22778093020897358,infer,60000,{},,,,,,,,,,,,,,,,,,,,,263410.9885535811,1,,,65.85274713839529,,,16,2026-09-05T11:12:08+00:00,0.1.0,mnist
ompnn,1,cublas,True,GNU 14.2.0 /usr/bin/g++-14,NVIDIA GeForce GTX 1080 Ti,gpu,13.0,double,,,,,,,,,,,,,,3,2.934008649236929,2.9404956346348268,e2e85a4844c129ce900851a7a2cbbd912a6b3532,v0.1.0-10-gb8e62eb-dirty,4436.111165996349,116.81074468085106,82.34042553191489,a830de02df72,06b5e557d15d,0.24934503852620007,0.1518470736918971,784-1024-1024-10,True,2.5989169029829404,infer,2048,{},,,,,,,,,,,,,,,,,,,,,788.0205779759182,1,,,788.0205779759182,,,16,2026-09-05T11:12:50+00:00,0.1.0,mnist
ompnn,4096,cublas,True,GNU 14.2.0 /usr/bin/g++-14,NVIDIA GeForce GTX 1080 Ti,gpu,13.0,double,,,,,,,,,,,,,,5,218.70342393110866,219.1869691714679,e2e85a4844c129ce900851a7a2cbbd912a6b3532,v0.1.0-10-gb8e62eb-dirty,3557.0382531993473,136.67383999999998,71.992,a830de02df72,4498e67ab5f5,87.08167274768454,0.006495668995194048,784-1024-1024-10,True,1.0214556131977588,infer,60000,{},,,,,,,,,,,,,,,,,,,,,58739.703639362844,1,,,14.684925909840711,,,16,2026-09-05T11:13:18+00:00,0.1.0,mnist
cudann,40,tiled,True,nvcc 12.9.86 /usr/local/cuda-12.9/bin/nvcc / host GNU 13.3.0,NVIDIA GeForce GTX 1080 Ti,gpu,13.0,float,,,,,,,,,,,,,,5,0.10720716045545052,0.1324901045733227,e2e85a4844c129ce900851a7a2cbbd912a6b3532,v0.1.0-6-gfd2d0d5-dirty,,,,ea8906220083,540b6160956c,1.2191103789126854,7.0695765316486575e-06,17-4-1,True,0.00034236519131809474,train,124,"{""blas"": ""tiled""}",,,,,,,,,,,,,,,,,,,,,362186.35289003554,1,0.00031373,395244.3183629235,11683.430738388244,,,16,2026-09-05T06:31:55+00:00,0.1.0,monk
cudann,40,cublas,True,nvcc 12.9.86 /usr/local/cuda-12.9/bin/nvcc / host GNU 13.3.0,NVIDIA GeForce GTX 1080 Ti,gpu,13.0,float,,,,,,,,,,,,,,5,0.06192736244904803,0.07653185376767706,e2e85a4844c129ce900851a7a2cbbd912a6b3532,v0.1.0-6-gfd2d0d5-dirty,,,,ea8906220083,8bee3b12388c,1.2191103789126854,1.3311603106558301e-05,17-4-1,True,0.0005926943849772215,train,124,{},,,,,,,,,,,,,,,,,,,,,209214.06232786496,1,0.0005806139999999999,213567.01698546714,6748.840720253708,,,16,2026-09-05T06:31:55+00:00,0.1.0,monk
cudann,40,tiled,True,nvcc 12.9.86 /usr/local/cuda-12.9/bin/nvcc / host GNU 13.3.0,NVIDIA GeForce GTX 1080 Ti,gpu,13.0,double,,,,,,,,,,,,,,5,0.10065255184261314,0.12438970552476385,e2e85a4844c129ce900851a7a2cbbd912a6b3532,v0.1.0-6-gfd2d0d5-dirty,,,,ea8906220083,5fef50fb7045,0.6095551894563427,8.08249926194549e-05,17-4-1,True,0.00036466040182858706,train,124,"{""blas"": ""tiled""}",,,,,,,,,,,,,,,,,,,,,340042.40487369307,1,0.0003112105,398444.13989887876,10969.10983463526,,,16,2026-09-05T06:31:55+00:00,0.1.0,monk
cudann,40,cublas,True,nvcc 12.9.86 /usr/local/cuda-12.9/bin/nvcc / host GNU 13.3.0,NVIDIA GeForce GTX 1080 Ti,gpu,13.0,double,,,,,,,,,,,,,,5,0.043030640296278934,0.05317866836963852,e2e85a4844c129ce900851a7a2cbbd912a6b3532,v0.1.0-6-gfd2d0d5-dirty,,87.41,9.0,ea8906220083,11adbe9541a0,0.6095551894563427,0.00021943880710750818,17-4-1,True,0.0008529735961928964,train,124,{},,,,,,,,,,,,,,,,,,,,,145373.7847847261,1,0.000687202,180441.8497035806,4689.476928539552,,,16,2026-09-05T06:31:56+00:00,0.1.0,monk
cudann,40,tiled,True,nvcc 12.9.86 /usr/local/cuda-12.9/bin/nvcc / host GNU 13.3.0,NVIDIA GeForce GTX 1080 Ti,gpu,13.0,float,,,,,,,,,,,,,,5,9.636154880120237,10.507457342735554,e2e85a4844c129ce900851a7a2cbbd912a6b3532,v0.1.0-6-gfd2d0d5-dirty,,87.92,1.0,ea8906220083,38c6808bd760,6.563354603463993,0.00018057939596474205,12-64-64-3,True,0.002988743991591036,train,1000,"{""blas"": ""tiled""}",,,,,,,,,,,,,,,,,,,,,334588.711115286,1,0.002974815,336155.35756005,8364.71777788215,,,16,2026-09-05T06:31:56+00:00,0.1.0,cup
cudann,40,cublas,True,nvcc 12.9.86 /usr/local/cuda-12.9/bin/nvcc / host GNU 13.3.0,NVIDIA GeForce GTX 1080 Ti,gpu,13.0,float,,,,,,,,,,,,,,5,5.616669118429335,6.124529120210648,e2e85a4844c129ce900851a7a2cbbd912a6b3532,v0.1.0-6-gfd2d0d5-dirty,,90.17,1.0,ea8906220083,51e7d0eb6bb5,6.563354603463993,7.384840864688158e-05,12-64-64-3,True,0.005127594200894236,train,1000,{},,,,,,,,,,,,,,,,,,,,,195023.23327879634,1,0.0047071615,212442.2542120129,4875.580831969909,,,16,2026-09-05T06:31:56+00:00,0.1.0,cup
cudann,40,tiled,True,nvcc 12.9.86 /usr/local/cuda-12.9/bin/nvcc / host GNU 13.3.0,NVIDIA GeForce GTX 1080 Ti,gpu,13.0,double,,,,,,,,,,,,,,5,10.84885272042298,11.829807490188728,e2e85a4844c129ce900851a7a2cbbd912a6b3532,v0.1.0-6-gfd2d0d5-dirty,,94.2,6.0,ea8906220083,700761394364,3.2816773017319965,0.00011688638478517558,12-64-64-3,True,0.0026546585839241745,train,1000,"{""blas"": ""tiled""}",,,,,,,,,,,,,,,,,,,,,376696.27501468686,1,0.002607411,383522.1988401522,9417.40687536717,,,16,2026-09-05T06:31:57+00:00,0.1.0,cup
cudann,40,cublas,True,nvcc 12.9.86 /usr/local/cuda-12.9/bin/nvcc / host GNU 13.3.0,NVIDIA GeForce GTX 1080 Ti,gpu,13.0,double,,,,,,,,,,,,,,5,6.154288501187388,6.710760122227043,e2e85a4844c129ce900851a7a2cbbd912a6b3532,v0.1.0-6-gfd2d0d5-dirty,,89.45,1.0,ea8906220083,60842f8b90dd,3.2816773017319965,0.00012746399734169227,12-64-64-3,True,0.0046796636190265415,train,1000,{},,,,,,,,,,,,,,,,,,,,,213690.5729578954,1,0.0045638095,219115.1931297746,5342.264323947385,,,16,2026-09-05T06:31:57+00:00,0.1.0,cup
cudann,256,tiled,True,nvcc 12.9.86 /usr/local/cuda-12.9/bin/nvcc / host GNU 13.3.0,NVIDIA GeForce GTX 1080 Ti,gpu,13.0,float,,,,,,,,,,,,,,5,617.2613964735792,625.3142380077787,e2e85a4844c129ce900851a7a2cbbd912a6b3532,v0.1.0-6-gfd2d0d5-dirty,1099.3495519040343,191.93103448275863,81.93103448275862,ea8906220083,72cc2a42c2e3,57.89303578299346,0.00026076158974319696,784-512-256-10,True,0.2340101629961282,train,60000,"{""blas"": ""tiled""}",,,,,,,,,,,,,,,,,,,,,256399.12058431722,1,0.192333748,311957.7329715428,1004.2298889552424,,,16,2026-09-05T06:32:05+00:00,0.1.0,mnist-512-256
cudann,256,cublas,True,nvcc 12.9.86 /usr/local/cuda-12.9/bin/nvcc / host GNU 13.3.0,NVIDIA GeForce GTX 1080 Ti,gpu,13.0,float,,,,,,,,,,,,,,5,1463.73064948882,1482.8265965809671,e2e85a4844c129ce900851a7a2cbbd912a6b3532,v0.1.0-6-gfd2d0d5-dirty,326.9331519041519,143.76250000000002,49.916666666666664,ea8906220083,1d641f08397e,57.89303578299346,0.0002631235867738835,784-512-256-10,True,0.09868307400029153,train,60000,{},,,,,,,,,,,,,,,,,,,,,608007.0022932478,1,0.056363938,1064510.4321844936,2381.3607589818876,,,16,2026-09-05T06:32:09+00:00,0.1.0,mnist-512-256
cudann,256,tiled,True,nvcc 12.9.86 /usr/local/cuda-12.9/bin/nvcc / host GNU 13.3.0,NVIDIA GeForce GTX 1080 Ti,gpu,13.0,double,,,,,,,,,,,,,,5,182.98500534848466,185.37224235961864,e2e85a4844c129ce900851a7a2cbbd912a6b3532,v0.1.0-6-gfd2d0d5-dirty,3279.561171766715,166.69278350515464,88.28865979381443,ea8906220083,a4acead228bb,28.94651789149673,0.002352955611422569,784-512-256-10,True,0.7893840247998014,train,60000,"{""blas"": ""tiled""}",,,,,,,,,,,,,,,,,,,,,76008.63219295174,1,0.705397657,85058.40557392154,297.700476089061,,,16,2026-09-05T06:32:31+00:00,0.1.0,mnist-512-256
cudann,256,cublas,True,nvcc 12.9.86 /usr/local/cuda-12.9/bin/nvcc / host GNU 13.3.0,NVIDIA GeForce GTX 1080 Ti,gpu,13.0,double,,,,,,,,,,,,,,5,224.27243603869573,227.19831217192936,e2e85a4844c129ce900851a7a2cbbd912a6b3532,v0.1.0-6-gfd2d0d5-dirty,2325.7603458685317,145.33101265822785,86.77215189873418,ea8906220083,991a9aad648a,28.94651789149673,0.0012901277979835424,784-512-256-10,True,0.6440623848000542,train,60000,{},,,,,,,,,,,,,,,,,,,,,93158.67750703481,1,0.5585819405,107414.85832193674,364.871486902553,,,16,2026-09-05T06:32:50+00:00,0.1.0,mnist-512-256
cudann,256,tiled,True,nvcc 12.9.86 /usr/local/cuda-12.9/bin/nvcc / host GNU 13.3.0,NVIDIA GeForce GTX 1080 Ti,gpu,13.0,float,,,,,,,,,,,,,,2,454.21754742456125,460.67559076147785,e2e85a4844c129ce900851a7a2cbbd912a6b3532,v0.1.0-6-gfd2d0d5-dirty,140.40689880772726,137.93333333333334,72.33333333333333,ea8906220083,94cb494ff0f8,39.36769759450172,0.00022373348474502563,256-256-256-256-256-16,True,0.2115723925526254,train,65536,"{""blas"": ""tiled""}",,,,,,,,,,,,,,,,,,,,,309756.86009552935,1,0.173254695,378263.9194857029,1209.9877347481615,,,16,2026-09-05T06:32:53+00:00,0.1.0,sweep-w256-d4-b256
cudann,256,cublas,True,nvcc 12.9.86 /usr/local/cuda-12.9/bin/nvcc / host GNU 13.3.0,NVIDIA GeForce GTX 1080 Ti,gpu,13.0,float,,,,,,,,,,,,,,2,802.7005285434417,814.1132862171429,e2e85a4844c129ce900851a7a2cbbd912a6b3532,v0.1.0-6-gfd2d0d5-dirty,62.513602132910165,107.8675,38.5,ea8906220083,77644ce50ca5,39.36769759450172,0.004546084790490568,256-256-256-256-256-16,True,0.11972072999924421,train,65536,{},,,,,,,,,,,,,,,,,,,,,547407.2869453245,1,0.072210633,907567.1722750305,2138.309714630174,,,16,2026-09-05T06:32:55+00:00,0.1.0,sweep-w256-d4-b256
cudann,256,tiled,True,nvcc 12.9.86 /usr/local/cuda-12.9/bin/nvcc / host GNU 13.3.0,NVIDIA GeForce GTX 1080 Ti,gpu,13.0,float,,,,,,,,,,,,,,2,788.6557765276543,796.2818920339197,e2e85a4844c129ce900851a7a2cbbd912a6b3532,v0.1.0-6-gfd2d0d5-dirty,2198.059124120976,224.34,96.38775510204081,ea8906220083,6bfd78b5bbd6,79.17792963806632,0.0016273027868010104,256-1024-1024-1024-1024-16,True,1.6637328324723057,train,65536,"{""blas"": ""tiled""}",,,,,,,,,,,,,,,,,,,,,39390.93989184162,1,1.620273441,40447.49382521046,153.87085895250632,,,16,2026-09-05T06:33:08+00:00,0.1.0,sweep-w1024-d4-b256
cudann,256,cublas,True,nvcc 12.9.86 /usr/local/cuda-12.9/bin/nvcc / host GNU 13.3.0,NVIDIA GeForce GTX 1080 Ti,gpu,13.0,float,,,,,,,,,,,,,,2,3685.8561179949907,3721.4974780558578,e2e85a4844c129ce900851a7a2cbbd912a6b3532,v0.1.0-6-gfd2d0d5-dirty,439.82466628472093,212.7109090909091,78.45454545454545,ea8906220083,2aeb185e7daf,79.17792963806632,0.005367797217331827,256-1024-1024-1024-1024-16,True,0.355985819012858,train,65536,{},,,,,,,,,,,,,,,,,,,,,184097.2210121462,1,0.305982758,214182.0030264581,719.1297695786961,,,16,2026-09-05T06:33:12+00:00,0.1.0,sweep-w1024-d4-b256
cudann,256,tiled,True,nvcc 12.9.86 /usr/local/cuda-12.9/bin/nvcc / host GNU 13.3.0,NVIDIA GeForce GTX 1080 Ti,gpu,13.0,float,,,,,,,,,,,,,,2,792.6132814600762,799.1891181391255,e2e85a4844c129ce900851a7a2cbbd912a6b3532,v0.1.0-6-gfd2d0d5-dirty,36216.58699939668,238.5609479305741,99.52069425901202,ea8906220083,12ff33190d9e,110.5098853438531,0.03692747073364444,256-4096-4096-4096-4096-16,True,25.348877543001436,train,65536,"{""blas"": ""tiled""}",,,,,,,,,,,,,,,,,,,,,2585.361023928013,1,25.18045738,2602.6532803194063,10.0990664997188,,,16,2026-09-05T06:36:17+00:00,0.1.0,sweep-w4096-d4-b256
cudann,256,cublas,True,nvcc 12.9.86 /usr/local/cuda-12.9/bin/nvcc / host GNU 13.3.0,NVIDIA GeForce GTX 1080 Ti,gpu,13.0,float,,,,,,,,,,,,,,2,5456.7425127037,5502.013830258543,e2e85a4844c129ce900851a7a2cbbd912a6b3532,v0.1.0-6-gfd2d0d5-dirty,5869.617711322572,265.9810091743119,95.77981651376147,ea8906220083,605349a6c7ed,110.5098853438531,0.004922473250189796,256-4096-4096-4096-4096-16,True,3.6820240214583464,train,65536,{},,,,,,,,,,,,,,,,,,,,,17798.9061500047,1,3.568348071,18365.921343999966,69.52697714845586,,,16,2026-09-05T06:36:48+00:00,0.1.0,sweep-w4096-d4-b256
syclnn,40,tiled,True,Clang 22.1.0 /opt/sycl/bin/clang++,NVIDIA GeForce GTX 1080 Ti,gpu,CUDA 13.0,float,,,,,,,,,,,,,,5,0.021801767659680813,0.02694333535971888,e2e85a4844c129ce900851a7a2cbbd912a6b3532,v0.2.0-7-g01733d3-dirty,,62.98,4.0,13a136cfe1e9,e5e1f10ffc49,1.2191103789126854,0.00028190959710627794,17-4-1,True,0.0016835332149639725,train,124,"{""blas"": ""tiled""}",,,,,,,,,,,,,,,,,,,,,73654.62047189464,1,0.001564481,79259.51162078671,2375.9554990933752,,,16,2026-09-05T04:30:37+00:00,0.2.0,monk
syclnn,40,auto,True,Clang 22.1.0 /opt/sycl/bin/clang++,NVIDIA GeForce GTX 1080 Ti,gpu,CUDA 13.0,float,,,,,,,,,,,,,,5,0.014738129567846954,0.0182138610831936,e2e85a4844c129ce900851a7a2cbbd912a6b3532,v0.2.0-7-g01733d3-dirty,,63.99,2.0,13a136cfe1e9,e331ec1d84c1,1.2191103789126854,0.0002738851821050049,17-4-1,True,0.002490411000326276,train,124,{},,,,,,,,,,,,,,,,,,,,,49790.97826975323,1,0.0024238245,51158.81946073241,1606.1605893468782,,,16,2026-09-05T04:30:37+00:00,0.2.0,monk
syclnn,40,tiled,True,Clang 22.1.0 /opt/sycl/bin/clang++,NVIDIA GeForce GTX 1080 Ti,gpu,CUDA 13.0,double,,,,,,,,,,,,,,5,0.021874936725115937,0.02703376007659271,e2e85a4844c129ce900851a7a2cbbd912a6b3532,v0.2.0-7-g01733d3-dirty,,62.68,4.0,13a136cfe1e9,fda32d8c9f67,0.6095551894563427,9.639759082347155e-05,17-4-1,True,0.0016779019962996245,train,124,"{""blas"": ""tiled""}",,,,,,,,,,,,,,,,,,,,,73901.81326052682,1,0.0016006195,77470.00458260068,2383.9294600169937,,,16,2026-09-05T04:30:37+00:00,0.2.0,monk
syclnn,40,auto,True,Clang 22.1.0 /opt/sycl/bin/clang++,NVIDIA GeForce GTX 1080 Ti,gpu,CUDA 13.0,double,,,,,,,,,,,,,,5,0.018232248854159697,0.022532007629268852,e2e85a4844c129ce900851a7a2cbbd912a6b3532,v0.2.0-7-g01733d3-dirty,,63.52,2.0,13a136cfe1e9,9be05c25cb68,0.6095551894563427,3.9018807001411915e-05,17-4-1,True,0.0020131361903622746,train,124,{},,,,,,,,,,,,,,,,,,,,,61595.43531810709,1,0.0019331345,64144.527967402166,1986.9495263905512,,,16,2026-09-05T04:30:38+00:00,0.2.0,monk
syclnn,40,tiled,True,Clang 22.1.0 /opt/sycl/bin/clang++,NVIDIA GeForce GTX 1080 Ti,gpu,CUDA 13.0,float,,,,,,,,,,,,,,5,2.3792211100377774,2.59435061325477,e2e85a4844c129ce900851a7a2cbbd912a6b3532,v0.2.0-7-g01733d3-dirty,13.02008901912719,64.36,10.0,13a136cfe1e9,fbc0fd92d4d5,6.563354603463993,0.00021881202701479197,12-64-64-3,True,0.012104801810346543,train,1000,"{""blas"": ""tiled""}",,,,,,,,,,,,,,,,,,,,,82611.84409853394,1,0.0116548565,85801.14221054545,2065.2961024633482,,,16,2026-09-05T04:30:38+00:00,0.2.0,cup
syclnn,40,auto,True,Clang 22.1.0 /opt/sycl/bin/clang++,NVIDIA GeForce GTX 1080 Ti,gpu,CUDA 13.0,float,,,,,,,,,,,,,,5,1.615606833367817,1.761690227630773,e2e85a4844c129ce900851a7a2cbbd912a6b3532,v0.2.0-7-g01733d3-dirty,25.62344048988307,63.21666666666667,10.666666666666666,13a136cfe1e9,d052779fccac,6.563354603463993,0.0015794538194313645,12-64-64-3,True,0.017826119204983115,train,1000,{},,,,,,,,,,,,,,,,,,,,,56097.45949193809,1,0.016748084,59708.32245646726,1402.4364872984524,,,16,2026-09-05T04:30:39+00:00,0.2.0,cup
syclnn,40,tiled,True,Clang 22.1.0 /opt/sycl/bin/clang++,NVIDIA GeForce GTX 1080 Ti,gpu,CUDA 13.0,double,,,,,,,,,,,,,,5,2.3685395194821797,2.5827031917975805,e2e85a4844c129ce900851a7a2cbbd912a6b3532,v0.2.0-7-g01733d3-dirty,13.001684604148613,64.31,8.0,13a136cfe1e9,1f14ad4d5a43,3.2816773017319965,0.0006168161984533068,12-64-64-3,True,0.012159391795285046,train,1000,"{""blas"": ""tiled""}",,,,,,,,,,,,,,,,,,,,,82240.95553757568,1,0.0117906385,84813.04892860551,2056.023888439392,,,16,2026-09-05T04:30:39+00:00,0.2.0,cup
syclnn,40,auto,True,Clang 22.1.0 /opt/sycl/bin/clang++,NVIDIA GeForce GTX 1080 Ti,gpu,CUDA 13.0,double,,,,,,,,,,,,,,5,1.7358575453089096,1.892814025647067,e2e85a4844c129ce900851a7a2cbbd912a6b3532,v0.2.0-7-g01733d3-dirty,12.824295817982055,63.425,15.5,13a136cfe1e9,bd2bd04b7ce3,3.2816773017319965,0.0014522755751386306,12-64-64-3,True,0.016591223212890326,train,1000,{},,,,,,,,,,,,,,,,,,,,,60272.83143433714,1,0.016072153,62219.417647405426,1506.8207858584285,,,16,2026-09-05T04:30:40+00:00,0.2.0,cup
syclnn,256,tiled,True,Clang 22.1.0 /opt/sycl/bin/clang++,NVIDIA GeForce GTX 1080 Ti,gpu,CUDA 13.0,float,,,,,,,,,,,,,,5,468.0780034179608,474.1845864777531,e2e85a4844c129ce900851a7a2cbbd912a6b3532,v0.2.0-7-g01733d3-dirty,1231.577771627994,161.8515789473684,75.10526315789474,13a136cfe1e9,1600bef707f1,57.89303578299346,0.005098436796106387,784-512-256-10,True,0.3085926681989804,train,60000,"{""blas"": ""tiled""}",,,,,,,,,,,,,,,,,,,,,194431.06134106865,1,0.243899901,246002.55987803784,761.5216569191855,,,16,2026-09-05T04:30:49+00:00,0.2.0,mnist-512-256
syclnn,256,auto,True,Clang 22.1.0 /opt/sycl/bin/clang++,NVIDIA GeForce GTX 1080 Ti,gpu,CUDA 13.0,float,,,,,,,,,,,,,,5,688.0122686827428,696.9881317529749,e2e85a4844c129ce900851a7a2cbbd912a6b3532,v0.2.0-7-g01733d3-dirty,567.3200157952897,110.67,27.884615384615383,13a136cfe1e9,e946bce462e7,57.89303578299346,0.0005179947940632812,784-512-256-10,True,0.20994602360296993,train,60000,{},,,,,,,,,,,,,,,,,,,,,285787.7418696261,1,0.1457710265,411604.42812687467,1119.3353223227023,,,16,2026-09-05T04:30:57+00:00,0.2.0,mnist-512-256
syclnn,256,tiled,True,Clang 22.1.0 /opt/sycl/bin/clang++,NVIDIA GeForce GTX 1080 Ti,gpu,CUDA 13.0,double,,,,,,,,,,,,,,5,158.17737260133893,160.24096725205206,e2e85a4844c129ce900851a7a2cbbd912a6b3532,v0.2.0-7-g01733d3-dirty,3389.994980164204,149.43446428571428,85.70535714285714,13a136cfe1e9,6ff2c0dcb220,28.94651789149673,0.004667780804447852,784-512-256-10,True,0.9131864920025692,train,60000,"{""blas"": ""tiled""}",,,,,,,,,,,,,,,,,,,,,65703.99422841133,1,0.7869266005,76245.99290693313,257.3406440612777,,,16,2026-09-05T04:31:22+00:00,0.2.0,mnist-512-256
syclnn,256,auto,True,Clang 22.1.0 /opt/sycl/bin/clang++,NVIDIA GeForce GTX 1080 Ti,gpu,CUDA 13.0,double,,,,,,,,,,,,,,5,205.41901343529457,208.09892630973724,e2e85a4844c129ce900851a7a2cbbd912a6b3532,v0.2.0-7-g01733d3-dirty,2381.4617380126324,135.2935632183908,81.57471264367815,13a136cfe1e9,841d342d9fb2,28.94651789149673,0.010499396990053422,784-512-256-10,True,0.7031746360007674,train,60000,{},,,,,,,,,,,,,,,,,,,,,85327.30978643337,1,0.5822738865,103044.29133969071,334.19862999686404,,,16,2026-09-05T04:31:43+00:00,0.2.0,mnist-512-256
syclnn,256,tiled,True,Clang 22.1.0 /opt/sycl/bin/clang++,NVIDIA GeForce GTX 1080 Ti,gpu,CUDA 13.0,float,,,,,,,,,,,,,,2,340.3883969034519,345.22802282950926,e2e85a4844c129ce900851a7a2cbbd912a6b3532,v0.2.0-7-g01733d3-dirty,242.77067769207937,144.50666666666666,70.11111111111111,13a136cfe1e9,8dbed10e9c90,39.36769759450172,0.0018869054911192507,256-256-256-256-256-16,True,0.2823242334998213,train,65536,"{""blas"": ""tiled""}",,,,,,,,,,,,,,,,,,,,,232130.26805239334,1,0.221171206,296313.43602656847,906.7588595796615,,,16,2026-09-05T04:31:46+00:00,0.2.0,sweep-w256-d4-b256
syclnn,256,auto,True,Clang 22.1.0 /opt/sycl/bin/clang++,NVIDIA GeForce GTX 1080 Ti,gpu,CUDA 13.0,float,,,,,,,,,,,,,,2,322.007401503388,326.5856873171086,e2e85a4844c129ce900851a7a2cbbd912a6b3532,v0.2.0-7-g01733d3-dirty,148.0770572288212,90.0611111111111,23.88888888888889,13a136cfe1e9,ba5e6e5aef10,39.36769759450172,0.0012233192683197558,256-256-256-256-256-16,True,0.29844001348828897,train,65536,{},,,,,,,,,,,,,,,,,,,,,219595.21859682427,1,0.242698358,270030.6690991292,857.7938226438448,,,16,2026-09-05T04:31:49+00:00,0.2.0,sweep-w256-d4-b256
syclnn,256,tiled,True,Clang 22.1.0 /opt/sycl/bin/clang++,NVIDIA GeForce GTX 1080 Ti,gpu,CUDA 13.0,float,,,,,,,,,,,,,,2,639.626094069939,645.8111276668212,e2e85a4844c129ce900851a7a2cbbd912a6b3532,v0.2.0-7-g01733d3-dirty,2454.328414039445,200.98377049180328,95.91803278688525,13a136cfe1e9,3831f09d0dea,79.17792963806632,0.0012374984798952937,256-1024-1024-1024-1024-16,True,2.0513742655166425,train,65536,"{""blas"": ""tiled""}",,,,,,,,,,,,,,,,,,,,,31947.363824170152,1,1.987043761,32981.65912914688,124.79438993816466,,,16,2026-09-05T04:32:05+00:00,0.2.0,sweep-w1024-d4-b256
syclnn,256,auto,True,Clang 22.1.0 /opt/sycl/bin/clang++,NVIDIA GeForce GTX 1080 Ti,gpu,CUDA 13.0,float,,,,,,,,,,,,,,2,3398.4687408033074,3431.3311326517614,e2e85a4844c129ce900851a7a2cbbd912a6b3532,v0.2.0-7-g01733d3-dirty,445.4546777357772,196.35583333333332,72.91666666666667,13a136cfe1e9,2957db29f18d,79.17792963806632,0.005739863496273756,256-1024-1024-1024-1024-16,True,0.38608932698844,train,65536,{},,,,,,,,,,,,,,,,,,,,,169743.10196863388,1,0.321779616,203667.34479538942,663.0589920649761,,,16,2026-09-05T04:32:10+00:00,0.2.0,sweep-w1024-d4-b256
syclnn,256,tiled,True,Clang 22.1.0 /opt/sycl/bin/clang++,NVIDIA GeForce GTX 1080 Ti,gpu,CUDA 13.0,float,,,,,,,,,,,,,,2,650.5853867025235,655.9829031822513,e2e85a4844c129ce900851a7a2cbbd912a6b3532,v0.2.0-7-g01733d3-dirty,40118.75532319384,216.712004381161,99.52354874041622,13a136cfe1e9,fdce094a3f25,110.5098853438531,0.06274816574295983,256-4096-4096-4096-4096-16,True,30.882736411469523,train,65536,"{""blas"": ""tiled""}",,,,,,,,,,,,,,,,,,,,,2122.091744942026,1,30.739126931,2132.0059007241293,8.289420878679788,,,16,2026-09-05T04:35:54+00:00,0.2.0,sweep-w4096-d4-b256
syclnn,256,auto,True,Clang 22.1.0 /opt/sycl/bin/clang++,NVIDIA GeForce GTX 1080 Ti,gpu,CUDA 13.0,float,,,,,,,,,,,,,,2,5523.5837677531335,5569.409627083783,e2e85a4844c129ce900851a7a2cbbd912a6b3532,v0.2.0-7-g01733d3-dirty,5705.167723499756,261.0212037037037,96.02777777777777,13a136cfe1e9,4a621bab5151,110.5098853438531,0.004033893492305651,256-4096-4096-4096-4096-16,True,3.63746760354843,train,65536,{},,,,,,,,,,,,,,,,,,,,,18016.93022257248,1,3.506269706,18691.089247314165,70.37863368192374,,,16,2026-09-05T04:36:25+00:00,0.2.0,sweep-w4096-d4-b256
ompnn,40,tiled,True,Clang 18.1.3 /usr/bin/clang++-18,NVIDIA GeForce GTX 1080 Ti,gpu,13.0,float,,,,,,,,,,,,,,5,0.0131782353908454,0.016286092996097085,e2e85a4844c129ce900851a7a2cbbd912a6b3532,v0.1.0-10-gb8e62eb-dirty,,89.19,3.0,a830de02df72,9d928d7f2417,1.2191103789126854,7.300861179828635e-05,17-4-1,True,0.002785198390483856,train,124,"{""blas"": ""tiled""}",,,,,,,,,,,,,,,,,,,,,44521.06550961284,1,0.0026337814999999997,47080.59495444099,1436.163403535898,,,16,2026-09-05T06:50:21+00:00,0.1.0,monk
ompnn,40,cublas,True,Clang 18.1.3 /usr/bin/clang++-18,NVIDIA GeForce GTX 1080 Ti,gpu,13.0,float,,,,,,,,,,,,,,5,0.01375062644068531,0.01699347251932993,e2e85a4844c129ce900851a7a2cbbd912a6b3532,v0.1.0-10-gb8e62eb-dirty,,86.86,2.0,a830de02df72,aa54d52372e2,1.2191103789126854,5.0950981676578695e-05,17-4-1,True,0.0026692602084949614,train,124,{},,,,,,,,,,,,,,,,,,,,,46454.81905636929,1,0.002594018,47802.28972967805,1498.5425502054609,,,16,2026-09-05T06:50:21+00:00,0.1.0,monk
ompnn,40,tiled,True,Clang 18.1.3 /usr/bin/clang++-18,NVIDIA GeForce GTX 1080 Ti,gpu,13.0,double,,,,,,,,,,,,,,5,0.01316802126940986,0.016273470051777227,e2e85a4844c129ce900851a7a2cbbd912a6b3532,v0.1.0-10-gb8e62eb-dirty,,86.32,2.0,a830de02df72,88d33258f5d9,0.6095551894563427,0.00020875919144600595,17-4-1,True,0.002787358802743256,train,124,"{""blas"": ""tiled""}",,,,,,,,,,,,,,,,,,,,,44486.55834260088,1,0.0026831629999999997,46214.113715789914,1435.0502691161573,,,16,2026-09-05T06:50:22+00:00,0.1.0,monk
ompnn,40,cublas,True,Clang 18.1.3 /usr/bin/clang++-18,NVIDIA GeForce GTX 1080 Ti,gpu,13.0,double,,,,,,,,,,,,,,5,0.012800728622543658,0.015819557822541967,e2e85a4844c129ce900851a7a2cbbd912a6b3532,v0.1.0-10-gb8e62eb-dirty,,85.33,2.0,a830de02df72,25ff790c5e89,0.6095551894563427,0.0002205222146585582,17-4-1,True,0.0028673367807641624,train,124,{},,,,,,,,,,,,,,,,,,,,,43245.70480589073,1,0.002760921,44912.549109518164,1395.0227356738947,,,16,2026-09-05T06:50:22+00:00,0.1.0,monk
ompnn,40,tiled,True,Clang 18.1.3 /usr/bin/clang++-18,NVIDIA GeForce GTX 1080 Ti,gpu,13.0,float,,,,,,,,,,,,,,5,1.2024359849906079,1.3111604137584567,e2e85a4844c129ce900851a7a2cbbd912a6b3532,v0.1.0-10-gb8e62eb-dirty,26.58685416296474,65.82666666666667,13.666666666666666,a830de02df72,c6c45a17db40,6.563354603463993,0.0005235526012256735,12-64-64-3,True,0.023951379000209272,train,1000,"{""blas"": ""tiled""}",,,,,,,,,,,,,,,,,,,,,41751.24947884055,1,0.0241358235,41432.18896177294,1043.7812369710139,,,16,2026-09-05T06:50:23+00:00,0.1.0,cup
ompnn,40,cublas,True,Clang 18.1.3 /usr/bin/clang++-18,NVIDIA GeForce GTX 1080 Ti,gpu,13.0,float,,,,,,,,,,,,,,5,1.19195413160296,1.299730789731685,e2e85a4844c129ce900851a7a2cbbd912a6b3532,v0.1.0-10-gb8e62eb-dirty,26.16415476477356,64.62666666666667,13.666666666666666,a830de02df72,4e8fe4ef8a5e,6.563354603463993,0.000314406794495882,12-64-64-3,True,0.024162003584206105,train,1000,{},,,,,,,,,,,,,,,,,,,,,41387.29623621389,1,0.0240270315,41619.78977719324,1034.6824059053474,,,16,2026-09-05T06:50:24+00:00,0.1.0,cup
ompnn,40,tiled,True,Clang 18.1.3 /usr/bin/clang++-18,NVIDIA GeForce GTX 1080 Ti,gpu,13.0,double,,,,,,,,,,,,,,5,1.1679173968382337,1.2735206500710965,e2e85a4844c129ce900851a7a2cbbd912a6b3532,v0.1.0-10-gb8e62eb-dirty,26.362320829383098,65.31,17.0,a830de02df72,d71eaed4d138,3.2816773017319965,0.0005545750027522445,12-64-64-3,True,0.02465927819721401,train,1000,"{""blas"": ""tiled""}",,,,,,,,,,,,,,,,,,,,,40552.68739021645,1,0.0251436565,39771.46283397564,1013.8171847554113,,,16,2026-09-05T06:50:24+00:00,0.1.0,cup
ompnn,40,cublas,True,Clang 18.1.3 /usr/bin/clang++-18,NVIDIA GeForce GTX 1080 Ti,gpu,13.0,double,,,,,,,,,,,,,,5,1.061629565117203,1.157622257843651,e2e85a4844c129ce900851a7a2cbbd912a6b3532,v0.1.0-10-gb8e62eb-dirty,39.83670401344367,65.5275,17.25,a830de02df72,88f54ff3f718,3.2816773017319965,0.0008024541893973947,12-64-64-3,True,0.027128106588497757,train,1000,{},,,,,,,,,,,,,,,,,,,,,36862.13767768066,1,0.0273588855,36551.19650250373,921.5534419420164,,,16,2026-09-05T06:50:25+00:00,0.1.0,cup
ompnn,256,tiled,True,Clang 18.1.3 /usr/bin/clang++-18,NVIDIA GeForce GTX 1080 Ti,gpu,13.0,float,,,,,,,,,,,,,,5,194.5820794152664,197.12061278196987,e2e85a4844c129ce900851a7a2cbbd912a6b3532,v0.1.0-10-gb8e62eb-dirty,2589.36407999942,141.45945054945054,56.362637362637365,a830de02df72,5feaa438e900,57.89303578299346,0.010599261801689908,784-512-256-10,True,0.7423368094023317,train,60000,"{""blas"": ""tiled""}",,,,,,,,,,,,,,,,,,,,,80825.84514205492,1,0.703041123,85343.51410906017,316.56789347304846,,,16,2026-09-05T06:50:46+00:00,0.1.0,mnist-512-256
ompnn,256,cublas,True,Clang 18.1.3 /usr/bin/clang++-18,NVIDIA GeForce GTX 1080 Ti,gpu,13.0,float,,,,,,,,,,,,,,5,396.29291325882195,401.46298229251073,e2e85a4844c129ce900851a7a2cbbd912a6b3532,v0.1.0-10-gb8e62eb-dirty,975.3785480600799,109.31355555555555,32.51111111111111,a830de02df72,0e714f3cff33,57.89303578299346,0.008293680008500837,784-512-256-10,True,0.36449160499032585,train,60000,{},,,,,,,,,,,,,,,,,,,,,164612.8447912881,1,0.3267678335,183616.60435588745,644.7336420992117,,,16,2026-09-05T06:50:57+00:00,0.1.0,mnist-512-256
ompnn,256,tiled,True,Clang 18.1.3 /usr/bin/clang++-18,NVIDIA GeForce GTX 1080 Ti,gpu,13.0,double,,,,,,,,,,,,,,5,98.95231643787125,100.24325627028023,e2e85a4844c129ce900851a7a2cbbd912a6b3532,v0.1.0-10-gb8e62eb-dirty,4919.041356178216,135.49391061452513,72.03351955307262,a830de02df72,958a4472f3cb,28.94651789149673,0.004390330007299825,784-512-256-10,True,1.4597479392075912,train,60000,"{""blas"": ""tiled""}",,,,,,,,,,,,,,,,,,,,,41102.98661053111,1,1.3863300435,43279.73723235552,160.98669755791352,,,16,2026-09-05T06:51:37+00:00,0.1.0,mnist-512-256
ompnn,256,cublas,True,Clang 18.1.3 /usr/bin/clang++-18,NVIDIA GeForce GTX 1080 Ti,gpu,13.0,double,,,,,,,,,,,,,,5,138.8006778766172,140.61148261860416,e2e85a4844c129ce900851a7a2cbbd912a6b3532,v0.1.0-10-gb8e62eb-dirty,3185.9430845551215,123.174921875,63.9375,a830de02df72,8a899968b4b7,28.94651789149673,0.0029301651986315402,784-512-256-10,True,1.040668116393499,train,60000,{},,,,,,,,,,,,,,,,,,,,,57655.26881704975,1,0.9668404850000001,62057.806774609766,225.81646953344486,,,16,2026-09-05T06:52:06+00:00,0.1.0,mnist-512-256
ompnn,256,tiled,True,Clang 18.1.3 /usr/bin/clang++-18,NVIDIA GeForce GTX 1080 Ti,gpu,13.0,float,,,,,,,,,,,,,,2,112.62307552527471,114.22434501960191,e2e85a4844c129ce900851a7a2cbbd912a6b3532,v0.1.0-10-gb8e62eb-dirty,584.7535758909537,119.5532,45.4,a830de02df72,eea193241e5b,39.36769759450172,0.010343462519813329,256-256-256-256-256-16,True,0.8532877725083381,train,65536,"{""blas"": ""tiled""}",,,,,,,,,,,,,,,,,,,,,76804.10069319211,1,0.809889154,80919.71558863473,300.0160183327817,,,16,2026-09-05T06:52:13+00:00,0.1.0,sweep-w256-d4-b256
ompnn,256,cublas,True,Clang 18.1.3 /usr/bin/clang++-18,NVIDIA GeForce GTX 1080 Ti,gpu,13.0,float,,,,,,,,,,,,,,2,199.24554491459182,202.07840853036774,e2e85a4844c129ce900851a7a2cbbd912a6b3532,v0.1.0-10-gb8e62eb-dirty,216.78615565922286,82.01642857142858,25.285714285714285,a830de02df72,f54bfa920671,39.36769759450172,0.023880274733528495,256-256-256-256-256-16,True,0.48231890599709004,train,65536,{},,,,,,,,,,,,,,,,,,,,,135876.90464780453,1,0.423506571,154746.12317172287,530.7691587804865,,,16,2026-09-05T06:52:17+00:00,0.1.0,sweep-w256-d4-b256
ompnn,256,tiled,True,Clang 18.1.3 /usr/bin/clang++-18,NVIDIA GeForce GTX 1080 Ti,gpu,13.0,float,,,,,,,,,,,,,,2,330.2613088309823,333.45485785877815,e2e85a4844c129ce900851a7a2cbbd912a6b3532,v0.1.0-10-gb8e62eb-dirty,4184.919910523755,177.51042735042736,79.28205128205128,a830de02df72,b75f0d88576a,79.17792963806632,0.0407731432642322,256-1024-1024-1024-1024-16,True,3.9729525495204143,train,65536,"{""blas"": ""tiled""}",,,,,,,,,,,,,,,,,,,,,16495.54057923773,1,3.93219415,16666.52192135528,64.43570538764739,,,16,2026-09-05T06:52:47+00:00,0.1.0,sweep-w1024-d4-b256
ompnn,256,cublas,True,Clang 18.1.3 /usr/bin/clang++-18,NVIDIA GeForce GTX 1080 Ti,gpu,13.0,float,,,,,,,,,,,,,,2,1212.2036104267384,1223.9253336745262,e2e85a4844c129ce900851a7a2cbbd912a6b3532,v0.1.0-10-gb8e62eb-dirty,884.7985535543789,140.0221875,49.75,a830de02df72,bd7b824b7326,79.17792963806632,0.011155199259519577,256-1024-1024-1024-1024-16,True,1.0824192385189235,train,65536,{},,,,,,,,,,,,,,,,,,,,,60545.856603281594,1,1.045878993,62661.16868072518,236.50725235656873,,,16,2026-09-05T06:52:56+00:00,0.1.0,sweep-w1024-d4-b256
ompnn,256,tiled,True,Clang 18.1.3 /usr/bin/clang++-18,NVIDIA GeForce GTX 1080 Ti,gpu,13.0,float,,,,,,,,,,,,,,2,478.26551622048436,482.2333981591944,e2e85a4844c129ce900851a7a2cbbd912a6b3532,v0.1.0-10-gb8e62eb-dirty,54609.022012443435,216.70802896218828,97.69911504424779,a830de02df72,007a640e8a72,110.5098853438531,0.06369079748401418,256-4096-4096-4096-4096-16,True,42.00983832048951,train,65536,"{""blas"": ""tiled""}",,,,,,,,,,,,,,,,,,,,,1560.0155254117237,1,41.919976724,1563.3596466784145,6.093810646139546,,,16,2026-09-05T06:57:59+00:00,0.1.0,sweep-w4096-d4-b256
ompnn,256,cublas,True,Clang 18.1.3 /usr/bin/clang++-18,NVIDIA GeForce GTX 1080 Ti,gpu,13.0,float,,,,,,,,,,,,,,2,3310.6812765837362,3338.1480121033555,e2e85a4844c129ce900851a7a2cbbd912a6b3532,v0.1.0-10-gb8e62eb-dirty,7697.206643139123,211.80788888888887,86.58888888888889,a830de02df72,608d14e0ee80,110.5098853438531,0.04221136774867773,256-4096-4096-4096-4096-16,True,6.068798332475126,train,65536,{},,,,,,,,,,,,,,,,,,,,,10798.84293556209,1,5.999885388,10922.875315430942,42.182980217039415,,,16,2026-09-05T06:58:47+00:00,0.1.0,sweep-w4096-d4-b256
ompnn,40,tiled,True,GNU 14.2.0 /usr/bin/g++-14,NVIDIA GeForce GTX 1080 Ti,gpu,13.0,float,,,,,,,,,,,,,,5,0.002766020706223637,0.0034183385798360988,e2e85a4844c129ce900851a7a2cbbd912a6b3532,v0.1.0-10-gb8e62eb-dirty,18.298880981461846,88.075,42.5,529e7ed824a7,9d928d7f2417,1.2191103789126854,0.00019289997871965205,17-4-1,True,0.013269604207016528,train,124,"{""blas"": ""tiled""}",,,,,,,,,,,,,,,,,,,,,9344.664548052828,1,0.013252013,9357.068997743965,301.44079187267187,,,16,2026-09-05T06:45:49+00:00,0.1.0,monk
ompnn,40,cublas,True,GNU 14.2.0 /usr/bin/g++-14,NVIDIA GeForce GTX 1080 Ti,gpu,13.0,float,,,,,,,,,,,,,,5,0.004741196221694896,0.005859324886009168,e2e85a4844c129ce900851a7a2cbbd912a6b3532,v0.1.0-10-gb8e62eb-dirty,,89.08,2.0,a830de02df72,aa54d52372e2,1.2191103789126854,0.00012484679464250768,17-4-1,True,0.007741506211459637,train,124,{},,,,,,,,,,,,,,,,,,,,,16017.554803023299,1,0.007530287,16466.83585897855,516.695316226558,,,16,2026-09-05T07:08:52+00:00,0.1.0,monk
ompnn,40,tiled,True,GNU 14.2.0 /usr/bin/g++-14,NVIDIA GeForce GTX 1080 Ti,gpu,13.0,double,,,,,,,,,,,,,,5,0.002554474285743611,0.0031569026155549855,e2e85a4844c129ce900851a7a2cbbd912a6b3532,v0.1.0-10-gb8e62eb-dirty,17.78121737638197,87.91499999999999,56.0,a830de02df72,88d33258f5d9,0.6095551894563427,0.0003027040045708411,17-4-1,True,0.014368514181114733,train,124,"{""blas"": ""tiled""}",,,,,,,,,,,,,,,,,,,,,8629.980695079767,1,0.013960535,8882.181091197437,278.38647403483117,,,16,2026-09-05T07:08:53+00:00,0.1.0,monk
ompnn,40,cublas,True,GNU 14.2.0 /usr/bin/g++-14,NVIDIA GeForce GTX 1080 Ti,gpu,13.0,double,,,,,,,,,,,,,,5,0.004605877948976142,0.00569209415228743,e2e85a4844c129ce900851a7a2cbbd912a6b3532,v0.1.0-10-gb8e62eb-dirty,,88.26,13.0,a830de02df72,25ff790c5e89,0.6095551894563427,0.00016109019052237307,17-4-1,True,0.007968947594054043,train,124,{},,,,,,,,,,,,,,,,,,,,,15560.398476270751,1,0.007915031,15666.394736798884,501.9483379442178,,,16,2026-09-05T07:08:53+00:00,0.1.0,monk
ompnn,40,tiled,True,GNU 14.2.0 /usr/bin/g++-14,NVIDIA GeForce GTX 1080 Ti,gpu,13.0,float,,,,,,,,,,,,,,5,0.17005376507853479,0.1854300501355144,e2e85a4844c129ce900851a7a2cbbd912a6b3532,v0.1.0-10-gb8e62eb-dirty,368.9685175538465,91.01761904761904,87.42857142857143,a830de02df72,c6c45a17db40,6.563354603463993,0.0024996594293043017,12-64-64-3,True,0.16935820260550827,train,1000,"{""blas"": ""tiled""}",,,,,,,,,,,,,,,,,,,,,5904.644620782457,1,0.16926763150000002,5907.804056441824,147.61611551956145,,,16,2026-09-05T07:08:58+00:00,0.1.0,cup
ompnn,40,cublas,True,GNU 14.2.0 /usr/bin/g++-14,NVIDIA GeForce GTX 1080 Ti,gpu,13.0,float,,,,,,,,,,,,,,5,0.34598428640832213,0.3772682336387358,e2e85a4844c129ce900851a7a2cbbd912a6b3532,v0.1.0-10-gb8e62eb-dirty,197.36266504501637,98.8690909090909,79.36363636363636,a830de02df72,4e8fe4ef8a5e,6.563354603463993,0.001118993782438335,12-64-64-3,True,0.08324077459983528,train,1000,{},,,,,,,,,,,,,,,,,,,,,12013.343278066743,1,0.08495383249999999,11771.099320327898,300.3335819516686,,,16,2026-09-05T07:09:01+00:00,0.1.0,cup
ompnn,40,tiled,True,GNU 14.2.0 /usr/bin/g++-14,NVIDIA GeForce GTX 1080 Ti,gpu,13.0,double,,,,,,,,,,,,,,5,0.1575553676028485,0.171801545824188,e2e85a4844c129ce900851a7a2cbbd912a6b3532,v0.1.0-10-gb8e62eb-dirty,407.8318374529411,91.3517391304348,87.65217391304348,a830de02df72,d71eaed4d138,3.2816773017319965,0.0006367326015606634,12-64-64-3,True,0.1827928837854415,train,1000,"{""blas"": ""tiled""}",,,,,,,,,,,,,,,,,,,,,5470.672486210017,1,0.182223746,5487.758988337338,136.76681215525042,,,16,2026-09-05T07:09:06+00:00,0.1.0,cup
ompnn,40,cublas,True,GNU 14.2.0 /usr/bin/g++-14,NVIDIA GeForce GTX 1080 Ti,gpu,13.0,double,,,,,,,,,,,,,,5,0.36570125518137564,0.3987680134667166,e2e85a4844c129ce900851a7a2cbbd912a6b3532,v0.1.0-10-gb8e62eb-dirty,165.42068520943982,90.648,78.9,a830de02df72,88f54ff3f718,3.2816773017319965,0.0004569741897284957,12-64-64-3,True,0.07875280599109828,train,1000,{},,,,,,,,,,,,,,,,,,,,,12697.96024935332,1,0.0785550455,12729.927067510895,317.449006233833,,,16,2026-09-05T07:09:08+00:00,0.1.0,cup
ompnn,256,tiled,True,GNU 14.2.0 /usr/bin/g++-14,NVIDIA GeForce GTX 1080 Ti,gpu,13.0,float,,,,,,,,,,,,,,5,1.3389422938350617,1.3564102420613573,e2e85a4844c129ce900851a7a2cbbd912a6b3532,v0.1.0-10-gb8e62eb-dirty,271939.1047802792,99.92858724104404,99.93568169919976,a830de02df72,5feaa438e900,57.89303578299346,3.2103519232012303,784-512-256-10,True,107.88025792080444,train,60000,"{""blas"": ""tiled""}",,,,,,,,,,,,,,,,,,,,,556.1721964369641,1,108.4907360945,553.0426113777814,2.1783411027114425,,,16,2026-09-05T07:56:52+00:00,0.1.0,mnist-512-256
ompnn,256,cublas,True,GNU 14.2.0 /usr/bin/g++-14,NVIDIA GeForce GTX 1080 Ti,gpu,13.0,float,,,,,,,,,,,,,,5,175.50036841795907,177.78996025723092,e2e85a4844c129ce900851a7a2cbbd912a6b3532,v0.1.0-10-gb8e62eb-dirty,1968.2349658261114,96.86673267326734,77.93069306930693,a830de02df72,0e714f3cff33,57.89303578299346,0.01130335102789104,784-512-256-10,True,0.8230492123868316,train,60000,{},,,,,,,,,,,,,,,,,,,,,72899.65058832972,1,0.7751667085,77402.70491763514,285.5236314709581,,,16,2026-09-05T07:57:15+00:00,0.1.0,mnist-512-256
ompnn,256,tiled,True,GNU 14.2.0 /usr/bin/g++-14,NVIDIA GeForce GTX 1080 Ti,gpu,13.0,double,,,,,,,,,,,,,,5,1.161664456264615,1.17681962364695,e2e85a4844c129ce900851a7a2cbbd912a6b3532,v0.1.0-10-gb8e62eb-dirty,344607.2511428924,109.73064595469256,99.91521035598706,a830de02df72,958a4472f3cb,28.94651789149673,7.408135494007723,784-512-256-10,True,124.34351349999197,train,60000,"{""blas"": ""tiled""}",,,,,,,,,,,,,,,,,,,,,482.53421759715576,1,123.7156727235,484.98301532173537,1.88992568558886,,,16,2026-09-05T08:51:53+00:00,0.1.0,mnist-512-256
ompnn,256,cublas,True,GNU 14.2.0 /usr/bin/g++-14,NVIDIA GeForce GTX 1080 Ti,gpu,13.0,double,,,,,,,,,,,,,,5,85.71066616551091,86.82885436967325,e2e85a4844c129ce900851a7a2cbbd912a6b3532,v0.1.0-10-gb8e62eb-dirty,5681.488213641025,137.11917073170733,87.26829268292683,a830de02df72,8a899968b4b7,28.94651789149673,0.052116822986863376,784-512-256-10,True,1.6852679656120018,train,60000,{},,,,,,,,,,,,,,,,,,,,,35602.646715124094,1,1.600237071,37494.44447159667,139.44369963423603,,,16,2026-09-05T08:52:39+00:00,0.1.0,mnist-512-256
ompnn,256,tiled,True,GNU 14.2.0 /usr/bin/g++-14,NVIDIA GeForce GTX 1080 Ti,gpu,13.0,float,,,,,,,,,,,,,,2,1.2838220190266418,1.3020753390112445,e2e85a4844c129ce900851a7a2cbbd912a6b3532,v0.1.0-10-gb8e62eb-dirty,45487.51360659259,100.5591273054431,99.13585245164192,a830de02df72,eea193241e5b,39.36769759450172,1.4349570195190609,256-256-256-256-256-16,True,74.85452954052016,train,65536,"{""blas"": ""tiled""}",,,,,,,,,,,,,,,,,,,,,875.5114807651571,1,73.174750634,895.6094750195059,3.419966721738895,,,16,2026-09-05T09:01:39+00:00,0.1.0,sweep-w256-d4-b256
ompnn,256,cublas,True,GNU 14.2.0 /usr/bin/g++-14,NVIDIA GeForce GTX 1080 Ti,gpu,13.0,float,,,,,,,,,,,,,,2,63.63773836136597,64.54253667779236,e2e85a4844c129ce900851a7a2cbbd912a6b3532,v0.1.0-10-gb8e62eb-dirty,857.3738608904114,98.03704545454546,81.52272727272727,a830de02df72,f54bfa920671,39.36769759450172,0.05223997650318779,256-256-256-256-256-16,True,1.5101085570058785,train,65536,{},,,,,,,,,,,,,,,,,,,,,43398.204517123915,1,1.450852544,45170.682762369,169.5242363950153,,,16,2026-09-05T09:01:51+00:00,0.1.0,sweep-w256-d4-b256
ompnn,256,tiled,True,GNU 14.2.0 /usr/bin/g++-14,NVIDIA GeForce GTX 1080 Ti,gpu,13.0,float,,,,,,,,,,,,,,2,1.33744532051041,1.3503781015805414,e2e85a4844c129ce900851a7a2cbbd912a6b3532,v0.1.0-10-gb8e62eb-dirty,592972.9108809052,101.39907460919821,99.99630957769035,a830de02df72,b75f0d88576a,79.17792963806632,20.66759496324812,256-1024-1024-1024-1024-16,True,981.0588057740242,train,65536,"{""blas"": ""tiled""}",,,,,,,,,,,,,,,,,,,,,66.80129632830132,1,985.282259047,66.51494980066803,0.26094256378242703,,,16,2026-09-05T10:57:26+00:00,0.1.0,sweep-w1024-d4-b256
ompnn,256,cublas,True,GNU 14.2.0 /usr/bin/g++-14,NVIDIA GeForce GTX 1080 Ti,gpu,13.0,float,,,,,,,,,,,,,,2,658.0343808374425,664.3974182293131,e2e85a4844c129ce900851a7a2cbbd912a6b3532,v0.1.0-10-gb8e62eb-dirty,1489.4572823724095,126.83152542372882,84.01694915254237,a830de02df72,bd7b824b7326,79.17792963806632,0.09592283199890517,256-1024-1024-1024-1024-16,True,1.9939877719734795,train,65536,{},,,,,,,,,,,,,,,,,,,,,32866.80135211563,1,1.872299491,35002.94707926084,128.3859427817017,,,16,2026-09-05T10:57:41+00:00,0.1.0,sweep-w1024-d4-b256
cudann,64,cublas,True,nvcc 12.9.86 /usr/local/cuda-12.9/bin/nvcc / host GNU 13.3.0,NVIDIA GeForce GTX 1080 Ti,gpu,13.0,float,,,,,,,,,,,,,,3,592.5306951531065,618.8030820117363,e2e85a4844c129ce900851a7a2cbbd912a6b3532,v0.1.0-6-gfd2d0d5-dirty,239.77134494807336,116.62181818181817,65.81818181818181,ea8906220083,836d18308b33,24.563545832993224,0.020014640661732613,784-512-256-10,True,0.24377714299286404,train,60000,{},,,,,,,,,,,,,,,,,,,,,246126.4385306064,1,0.169561997,353852.8742380877,3847.776655695147,,,16,2026-09-05T04:41:51+00:00,0.1.0,mnist-512-256
cudann,1024,cublas,True,nvcc 12.9.86 /usr/local/cuda-12.9/bin/nvcc / host GNU 13.3.0,NVIDIA GeForce GTX 1080 Ti,gpu,13.0,float,,,,,,,,,,,,,,3,1537.802235219671,1545.8167229481494,e2e85a4844c129ce900851a7a2cbbd912a6b3532,v0.1.0-6-gfd2d0d5-dirty,81.17652925865784,129.6275,29.5,ea8906220083,1fe9b9c2fc12,87.61278113399811,0.0009564451562861648,784-512-256-10,True,0.09392978933950265,train,60000,{},,,,,,,,,,,,,,,,,,,,,638774.9873805657,1,0.029340691,2044941.6136791054,628.1287375908896,,,16,2026-09-05T04:41:56+00:00,0.1.0,mnist-512-256
cudann,64,cublas,True,nvcc 12.9.86 /usr/local/cuda-12.9/bin/nvcc / host GNU 13.3.0,NVIDIA GeForce GTX 1080 Ti,gpu,13.0,double,,,,,,,,,,,,,,3,117.97933854131544,123.21045795645688,e2e85a4844c129ce900851a7a2cbbd912a6b3532,v0.1.0-6-gfd2d0d5-dirty,1281.8926896690452,118.21611111111112,88.75925925925925,ea8906220083,1f6f12513f1a,12.281772916496612,0.009981001998918604,784-512-256-10,True,1.224328274644601,train,60000,{},,,,,,,,,,,,,,,,,,,,,49006.46439568412,1,1.0912063,54985.019789566824,766.1343933858617,,,16,2026-09-05T04:42:11+00:00,0.1.0,mnist-512-256
cudann,1024,cublas,True,nvcc 12.9.86 /usr/local/cuda-12.9/bin/nvcc / host GNU 13.3.0,NVIDIA GeForce GTX 1080 Ti,gpu,13.0,double,,,,,,,,,,,,,,3,245.25264408651543,246.53081514218923,e2e85a4844c129ce900851a7a2cbbd912a6b3532,v0.1.0-6-gfd2d0d5-dirty,699.6186112014675,141.7744,82.68,ea8906220083,2e0df9439922,43.806390566999056,0.0027657711567978804,784-512-256-10,True,0.588965882663615,train,60000,{},,,,,,,,,,,,,,,,,,,,,101873.47309261495,1,0.44938802349999996,133514.90663391034,100.1755818744047,,,16,2026-09-05T04:42:27+00:00,0.1.0,mnist-512-256
cudann,64,cublas,True,nvcc 12.9.86 /usr/local/cuda-12.9/bin/nvcc / host GNU 13.3.0,NVIDIA GeForce GTX 1080 Ti,gpu,13.0,float,,,,,,,,,,,,,,3,1486.1056753182486,1542.9901023351943,e2e85a4844c129ce900851a7a2cbbd912a6b3532,v0.1.0-6-gfd2d0d5-dirty,562.9700853569544,170.48764705882354,75.70588235294117,ea8906220083,de09db1bca5f,27.300586878582358,0.0013767690009748312,784-1024-1024-10,True,0.3861431993233661,train,60000,{},,,,,,,,,,,,,,,,,,,,,155382.77018768492,1,0.313487007,191395.49219020744,2429.1506406008075,,,16,2026-09-05T04:42:33+00:00,0.1.0,mnist
cudann,256,cublas,True,nvcc 12.9.86 /usr/local/cuda-12.9/bin/nvcc / host GNU 13.3.0,NVIDIA GeForce GTX 1080 Ti,gpu,13.0,float,,,,,,,,,,,,,,3,2877.363945498916,2908.6694754506607,e2e85a4844c129ce900851a7a2cbbd912a6b3532,v0.1.0-6-gfd2d0d5-dirty,308.1861853802839,187.19555555555556,58.111111111111114,ea8906220083,5ccdf4412b69,75.80495846807432,0.0005710513408606066,784-1024-1024-10,True,0.19943587633315474,train,60000,{},,,,,,,,,,,,,,,,,,,,,300848.57901780354,1,0.128864572,465605.0850035027,1178.323601153064,,,16,2026-09-05T04:42:37+00:00,0.1.0,mnist
cudann,1024,cublas,True,nvcc 12.9.86 /usr/local/cuda-12.9/bin/nvcc / host GNU 13.3.0,NVIDIA GeForce GTX 1080 Ti,gpu,13.0,float,,,,,,,,,,,,,,3,3824.216883151667,3839.593281389165,e2e85a4844c129ce900851a7a2cbbd912a6b3532,v0.1.0-6-gfd2d0d5-dirty,186.4429094966565,182.09166666666667,61.0,ea8906220083,254721212332,136.3814738763404,0.00041135598439723253,784-1024-1024-10,True,0.15005676130143306,train,60000,{},,,,,,,,,,,,,,,,,,,,,399848.69378509634,1,0.08132756499999999,737757.2413486129,393.1845488886781,,,16,2026-09-05T04:42:40+00:00,0.1.0,mnist
cudann,64,cublas,True,nvcc 12.9.86 /usr/local/cuda-12.9/bin/nvcc / host GNU 13.3.0,NVIDIA GeForce GTX 1080 Ti,gpu,13.0,double,,,,,,,,,,,,,,3,157.1226801563706,163.13694534659535,e2e85a4844c129ce900851a7a2cbbd912a6b3532,v0.1.0-6-gfd2d0d5-dirty,4151.769676228751,126.79827160493826,94.98765432098766,ea8906220083,48531fa7166c,13.650293439291179,0.023038016341160983,784-1024-1024-10,True,3.652239125687629,train,60000,{},,,,,,,,,,,,,,,,,,,,,16428.278087816456,1,3.505622148,17115.364254025702,256.82874743953056,,,16,2026-09-05T04:43:19+00:00,0.1.0,mnist
cudann,256,cublas,True,nvcc 12.9.86 /usr/local/cuda-12.9/bin/nvcc / host GNU 13.3.0,NVIDIA GeForce GTX 1080 Ti,gpu,13.0,double,,,,,,,,,,,,,,3,272.4674999771601,275.4319284064365,e2e85a4844c129ce900851a7a2cbbd912a6b3532,v0.1.0-6-gfd2d0d5-dirty,2806.1044087512246,150.885,93.16304347826087,ea8906220083,ae5094dbfd37,37.90247923403716,0.0028165083300937255,784-1024-1024-10,True,2.106121280696243,train,60000,{},,,,,,,,,,,,,,,,,,,,,28488.387895765034,1,1.960491614,30604.56855389538,111.57951925841304,,,16,2026-09-05T04:43:43+00:00,0.1.0,mnist
cudann,1024,cublas,True,nvcc 12.9.86 /usr/local/cuda-12.9/bin/nvcc / host GNU 13.3.0,NVIDIA GeForce GTX 1080 Ti,gpu,13.0,double,,,,,,,,,,,,,,3,303.05203198395026,304.2705425634621,e2e85a4844c129ce900851a7a2cbbd912a6b3532,v0.1.0-6-gfd2d0d5-dirty,2629.393494466047,156.9365060240964,93.49397590361446,ea8906220083,5900cb0f20e8,68.1907369381702,0.0008400836571431647,784-1024-1024-10,True,1.8935679006778325,train,60000,{},,,,,,,,,,,,,,,,,,,,,31686.215201748008,1,1.7515984715,34254.42587228245,31.158111615052206,,,16,2026-09-05T04:44:04+00:00,0.1.0,mnist
cudann,40,cublas,True,nvcc 12.9.86 /usr/local/cuda-12.9/bin/nvcc / host GNU 13.3.0,NVIDIA GeForce GTX 1080 Ti,gpu,13.0,float,,,,,,,,,,,,,,5,0.038510868347152186,0.04759298681960612,e2e85a4844c129ce900851a7a2cbbd912a6b3532,v0.1.0-6-gfd2d0d5-dirty,,,,ea8906220083,0187e4d0cde5,1.2191103789126854,1.7693394329398936e-05,17-4-1,True,0.0009530815994367003,train,124,"{""queue"": ""in_order""}",,,,,,,,,,,,,,,,,,,,,130104.28495659522,1,0.0009268005,133793.6265679615,4196.912417954684,,,16,2026-09-05T04:44:04+00:00,0.1.0,monk
cudann,40,cublas,True,nvcc 12.9.86 /usr/local/cuda-12.9/bin/nvcc / host GNU 13.3.0,NVIDIA GeForce GTX 1080 Ti,gpu,13.0,float,,,,,,,,,,,,,,5,6.869046913249906,7.4901470891802555,e2e85a4844c129ce900851a7a2cbbd912a6b3532,v0.1.0-6-gfd2d0d5-dirty,,85.86,11.0,ea8906220083,056a654be516,6.563354603463993,0.0009657155955210325,12-64-64-3,True,0.00419272140134126,train,1000,"{""queue"": ""in_order""}",,,,,,,,,,,,,,,,,,,,,238508.57337673285,1,0.003951789000000001,253049.94775783824,5962.714334418321,,,16,2026-09-05T04:44:05+00:00,0.1.0,cup
cudann,256,cublas,True,nvcc 12.9.86 /usr/local/cuda-12.9/bin/nvcc / host GNU 13.3.0,NVIDIA GeForce GTX 1080 Ti,gpu,13.0,float,,,,,,,,,,,,,,3,1212.9262264344113,1228.750158969238,e2e85a4844c129ce900851a7a2cbbd912a6b3532,v0.1.0-6-gfd2d0d5-dirty,92.00317838536111,123.84400000000001,43.8,ea8906220083,33f3b38528ee,57.89303578299346,0.0005512339994311333,784-512-256-10,True,0.11908839701209217,train,60000,"{""queue"": ""in_order""}",,,,,,,,,,,,,,,,,,,,,503827.421523758,1,0.0497826675,1205238.7510171086,1973.3240676347186,,,16,2026-09-05T04:44:07+00:00,0.1.0,mnist-512-256
cudann,40,cublas,True,nvcc 12.9.86 /usr/local/cuda-12.9/bin/nvcc / host GNU 13.3.0,NVIDIA GeForce GTX 1080 Ti,gpu,13.0,float,,,,,,,,,,,,,,5,0.19377555557159754,0.23947414997623323,e2e85a4844c129ce900851a7a2cbbd912a6b3532,v0.1.0-6-gfd2d0d5-dirty,,,,ea8906220083,f82100e49b7f,1.2191103789126854,2.500519622117281e-05,17-4-1,True,0.00018941501621156932,train,124,"{""queue"": ""graph""}",,,,,,,,,,,,,,,,,,,,,654647.1472013431,1,0.000156747,791083.7209005596,21117.649909720745,,,16,2026-09-05T04:44:07+00:00,0.1.0,monk
cudann,40,cublas,True,nvcc 12.9.86 /usr/local/cuda-12.9/bin/nvcc / host GNU 13.3.0,NVIDIA GeForce GTX 1080 Ti,gpu,13.0,float,,,,,,,,,,,,,,5,23.991395128753112,26.160700408433183,e2e85a4844c129ce900851a7a2cbbd912a6b3532,v0.1.0-6-gfd2d0d5-dirty,,,,ea8906220083,154b56bf131f,6.563354603463993,5.793488817289476e-05,12-64-64-3,True,0.001200430397875607,train,1000,"{""queue"": ""graph""}",,,,,,,,,,,,,,,,,,,,,833034.5530817054,1,0.0011418105,875802.0704836749,20825.863827042635,,,16,2026-09-05T04:44:08+00:00,0.1.0,cup
cudann,256,cublas,True,nvcc 12.9.86 /usr/local/cuda-12.9/bin/nvcc / host GNU 13.3.0,NVIDIA GeForce GTX 1080 Ti,gpu,13.0,float,,,,,,,,,,,,,,3,1217.954643394342,1233.844177058897,e2e85a4844c129ce900851a7a2cbbd912a6b3532,v0.1.0-6-gfd2d0d5-dirty,89.6357494814525,121.33600000000001,36.8,ea8906220083,60f5b8b77f4f,57.89303578299346,0.0005943663224267509,784-512-256-10,True,0.11859673164629687,train,60000,"{""queue"": ""graph""}",,,,,,,,,,,,,,,,,,,,,505916.134172602,1,0.048125901,1246729.9053788106,1981.504858842691,,,16,2026-09-05T04:44:10+00:00,0.1.0,mnist-512-256
cudann,40,cublas,True,nvcc 12.9.86 /usr/local/cuda-12.9/bin/nvcc / host GNU 13.3.0,NVIDIA GeForce GTX 1080 Ti,gpu,13.0,float,,,,,,,,,,,,,,5,0.06253398759700629,0.07728154090562897,e2e85a4844c129ce900851a7a2cbbd912a6b3532,v0.1.0-6-gfd2d0d5-dirty,,,,ea8906220083,a46b0a690185,1.2191103789126854,9.637610055506223e-05,17-4-1,True,0.0005869448184967041,train,124,"{""streams"": 1}",,,,,,,,,,,,,,,,,,,,,211263.47161150773,1,0.0005616734999999999,220768.82744156528,6814.950697145411,,,16,2026-09-05T04:44:11+00:00,0.1.0,monk
cudann,40,cublas,True,nvcc 12.9.86 /usr/local/cuda-12.9/bin/nvcc / host GNU 13.3.0,NVIDIA GeForce GTX 1080 Ti,gpu,13.0,float,,,,,,,,,,,,,,5,5.817835572254775,6.34388507273077,e2e85a4844c129ce900851a7a2cbbd912a6b3532,v0.1.0-6-gfd2d0d5-dirty,,85.05,5.0,ea8906220083,b8fdb542c7b5,6.563354603463993,0.0003746756003238259,12-64-64-3,True,0.004950294597074389,train,1000,"{""streams"": 1}",,,,,,,,,,,,,,,,,,,,,202008.1795921797,1,0.0049196355,203267.09163717515,5050.204489804492,,,16,2026-09-05T04:44:11+00:00,0.1.0,cup
cudann,256,cublas,True,nvcc 12.9.86 /usr/local/cuda-12.9/bin/nvcc / host GNU 13.3.0,NVIDIA GeForce GTX 1080 Ti,gpu,13.0,float,,,,,,,,,,,,,,3,1223.8108391835997,1239.7767732466784,e2e85a4844c129ce900851a7a2cbbd912a6b3532,v0.1.0-6-gfd2d0d5-dirty,126.02901254310214,140.52,38.5,ea8906220083,ca35849a900f,57.89303578299346,0.0006334190062868006,784-512-256-10,True,0.11802922099983941,train,60000,"{""streams"": 1}",,,,,,,,,,,,,,,,,,,,,508348.6910422093,1,0.049917848,1201974.892827912,1991.032373248653,,,16,2026-09-05T04:44:13+00:00,0.1.0,mnist-512-256
cudann,40,cublas,True,nvcc 12.9.86 /usr/local/cuda-12.9/bin/nvcc / host GNU 13.3.0,NVIDIA GeForce GTX 1080 Ti,gpu,13.0,float,,,,,,,,,,,,,,5,0.04826648893067374,0.0596493008362947,e2e85a4844c129ce900851a7a2cbbd912a6b3532,v0.1.0-6-gfd2d0d5-dirty,,,,ea8906220083,6df43d288a0c,1.2191103789126854,1.908809645101428e-05,17-4-1,True,0.0007604447891935706,train,124,"{""streams"": 8}",,,,,,,,,,,,,,,,,,,,,163062.4626036275,1,0.0006786450000000001,182717.031732349,5260.079438826693,,,16,2026-09-05T04:44:14+00:00,0.1.0,monk
cudann,40,cublas,True,nvcc 12.9.86 /usr/local/cuda-12.9/bin/nvcc / host GNU 13.3.0,NVIDIA GeForce GTX 1080 Ti,gpu,13.0,float,,,,,,,,,,,,,,5,6.129788320329271,6.684044631612933,e2e85a4844c129ce900851a7a2cbbd912a6b3532,v0.1.0-6-gfd2d0d5-dirty,,84.61,9.0,ea8906220083,236c53b130cd,6.563354603463993,8.822850650176423e-05,12-64-64-3,True,0.004698367789387703,train,1000,"{""streams"": 8}",,,,,,,,,,,,,,,,,,,,,212839.87223365525,1,0.004588337,217943.88685922592,5320.9968058413815,,,16,2026-09-05T04:44:14+00:00,0.1.0,cup
cudann,256,cublas,True,nvcc 12.9.86 /usr/local/cuda-12.9/bin/nvcc / host GNU 13.3.0,NVIDIA GeForce GTX 1080 Ti,gpu,13.0,float,,,,,,,,,,,,,,3,1189.0669525102999,1204.579615049741,e2e85a4844c129ce900851a7a2cbbd912a6b3532,v0.1.0-6-gfd2d0d5-dirty,96.44422082372824,125.44800000000001,46.2,ea8906220083,f5650cbd85d7,57.89303578299346,0.0011704469992158267,784-512-256-10,True,0.12147797034898151,train,60000,"{""streams"": 8}",,,,,,,,,,,,,,,,,,,,,493916.7145090768,1,0.053258142999999994,1126588.2852881297,1934.5071318272176,,,16,2026-09-05T04:44:17+00:00,0.1.0,mnist-512-256
cudann,40,cublas,True,nvcc 12.9.86 /usr/local/cuda-12.9/bin/nvcc / host GNU 13.3.0,NVIDIA GeForce GTX 1080 Ti,gpu,13.0,float,,,,,,,,,,,,,,5,0.031318688897682335,0.038704656941991905,e2e85a4844c129ce900851a7a2cbbd912a6b3532,v0.1.0-6-gfd2d0d5-dirty,,,,ea8906220083,b8208be44460,1.2191103789126854,2.207621000707141e-05,17-4-1,True,0.0011719519970938563,train,124,"{""memory"": ""shared""}",,,,,,,,,,,,,,,,,,,,,105806.38141108898,1,0.0011286479999999999,109865.96352450013,3413.1090777770637,,,16,2026-09-05T04:44:17+00:00,0.1.0,monk
cudann,40,cublas,True,nvcc 12.9.86 /usr/local/cuda-12.9/bin/nvcc / host GNU 13.3.0,NVIDIA GeForce GTX 1080 Ti,gpu,13.0,float,,,,,,,,,,,,,,5,5.621821686107766,6.130147583774198,e2e85a4844c129ce900851a7a2cbbd912a6b3532,v0.1.0-6-gfd2d0d5-dirty,,84.68,8.0,ea8906220083,39b6b4ba0b51,6.563354603463993,0.0004876484046690164,12-64-64-3,True,0.005122894607484341,train,1000,"{""memory"": ""shared""}",,,,,,,,,,,,,,,,,,,,,195202.14187874188,1,0.0048253845,207237.3714467728,4880.053546968547,,,16,2026-09-05T04:44:17+00:00,0.1.0,cup
cudann,256,cublas,True,nvcc 12.9.86 /usr/local/cuda-12.9/bin/nvcc / host GNU 13.3.0,NVIDIA GeForce GTX 1080 Ti,gpu,13.0,float,,,,,,,,,,,,,,3,1183.3140328618156,1198.7516423515233,e2e85a4844c129ce900851a7a2cbbd912a6b3532,v0.1.0-6-gfd2d0d5-dirty,98.65882841810235,127.502,44.0,ea8906220083,e7350bc8aff0,57.89303578299346,0.000534312004068227,784-512-256-10,True,0.12206855998374522,train,60000,"{""memory"": ""shared""}",,,,,,,,,,,,,,,,,,,,,491527.0566638098,1,0.0541671995,1107681.411515469,1925.1476385999217,,,16,2026-09-05T04:44:20+00:00,0.1.0,mnist-512-256
cudann,40,cublas,True,nvcc 12.9.86 /usr/local/cuda-12.9/bin/nvcc / host GNU 13.3.0,NVIDIA GeForce GTX 1080 Ti,gpu,13.0,float,,,,,,,,,,,,,,5,0.05550639089221634,0.06859660775040687,e2e85a4844c129ce900851a7a2cbbd912a6b3532,v0.1.0-6-gfd2d0d5-dirty,,,,ea8906220083,fa91190d3138,1.2191103789126854,6.87540741637347e-06,17-4-1,True,0.0006612571887671947,train,124,"{""memory"": ""host""}",,,,,,,,,,,,,,,,,,,,,187521.59085208224,1,0.0006402175,193684.17764275422,6049.08357587362,,,16,2026-09-05T04:44:20+00:00,0.1.0,monk
cudann,40,cublas,True,nvcc 12.9.86 /usr/local/cuda-12.9/bin/nvcc / host GNU 13.3.0,NVIDIA GeForce GTX 1080 Ti,gpu,13.0,float,,,,,,,,,,,,,,5,5.783638409761698,6.306595798055463,e2e85a4844c129ce900851a7a2cbbd912a6b3532,v0.1.0-6-gfd2d0d5-dirty,,86.58,6.0,ea8906220083,6a490a440789,6.563354603463993,0.00011946640443056926,12-64-64-3,True,0.004979564412496984,train,1000,"{""memory"": ""host""}",,,,,,,,,,,,,,,,,,,,,200820.77811672562,1,0.004676426,213838.51685026128,5020.51945291814,,,16,2026-09-05T04:44:21+00:00,0.1.0,cup
cudann,256,cublas,True,nvcc 12.9.86 /usr/local/cuda-12.9/bin/nvcc / host GNU 13.3.0,NVIDIA GeForce GTX 1080 Ti,gpu,13.0,float,,,,,,,,,,,,,,3,52.04579074251366,52.72478429008682,e2e85a4844c129ce900851a7a2cbbd912a6b3532,v0.1.0-6-gfd2d0d5-dirty,2229.755264007224,90.45073770491803,97.30327868852459,ea8906220083,2c81009891a4,57.89303578299346,0.006557286328946699,784-512-256-10,True,2.7753529716671133,train,60000,"{""memory"": ""host""}",,,,,,,,,,,,,,,,,,,,,21618.871766051037,1,2.68659282,22333.120059481138,84.67391441703323,,,16,2026-09-05T04:44:50+00:00,0.1.0,mnist-512-256
cudann,40,cublas,True,nvcc 12.9.86 /usr/local/cuda-12.9/bin/nvcc / host GNU 13.3.0,NVIDIA GeForce GTX 1080 Ti,gpu,13.0,float,,,,,,,,,,,,,,5,0.042199943321791084,0.05215206596219604,e2e85a4844c129ce900851a7a2cbbd912a6b3532,v0.1.0-6-gfd2d0d5-dirty,,,,ea8906220083,1e0bec30734d,1.2191103789126854,0.00012646170798689136,17-4-1,True,0.0008697642013430595,train,124,"{""pinned_host"": false}",,,,,,,,,,,,,,,,,,,,,142567.37608713206,1,0.0007630445,162506.90490528403,4598.947615713937,,,16,2026-09-05T04:44:51+00:00,0.1.0,monk
cudann,40,cublas,True,nvcc 12.9.86 /usr/local/cuda-12.9/bin/nvcc / host GNU 13.3.0,NVIDIA GeForce GTX 1080 Ti,gpu,13.0,float,,,,,,,,,,,,,,5,4.791236187036603,5.224460428517923,e2e85a4844c129ce900851a7a2cbbd912a6b3532,v0.1.0-6-gfd2d0d5-dirty,,92.74,14.0,ea8906220083,29d3ed06df75,6.563354603463993,0.00036090989597141725,12-64-64-3,True,0.0060109748039394615,train,1000,"{""pinned_host"": false}",,,,,,,,,,,,,,,,,,,,,166362.3676054376,1,0.0060053745000000006,166517.50860833074,4159.05919013594,,,16,2026-09-05T04:44:51+00:00,0.1.0,cup
cudann,256,cublas,True,nvcc 12.9.86 /usr/local/cuda-12.9/bin/nvcc / host GNU 13.3.0,NVIDIA GeForce GTX 1080 Ti,gpu,13.0,float,,,,,,,,,,,,,,3,1131.7142360473229,1146.4786704619032,e2e85a4844c129ce900851a7a2cbbd912a6b3532,v0.1.0-6-gfd2d0d5-dirty,101.98609780740226,116.69000000000001,44.2,ea8906220083,ae86ba281a22,57.89303578299346,0.000576653498380153,784-512-256-10,True,0.12763419898692518,train,60000,"{""pinned_host"": false}",,,,,,,,,,,,,,,,,,,,,470093.4426371602,1,0.0523813275,1145446.342496761,1841.199316995544,,,16,2026-09-05T04:44:53+00:00,0.1.0,mnist-512-256
cudann,40,cublas,True,nvcc 12.9.86 /usr/local/cuda-12.9/bin/nvcc / host GNU 13.3.0,NVIDIA GeForce GTX 1080 Ti,gpu,13.0,float,,,,,,,,,,,,,,5,0.03440053989763404,0.042513308897032476,e2e85a4844c129ce900851a7a2cbbd912a6b3532,v0.1.0-6-gfd2d0d5-dirty,,83.67,6.0,ea8906220083,0e4b4efdad0a,1.2191103789126854,9.14411852136253e-05,17-4-1,True,0.0010669599985703826,train,124,"{""sync_ops"": true}",,,,,,,,,,,,,,,,,,,,,116218.04019470958,1,0.0009336864999999999,132806.8896787091,3748.969038539019,,,16,2026-09-05T04:44:54+00:00,0.1.0,monk
cudann,40,cublas,True,nvcc 12.9.86 /usr/local/cuda-12.9/bin/nvcc / host GNU 13.3.0,NVIDIA GeForce GTX 1080 Ti,gpu,13.0,float,,,,,,,,,,,,,,5,3.6783629232420387,4.010961009645324,e2e85a4844c129ce900851a7a2cbbd912a6b3532,v0.1.0-6-gfd2d0d5-dirty,,82.61,5.0,ea8906220083,ebb48b240fc9,6.563354603463993,0.00021569861564785242,12-64-64-3,True,0.007829570001922548,train,1000,"{""sync_ops"": true}",,,,,,,,,,,,,,,,,,,,,127720.93483479302,1,0.0078177485,127914.06630694245,3193.0233708698256,,,16,2026-09-05T04:44:54+00:00,0.1.0,cup
cudann,256,cublas,True,nvcc 12.9.86 /usr/local/cuda-12.9/bin/nvcc / host GNU 13.3.0,NVIDIA GeForce GTX 1080 Ti,gpu,13.0,float,,,,,,,,,,,,,,5,928.6923015110543,940.8080955341778,e2e85a4844c129ce900851a7a2cbbd912a6b3532,v0.1.0-6-gfd2d0d5-dirty,446.80378450169235,121.2642105263158,36.63157894736842,ea8906220083,18508886da7d,57.89303578299346,0.0009692389983683714,784-512-256-10,True,0.1555363813880831,train,60000,"{""sync_ops"": true}",,,,,,,,,,,,,,,,,,,,,385761.83568455506,1,0.111991041,535757.14150206,1510.9005230978407,,,16,2026-09-05T04:45:00+00:00,0.1.0,mnist-512-256
syclnn,64,auto,True,Clang 22.1.0 /opt/sycl/bin/clang++,NVIDIA GeForce GTX 1080 Ti,gpu,CUDA 13.0,float,,,,,,,,,,,,,,3,213.43464687992937,222.89818633490322,e2e85a4844c129ce900851a7a2cbbd912a6b3532,v0.2.0-7-g01733d3-dirty,451.4237034473871,76.52866666666667,28.933333333333334,13a136cfe1e9,c5ef70bf59dd,24.563545832993224,0.003548267821315676,784-512-256-10,True,0.676766598635974,train,60000,{},,,,,,,,,,,,,,,,,,,,,88656.85765362869,1,0.573180916,104678.99109188067,1386.0022079850617,,,16,2026-09-05T04:28:01+00:00,0.2.0,mnist-512-256
syclnn,1024,auto,True,Clang 22.1.0 /opt/sycl/bin/clang++,NVIDIA GeForce GTX 1080 Ti,gpu,CUDA 13.0,float,,,,,,,,,,,,,,3,972.0791284714478,977.1452651097077,e2e85a4844c129ce900851a7a2cbbd912a6b3532,v0.2.0-7-g01733d3-dirty,127.7435366562754,116.05666666666667,22.333333333333332,13a136cfe1e9,da5fb4ff96f9,87.61278113399811,0.0027086296856093095,784-512-256-10,True,0.14859432300242284,train,60000,{},,,,,,,,,,,,,,,,,,,,,403783.9319004246,1,0.040728926,1473154.4848494164,397.0541997020842,,,16,2026-09-05T04:28:08+00:00,0.2.0,mnist-512-256
syclnn,64,auto,True,Clang 22.1.0 /opt/sycl/bin/clang++,NVIDIA GeForce GTX 1080 Ti,gpu,CUDA 13.0,double,,,,,,,,,,,,,,3,106.10650998376681,110.81119667985814,e2e85a4844c129ce900851a7a2cbbd912a6b3532,v0.2.0-7-g01733d3-dirty,1382.5215969218573,114.79733333333334,77.51666666666667,13a136cfe1e9,dc01fb0da11c,12.281772916496612,0.002208076339835774,784-512-256-10,True,1.3613249556704734,train,60000,{},,,,,,,,,,,,,,,,,,,,,44074.708062961414,1,1.1457708415,52366.492344533974,689.03460271763,,,16,2026-09-05T04:28:23+00:00,0.2.0,mnist-512-256
syclnn,1024,auto,True,Clang 22.1.0 /opt/sycl/bin/clang++,NVIDIA GeForce GTX 1080 Ti,gpu,CUDA 13.0,double,,,,,,,,,,,,,,3,198.6332569242109,199.66846402927754,e2e85a4844c129ce900851a7a2cbbd912a6b3532,v0.2.0-7-g01733d3-dirty,799.8968976397937,130.12548387096774,72.0,13a136cfe1e9,c33b9ce60707,43.806390566999056,0.0022326641677258285,784-512-256-10,True,0.7271966549645489,train,60000,{},,,,,,,,,,,,,,,,,,,,,82508.63035518916,1,0.5127078574999999,117025.70795884478,81.13348651593601,,,16,2026-09-05T04:28:42+00:00,0.2.0,mnist-512-256
syclnn,64,auto,True,Clang 22.1.0 /opt/sycl/bin/clang++,NVIDIA GeForce GTX 1080 Ti,gpu,CUDA 13.0,float,,,,,,,,,,,,,,3,743.7475021312233,772.2163056669875,e2e85a4844c129ce900851a7a2cbbd912a6b3532,v0.2.0-7-g01733d3-dirty,841.5803370233748,128.57030303030302,40.484848484848484,13a136cfe1e9,1b0722086870,27.300586878582358,0.06458525066652032,784-1024-1024-10,True,0.771565078680093,train,60000,{},,,,,,,,,,,,,,,,,,,,,77764.01713597674,1,0.61908232,96917.64416725711,1215.7108012257697,,,16,2026-09-05T04:28:51+00:00,0.2.0,mnist
syclnn,256,auto,True,Clang 22.1.0 /opt/sycl/bin/clang++,NVIDIA GeForce GTX 1080 Ti,gpu,CUDA 13.0,float,,,,,,,,,,,,,,3,2161.7064918560754,2185.225715913061,e2e85a4844c129ce900851a7a2cbbd912a6b3532,v0.2.0-7-g01733d3-dirty,389.6862936919817,168.36333333333332,53.083333333333336,13a136cfe1e9,7875395d0c37,75.80495846807432,0.002484811334094672,784-1024-1024-10,True,0.26546138532770175,train,60000,{},,,,,,,,,,,,,,,,,,,,,226021.57344252663,1,0.1586967895,378079.48219393566,885.251162649896,,,16,2026-09-05T04:28:56+00:00,0.2.0,mnist
syclnn,1024,auto,True,Clang 22.1.0 /opt/sycl/bin/clang++,NVIDIA GeForce GTX 1080 Ti,gpu,CUDA 13.0,float,,,,,,,,,,,,,,3,2923.8674224267365,2935.6236986146673,e2e85a4844c129ce900851a7a2cbbd912a6b3532,v0.2.0-7-g01733d3-dirty,267.3165106899629,186.84875,45.0,13a136cfe1e9,0711c313e4ba,136.3814738763404,0.0016244161524809897,784-1024-1024-10,True,0.19626389199402183,train,60000,{},,,,,,,,,,,,,,,,,,,,,305710.84365242074,1,0.0910545925,658945.3464414768,300.6156629248804,,,16,2026-09-05T04:28:59+00:00,0.2.0,mnist
syclnn,64,auto,True,Clang 22.1.0 /opt/sycl/bin/clang++,NVIDIA GeForce GTX 1080 Ti,gpu,CUDA 13.0,double,,,,,,,,,,,,,,3,165.35223568194817,171.68150777810936,e2e85a4844c129ce900851a7a2cbbd912a6b3532,v0.2.0-7-g01733d3-dirty,3960.430603291707,128.12496732026142,91.62091503267973,13a136cfe1e9,a36f0f847eef,13.650293439291179,0.004975322168320417,784-1024-1024-10,True,3.47046774198922,train,60000,{},,,,,,,,,,,,,,,,,,,,,17288.735830637313,1,3.2489738855,18467.36911853212,270.28057015229666,,,16,2026-09-05T04:29:36+00:00,0.2.0,mnist
syclnn,256,auto,True,Clang 22.1.0 /opt/sycl/bin/clang++,NVIDIA GeForce GTX 1080 Ti,gpu,CUDA 13.0,double,,,,,,,,,,,,,,3,248.5197427425791,251.22362115260714,e2e85a4844c129ce900851a7a2cbbd912a6b3532,v0.2.0-7-g01733d3-dirty,2958.843940785993,142.97117647058823,91.03921568627452,13a136cfe1e9,353d3bdcf3c5,37.90247923403716,0.001618616496368297,784-1024-1024-10,True,2.3090704733040184,train,60000,{},,,,,,,,,,,,,,,,,,,,,25984.48193490898,1,2.0879397235,28736.46174968231,101.77255424506018,,,16,2026-09-05T04:30:02+00:00,0.2.0,mnist
syclnn,1024,auto,True,Clang 22.1.0 /opt/sycl/bin/clang++,NVIDIA GeForce GTX 1080 Ti,gpu,CUDA 13.0,double,,,,,,,,,,,,,,3,268.23254210055404,269.31105059356486,e2e85a4844c129ce900851a7a2cbbd912a6b3532,v0.2.0-7-g01733d3-dirty,2764.741556464835,145.77957446808512,90.54255319148936,13a136cfe1e9,568972c7b4fe,68.1907369381702,0.0019482674930868527,784-1024-1024-10,True,2.139373528305441,train,60000,{},,,,,,,,,,,,,,,,,,,,,28045.593350650135,1,1.920318617,31244.81503685802,27.578166794805966,,,16,2026-09-05T04:30:25+00:00,0.2.0,mnist
syclnn,40,auto,True,Clang 22.1.0 /opt/sycl/bin/clang++,NVIDIA GeForce GTX 1080 Ti,gpu,CUDA 13.0,float,,,,,,,,,,,,,,5,0.01635831998342029,0.020216145227984532,e2e85a4844c129ce900851a7a2cbbd912a6b3532,v0.2.0-9-gda3d659,,60.88,4.0,16a0d4dd124e,6910f2a611b5,1.2191103789126854,0.0004160066135227682,17-4-1,True,0.0022437511943280697,train,124,"{""sync_ops"": true}",,,,,,,,,,,,,,,,,,,,,55264.59453858205,1,0.002312822,53614.156212626825,1782.7288560832922,,,16,2026-09-05T12:00:58+00:00,0.2.0,monk
syclnn,40,auto,True,Clang 22.1.0 /opt/sycl/bin/clang++,NVIDIA GeForce GTX 1080 Ti,gpu,CUDA 13.0,float,,,,,,,,,,,,,,5,1.5521963206192024,1.692546127512413,e2e85a4844c129ce900851a7a2cbbd912a6b3532,v0.2.0-9-gda3d659,24.89451502557378,61.42333333333334,9.333333333333334,16a0d4dd124e,35b988b3a926,6.563354603463993,0.0013082604156807072,12-64-64-3,True,0.01855435399338603,train,1000,"{""sync_ops"": true}",,,,,,,,,,,,,,,,,,,,,53895.70557705564,1,0.0183574635,54473.7566821255,1347.392639426391,,,16,2026-09-05T12:00:58+00:00,0.2.0,cup
syclnn,256,auto,True,Clang 22.1.0 /opt/sycl/bin/clang++,NVIDIA GeForce GTX 1080 Ti,gpu,CUDA 13.0,float,,,,,,,,,,,,,,5,544.768813070592,551.8759105652581,e2e85a4844c129ce900851a7a2cbbd912a6b3532,v0.2.0-9-gda3d659,491.4148167201294,75.2890909090909,28.848484848484848,16a0d4dd124e,275599aa3828,57.89303578299346,0.0036071087932214585,784-512-256-10,True,0.2651499802013859,train,60000,"{""sync_ops"": true}",,,,,,,,,,,,,,,,,,,,,226287.0242510634,1,0.20401811450000001,294091.53273985384,886.2908449833317,,,16,2026-09-05T12:01:07+00:00,0.2.0,mnist-512-256
cudann,32,cublas,True,nvcc 12.9.86 /usr/local/cuda-12.9/bin/nvcc / host GNU 13.3.0,NVIDIA GeForce GTX 1080 Ti,gpu,13.0,float,,,,,,,,,,,,,,2,101.41479259843224,109.63463861349777,e2e85a4844c129ce900851a7a2cbbd912a6b3532,v0.1.0-6-gfd2d0d5-dirty,235.0462359886698,95.83076923076922,34.76923076923077,ea8906220083,9d0982536cdb,12.141714285714286,0.008760422992054373,256-256-256-16,True,0.4393864499870688,train,65536,{},,,,,,,,,,,,,,,,,,,,,149153.4388507628,1,0.394113759,166287.01359294588,4661.044964086337,,,16,2026-09-05T04:45:05+00:00,0.1.0,sweep-w256-d2-b32
cudann,32,cublas,True,nvcc 12.9.86 /usr/local/cuda-12.9/bin/nvcc / host GNU 13.3.0,NVIDIA GeForce GTX 1080 Ti,gpu,13.0,double,,,,,,,,,,,,,,2,83.26195313071005,90.0104798112115,e2e85a4844c129ce900851a7a2cbbd912a6b3532,v0.1.0-6-gfd2d0d5-dirty,382.07219046652966,124.20875,78.0,ea8906220083,cd8128ac9d12,6.070857142857143,0.02531238822848536,256-256-256-16,True,0.5351818450144492,train,65536,{},,,,,,,,,,,,,,,,,,,,,122455.57395212204,1,0.464329821,141141.05326868506,3826.7366860038137,,,16,2026-09-05T04:45:10+00:00,0.1.0,sweep-w256-d2-b32
cudann,256,cublas,True,nvcc 12.9.86 /usr/local/cuda-12.9/bin/nvcc / host GNU 13.3.0,NVIDIA GeForce GTX 1080 Ti,gpu,13.0,float,,,,,,,,,,,,,,2,530.773359085323,539.0360533868137,e2e85a4844c129ce900851a7a2cbbd912a6b3532,v0.1.0-6-gfd2d0d5-dirty,50.148601070499865,120.41666666666667,33.333333333333336,ea8906220083,1ab690808855,36.136054421768705,0.002718281000852585,256-256-256-16,True,0.08395350846694782,train,65536,{},,,,,,,,,,,,,,,,,,,,,780622.527833977,1,0.044977602,1457080.7932357087,3049.3067493514727,,,16,2026-09-05T04:45:12+00:00,0.1.0,sweep-w256-d2-b256
cudann,256,cublas,True,nvcc 12.9.86 /usr/local/cuda-12.9/bin/nvcc / host GNU 13.3.0,NVIDIA GeForce GTX 1080 Ti,gpu,13.0,double,,,,,,,,,,,,,,2,172.4175483763768,175.1016195906923,e2e85a4844c129ce900851a7a2cbbd912a6b3532,v0.1.0-6-gfd2d0d5-dirty,204.2978210310859,141.795,82.5,ea8906220083,c2b2087c75a6,18.068027210884352,0.0006981482438277453,256-256-256-16,True,0.2584440279752016,train,65536,{},,,,,,,,,,,,,,,,,,,,,253579.0844673275,1,0.185271525,353729.4789363881,990.5432987004981,,,16,2026-09-05T04:45:15+00:00,0.1.0,sweep-w256-d2-b256
cudann,4096,cublas,True,nvcc 12.9.86 /usr/local/cuda-12.9/bin/nvcc / host GNU 13.3.0,NVIDIA GeForce GTX 1080 Ti,gpu,13.0,float,,,,,,,,,,,,,,2,951.5819422188355,958.0498753057258,e2e85a4844c129ce900851a7a2cbbd912a6b3532,v0.1.0-6-gfd2d0d5-dirty,24.263180035055264,120.01499999999999,24.5,ea8906220083,e02382ef59fc,49.1425267418329,0.00018796275253407657,256-256-256-16,True,0.04682758648414165,train,65536,{},,,,,,,,,,,,,,,,,,,,,1399516.928385665,1,0.010689347,6130963.846528698,341.6789375941565,,,16,2026-09-05T04:45:17+00:00,0.1.0,sweep-w256-d2-b4096
cudann,4096,cublas,True,nvcc 12.9.86 /usr/local/cuda-12.9/bin/nvcc / host GNU 13.3.0,NVIDIA GeForce GTX 1080 Ti,gpu,13.0,double,,,,,,,,,,,,,,2,206.1188952846417,207.51989204960367,e2e85a4844c129ce900851a7a2cbbd912a6b3532,v0.1.0-6-gfd2d0d5-dirty,124.51003385675955,122.86666666666667,71.5,ea8906220083,97620133d0b2,24.57126337091645,0.0018254700116813183,256-256-256-16,True,0.21618729148758575,train,65536,{},,,,,,,,,,,,,,,,,,,,,303144.55372952996,1,0.142049695,461359.66712212935,74.00990081287352,,,16,2026-09-05T04:45:20+00:00,0.1.0,sweep-w256-d2-b4096
cudann,32,cublas,True,nvcc 12.9.86 /usr/local/cuda-12.9/bin/nvcc / host GNU 13.3.0,NVIDIA GeForce GTX 1080 Ti,gpu,13.0,float,,,,,,,,,,,,,,2,137.81182853707998,148.01354733324848,e2e85a4844c129ce900851a7a2cbbd912a6b3532,v0.1.0-6-gfd2d0d5-dirty,386.8845345451438,99.911,44.3,ea8906220083,615bfb92572d,12.486103542234332,0.030103879282251,256-256-256-256-256-16,True,0.6973268860019743,train,65536,{},,,,,,,,,,,,,,,,,,,,,93981.74846769703,1,0.670269068,97775.65925211397,2936.9296396155323,,,16,2026-09-05T04:45:26+00:00,0.1.0,sweep-w256-d4-b32
cudann,32,cublas,True,nvcc 12.9.86 /usr/local/cuda-12.9/bin/nvcc / host GNU 13.3.0,NVIDIA GeForce GTX 1080 Ti,gpu,13.0,double,,,,,,,,,,,,,,2,85.88266410820093,92.24025182761734,e2e85a4844c129ce900851a7a2cbbd912a6b3532,v0.1.0-6-gfd2d0d5-dirty,825.8666015478904,126.57484848484849,81.75757575757575,ea8906220083,044fc2dd0746,6.243051771117166,0.00605632847873494,256-256-256-256-256-16,True,1.118967305519618,train,65536,{},,,,,,,,,,,,,,,,,,,,,58568.28852525486,1,1.037215568,63184.55104406995,1830.2590164142143,,,16,2026-09-05T04:45:35+00:00,0.1.0,sweep-w256-d4-b32
cudann,256,cublas,True,nvcc 12.9.86 /usr/local/cuda-12.9/bin/nvcc / host GNU 13.3.0,NVIDIA GeForce GTX 1080 Ti,gpu,13.0,double,,,,,,,,,,,,,,2,211.81803785288056,214.8296565711595,e2e85a4844c129ce900851a7a2cbbd912a6b3532,v0.1.0-6-gfd2d0d5-dirty,373.50930148040817,151.61307692307693,75.92307692307692,ea8906220083,0757e45ae4d3,19.68384879725086,0.0013419610040728003,256-256-256-256-256-16,True,0.45369079150259495,train,65536,{},,,,,,,,,,,,,,,,,,,,,144450.8048817763,1,0.373673456,175383.07564452745,564.2609565694387,,,16,2026-09-05T04:45:41+00:00,0.1.0,sweep-w256-d4-b256
cudann,4096,cublas,True,nvcc 12.9.86 /usr/local/cuda-12.9/bin/nvcc / host GNU 13.3.0,NVIDIA GeForce GTX 1080 Ti,gpu,13.0,float,,,,,,,,,,,,,,2,1619.6932747214419,1629.7481475793545,e2e85a4844c129ce900851a7a2cbbd912a6b3532,v0.1.0-6-gfd2d0d5-dirty,20.060739460648037,92.06,23.5,ea8906220083,1bdd9b0fe3ae,55.317941753432926,0.0002415132476016879,256-256-256-256-256-16,True,0.05933215550612658,train,65536,{},,,,,,,,,,,,,,,,,,,,,1104561.2525105854,1,0.023433926,2796629.126506587,269.6682745387171,,,16,2026-09-05T04:45:43+00:00,0.1.0,sweep-w256-d4-b4096
cudann,4096,cublas,True,nvcc 12.9.86 /usr/local/cuda-12.9/bin/nvcc / host GNU 13.3.0,NVIDIA GeForce GTX 1080 Ti,gpu,13.0,double,,,,,,,,,,,,,,2,264.8910316196189,266.5354452167517,e2e85a4844c129ce900851a7a2cbbd912a6b3532,v0.1.0-6-gfd2d0d5-dirty,311.1175871401676,150.92363636363638,89.27272727272727,ea8906220083,b16382a92490,27.658970876716463,0.0013985852419864386,256-256-256-256-256-16,True,0.36279028648277745,train,65536,{},,,,,,,,,,,,,,,,,,,,,180644.30730868303,1,0.290217628,225816.74466721228,44.10261408903394,,,16,2026-09-05T04:45:47+00:00,0.1.0,sweep-w256-d4-b4096
cudann,32,cublas,True,nvcc 12.9.86 /usr/local/cuda-12.9/bin/nvcc / host GNU 13.3.0,NVIDIA GeForce GTX 1080 Ti,gpu,13.0,float,,,,,,,,,,,,,,2,162.85108910218702,174.39446918152424,e2e85a4844c129ce900851a7a2cbbd912a6b3532,v0.1.0-6-gfd2d0d5-dirty,742.269577641427,101.42675675675676,46.37837837837838,ea8906220083,091cf8ca984b,12.646604527296937,0.0429989124822896,256-256-256-256-256-256-256-256-256-16,True,1.2230750770540908,train,65536,{},,,,,,,,,,,,,,,,,,,,,53582.97395598198,1,1.174988853,55775.84828372835,1674.4679361244368,,,16,2026-09-05T04:45:57+00:00,0.1.0,sweep-w256-d8-b32
cudann,32,cublas,True,nvcc 12.9.86 /usr/local/cuda-12.9/bin/nvcc / host GNU 13.3.0,NVIDIA GeForce GTX 1080 Ti,gpu,13.0,double,,,,,,,,,,,,,,2,100.60416285391811,107.73529164027585,e2e85a4844c129ce900851a7a2cbbd912a6b3532,v0.1.0-6-gfd2d0d5-dirty,1549.509454860054,133.56827586206896,82.82758620689656,ea8906220083,399967e61d73,6.323302263648468,0.005062155018094927,256-256-256-256-256-256-256-256-256-16,True,1.9798296879744157,train,65536,{},,,,,,,,,,,,,,,,,,,,,33101.83719239535,1,1.903275589,34433.26882284728,1034.4324122623548,,,16,2026-09-05T04:46:13+00:00,0.1.0,sweep-w256-d8-b32
cudann,256,cublas,True,nvcc 12.9.86 /usr/local/cuda-12.9/bin/nvcc / host GNU 13.3.0,NVIDIA GeForce GTX 1080 Ti,gpu,13.0,float,,,,,,,,,,,,,,2,1083.4168121587563,1098.1666787640336,e2e85a4844c129ce900851a7a2cbbd912a6b3532,v0.1.0-6-gfd2d0d5-dirty,148.63583452958207,142.35999999999999,57.0,ea8906220083,cf6874cdc86d,41.008635578583764,0.002938171732239425,256-256-256-256-256-256-256-256-256-16,True,0.183843471982982,train,65536,{},,,,,,,,,,,,,,,,,,,,,356477.16665221885,1,0.140435778,466661.7078163657,1392.4889322352299,,,16,2026-09-05T04:46:15+00:00,0.1.0,sweep-w256-d8-b256
cudann,256,cublas,True,nvcc 12.9.86 /usr/local/cuda-12.9/bin/nvcc / host GNU 13.3.0,NVIDIA GeForce GTX 1080 Ti,gpu,13.0,double,,,,,,,,,,,,,,2,244.44169127432713,247.76957238028905,e2e85a4844c129ce900851a7a2cbbd912a6b3532,v0.1.0-6-gfd2d0d5-dirty,769.7359797183988,163.54625000000001,87.29166666666667,ea8906220083,3229b7457501,20.504317789291882,0.00021076624398119748,256-256-256-256-256-256-256-256-256-16,True,0.814832802512683,train,65536,{},,,,,,,,,,,,,,,,,,,,,80428.76992422003,1,0.737887218,88815.74094430241,314.1748825164845,,,16,2026-09-05T04:46:22+00:00,0.1.0,sweep-w256-d8-b256
cudann,4096,cublas,True,nvcc 12.9.86 /usr/local/cuda-12.9/bin/nvcc / host GNU 13.3.0,NVIDIA GeForce GTX 1080 Ti,gpu,13.0,float,,,,,,,,,,,,,,2,2373.0103277739704,2387.1161662938407,e2e85a4844c129ce900851a7a2cbbd912a6b3532,v0.1.0-6-gfd2d0d5-dirty,77.14951468123414,180.84666666666666,49.0,ea8906220083,33c0a3993f80,58.61359253259276,0.0006603422516491264,256-256-256-256-256-256-256-256-256-16,True,0.08393520500976592,train,65536,{},,,,,,,,,,,,,,,,,,,,,780792.7554638705,1,0.045598063,1437254.0342338665,190.6232313144215,,,16,2026-09-05T04:46:24+00:00,0.1.0,sweep-w256-d8-b4096
cudann,4096,cublas,True,nvcc 12.9.86 /usr/local/cuda-12.9/bin/nvcc / host GNU 13.3.0,NVIDIA GeForce GTX 1080 Ti,gpu,13.0,double,,,,,,,,,,,,,,2,289.98125576384547,291.7049856270152,e2e85a4844c129ce900851a7a2cbbd912a6b3532,v0.1.0-6-gfd2d0d5-dirty,621.5203586417001,159.639,88.15,ea8906220083,9ec592e78c0e,29.30679626629638,0.0016771732771303505,256-256-256-256-256-256-256-256-256-16,True,0.6868689075345173,train,65536,{},,,,,,,,,,,,,,,,,,,,,95412.67522974405,1,0.612652804,106970.86436578196,23.294110163511732,,,16,2026-09-05T04:46:30+00:00,0.1.0,sweep-w256-d8-b4096
cudann,32,cublas,True,nvcc 12.9.86 /usr/local/cuda-12.9/bin/nvcc / host GNU 13.3.0,NVIDIA GeForce GTX 1080 Ti,gpu,13.0,float,,,,,,,,,,,,,,2,782.8702974659176,837.0677765365153,e2e85a4844c129ce900851a7a2cbbd912a6b3532,v0.1.0-6-gfd2d0d5-dirty,587.2154764002527,159.01842105263157,85.26315789473684,ea8906220083,31ac1ed98cd2,14.522554042234162,0.0003476550045888871,256-1024-1024-16,True,0.6226814194815233,train,65536,{},,,,,,,,,,,,,,,,,,,,,105248.04169452921,1,0.583534767,112308.6467271281,3289.001302954038,,,16,2026-09-05T04:46:36+00:00,0.1.0,sweep-w1024-d2-b32
cudann,32,cublas,True,nvcc 12.9.86 /usr/local/cuda-12.9/bin/nvcc / host GNU 13.3.0,NVIDIA GeForce GTX 1080 Ti,gpu,13.0,double,,,,,,,,,,,,,,2,82.49740135794798,88.20862989471688,e2e85a4844c129ce900851a7a2cbbd912a6b3532,v0.1.0-6-gfd2d0d5-dirty,4459.85851414014,126.95770114942529,97.87931034482759,ea8906220083,08240c718fd0,7.261277021117081,0.05456548201618716,256-1024-1024-16,True,5.909019921498839,train,65536,{},,,,,,,,,,,,,,,,,,,,,11090.840929738584,1,5.859151881,11185.236589022295,346.58877905433076,,,16,2026-09-05T04:47:19+00:00,0.1.0,sweep-w1024-d2-b32
cudann,256,cublas,True,nvcc 12.9.86 /usr/local/cuda-12.9/bin/nvcc / host GNU 13.3.0,NVIDIA GeForce GTX 1080 Ti,gpu,13.0,float,,,,,,,,,,,,,,2,2993.467984655768,3025.186828464332,e2e85a4844c129ce900851a7a2cbbd912a6b3532,v0.1.0-6-gfd2d0d5-dirty,143.92631933784347,172.714,76.0,ea8906220083,42f1273039e9,70.56709168184578,0.00010644874419085681,256-1024-1024-16,True,0.1628475034958683,train,65536,{},,,,,,,,,,,,,,,,,,,,,402437.8550062498,1,0.124135065,527941.077728521,1572.0228711181633,,,16,2026-09-05T04:47:22+00:00,0.1.0,sweep-w1024-d2-b256
cudann,256,cublas,True,nvcc 12.9.86 /usr/local/cuda-12.9/bin/nvcc / host GNU 13.3.0,NVIDIA GeForce GTX 1080 Ti,gpu,13.0,double,,,,,,,,,,,,,,2,266.9129459005273,269.741160561549,e2e85a4844c129ce900851a7a2cbbd912a6b3532,v0.1.0-6-gfd2d0d5-dirty,1640.9439076220297,152.1974074074074,94.5925925925926,ea8906220083,896ff5c071a2,35.28354584092289,0.0017054092604666948,256-1024-1024-16,True,1.8263587270048447,train,65536,{},,,,,,,,,,,,,,,,,,,,,35883.421493802816,1,1.748783003,37475.204120565206,140.16961521016725,,,16,2026-09-05T04:47:36+00:00,0.1.0,sweep-w1024-d2-b256
cudann,4096,cublas,True,nvcc 12.9.86 /usr/local/cuda-12.9/bin/nvcc / host GNU 13.3.0,NVIDIA GeForce GTX 1080 Ti,gpu,13.0,float,,,,,,,,,,,,,,2,4873.863526128941,4887.234297169203,e2e85a4844c129ce900851a7a2cbbd912a6b3532,v0.1.0-6-gfd2d0d5-dirty,34.51055651466362,85.08,48.0,ea8906220083,d768e57f9198,146.05592208608232,0.0004942222440149635,256-1024-1024-16,True,0.10001896554604173,train,65536,{},,,,,,,,,,,,,,,,,,,,,655235.7309657618,1,0.061127539,1072119.0656800366,159.96966088031294,,,16,2026-09-05T04:47:38+00:00,0.1.0,sweep-w1024-d2-b4096
cudann,4096,cublas,True,nvcc 12.9.86 /usr/local/cuda-12.9/bin/nvcc / host GNU 13.3.0,NVIDIA GeForce GTX 1080 Ti,gpu,13.0,double,,,,,,,,,,,,,,2,348.62155261214525,349.5779476639739,e2e85a4844c129ce900851a7a2cbbd912a6b3532,v0.1.0-6-gfd2d0d5-dirty,1364.1159874291473,167.18560975609756,97.2439024390244,ea8906220083,66e525e8a904,73.02796104304116,0.001475661265430972,256-1024-1024-16,True,1.3983036460122094,train,65536,{},,,,,,,,,,,,,,,,,,,,,46868.217920264055,1,1.323061159,49533.613434418716,11.442436015689466,,,16,2026-09-05T04:47:50+00:00,0.1.0,sweep-w1024-d2-b4096
cudann,32,cublas,True,nvcc 12.9.86 /usr/local/cuda-12.9/bin/nvcc / host GNU 13.3.0,NVIDIA GeForce GTX 1080 Ti,gpu,13.0,float,,,,,,,,,,,,,,2,916.6816950472726,977.0513574228378,e2e85a4844c129ce900851a7a2cbbd912a6b3532,v0.1.0-6-gfd2d0d5-dirty,1459.7787718510751,170.4546511627907,83.30232558139535,ea8906220083,36b2de206954,14.855026354527755,0.0013092169829178602,256-1024-1024-1024-1024-16,True,1.4313719975179993,train,65536,{},,,,,,,,,,,,,,,,,,,,,45785.442298465736,1,1.38677075,47257.99127216954,1430.7950718270542,,,16,2026-09-05T04:48:01+00:00,0.1.0,sweep-w1024-d4-b32
cudann,32,cublas,True,nvcc 12.9.86 /usr/local/cuda-12.9/bin/nvcc / host GNU 13.3.0,NVIDIA GeForce GTX 1080 Ti,gpu,13.0,double,,,,,,,,,,,,,,2,97.81531310886166,104.25711014642295,e2e85a4844c129ce900851a7a2cbbd912a6b3532,v0.1.0-6-gfd2d0d5-dirty,10880.990800967866,131.71276960784314,97.74509803921569,ea8906220083,c23251efe098,7.427513177263878,0.5515222212707158,256-1024-1024-1024-1024-16,True,13.414182986540254,train,65536,{},,,,,,,,,,,,,,,,,,,,,4885.575220329006,1,13.340233359,4912.657690188461,152.67422563528143,,,16,2026-09-05T04:49:42+00:00,0.1.0,sweep-w1024-d4-b32
cudann,256,cublas,True,nvcc 12.9.86 /usr/local/cuda-12.9/bin/nvcc / host GNU 13.3.0,NVIDIA GeForce GTX 1080 Ti,gpu,13.0,double,,,,,,,,,,,,,,2,290.98314102153694,293.79687942281566,e2e85a4844c129ce900851a7a2cbbd912a6b3532,v0.1.0-6-gfd2d0d5-dirty,4120.882544492923,153.69857142857143,98.02255639097744,ea8906220083,ff16bad1feb0,39.58896481903316,0.005683224240783602,256-1024-1024-1024-1024-16,True,4.509238935017493,train,65536,{},,,,,,,,,,,,,,,,,,,,,14533.716430740827,1,4.419383011,14829.219336020116,56.77232980758136,,,16,2026-09-05T04:50:20+00:00,0.1.0,sweep-w1024-d4-b256
cudann,4096,cublas,True,nvcc 12.9.86 /usr/local/cuda-12.9/bin/nvcc / host GNU 13.3.0,NVIDIA GeForce GTX 1080 Ti,gpu,13.0,float,,,,,,,,,,,,,,2,6740.497652229423,6754.954157895181,e2e85a4844c129ce900851a7a2cbbd912a6b3532,v0.1.0-6-gfd2d0d5-dirty,217.98796917797588,210.42499999999998,83.83333333333333,ea8906220083,50947c4c9532,188.48139780087362,0.0022576779883820564,256-1024-1024-1024-1024-16,True,0.19466107350308448,train,65536,{},,,,,,,,,,,,,,,,,,,,,336667.20737036085,1,0.149863121,437305.71979746775,82.1941424244045,,,16,2026-09-05T04:50:22+00:00,0.1.0,sweep-w1024-d4-b4096
cudann,4096,cublas,True,nvcc 12.9.86 /usr/local/cuda-12.9/bin/nvcc / host GNU 13.3.0,NVIDIA GeForce GTX 1080 Ti,gpu,13.0,double,,,,,,,,,,,,,,2,368.6220273201553,369.41261975137064,e2e85a4844c129ce900851a7a2cbbd912a6b3532,v0.1.0-6-gfd2d0d5-dirty,3542.392987158183,167.48504761904763,99.11428571428571,ea8906220083,fb19afeb3af7,94.24069890043681,0.004437838739249855,256-1024-1024-1024-1024-16,True,3.5595065180095844,train,65536,{},,,,,,,,,,,,,,,,,,,,,18411.540944907898,1,3.475451554,18856.830251186402,4.495005113502905,,,16,2026-09-05T04:50:49+00:00,0.1.0,sweep-w1024-d4-b4096
cudann,32,cublas,True,nvcc 12.9.86 /usr/local/cuda-12.9/bin/nvcc / host GNU 13.3.0,NVIDIA GeForce GTX 1080 Ti,gpu,13.0,float,,,,,,,,,,,,,,2,991.076247781702,1055.2449055846998,e2e85a4844c129ce900851a7a2cbbd912a6b3532,v0.1.0-6-gfd2d0d5-dirty,3278.581168874263,182.70011235955056,82.67415730337079,ea8906220083,cfbe0a98c75d,14.967840410421658,0.004126710497075692,256-1024-1024-1024-1024-1024-1024-1024-1024-16,True,2.9880445195012726,train,65536,{},,,,,,,,,,,,,,,,,,,,,21932.73881037705,1,2.940832543,22284.84588692203,685.3980878242828,,,16,2026-09-05T04:51:12+00:00,0.1.0,sweep-w1024-d8-b32
cudann,32,cublas,True,nvcc 12.9.86 /usr/local/cuda-12.9/bin/nvcc / host GNU 13.3.0,NVIDIA GeForce GTX 1080 Ti,gpu,13.0,double,,,,,,,,,,,,,,2,115.14222851121728,122.5972777837111,e2e85a4844c129ce900851a7a2cbbd912a6b3532,v0.1.0-6-gfd2d0d5-dirty,22319.895841596404,144.17045811518324,97.81544502617801,ea8906220083,9e4efc38d27c,7.483920205210829,0.19513867850764655,256-1024-1024-1024-1024-1024-1024-1024-1024-16,True,25.719321129028685,train,65536,{},,,,,,,,,,,,,,,,,,,,,2548.123244436313,1,25.611459022,2558.8546104970123,79.62885138863479,,,16,2026-09-05T04:54:19+00:00,0.1.0,sweep-w1024-d8-b32
cudann,256,cublas,True,nvcc 12.9.86 /usr/local/cuda-12.9/bin/nvcc / host GNU 13.3.0,NVIDIA GeForce GTX 1080 Ti,gpu,13.0,float,,,,,,,,,,,,,,2,4389.7262408830875,4430.83523254771,e2e85a4844c129ce900851a7a2cbbd912a6b3532,v0.1.0-6-gfd2d0d5-dirty,924.3639281109173,236.32200000000003,86.0,ea8906220083,3b646d02dbe8,82.49187989251081,0.0013389617670327425,256-1024-1024-1024-1024-1024-1024-1024-1024-16,True,0.6746160894981585,train,65536,{},,,,,,,,,,,,,,,,,,,,,97145.62255512124,1,0.624546736,104933.70026995066,379.47508810594235,,,16,2026-09-05T04:54:25+00:00,0.1.0,sweep-w1024-d8-b256
cudann,256,cublas,True,nvcc 12.9.86 /usr/local/cuda-12.9/bin/nvcc / host GNU 13.3.0,NVIDIA GeForce GTX 1080 Ti,gpu,13.0,double,,,,,,,,,,,,,,2,302.4968905490068,305.3297191742497,e2e85a4844c129ce900851a7a2cbbd912a6b3532,v0.1.0-6-gfd2d0d5-dirty,9246.794787204915,157.65813793103447,98.36551724137931,ea8906220083,c354c7814556,41.245939946255405,0.01300119498046115,256-1024-1024-1024-1024-1024-1024-1024-1024-16,True,9.789786418026779,train,65536,{},,,,,,,,,,,,,,,,,,,,,6694.323778026751,1,9.693609049,6760.7430492320855,26.149702257916996,,,16,2026-09-05T04:55:37+00:00,0.1.0,sweep-w1024-d8-b256
cudann,4096,cublas,True,nvcc 12.9.86 /usr/local/cuda-12.9/bin/nvcc / host GNU 13.3.0,NVIDIA GeForce GTX 1080 Ti,gpu,13.0,float,,,,,,,,,,,,,,2,7744.5242123568,7759.60774000616,e2e85a4844c129ce900851a7a2cbbd912a6b3532,v0.1.0-6-gfd2d0d5-dirty,532.1562591071526,253.69272727272727,94.0,ea8906220083,c2160f684b58,208.41207290974836,0.0005059950053691864,256-1024-1024-1024-1024-1024-1024-1024-1024-16,True,0.3823837164673023,train,65536,{},,,,,,,,,,,,,,,,,,,,,171388.05126290987,1,0.333038096,196782.29243779965,41.842785952858854,,,16,2026-09-05T04:55:42+00:00,0.1.0,sweep-w1024-d8-b4096
cudann,4096,cublas,True,nvcc 12.9.86 /usr/local/cuda-12.9/bin/nvcc / host GNU 13.3.0,NVIDIA GeForce GTX 1080 Ti,gpu,13.0,double,,,,,,,,,,,,,,2,372.56354558245295,373.2891644051006,e2e85a4844c129ce900851a7a2cbbd912a6b3532,v0.1.0-6-gfd2d0d5-dirty,7961.992053422435,167.6163404255319,99.06808510638298,ea8906220083,1998198d301e,104.20603645487418,0.007280803227331489,256-1024-1024-1024-1024-1024-1024-1024-1024-16,True,7.948657311499119,train,65536,{},,,,,,,,,,,,,,,,,,,,,8244.91450967332,1,7.860880245,8336.979823816157,2.0129185814632127,,,16,2026-09-05T04:56:40+00:00,0.1.0,sweep-w1024-d8-b4096
cudann,32,cublas,True,nvcc 12.9.86 /usr/local/cuda-12.9/bin/nvcc / host GNU 13.3.0,NVIDIA GeForce GTX 1080 Ti,gpu,13.0,float,,,,,,,,,,,,,,2,1435.7062850676891,1528.1635525070783,e2e85a4844c129ce900851a7a2cbbd912a6b3532,v0.1.0-6-gfd2d0d5-dirty,6509.867940612345,227.17394366197183,97.2605633802817,ea8906220083,c3be05516523,15.568173427367823,0.0014570745115634054,256-4096-4096-16,True,4.8044071054901,train,65536,{},,,,,,,,,,,,,,,,,,,,,13640.809065724385,1,4.739784009,13826.790392886867,426.275283303887,,,16,2026-09-05T04:57:17+00:00,0.1.0,sweep-w4096-d2-b32
cudann,32,cublas,True,nvcc 12.9.86 /usr/local/cuda-12.9/bin/nvcc / host GNU 13.3.0,NVIDIA GeForce GTX 1080 Ti,gpu,13.0,double,,,,,,,,,,,,,,2,241.48875159284762,257.0402542378134,e2e85a4844c129ce900851a7a2cbbd912a6b3532,v0.1.0-6-gfd2d0d5-dirty,32804.51418759336,194.55341346153847,99.59254807692308,ea8906220083,25749d1aa1c9,7.784086713683911,0.7797743877745233,256-4096-4096-16,True,28.563307532458566,train,65536,{},,,,,,,,,,,,,,,,,,,,,2294.412155368445,1,28.501647913,2299.3758185507622,71.7003798552639,,,16,2026-09-05T05:00:39+00:00,0.1.0,sweep-w4096-d2-b32
cudann,256,cublas,True,nvcc 12.9.86 /usr/local/cuda-12.9/bin/nvcc / host GNU 13.3.0,NVIDIA GeForce GTX 1080 Ti,gpu,13.0,float,,,,,,,,,,,,,,2,5183.504140742712,5228.060002597262,e2e85a4844c129ce900851a7a2cbbd912a6b3532,v0.1.0-6-gfd2d0d5-dirty,2029.5984608440008,252.52925,94.4,ea8906220083,112e008e5d41,104.75469775144914,0.0009723662224132568,256-4096-4096-16,True,1.3307055015466176,train,65536,{},,,,,,,,,,,,,,,,,,,,,49249.06369127544,1,1.270307105,51590.67420944638,192.3791550440447,,,16,2026-09-05T05:00:51+00:00,0.1.0,sweep-w4096-d2-b256
cudann,256,cublas,True,nvcc 12.9.86 /usr/local/cuda-12.9/bin/nvcc / host GNU 13.3.0,NVIDIA GeForce GTX 1080 Ti,gpu,13.0,double,,,,,,,,,,,,,,2,337.447389631871,340.34798715574243,e2e85a4844c129ce900851a7a2cbbd912a6b3532,v0.1.0-6-gfd2d0d5-dirty,20500.184151196885,167.25004958677687,99.48099173553719,ea8906220083,3f7aa65eb347,52.37734887572457,0.05527726351283491,256-4096-4096-16,True,20.440867789497133,train,65536,{},,,,,,,,,,,,,,,,,,,,,3206.1261133773155,1,20.295722684,3229.0547629360776,12.523930130380139,,,16,2026-09-05T05:03:20+00:00,0.1.0,sweep-w4096-d2-b256
cudann,4096,cublas,True,nvcc 12.9.86 /usr/local/cuda-12.9/bin/nvcc / host GNU 13.3.0,NVIDIA GeForce GTX 1080 Ti,gpu,13.0,float,,,,,,,,,,,,,,2,8916.93078698115,8926.936653459625,e2e85a4844c129ce900851a7a2cbbd912a6b3532,v0.1.0-6-gfd2d0d5-dirty,1213.4581308291058,259.7004347826087,91.26086956521739,ea8906220083,65d851630a2c,450.06677613574163,0.0012579697358887643,256-4096-4096-16,True,0.7735528784687631,train,65536,{},,,,,,,,,,,,,,,,,,,,,84720.775817844,1,0.706012694,92825.52644867884,20.68378315865332,,,16,2026-09-05T05:03:28+00:00,0.1.0,sweep-w4096-d2-b4096
cudann,4096,cublas,True,nvcc 12.9.86 /usr/local/cuda-12.9/bin/nvcc / host GNU 13.3.0,NVIDIA GeForce GTX 1080 Ti,gpu,13.0,double,,,,,,,,,,,,,,2,392.792077832992,393.2328376839419,e2e85a4844c129ce900851a7a2cbbd912a6b3532,v0.1.0-6-gfd2d0d5-dirty,18608.05498053523,176.98795761078998,99.21194605009634,ea8906220083,fca92a0b27c6,225.03338806787082,0.01964801800204441,256-4096-4096-16,True,17.56073471601121,train,65536,{},,,,,,,,,,,,,,,,,,,,,3731.9623045297053,1,17.428378368,3760.3039488934737,0.9111236095043226,,,16,2026-09-05T05:05:36+00:00,0.1.0,sweep-w4096-d2-b4096
cudann,32,cublas,True,nvcc 12.9.86 /usr/local/cuda-12.9/bin/nvcc / host GNU 13.3.0,NVIDIA GeForce GTX 1080 Ti,gpu,13.0,float,,,,,,,,,,,,,,2,1518.0152217717996,1614.2202622018087,e2e85a4844c129ce900851a7a2cbbd912a6b3532,v0.1.0-6-gfd2d0d5-dirty,18160.28752748187,228.75188775510205,97.96173469387755,ea8906220083,4dcb392c9949,15.689605816943157,0.001986594026675448,256-4096-4096-4096-4096-16,True,13.235609710973222,train,65536,{},,,,,,,,,,,,,,,,,,,,,4951.490821436521,1,13.122844791,4994.039100801249,154.7340881698913,,,16,2026-09-05T05:07:16+00:00,0.1.0,sweep-w4096-d4-b32
cudann,32,cublas,True,nvcc 12.9.86 /usr/local/cuda-12.9/bin/nvcc / host GNU 13.3.0,NVIDIA GeForce GTX 1080 Ti,gpu,13.0,double,,,,,,,,,,,,,,2,243.72340988250355,259.16951356130494,e2e85a4844c129ce900851a7a2cbbd912a6b3532,v0.1.0-6-gfd2d0d5-dirty,95536.86220421523,195.63974667774087,99.09925249169436,ea8906220083,f142869ff13c,7.8448029084715785,1.5383448762295302,256-4096-4096-4096-4096-16,True,82.43712419900112,train,65536,{},,,,,,,,,,,,,,,,,,,,,794.9816376636061,1,82.189648835,797.3753499247446,24.84317617698769,,,16,2026-09-05T05:17:00+00:00,0.1.0,sweep-w4096-d4-b32
cudann,256,cublas,True,nvcc 12.9.86 /usr/local/cuda-12.9/bin/nvcc / host GNU 13.3.0,NVIDIA GeForce GTX 1080 Ti,gpu,13.0,double,,,,,,,,,,,,,,2,343.2794314225992,346.1274148328111,e2e85a4844c129ce900851a7a2cbbd912a6b3532,v0.1.0-6-gfd2d0d5-dirty,58047.330367255614,165.30349307159355,99.59872979214781,ea8906220083,0c3925152e67,55.25494267192655,0.026422691240441054,256-4096-4096-4096-4096-16,True,58.52916071150685,train,65536,{},,,,,,,,,,,,,,,,,,,,,1119.7153556161554,1,58.243989358,1125.1976508198852,4.373888107875607,,,16,2026-09-05T05:24:35+00:00,0.1.0,sweep-w4096-d4-b256
cudann,4096,cublas,True,nvcc 12.9.86 /usr/local/cuda-12.9/bin/nvcc / host GNU 13.3.0,NVIDIA GeForce GTX 1080 Ti,gpu,13.0,float,,,,,,,,,,,,,,2,9534.407416329203,9543.176484653026,e2e85a4844c129ce900851a7a2cbbd912a6b3532,v0.1.0-6-gfd2d0d5-dirty,3249.203872227188,259.95532258064515,94.90322580645162,ea8906220083,e521c6b58730,579.7956911159525,0.01035580798634328,256-4096-4096-4096-4096-16,True,2.107300027506426,train,65536,{},,,,,,,,,,,,,,,,,,,,,31099.510816952312,1,1.992911183,32884.55630087154,7.592654008044998,,,16,2026-09-05T05:24:55+00:00,0.1.0,sweep-w4096-d4-b4096
cudann,4096,cublas,True,nvcc 12.9.86 /usr/local/cuda-12.9/bin/nvcc / host GNU 13.3.0,NVIDIA GeForce GTX 1080 Ti,gpu,13.0,double,,,,,,,,,,,,,,2,396.58736648230513,396.95211927303365,e2e85a4844c129ce900851a7a2cbbd912a6b3532,v0.1.0-6-gfd2d0d5-dirty,52018.79772349295,171.1591861240827,99.58639092728485,ea8906220083,fb41e8a5fa84,289.89784555797627,0.024338229763088748,256-4096-4096-4096-4096-16,True,50.6618685030262,train,65536,{},,,,,,,,,,,,,,,,,,,,,1293.596188543368,1,50.405139138,1300.1848843344026,0.3158193819685957,,,16,2026-09-05T05:31:02+00:00,0.1.0,sweep-w4096-d4-b4096
cudann,32,cublas,True,nvcc 12.9.86 /usr/local/cuda-12.9/bin/nvcc / host GNU 13.3.0,NVIDIA GeForce GTX 1080 Ti,gpu,13.0,float,,,,,,,,,,,,,,2,1539.8247810357484,1636.944518658291,e2e85a4844c129ce900851a7a2cbbd912a6b3532,v0.1.0-6-gfd2d0d5-dirty,41438.50098184023,228.7904031354983,98.55095184770437,ea8906220083,33701271bb6f,15.72601270089048,0.06433550748624839,256-4096-4096-4096-4096-4096-4096-4096-4096-16,True,30.18534098798409,train,65536,{},,,,,,,,,,,,,,,,,,,,,2171.120081965878,1,29.94957975,2188.211004863933,67.84750256143369,,,16,2026-09-05T05:34:48+00:00,0.1.0,sweep-w4096-d8-b32
cudann,32,cublas,True,nvcc 12.9.86 /usr/local/cuda-12.9/bin/nvcc / host GNU 13.3.0,NVIDIA GeForce GTX 1080 Ti,gpu,13.0,double,,,,,,,,,,,,,,2,243.65124687854632,259.01880392768857,e2e85a4844c129ce900851a7a2cbbd912a6b3532,v0.1.0-6-gfd2d0d5-dirty,223636.16805955392,196.58956134094151,99.79778887303851,ea8906220083,c8ecd299e972,7.86300635044524,3.008445108484011,256-4096-4096-4096-4096-4096-4096-4096-4096-16,True,190.76502448797692,train,65536,{},,,,,,,,,,,,,,,,,,,,,343.5430586707494,1,190.467848569,344.0790689472115,10.73572058346092,,,16,2026-09-05T05:57:27+00:00,0.1.0,sweep-w4096-d8-b32
cudann,256,cublas,True,nvcc 12.9.86 /usr/local/cuda-12.9/bin/nvcc / host GNU 13.3.0,NVIDIA GeForce GTX 1080 Ti,gpu,13.0,float,,,,,,,,,,,,,,2,5628.090517697228,5674.283440939959,e2e85a4844c129ce900851a7a2cbbd912a6b3532,v0.1.0-6-gfd2d0d5-dirty,13296.979083678332,268.840737704918,96.75409836065573,ea8906220083,0872621f79a8,112.34175765132852,0.0030599324963986874,256-4096-4096-4096-4096-4096-4096-4096-4096-16,True,8.258597819483839,train,65536,{},,,,,,,,,,,,,,,,,,,,,7935.487528571283,1,8.048542689,8142.592085591907,30.997998158481575,,,16,2026-09-05T05:58:36+00:00,0.1.0,sweep-w4096-d8-b256
cudann,256,cublas,True,nvcc 12.9.86 /usr/local/cuda-12.9/bin/nvcc / host GNU 13.3.0,NVIDIA GeForce GTX 1080 Ti,gpu,13.0,double,,,,,,,,,,,,,,2,311.99300783188664,314.55371097227317,e2e85a4844c129ce900851a7a2cbbd912a6b3532,v0.1.0-6-gfd2d0d5-dirty,148666.16577995633,165.70337779787477,99.75604793126837,ea8906220083,caff8bafb7a5,56.17087882566426,3.339491261256626,256-4096-4096-4096-4096-4096-4096-4096-4096-16,True,148.97813383804169,train,65536,{},,,,,,,,,,,,,,,,,,,,,439.90348322691455,1,150.297864768,436.0407920708751,1.718372981355135,,,16,2026-09-05T06:16:25+00:00,0.1.0,sweep-w4096-d8-b256
cudann,4096,cublas,True,nvcc 12.9.86 /usr/local/cuda-12.9/bin/nvcc / host GNU 13.3.0,NVIDIA GeForce GTX 1080 Ti,gpu,13.0,float,,,,,,,,,,,,,,2,9631.110127369675,9639.389592240354,e2e85a4844c129ce900851a7a2cbbd912a6b3532,v0.1.0-6-gfd2d0d5-dirty,7477.945580475326,257.0262237762238,97.14685314685315,ea8906220083,dae80e263484,634.038677194187,0.08067606002441607,256-4096-4096-4096-4096-4096-4096-4096-4096-16,True,4.826041386986617,train,65536,{},,,,,,,,,,,,,,,,,,,,,13579.65975524315,1,4.615876088,14197.954787039334,3.3153466199324098,,,16,2026-09-05T06:17:10+00:00,0.1.0,sweep-w4096-d8-b4096
cudann,4096,cublas,True,nvcc 12.9.86 /usr/local/cuda-12.9/bin/nvcc / host GNU 13.3.0,NVIDIA GeForce GTX 1080 Ti,gpu,13.0,double,,,,,,,,,,,,,,2,382.9387388036513,383.26793531304816,e2e85a4844c129ce900851a7a2cbbd912a6b3532,v0.1.0-6-gfd2d0d5-dirty,124922.42210155803,171.65261632766786,99.72137085539147,ea8906220083,7928b669194f,317.0193385970935,1.580994395975722,256-4096-4096-4096-4096-4096-4096-4096-4096-16,True,121.37747207953362,train,65536,{},,,,,,,,,,,,,,,,,,,,,539.9354499412954,1,118.364580306,553.6791481925943,0.13182017820832406,,,16,2026-09-05T06:31:54+00:00,0.1.0,sweep-w4096-d8-b4096
syclnn,32,auto,True,Clang 22.1.0 /opt/sycl/bin/clang++,NVIDIA GeForce GTX 1080 Ti,gpu,CUDA 13.0,float,,,,,,,,,,,,,,2,35.49225897489335,38.36896853594965,e2e85a4844c129ce900851a7a2cbbd912a6b3532,v0.2.0-7-g01733d3-dirty,633.1629168821265,86.65,14.08108108108108,13a136cfe1e9,22bfec591584,12.141714285714286,0.037756137462565675,256-256-256-16,True,1.2554930844926275,train,65536,{},,,,,,,,,,,,,,,,,,,,,52199.411378267,1,1.187724553,55177.776559781196,1631.2316055708438,,,16,2026-09-05T02:38:59+00:00,0.2.0,sweep-w256-d2-b32
syclnn,32,auto,True,Clang 22.1.0 /opt/sycl/bin/clang++,NVIDIA GeForce GTX 1080 Ti,gpu,CUDA 13.0,double,,,,,,,,,,,,,,2,33.587203031533704,36.309504482064085,e2e85a4844c129ce900851a7a2cbbd912a6b3532,v0.2.0-7-g01733d3-dirty,780.6128375280226,101.15410256410257,33.84615384615385,13a136cfe1e9,e2bf14583852,6.070857142857143,0.020099677494727075,256-256-256-16,True,1.3267042704974301,train,65536,{},,,,,,,,,,,,,,,,,,,,,49397.594820003214,1,1.206023834,54340.551283002256,1543.6748381251005,,,16,2026-09-05T02:39:09+00:00,0.2.0,sweep-w256-d2-b32
syclnn,256,auto,True,Clang 22.1.0 /opt/sycl/bin/clang++,NVIDIA GeForce GTX 1080 Ti,gpu,CUDA 13.0,float,,,,,,,,,,,,,,2,223.0630362690756,226.53551966920313,e2e85a4844c129ce900851a7a2cbbd912a6b3532,v0.2.0-7-g01733d3-dirty,92.59023916989796,91.355,19.166666666666668,13a136cfe1e9,f9157eaf1df6,36.136054421768705,0.0017822562658693641,256-256-256-16,True,0.1997654404840432,train,65536,{},,,,,,,,,,,,,,,,,,,,,328064.75354897464,1,0.141340993,463672.984100232,1281.5029435506822,,,16,2026-09-05T02:39:12+00:00,0.2.0,sweep-w256-d2-b256
syclnn,256,auto,True,Clang 22.1.0 /opt/sycl/bin/clang++,NVIDIA GeForce GTX 1080 Ti,gpu,CUDA 13.0,double,,,,,,,,,,,,,,2,138.68185297777686,140.8407513789595,e2e85a4844c129ce900851a7a2cbbd912a6b3532,v0.2.0-7-g01733d3-dirty,216.77384697928446,132.07666666666668,55.666666666666664,13a136cfe1e9,7eab2294e65e,18.068027210884352,0.0013095527538098395,256-256-256-16,True,0.32131302502239123,train,65536,{},,,,,,,,,,,,,,,,,,,,,203963.09796477444,1,0.201690623,324933.3014356349,796.7308514249002,,,16,2026-09-05T02:39:15+00:00,0.2.0,sweep-w256-d2-b256
syclnn,4096,auto,True,Clang 22.1.0 /opt/sycl/bin/clang++,NVIDIA GeForce GTX 1080 Ti,gpu,CUDA 13.0,float,,,,,,,,,,,,,,2,602.5204637905556,606.6158147744052,e2e85a4844c129ce900851a7a2cbbd912a6b3532,v0.2.0-7-g01733d3-dirty,24.031038366341967,118.86000000000001,18.5,13a136cfe1e9,06d8ef19e4e7,49.1425267418329,0.0011613719689194113,256-256-256-16,True,0.07395646849181503,train,65536,{},,,,,,,,,,,,,,,,,,,,,886142.9072597355,1,0.014165951,4626304.29824302,216.34348321770887,,,16,2026-09-05T02:39:17+00:00,0.2.0,sweep-w256-d2-b4096
syclnn,4096,auto,True,Clang 22.1.0 /opt/sycl/bin/clang++,NVIDIA GeForce GTX 1080 Ti,gpu,CUDA 13.0,double,,,,,,,,,,,,,,2,161.46520859135515,162.56269281073259,e2e85a4844c129ce900851a7a2cbbd912a6b3532,v0.2.0-7-g01733d3-dirty,176.56323565881178,122.32875,62.25,13a136cfe1e9,0d061d9d797a,24.57126337091645,0.0026439290086273104,256-256-256-16,True,0.27597453398630023,train,65536,{},,,,,,,,,,,,,,,,,,,,,237471.18639306517,1,0.155385837,421763.0207829044,57.97636386549443,,,16,2026-09-05T02:39:20+00:00,0.2.0,sweep-w256-d2-b4096
syclnn,32,auto,True,Clang 22.1.0 /opt/sycl/bin/clang++,NVIDIA GeForce GTX 1080 Ti,gpu,CUDA 13.0,float,,,,,,,,,,,,,,2,50.556722352533285,54.29925643085979,e2e85a4844c129ce900851a7a2cbbd912a6b3532,v0.2.0-7-g01733d3-dirty,992.5197912397049,88.89553571428571,17.232142857142858,13a136cfe1e9,4025ba421e2f,12.486103542234332,0.013528057257644832,256-256-256-256-256-16,True,1.9008331390214153,train,65536,{},,,,,,,,,,,,,,,,,,,,,34477.51338854455,1,1.834917401,35716.0491062344,1077.422293392017,,,16,2026-09-05T02:39:34+00:00,0.2.0,sweep-w256-d4-b32
syclnn,32,auto,True,Clang 22.1.0 /opt/sycl/bin/clang++,NVIDIA GeForce GTX 1080 Ti,gpu,CUDA 13.0,double,,,,,,,,,,,,,,2,48.01475792742244,51.569119433553034,e2e85a4844c129ce900851a7a2cbbd912a6b3532,v0.2.0-7-g01733d3-dirty,1263.9994817849436,107.23338983050849,41.54237288135593,13a136cfe1e9,171bfba8e06d,6.243051771117166,0.018160826759412885,256-256-256-256-256-16,True,2.0014657450374216,train,65536,{},,,,,,,,,,,,,,,,,,,,,32744.0028201805,1,1.892958166,34620.944708188545,1023.2500881306406,,,16,2026-09-05T02:39:50+00:00,0.2.0,sweep-w256-d4-b32
syclnn,256,auto,True,Clang 22.1.0 /opt/sycl/bin/clang++,NVIDIA GeForce GTX 1080 Ti,gpu,CUDA 13.0,double,,,,,,,,,,,,,,2,190.33843929717096,193.04466211183745,e2e85a4844c129ce900851a7a2cbbd912a6b3532,v0.2.0-7-g01733d3-dirty,432.64691198991557,150.70133333333334,68.73333333333333,13a136cfe1e9,f3d8e80090ad,19.68384879725086,0.001962831534910947,256-256-256-256-256-16,True,0.5048895725049078,train,65536,{},,,,,,,,,,,,,,,,,,,,,129802.64114954157,1,0.383663654,170816.28482848156,507.04156699039675,,,16,2026-09-05T02:39:57+00:00,0.2.0,sweep-w256-d4-b256
syclnn,4096,auto,True,Clang 22.1.0 /opt/sycl/bin/clang++,NVIDIA GeForce GTX 1080 Ti,gpu,CUDA 13.0,float,,,,,,,,,,,,,,2,1143.9189709458524,1151.0202906784991,e2e85a4844c129ce900851a7a2cbbd912a6b3532,v0.2.0-7-g01733d3-dirty,45.79109282877879,123.46333333333332,29.0,13a136cfe1e9,abf018f34006,55.317941753432926,0.0006362220156006515,256-256-256-256-256-16,True,0.08400935353711247,train,65536,{},,,,,,,,,,,,,,,,,,,,,780103.6103801039,1,0.025070236,2614095.8545424147,190.45498300295506,,,16,2026-09-05T02:39:59+00:00,0.2.0,sweep-w256-d4-b4096
syclnn,4096,auto,True,Clang 22.1.0 /opt/sycl/bin/clang++,NVIDIA GeForce GTX 1080 Ti,gpu,CUDA 13.0,double,,,,,,,,,,,,,,2,215.23244830580754,216.5685870281124,e2e85a4844c129ce900851a7a2cbbd912a6b3532,v0.2.0-7-g01733d3-dirty,344.0997906334815,139.13538461538462,80.84615384615384,13a136cfe1e9,ca43c7f00613,27.658970876716463,0.000328225753037259,256-256-256-256-256-16,True,0.44649351900443435,train,65536,{},,,,,,,,,,,,,,,,,,,,,146779.28617223474,1,0.330211547,198466.71200749985,35.83478666314325,,,16,2026-09-05T02:40:04+00:00,0.2.0,sweep-w256-d4-b4096
syclnn,32,auto,True,Clang 22.1.0 /opt/sycl/bin/clang++,NVIDIA GeForce GTX 1080 Ti,gpu,CUDA 13.0,float,,,,,,,,,,,,,,2,60.14116932518315,64.40415816832649,e2e85a4844c129ce900851a7a2cbbd912a6b3532,v0.2.0-7-g01733d3-dirty,1305.5560392282775,66.35591836734694,21.489795918367346,13a136cfe1e9,7b8dd147422e,12.646604527296937,0.027391319745220244,256-256-256-256-256-256-256-256-256-16,True,3.3118595894775353,train,65536,{},,,,,,,,,,,,,,,,,,,,,19788.27852733294,1,3.272998417,20023.229971516357,618.3837039791543,,,16,2026-09-05T02:40:28+00:00,0.2.0,sweep-w256-d8-b32
syclnn,32,auto,True,Clang 22.1.0 /opt/sycl/bin/clang++,NVIDIA GeForce GTX 1080 Ti,gpu,CUDA 13.0,double,,,,,,,,,,,,,,2,57.220855850230805,61.27684399980781,e2e85a4844c129ce900851a7a2cbbd912a6b3532,v0.2.0-7-g01733d3-dirty,2309.9287069167085,111.51339805825242,47.12621359223301,13a136cfe1e9,39583f30449b,6.323302263648468,0.016479990765219554,256-256-256-256-256-256-256-256-256-16,True,3.4808830695110373,train,65536,{},,,,,,,,,,,,,,,,,,,,,18827.406348127028,1,3.360635003,19501.076416063264,588.3564483789696,,,16,2026-09-05T02:40:54+00:00,0.2.0,sweep-w256-d8-b32
syclnn,256,auto,True,Clang 22.1.0 /opt/sycl/bin/clang++,NVIDIA GeForce GTX 1080 Ti,gpu,CUDA 13.0,float,,,,,,,,,,,,,,2,435.20374565502436,441.12870188838576,e2e85a4844c129ce900851a7a2cbbd912a6b3532,v0.2.0-7-g01733d3-dirty,232.58410196100945,87.85000000000001,27.214285714285715,13a136cfe1e9,322e829318a9,41.008635578583764,0.008533708518370986,256-256-256-256-256-256-256-256-256-16,True,0.45766864449251443,train,65536,{},,,,,,,,,,,,,,,,,,,,,143195.30251557773,1,0.397519859,164862.20377734638,559.3566504514755,,,16,2026-09-05T02:40:59+00:00,0.2.0,sweep-w256-d8-b256
syclnn,256,auto,True,Clang 22.1.0 /opt/sycl/bin/clang++,NVIDIA GeForce GTX 1080 Ti,gpu,CUDA 13.0,double,,,,,,,,,,,,,,2,231.4629922589407,234.61417859974983,e2e85a4844c129ce900851a7a2cbbd912a6b3532,v0.2.0-7-g01733d3-dirty,782.4665392170214,158.7412,85.68,13a136cfe1e9,134de2db7e51,20.504317789291882,0.0018099142471328378,256-256-256-256-256-256-256-256-256-16,True,0.8605224809725769,train,65536,{},,,,,,,,,,,,,,,,,,,,,76158.38220278699,1,0.743939718,88093.15918255624,297.4936804796367,,,16,2026-09-05T02:41:06+00:00,0.2.0,sweep-w256-d8-b256
syclnn,4096,auto,True,Clang 22.1.0 /opt/sycl/bin/clang++,NVIDIA GeForce GTX 1080 Ti,gpu,CUDA 13.0,float,,,,,,,,,,,,,,2,1844.3534411534242,1855.3167949618685,e2e85a4844c129ce900851a7a2cbbd912a6b3532,v0.2.0-7-g01733d3-dirty,35.786083603795845,87.65666666666668,35.666666666666664,13a136cfe1e9,6e117875b85a,58.61359253259276,0.0004783884796779603,256-256-256-256-256-256-256-256-256-16,True,0.10799400153337047,train,65536,{},,,,,,,,,,,,,,,,,,,,,606848.5200055225,1,0.046325269,1414692.2708640937,148.15637695447327,,,16,2026-09-05T02:41:08+00:00,0.2.0,sweep-w256-d8-b4096
syclnn,4096,auto,True,Clang 22.1.0 /opt/sycl/bin/clang++,NVIDIA GeForce GTX 1080 Ti,gpu,CUDA 13.0,double,,,,,,,,,,,,,,2,248.1541932215308,249.6292913012325,e2e85a4844c129ce900851a7a2cbbd912a6b3532,v0.2.0-7-g01733d3-dirty,695.4222856026353,147.91208333333333,84.41666666666667,13a136cfe1e9,2bd1bdbced20,29.30679626629638,0.002429100015433505,256-256-256-256-256-256-256-256-256-16,True,0.802642525464762,train,65536,{},,,,,,,,,,,,,,,,,,,,,81650.29626613921,1,0.679149527,96497.15915947329,19.934154361850393,,,16,2026-09-05T02:41:15+00:00,0.2.0,sweep-w256-d8-b4096
syclnn,32,auto,True,Clang 22.1.0 /opt/sycl/bin/clang++,NVIDIA GeForce GTX 1080 Ti,gpu,CUDA 13.0,float,,,,,,,,,,,,,,2,390.3347889440374,417.3573514589241,e2e85a4844c129ce900851a7a2cbbd912a6b3532,v0.2.0-7-g01733d3-dirty,892.0535105885606,121.65243243243245,44.891891891891895,13a136cfe1e9,21e3959f8ec9,14.522554042234162,0.02729057875694707,256-1024-1024-16,True,1.2488735360093415,train,65536,{},,,,,,,,,,,,,,,,,,,,,52476.08994055087,1,1.167696944,56124.15133630768,1639.8778106422146,,,16,2026-09-05T02:41:25+00:00,0.2.0,sweep-w1024-d2-b32
syclnn,32,auto,True,Clang 22.1.0 /opt/sycl/bin/clang++,NVIDIA GeForce GTX 1080 Ti,gpu,CUDA 13.0,double,,,,,,,,,,,,,,2,92.78136751987638,99.2045467368895,e2e85a4844c129ce900851a7a2cbbd912a6b3532,v0.2.0-7-g01733d3-dirty,4130.249445771386,132.14651612903225,94.00645161290322,13a136cfe1e9,7bc000f0ab07,7.261277021117081,0.06672342424280941,256-1024-1024-16,True,5.254059097496793,train,65536,{},,,,,,,,,,,,,,,,,,,,,12473.403664458878,1,5.15300695,12718.011179860721,389.79386451433993,,,16,2026-09-05T02:42:04+00:00,0.2.0,sweep-w1024-d2-b32
syclnn,256,auto,True,Clang 22.1.0 /opt/sycl/bin/clang++,NVIDIA GeForce GTX 1080 Ti,gpu,CUDA 13.0,float,,,,,,,,,,,,,,2,2249.548891777789,2273.385154702189,e2e85a4844c129ce900851a7a2cbbd912a6b3532,v0.2.0-7-g01733d3-dirty,148.71691678010916,141.40833333333333,54.833333333333336,13a136cfe1e9,2b256366a111,70.56709168184578,0.0008650087402202189,256-1024-1024-16,True,0.21670068602543324,train,65536,{},,,,,,,,,,,,,,,,,,,,,302426.3614574267,1,0.155067302,422629.39481593616,1181.352974443073,,,16,2026-09-05T02:42:07+00:00,0.2.0,sweep-w1024-d2-b256
syclnn,256,auto,True,Clang 22.1.0 /opt/sycl/bin/clang++,NVIDIA GeForce GTX 1080 Ti,gpu,CUDA 13.0,double,,,,,,,,,,,,,,2,240.54264810969906,243.09144259282004,e2e85a4844c129ce900851a7a2cbbd912a6b3532,v0.2.0-7-g01733d3-dirty,1744.2612703187228,145.20783333333333,92.61666666666666,13a136cfe1e9,639c7c0a42de,35.28354584092289,0.0037491874827537686,256-1024-1024-16,True,2.0265794524457306,train,65536,{},,,,,,,,,,,,,,,,,,,,,32338.23372723403,1,1.901624412,34463.1671672082,126.32122549700793,,,16,2026-09-05T02:42:22+00:00,0.2.0,sweep-w1024-d2-b256
syclnn,4096,auto,True,Clang 22.1.0 /opt/sycl/bin/clang++,NVIDIA GeForce GTX 1080 Ti,gpu,CUDA 13.0,float,,,,,,,,,,,,,,2,3786.779869921546,3797.168377180552,e2e85a4844c129ce900851a7a2cbbd912a6b3532,v0.2.0-7-g01733d3-dirty,115.44917511422943,193.9575,42.25,13a136cfe1e9,793184d2c373,146.05592208608232,0.002676976495422423,256-1024-1024-16,True,0.12873174698324874,train,65536,{},,,,,,,,,,,,,,,,,,,,,509089.64987889037,1,0.065297053,1003659.3841379029,124.28946530246347,,,16,2026-09-05T02:42:24+00:00,0.2.0,sweep-w1024-d2-b4096
syclnn,4096,auto,True,Clang 22.1.0 /opt/sycl/bin/clang++,NVIDIA GeForce GTX 1080 Ti,gpu,CUDA 13.0,double,,,,,,,,,,,,,,2,315.23928045705236,316.1040958584873,e2e85a4844c129ce900851a7a2cbbd912a6b3532,v0.2.0-7-g01733d3-dirty,1452.0732147514686,158.03782608695653,93.08695652173913,13a136cfe1e9,443134b24fed,73.02796104304116,0.00510227624909021,256-1024-1024-16,True,1.5463770485366695,train,65536,{},,,,,,,,,,,,,,,,,,,,,42380.34964500828,1,1.419054696,46182.85692914546,10.34676505005085,,,16,2026-09-05T02:42:37+00:00,0.2.0,sweep-w1024-d2-b4096
syclnn,32,auto,True,Clang 22.1.0 /opt/sycl/bin/clang++,NVIDIA GeForce GTX 1080 Ti,gpu,CUDA 13.0,float,,,,,,,,,,,,,,2,688.1780662733158,733.4992259950086,e2e85a4844c129ce900851a7a2cbbd912a6b3532,v0.2.0-7-g01733d3-dirty,1674.1912577002129,147.05754385964914,64.80701754385964,13a136cfe1e9,a4f461ced1fa,14.855026354527755,0.017191118997288868,256-1024-1024-1024-1024-16,True,1.9066468015080318,train,65536,{},,,,,,,,,,,,,,,,,,,,,34372.38609068305,1,1.854383284,35341.12961730084,1074.1370653338454,,,16,2026-09-05T02:42:52+00:00,0.2.0,sweep-w1024-d4-b32
syclnn,32,auto,True,Clang 22.1.0 /opt/sycl/bin/clang++,NVIDIA GeForce GTX 1080 Ti,gpu,CUDA 13.0,double,,,,,,,,,,,,,,2,107.75755455143845,114.85411513711853,e2e85a4844c129ce900851a7a2cbbd912a6b3532,v0.2.0-7-g01733d3-dirty,9966.11092716892,137.5150837988827,96.86871508379889,13a136cfe1e9,6800dab6cdd7,7.427513177263878,0.11630114351282828,256-1024-1024-1024-1024-16,True,12.1765245544957,train,65536,{},,,,,,,,,,,,,,,,,,,,,5382.159721084242,1,12.040744341,5442.852878857583,168.19249128388256,,,16,2026-09-05T02:44:19+00:00,0.2.0,sweep-w1024-d4-b32
syclnn,256,auto,True,Clang 22.1.0 /opt/sycl/bin/clang++,NVIDIA GeForce GTX 1080 Ti,gpu,CUDA 13.0,double,,,,,,,,,,,,,,2,266.2762358659464,268.85106431674143,e2e85a4844c129ce900851a7a2cbbd912a6b3532,v0.2.0-7-g01733d3-dirty,4331.336797890111,146.97020547945206,97.02739726027397,13a136cfe1e9,363cd01357dd,39.58896481903316,0.012999724509427324,256-1024-1024-1024-1024-16,True,4.9276365375262685,train,65536,{},,,,,,,,,,,,,,,,,,,,,13299.68221091644,1,4.789960059,13681.951246516646,51.951883636392346,,,16,2026-09-05T02:45:00+00:00,0.2.0,sweep-w1024-d4-b256
syclnn,4096,auto,True,Clang 22.1.0 /opt/sycl/bin/clang++,NVIDIA GeForce GTX 1080 Ti,gpu,CUDA 13.0,float,,,,,,,,,,,,,,2,5739.578915249571,5751.888726689077,e2e85a4844c129ce900851a7a2cbbd912a6b3532,v0.2.0-7-g01733d3-dirty,278.4891320711724,221.87714285714287,69.85714285714286,13a136cfe1e9,c0177ce8d711,188.48139780087362,0.0017784797528292984,256-1024-1024-1024-1024-16,True,0.22860780003247783,train,65536,{},,,,,,,,,,,,,,,,,,,,,286674.3828980876,1,0.158039197,414681.9348873305,69.98886301222842,,,16,2026-09-05T02:45:03+00:00,0.2.0,sweep-w1024-d4-b4096
syclnn,4096,auto,True,Clang 22.1.0 /opt/sycl/bin/clang++,NVIDIA GeForce GTX 1080 Ti,gpu,CUDA 13.0,double,,,,,,,,,,,,,,2,331.7061102910565,332.4175282768195,e2e85a4844c129ce900851a7a2cbbd912a6b3532,v0.2.0-7-g01733d3-dirty,3764.7131420171986,159.57692307692307,97.36752136752136,13a136cfe1e9,1ae0d9b6e927,94.24069890043681,0.01272426001378335,256-1024-1024-1024-1024-16,True,3.9556476899888366,train,65536,{},,,,,,,,,,,,,,,,,,,,,16567.70398583827,1,3.822033417,17146.89351184184,4.0448496059175465,,,16,2026-09-05T02:45:33+00:00,0.2.0,sweep-w1024-d4-b4096
syclnn,32,auto,True,Clang 22.1.0 /opt/sycl/bin/clang++,NVIDIA GeForce GTX 1080 Ti,gpu,CUDA 13.0,float,,,,,,,,,,,,,,2,900.1571191752422,958.4390871656718,e2e85a4844c129ce900851a7a2cbbd912a6b3532,v0.2.0-7-g01733d3-dirty,3301.913226950922,166.95377551020408,79.18367346938776,13a136cfe1e9,ef3ca0638560,14.967840410421658,0.027688212489010766,256-1024-1024-1024-1024-1024-1024-1024-1024-16,True,3.2898478360148147,train,65536,{},,,,,,,,,,,,,,,,,,,,,19920.67817926424,1,3.238464268,20236.752539645437,622.5211931020075,,,16,2026-09-05T02:45:58+00:00,0.2.0,sweep-w1024-d8-b32
syclnn,32,auto,True,Clang 22.1.0 /opt/sycl/bin/clang++,NVIDIA GeForce GTX 1080 Ti,gpu,CUDA 13.0,double,,,,,,,,,,,,,,2,113.18657987887825,120.5150078665291,e2e85a4844c129ce900851a7a2cbbd912a6b3532,v0.2.0-7-g01733d3-dirty,22250.64495763945,142.35771725032427,97.55901426718547,13a136cfe1e9,92d2ccb12537,7.483920205210829,0.17802753698197193,256-1024-1024-1024-1024-1024-1024-1024-1024-16,True,26.16370203747647,train,65536,{},,,,,,,,,,,,,,,,,,,,,2504.8443032307614,1,26.013780777,2519.280090879502,78.2763844759613,,,16,2026-09-05T02:49:05+00:00,0.2.0,sweep-w1024-d8-b32
syclnn,256,auto,True,Clang 22.1.0 /opt/sycl/bin/clang++,NVIDIA GeForce GTX 1080 Ti,gpu,CUDA 13.0,float,,,,,,,,,,,,,,2,4138.045947002271,4176.797998271171,e2e85a4844c129ce900851a7a2cbbd912a6b3532,v0.2.0-7-g01733d3-dirty,910.6565242264345,218.57333333333332,83.19047619047619,13a136cfe1e9,f39c6f28aa58,82.49187989251081,0.0028091772401239723,256-1024-1024-1024-1024-1024-1024-1024-1024-16,True,0.7156469475012273,train,65536,{},,,,,,,,,,,,,,,,,,,,,91575.88141586758,1,0.642576815,101989.36293709882,357.71828678073274,,,16,2026-09-05T02:49:12+00:00,0.2.0,sweep-w1024-d8-b256
syclnn,256,auto,True,Clang 22.1.0 /opt/sycl/bin/clang++,NVIDIA GeForce GTX 1080 Ti,gpu,CUDA 13.0,double,,,,,,,,,,,,,,2,271.6409392424993,274.1848074689707,e2e85a4844c129ce900851a7a2cbbd912a6b3532,v0.2.0-7-g01733d3-dirty,9731.70039294944,149.3067701863354,98.30745341614907,13a136cfe1e9,7feff589d149,41.245939946255405,0.0005755062447860837,256-1024-1024-1024-1024-1024-1024-1024-1024-16,True,10.901817520032637,train,65536,{},,,,,,,,,,,,,,,,,,,,,6011.474681132234,1,10.74329001,6100.179734420108,23.48232297317279,,,16,2026-09-05T02:50:31+00:00,0.2.0,sweep-w1024-d8-b256
syclnn,4096,auto,True,Clang 22.1.0 /opt/sycl/bin/clang++,NVIDIA GeForce GTX 1080 Ti,gpu,CUDA 13.0,float,,,,,,,,,,,,,,2,7067.944566395467,7081.710361990925,e2e85a4844c129ce900851a7a2cbbd912a6b3532,v0.2.0-7-g01733d3-dirty,528.6072166930535,232.07000000000002,80.08333333333333,13a136cfe1e9,b969ad17a252,208.41207290974836,0.004577839485136792,256-1024-1024-1024-1024-1024-1024-1024-1024-16,True,0.4189874330186285,train,65536,{},,,,,,,,,,,,,,,,,,,,,156415.1925222211,1,0.344535162,190215.7086654627,38.187302861870386,,,16,2026-09-05T02:50:36+00:00,0.2.0,sweep-w1024-d8-b4096
syclnn,4096,auto,True,Clang 22.1.0 /opt/sycl/bin/clang++,NVIDIA GeForce GTX 1080 Ti,gpu,CUDA 13.0,double,,,,,,,,,,,,,,2,339.64486997646435,340.3063751440871,e2e85a4844c129ce900851a7a2cbbd912a6b3532,v0.2.0-7-g01733d3-dirty,8271.548061026433,158.51655038759688,99.12790697674419,13a136cfe1e9,60d759701c78,104.20603645487418,0.0038932277529966086,256-1024-1024-1024-1024-1024-1024-1024-1024-16,True,8.719048077473417,train,65536,{},,,,,,,,,,,,,,,,,,,,,7516.416863134313,1,8.579162131,7638.974412570173,1.8350627107261506,,,16,2026-09-05T02:51:40+00:00,0.2.0,sweep-w1024-d8-b4096
syclnn,32,auto,True,Clang 22.1.0 /opt/sycl/bin/clang++,NVIDIA GeForce GTX 1080 Ti,gpu,CUDA 13.0,float,,,,,,,,,,,,,,2,1398.5756346587193,1488.641745556714,e2e85a4844c129ce900851a7a2cbbd912a6b3532,v0.2.0-7-g01733d3-dirty,6317.636251985961,214.48438356164385,95.82876712328768,13a136cfe1e9,8ef903639076,15.568173427367823,0.0010317452251911163,256-4096-4096-16,True,4.931958849017974,train,65536,{},,,,,,,,,,,,,,,,,,,,,13288.026523791696,1,4.844984835,13526.564526388243,415.2508288684905,,,16,2026-09-05T02:52:17+00:00,0.2.0,sweep-w4096-d2-b32
syclnn,32,auto,True,Clang 22.1.0 /opt/sycl/bin/clang++,NVIDIA GeForce GTX 1080 Ti,gpu,CUDA 13.0,double,,,,,,,,,,,,,,2,235.98995267376185,251.18734116073784,e2e85a4844c129ce900851a7a2cbbd912a6b3532,v0.2.0-7-g01733d3-dirty,32876.246378663855,190.62747356051705,99.03055229142186,13a136cfe1e9,557016dd7717,7.784086713683911,0.8058770552452188,256-4096-4096-16,True,29.228860802017152,train,65536,{},,,,,,,,,,,,,,,,,,,,,2242.167440048748,1,29.118955696,2250.630162846208,70.06773250152338,,,16,2026-09-05T02:55:44+00:00,0.2.0,sweep-w4096-d2-b32
syclnn,256,auto,True,Clang 22.1.0 /opt/sycl/bin/clang++,NVIDIA GeForce GTX 1080 Ti,gpu,CUDA 13.0,float,,,,,,,,,,,,,,2,5038.9444908898795,5082.257760935163,e2e85a4844c129ce900851a7a2cbbd912a6b3532,v0.2.0-7-g01733d3-dirty,2043.91469630973,248.07000000000002,91.29268292682927,13a136cfe1e9,66c761be4b0d,104.75469775144914,0.0022579352371394634,256-4096-4096-16,True,1.3688814174965955,train,65536,{},,,,,,,,,,,,,,,,,,,,,47875.58598015886,1,1.27926332,51229.48416906067,187.01400773499554,,,16,2026-09-05T02:55:56+00:00,0.2.0,sweep-w4096-d2-b256
syclnn,256,auto,True,Clang 22.1.0 /opt/sycl/bin/clang++,NVIDIA GeForce GTX 1080 Ti,gpu,CUDA 13.0,double,,,,,,,,,,,,,,2,314.29192756911806,316.99348761933595,e2e85a4844c129ce900851a7a2cbbd912a6b3532,v0.2.0-7-g01733d3-dirty,21025.34286543529,159.9069029275809,99.3235747303544,13a136cfe1e9,4558c6000e49,52.37734887572457,0.006214788998477161,256-4096-4096-16,True,21.94684900349239,train,65536,{},,,,,,,,,,,,,,,,,,,,,2986.1234289064137,1,21.770023969,3010.3779441548486,11.664544644165678,,,16,2026-09-05T02:58:35+00:00,0.2.0,sweep-w4096-d2-b256
syclnn,4096,auto,True,Clang 22.1.0 /opt/sycl/bin/clang++,NVIDIA GeForce GTX 1080 Ti,gpu,CUDA 13.0,float,,,,,,,,,,,,,,2,8578.031174536101,8587.656754977517,e2e85a4844c129ce900851a7a2cbbd912a6b3532,v0.2.0-7-g01733d3-dirty,1209.8970417954033,249.92,90.875,13a136cfe1e9,73e07656bc1c,450.06677613574163,0.0020090590114705265,256-4096-4096-16,True,0.804114293481689,train,65536,{},,,,,,,,,,,,,,,,,,,,,81500.85196998474,1,0.713326367,91873.79442543445,19.897668937984555,,,16,2026-09-05T02:58:44+00:00,0.2.0,sweep-w4096-d2-b4096
syclnn,4096,auto,True,Clang 22.1.0 /opt/sycl/bin/clang++,NVIDIA GeForce GTX 1080 Ti,gpu,CUDA 13.0,double,,,,,,,,,,,,,,2,388.35328794161927,388.78906693760456,e2e85a4844c129ce900851a7a2cbbd912a6b3532,v0.2.0-7-g01733d3-dirty,18654.82174052971,175.38413333333332,99.32571428571428,13a136cfe1e9,b1d8e668431a,225.03338806787082,0.005526259774342179,256-4096-4096-16,True,17.761449926008936,train,65536,{},,,,,,,,,,,,,,,,,,,,,3689.7888558091486,1,17.587794684,3726.2204373820405,0.9008273573752804,,,16,2026-09-05T03:00:53+00:00,0.2.0,sweep-w4096-d2-b4096
syclnn,32,auto,True,Clang 22.1.0 /opt/sycl/bin/clang++,NVIDIA GeForce GTX 1080 Ti,gpu,CUDA 13.0,float,,,,,,,,,,,,,,2,1511.3630535094806,1607.146509157305,e2e85a4844c129ce900851a7a2cbbd912a6b3532,v0.2.0-7-g01733d3-dirty,17450.584645487936,219.3130279898219,98.10941475826972,13a136cfe1e9,ac33451d258a,15.689605816943157,0.0028151530132163316,256-4096-4096-4096-4096-16,True,13.293865404499229,train,65536,{},,,,,,,,,,,,,,,,,,,,,4929.792652919424,1,13.1533339,4982.463039275541,154.056020403732,,,16,2026-09-05T03:02:32+00:00,0.2.0,sweep-w4096-d4-b32
syclnn,32,auto,True,Clang 22.1.0 /opt/sycl/bin/clang++,NVIDIA GeForce GTX 1080 Ti,gpu,CUDA 13.0,double,,,,,,,,,,,,,,2,240.02374492107154,255.23538032044647,e2e85a4844c129ce900851a7a2cbbd912a6b3532,v0.2.0-7-g01733d3-dirty,95580.56098636545,192.5121405228758,99.57066993464052,13a136cfe1e9,5289b15f25f8,7.8448029084715785,1.4507203414977994,256-4096-4096-4096-4096-16,True,83.70778906601481,train,65536,{},,,,,,,,,,,,,,,,,,,,,782.9140003723677,1,83.435895789,785.4652890134142,24.46606251163649,,,16,2026-09-05T03:12:26+00:00,0.2.0,sweep-w4096-d4-b32
syclnn,256,auto,True,Clang 22.1.0 /opt/sycl/bin/clang++,NVIDIA GeForce GTX 1080 Ti,gpu,CUDA 13.0,double,,,,,,,,,,,,,,2,316.39047052584687,319.0153723659384,e2e85a4844c129ce900851a7a2cbbd912a6b3532,v0.2.0-7-g01733d3-dirty,59890.001675140506,157.25067092651759,99.63312034078807,13a136cfe1e9,1ce2b5ec3b4e,55.25494267192655,0.010282221745001152,256-4096-4096-4096-4096-16,True,63.50335702998564,train,65536,{},,,,,,,,,,,,,,,,,,,,,1032.0084333345492,1,63.220778856,1036.6212056525505,4.031282942713083,,,16,2026-09-05T03:20:35+00:00,0.2.0,sweep-w4096-d4-b256
syclnn,4096,auto,True,Clang 22.1.0 /opt/sycl/bin/clang++,NVIDIA GeForce GTX 1080 Ti,gpu,CUDA 13.0,float,,,,,,,,,,,,,,2,9253.488762722089,9261.999462092357,e2e85a4844c129ce900851a7a2cbbd912a6b3532,v0.2.0-7-g01733d3-dirty,3204.729791085134,250.02142857142857,94.65079365079364,13a136cfe1e9,8cd195f61b62,579.7956911159525,0.0009217394981533289,256-4096-4096-4096-4096-16,True,2.1712737245252356,train,65536,{},,,,,,,,,,,,,,,,,,,,,30183.205028343404,1,2.026607004,32337.794091626456,7.368946540122901,,,16,2026-09-05T03:20:56+00:00,0.2.0,sweep-w4096-d4-b4096
syclnn,4096,auto,True,Clang 22.1.0 /opt/sycl/bin/clang++,NVIDIA GeForce GTX 1080 Ti,gpu,CUDA 13.0,double,,,,,,,,,,,,,,2,393.1100208195952,393.4715753956503,e2e85a4844c129ce900851a7a2cbbd912a6b3532,v0.2.0-7-g01733d3-dirty,51984.21423688092,169.53820105820105,99.4973544973545,13a136cfe1e9,3fc49435ad1a,289.89784555797627,0.012590362748596817,256-4096-4096-4096-4096-16,True,51.110009785043076,train,65536,{},,,,,,,,,,,,,,,,,,,,,1282.2537165543367,1,50.824110614,1289.4667355368824,0.3130502237681486,,,16,2026-09-05T03:27:06+00:00,0.2.0,sweep-w4096-d4-b4096
syclnn,32,auto,True,Clang 22.1.0 /opt/sycl/bin/clang++,NVIDIA GeForce GTX 1080 Ti,gpu,CUDA 13.0,float,,,,,,,,,,,,,,2,1546.014232309322,1643.5243506369427,e2e85a4844c129ce900851a7a2cbbd912a6b3532,v0.2.0-7-g01733d3-dirty,39714.32596154843,220.089797752809,98.62359550561797,13a136cfe1e9,4c07699aed1e,15.72601270089048,0.008030873752431944,256-4096-4096-4096-4096-4096-4096-4096-4096-16,True,30.064494301506784,train,65536,{},,,,,,,,,,,,,,,,,,,,,2179.8470761810036,1,29.820442424,2197.687045288621,68.12022113065636,,,16,2026-09-05T03:30:50+00:00,0.2.0,sweep-w4096-d8-b32
syclnn,32,auto,True,Clang 22.1.0 /opt/sycl/bin/clang++,NVIDIA GeForce GTX 1080 Ti,gpu,CUDA 13.0,double,,,,,,,,,,,,,,2,240.25556831989266,255.40895333158716,e2e85a4844c129ce900851a7a2cbbd912a6b3532,v0.2.0-7-g01733d3-dirty,222235.28208623955,192.85101918676287,99.77081499735962,13a136cfe1e9,23c974f73320,7.86300635044524,2.217230953508988,256-4096-4096-4096-4096-4096-4096-4096-4096-16,True,193.46122298995033,train,65536,{},,,,,,,,,,,,,,,,,,,,,338.75522436557935,1,192.975683982,339.60755390359407,10.586100761424355,,,16,2026-09-05T03:53:48+00:00,0.2.0,sweep-w4096-d8-b32
syclnn,256,auto,True,Clang 22.1.0 /opt/sycl/bin/clang++,NVIDIA GeForce GTX 1080 Ti,gpu,CUDA 13.0,float,,,,,,,,,,,,,,2,5608.221697865837,5654.251546462468,e2e85a4844c129ce900851a7a2cbbd912a6b3532,v0.2.0-7-g01733d3-dirty,13077.658226613565,263.2291836734694,96.64489795918368,13a136cfe1e9,d9aa15fdf710,112.34175765132852,0.005574262264417484,256-4096-4096-4096-4096-4096-4096-4096-4096-16,True,8.28785639751004,train,65536,{},,,,,,,,,,,,,,,,,,,,,7907.47291660233,1,8.0322346,8159.124236734818,30.88856608047785,,,16,2026-09-05T03:54:57+00:00,0.2.0,sweep-w4096-d8-b256
syclnn,256,auto,True,Clang 22.1.0 /opt/sycl/bin/clang++,NVIDIA GeForce GTX 1080 Ti,gpu,CUDA 13.0,double,,,,,,,,,,,,,,2,310.22057389254564,312.76672966475195,e2e85a4844c129ce900851a7a2cbbd912a6b3532,v0.2.0-7-g01733d3-dirty,142256.50221566923,158.4984271186441,99.74395480225989,13a136cfe1e9,fc659f70b45c,56.17087882566426,2.628175610268954,256-4096-4096-4096-4096-4096-4096-4096-4096-16,True,149.8293149744859,train,65536,{},,,,,,,,,,,,,,,,,,,,,437.40438919553213,1,146.410912531,447.6169082418899,1.7086108952950474,,,16,2026-09-05T04:12:52+00:00,0.2.0,sweep-w4096-d8-b256
syclnn,4096,auto,True,Clang 22.1.0 /opt/sycl/bin/clang++,NVIDIA GeForce GTX 1080 Ti,gpu,CUDA 13.0,float,,,,,,,,,,,,,,2,9478.401558733372,9486.549746397919,e2e85a4844c129ce900851a7a2cbbd912a6b3532,v0.2.0-7-g01733d3-dirty,7345.859403517567,249.84083916083915,95.87412587412588,13a136cfe1e9,d16a45ba76b1,634.038677194187,0.010079906991450116,256-4096-4096-4096-4096-4096-4096-4096-4096-16,True,4.903794779034797,train,65536,{},,,,,,,,,,,,,,,,,,,,,13364.343932210659,1,4.666536187,14043.82123566719,3.262779280324868,,,16,2026-09-05T04:13:37+00:00,0.2.0,sweep-w4096-d8-b4096
syclnn,4096,auto,True,Clang 22.1.0 /opt/sycl/bin/clang++,NVIDIA GeForce GTX 1080 Ti,gpu,CUDA 13.0,double,,,,,,,,,,,,,,2,394.593003244517,394.9322184404158,e2e85a4844c129ce900851a7a2cbbd912a6b3532,v0.2.0-7-g01733d3-dirty,118655.03282302742,167.9161825487945,99.6288748564868,13a136cfe1e9,3fac82c095bd,317.0193385970935,0.01782932397327386,256-4096-4096-4096-4096-4096-4096-4096-4096-16,True,117.79260071803583,train,65536,{},,,,,,,,,,,,,,,,,,,,,556.3677141051988,1,117.310299391,558.6551252551649,0.13583196145146456,,,16,2026-09-05T04:27:49+00:00,0.2.0,sweep-w4096-d8-b4096
ompnn,40,openblas,True,Clang 22.1.8 /usr/bin/clang++-22,"Intel(R) Xeon(R) CPU E5-2643 v2 @ 3.50GHz (OpenMP host, 12 threads)",cpu,202011,float,,,,,,,,,,,,,,5,0.15479996527011158,0.19130684461236547,73530104c6c665050f855a5aacd8863ad56fdfad,v0.1.0-13-g29fdf4c,,,,c542a598ac0e,652566461a30,1.2191103789126854,1.330217346549032e-05,17-4-1,True,0.0002371059963479638,train,124,{},,,,,,,,,,,,,,,,,,,,,522972.85564226884,1,0.000219846,564031.18546619,16870.092117492542,,,12,2026-09-05T13:32:02+00:00,0.1.0,monk
ompnn,40,openblas,True,Clang 22.1.8 /usr/bin/clang++-22,"Intel(R) Xeon(R) CPU E5-2643 v2 @ 3.50GHz (OpenMP host, 12 threads)",cpu,202011,double,,,,,,,,,,,,,,5,0.18362409560368384,0.22692864474125704,73530104c6c665050f855a5aacd8863ad56fdfad,v0.1.0-13-g29fdf4c,,,,c542a598ac0e,df4f6989b654,0.6095551894563427,3.2176263630390113e-06,17-4-1,True,0.00019988662097603083,train,124,{},,,,,,,,,,,,,,,,,,,,,620351.6743367697,1,0.00018220699999999999,680544.6552547378,20011.344333444184,,,12,2026-09-05T13:32:02+00:00,0.1.0,monk
ompnn,40,openblas,True,Clang 22.1.8 /usr/bin/clang++-22,"Intel(R) Xeon(R) CPU E5-2643 v2 @ 3.50GHz (OpenMP host, 12 threads)",cpu,202011,float,,,,,,,,,,,,,,5,5.829565606104097,6.35667573786992,73530104c6c665050f855a5aacd8863ad56fdfad,v0.1.0-13-g29fdf4c,,,,c542a598ac0e,6473b23ca499,6.563354603463993,0.0005156044149771336,12-64-64-3,True,0.0049403337994590405,train,1000,{},,,,,,,,,,,,,,,,,,,,,202415.47243417005,1,0.0047856495,208958.05261124953,5060.386810854251,,,12,2026-09-05T13:32:03+00:00,0.1.0,cup
ompnn,40,openblas,True,Clang 22.1.8 /usr/bin/clang++-22,"Intel(R) Xeon(R) CPU E5-2643 v2 @ 3.50GHz (OpenMP host, 12 threads)",cpu,202011,double,,,,,,,,,,,,,,5,5.243726203222213,5.717864654812871,73530104c6c665050f855a5aacd8863ad56fdfad,v0.1.0-13-g29fdf4c,,,,c542a598ac0e,e62d40bb6c9b,3.2816773017319965,0.00035491599701345,12-64-64-3,True,0.0054922776063904164,train,1000,{},,,,,,,,,,,,,,,,,,,,,182073.82650077128,1,0.0054342205,184019.03272051623,4551.845662519282,,,12,2026-09-05T13:32:03+00:00,0.1.0,cup
ompnn,64,openblas,True,Clang 22.1.8 /usr/bin/clang++-22,"Intel(R) Xeon(R) CPU E5-2643 v2 @ 3.50GHz (OpenMP host, 12 threads)",cpu,202011,float,,,,,,,,,,,,,,3,58.63315179825952,61.232903776317954,73530104c6c665050f855a5aacd8863ad56fdfad,v0.1.0-13-g29fdf4c,,,,c542a598ac0e,b6d9f49a80a3,24.563545832993224,0.02111273449069495,784-512-256-10,True,2.4635455466729277,train,60000,{},,,,,,,,,,,,,,,,,,,,,24355.141345379758,1,2.3591456615,25432.935735663985,380.75204303277025,,,12,2026-09-05T13:33:06+00:00,0.1.0,mnist-512-256
ompnn,256,openblas,True,Clang 22.1.8 /usr/bin/clang++-22,"Intel(R) Xeon(R) CPU E5-2643 v2 @ 3.50GHz (OpenMP host, 12 threads)",cpu,202011,float,,,,,,,,,,,,,,3,100.67415641174023,101.98755950612548,73530104c6c665050f855a5aacd8863ad56fdfad,v0.1.0-13-g29fdf4c,,,,c542a598ac0e,bb46503e01dc,57.89303578299346,0.021739344675249184,784-512-256-10,True,1.4347817269929994,train,60000,{},,,,,,,,,,,,,,,,,,,,,41818.207516307986,1,1.3270508159999999,45213.03877484674,163.78797943887295,,,12,2026-09-05T13:33:22+00:00,0.1.0,mnist-512-256
ompnn,1024,openblas,True,Clang 22.1.8 /usr/bin/clang++-22,"Intel(R) Xeon(R) CPU E5-2643 v2 @ 3.50GHz (OpenMP host, 12 threads)",cpu,202011,float,,,,,,,,,,,,,,3,120.79332037916019,121.42285294302894,73530104c6c665050f855a5aacd8863ad56fdfad,v0.1.0-13-g29fdf4c,,,,c542a598ac0e,f4e9510db972,87.61278113399811,0.0589804983465001,784-512-256-10,True,1.1958065193224077,train,60000,{},,,,,,,,,,,,,,,,,,,,,50175.34110283863,1,1.0990881185,54590.70932536879,49.339085417791324,,,12,2026-09-05T13:33:36+00:00,0.1.0,mnist-512-256
ompnn,64,openblas,True,Clang 22.1.8 /usr/bin/clang++-22,"Intel(R) Xeon(R) CPU E5-2643 v2 @ 3.50GHz (OpenMP host, 12 threads)",cpu,202011,double,,,,,,,,,,,,,,3,43.37454170531425,45.29773783476257,73530104c6c665050f855a5aacd8863ad56fdfad,v0.1.0-13-g29fdf4c,,,,c542a598ac0e,985f2cf33ab0,12.281772916496612,0.011593418816725265,784-512-256-10,True,3.3301894226654745,train,60000,{},,,,,,,,,,,,,,,,,,,,,18016.99314508547,1,3.130371291,19167.055413683196,281.6656595015029,,,12,2026-09-05T13:34:11+00:00,0.1.0,mnist-512-256
ompnn,256,openblas,True,Clang 22.1.8 /usr/bin/clang++-22,"Intel(R) Xeon(R) CPU E5-2643 v2 @ 3.50GHz (OpenMP host, 12 threads)",cpu,202011,double,,,,,,,,,,,,,,3,70.27090690031169,71.1876667705475,73530104c6c665050f855a5aacd8863ad56fdfad,v0.1.0-13-g29fdf4c,,,,c542a598ac0e,22ac1bfcee92,28.94651789149673,0.032585987995844334,784-512-256-10,True,2.055551100328254,train,60000,{},,,,,,,,,,,,,,,,,,,,,29189.252454204863,1,1.822515822,32921.52489197979,114.32457211230239,,,12,2026-09-05T13:34:33+00:00,0.1.0,mnist-512-256
ompnn,1024,openblas,True,Clang 22.1.8 /usr/bin/clang++-22,"Intel(R) Xeon(R) CPU E5-2643 v2 @ 3.50GHz (OpenMP host, 12 threads)",cpu,202011,double,,,,,,,,,,,,,,3,83.68418332216838,84.12031603477784,73530104c6c665050f855a5aacd8863ad56fdfad,v0.1.0-13-g29fdf4c,,,,c542a598ac0e,c46a92fa456b,43.806390566999056,0.010255802480969578,784-512-256-10,True,1.7260781460208818,train,60000,{},,,,,,,,,,,,,,,,,,,,,34760.88272035519,1,1.5282019070000001,39261.82772391999,34.18153467501594,,,12,2026-09-05T13:34:53+00:00,0.1.0,mnist-512-256
ompnn,64,openblas,True,Clang 22.1.8 /usr/bin/clang++-22,"Intel(R) Xeon(R) CPU E5-2643 v2 @ 3.50GHz (OpenMP host, 12 threads)",cpu,202011,float,,,,,,,,,,,,,,3,81.25594372441412,84.3662190414737,73530104c6c665050f855a5aacd8863ad56fdfad,v0.1.0-13-g29fdf4c,,,,c542a598ac0e,58cc91fe505b,27.300586878582358,0.038171300334701286,784-1024-1024-10,True,7.0622476793359965,train,60000,{},,,,,,,,,,,,,,,,,,,,,8495.87875196715,1,6.978578004999999,8597.740106510424,132.81890448908644,,,12,2026-09-05T13:36:06+00:00,0.1.0,mnist
ompnn,256,openblas,True,Clang 22.1.8 /usr/bin/clang++-22,"Intel(R) Xeon(R) CPU E5-2643 v2 @ 3.50GHz (OpenMP host, 12 threads)",cpu,202011,float,,,,,,,,,,,,,,3,141.183090108573,142.71915281728516,73530104c6c665050f855a5aacd8863ad56fdfad,v0.1.0-13-g29fdf4c,,,,c542a598ac0e,38a71fad1bc7,75.80495846807432,0.13241000531707003,784-1024-1024-10,True,4.064577419000368,train,60000,{},,,,,,,,,,,,,,,,,,,,,14761.682166397572,1,3.933389717,15254.01862436404,57.81658848505716,,,12,2026-09-05T13:36:48+00:00,0.1.0,mnist
ompnn,1024,openblas,True,Clang 22.1.8 /usr/bin/clang++-22,"Intel(R) Xeon(R) CPU E5-2643 v2 @ 3.50GHz (OpenMP host, 12 threads)",cpu,202011,float,,,,,,,,,,,,,,3,167.13093804111352,167.8029375483718,73530104c6c665050f855a5aacd8863ad56fdfad,v0.1.0-13-g29fdf4c,,,,c542a598ac0e,a0654cbb59f3,136.3814738763404,0.01702966882536794,784-1024-1024-10,True,3.433533053340701,train,60000,{},,,,,,,,,,,,,,,,,,,,,17474.711636057273,1,3.3499772575,17910.56935257418,17.183466442122985,,,12,2026-09-05T13:37:25+00:00,0.1.0,mnist
ompnn,64,openblas,True,Clang 22.1.8 /usr/bin/clang++-22,"Intel(R) Xeon(R) CPU E5-2643 v2 @ 3.50GHz (OpenMP host, 12 threads)",cpu,202011,double,,,,,,,,,,,,,,3,50.209824755227984,52.13173189767313,73530104c6c665050f855a5aacd8863ad56fdfad,v0.1.0-13-g29fdf4c,,,,c542a598ac0e,591546a481e0,13.650293439291179,0.10895857015081312,784-1024-1024-10,True,11.429030131005371,train,60000,{},,,,,,,,,,,,,,,,,,,,,5249.78929202648,1,11.429927991,5249.376903095487,82.07170593201398,,,12,2026-09-05T13:39:23+00:00,0.1.0,mnist
ompnn,256,openblas,True,Clang 22.1.8 /usr/bin/clang++-22,"Intel(R) Xeon(R) CPU E5-2643 v2 @ 3.50GHz (OpenMP host, 12 threads)",cpu,202011,double,,,,,,,,,,,,,,3,86.02555585415918,86.96150822807444,73530104c6c665050f855a5aacd8863ad56fdfad,v0.1.0-13-g29fdf4c,,,,c542a598ac0e,bfa73e6d2a0f,37.90247923403716,0.011195579155659274,784-1024-1024-10,True,6.6706874986412,train,60000,{},,,,,,,,,,,,,,,,,,,,,8994.575148696716,1,6.471401874,9271.561427989907,35.228752665728805,,,12,2026-09-05T13:40:33+00:00,0.1.0,mnist
ompnn,1024,openblas,True,Clang 22.1.8 /usr/bin/clang++-22,"Intel(R) Xeon(R) CPU E5-2643 v2 @ 3.50GHz (OpenMP host, 12 threads)",cpu,202011,double,,,,,,,,,,,,,,3,105.3409822828831,105.76453694617823,73530104c6c665050f855a5aacd8863ad56fdfad,v0.1.0-13-g29fdf4c,,,,c542a598ac0e,930ce74ad868,68.1907369381702,0.003052318973156609,784-1024-1024-10,True,5.447543658354941,train,60000,{},,,,,,,,,,,,,,,,,,,,,11014.138437968739,1,5.2589867004999995,11409.041972723659,10.830569464002593,,,12,2026-09-05T13:41:30+00:00,0.1.0,mnist
ompnn,256,openblas,True,Clang 22.1.8 /usr/bin/clang++-22,"Intel(R) Xeon(R) CPU E5-2643 v2 @ 3.50GHz (OpenMP host, 1 threads)",cpu,202011,float,,,,,,,,,,,,,,3,27.73079913968593,28.092577362598277,73530104c6c665050f855a5aacd8863ad56fdfad,v0.1.0-13-g29fdf4c,,,,c542a598ac0e,a3affe3c33a2,57.89303578299346,0.12522633067176958,784-512-256-10,True,5.208845200327535,train,60000,{},,,,,,,,,,,,,,,,,,,,,11518.86794336433,1,5.0736030515,11825.915309291122,45.1155661115103,,1,1,2026-09-05T13:42:25+00:00,0.1.0,mnist-512-256
ompnn,256,openblas,True,Clang 22.1.8 /usr/bin/clang++-22,"Intel(R) Xeon(R) CPU E5-2643 v2 @ 3.50GHz (OpenMP host, 2 threads)",cpu,202011,float,,,,,,,,,,,,,,3,45.53483963300552,46.12889079179278,73530104c6c665050f855a5aacd8863ad56fdfad,v0.1.0-13-g29fdf4c,,,,c542a598ac0e,e4bc4fe01785,57.89303578299346,0.2792237336592125,784-512-256-10,True,3.1721960846722745,train,60000,{},,,,,,,,,,,,,,,,,,,,,18914.34148409483,1,3.165941143,18951.71049931297,74.08117081270476,,2,2,2026-09-05T13:42:59+00:00,0.1.0,mnist-512-256
ompnn,256,openblas,True,Clang 22.1.8 /usr/bin/clang++-22,"Intel(R) Xeon(R) CPU E5-2643 v2 @ 3.50GHz (OpenMP host, 4 threads)",cpu,202011,float,,,,,,,,,,,,,,3,80.52265612467527,81.57316113501506,73530104c6c665050f855a5aacd8863ad56fdfad,v0.1.0-13-g29fdf4c,,,,c542a598ac0e,8b7dc2aeb8f9,57.89303578299346,0.01859289516384388,784-512-256-10,True,1.7938484266633168,train,60000,{},,,,,,,,,,,,,,,,,,,,,33447.642012655546,1,1.6954969295,35387.85529838378,131.00326454956755,,4,4,2026-09-05T13:43:19+00:00,0.1.0,mnist-512-256
ompnn,256,openblas,True,Clang 22.1.8 /usr/bin/clang++-22,"Intel(R) Xeon(R) CPU E5-2643 v2 @ 3.50GHz (OpenMP host, 8 threads)",cpu,202011,float,,,,,,,,,,,,,,3,109.01093113181496,110.43309645580118,73530104c6c665050f855a5aacd8863ad56fdfad,v0.1.0-13-g29fdf4c,,,,c542a598ac0e,e3f43a27ec42,57.89303578299346,0.09141077667785158,784-512-256-10,True,1.325054639019072,train,60000,{},,,,,,,,,,,,,,,,,,,,,45281.151609278204,1,1.2334955079999999,48642.25253425082,177.35117713633963,,8,8,2026-09-05T13:43:35+00:00,0.1.0,mnist-512-256
ompnn,256,openblas,True,Clang 22.1.8 /usr/bin/clang++-22,"Intel(R) Xeon(R) CPU E5-2643 v2 @ 3.50GHz (OpenMP host, 16 threads)",cpu,202011,float,,,,,,,,,,,,,,3,150.5290239379443,152.492837620438,73530104c6c665050f855a5aacd8863ad56fdfad,v0.1.0-13-g29fdf4c,,,,c542a598ac0e,2cd88ef83cb0,57.89303578299346,0.019039287852744335,784-512-256-10,True,0.9595853093390664,train,60000,{},,,,,,,,,,,,,,,,,,,,,62527.009757294225,1,0.8401550725,71415.387425397,244.8974548827357,,16,16,2026-09-05T13:43:47+00:00,0.1.0,mnist-512-256
ompnn,256,openblas,True,Clang 22.1.8 /usr/bin/clang++-22,"Intel(R) Xeon(R) CPU E5-2643 v2 @ 3.50GHz (OpenMP host, 32 threads)",cpu,202011,float,,,,,,,,,,,,,,3,26.024598926425128,26.364117924928657,73530104c6c665050f855a5aacd8863ad56fdfad,v0.1.0-13-g29fdf4c,,,,c542a598ac0e,3bcae1c69886,57.89303578299346,1.0650016858126037,784-512-256-10,True,5.550342597338992,train,60000,{},,,,,,,,,,,,,,,,,,,,,10810.143508756717,1,5.206391372000001,11524.296909886627,42.33972874263047,,32,32,2026-09-05T13:44:42+00:00,0.1.0,mnist-512-256
ompnn,40,omp,True,Clang 22.1.8 /usr/bin/clang++-22,"Intel(R) Xeon(R) CPU E5-2643 v2 @ 3.50GHz (OpenMP host, 12 threads)",cpu,202011,float,,,,,,,,,,,,,,3,0.09436623726377176,0.11662087299162725,73530104c6c665050f855a5aacd8863ad56fdfad,v0.1.0-13-g29fdf4c,,,,c542a598ac0e,e4b36204a6c8,1.2191103789126854,2.420992435266502e-06,17-4-1,True,0.0003889526706188917,train,124,"{""blas"": ""omp""}",,,,,,,,,,,,,,,,,,,,,318804.8556208505,1,0.00037404500000000004,331510.9144621636,10284.027600672598,,,12,2026-09-05T13:44:42+00:00,0.1.0,monk
ompnn,40,omp,True,Clang 22.1.8 /usr/bin/clang++-22,"Intel(R) Xeon(R) CPU E5-2643 v2 @ 3.50GHz (OpenMP host, 12 threads)",cpu,202011,float,,,,,,,,,,,,,,3,3.5630210388273715,3.8851898960221756,73530104c6c665050f855a5aacd8863ad56fdfad,v0.1.0-13-g29fdf4c,,,,c542a598ac0e,06594e2abf14,6.563354603463993,0.0012846175037945313,12-64-64-3,True,0.008083028330778083,train,1000,"{""blas"": ""omp""}",,,,,,,,,,,,,,,,,,,,,123716.00829261707,1,0.007538586,132650.87113153582,3092.9002073154265,,,12,2026-09-05T13:44:42+00:00,0.1.0,cup
ompnn,256,omp,True,Clang 22.1.8 /usr/bin/clang++-22,"Intel(R) Xeon(R) CPU E5-2643 v2 @ 3.50GHz (OpenMP host, 12 threads)",cpu,202011,float,,,,,,,,,,,,,,3,2.4376594648214707,2.4694613651131387,73530104c6c665050f855a5aacd8863ad56fdfad,v0.1.0-13-g29fdf4c,,,,c542a598ac0e,e23b32054ad8,57.89303578299346,0.27807745048388455,784-512-256-10,True,59.255791091631785,train,60000,"{""blas"": ""omp""}",,,,,,,,,,,,,,,,,,,,,1012.5592603635548,1,59.5760241295,1007.1165519467766,3.9658571030905896,,,12,2026-09-05T13:54:45+00:00,0.1.0,mnist-512-256
ompnn,256,openblas,True,Clang 22.1.8 /usr/bin/clang++-22,"Intel(R) Xeon(R) CPU E5-2643 v2 @ 3.50GHz (OpenMP host, 12 threads)",cpu,202011,float,,,,,,,,,,,,,,3,98.53670264469035,99.8222203463213,73530104c6c665050f855a5aacd8863ad56fdfad,v0.1.0-13-g29fdf4c,,,,64fe409713d9,ee7dc72417dd,57.89303578299346,0.012611648649908602,784-512-256-10,True,1.4659049483404185,train,60000,{},,,,,,,,,,,,,,,,,,,,,40930.348224779,1,1.3491452065,44472.603624078474,160.3105305470511,,12,12,2026-09-05T14:02:48+00:00,0.1.0,mnist-512-256
ompnn,256,openblas,True,Clang 22.1.8 /usr/bin/clang++-22,"Intel(R) Xeon(R) CPU E5-2643 v2 @ 3.50GHz (OpenMP host, 24 threads)",cpu,202011,float,,,,,,,,,,,,,,3,40.87410006263957,41.40734684032225,73530104c6c665050f855a5aacd8863ad56fdfad,v0.1.0-13-g29fdf4c,,,,64fe409713d9,27c6938cc08b,57.89303578299346,0.4372018873497536,784-512-256-10,True,3.533911199968619,train,60000,{},,,,,,,,,,,,,,,,,,,,,16978.35531366289,1,3.838430551,15631.38871546565,66.49855831184632,,24,24,2026-09-05T14:03:27+00:00,0.1.0,mnist-512-256
ompnn,64,cublas,True,Clang 18.1.3 /usr/bin/clang++-18,NVIDIA GeForce GTX 1080 Ti,gpu,13.0,float,,,,,,,,,,,,,,3,107.79037915473486,112.56972740446531,e2e85a4844c129ce900851a7a2cbbd912a6b3532,v0.1.0-10-gb8e62eb-dirty,814.7345808063641,69.14796610169492,31.406779661016948,a830de02df72,181527c21b11,24.563545832993224,0.0020503810180039217,784-512-256-10,True,1.3400587430223823,train,60000,{},,,,,,,,,,,,,,,,,,,,,44774.15659008752,1,1.283761437,46737.655666159415,699.9693146917016,,,16,2026-09-05T06:46:19+00:00,0.1.0,mnist-512-256
ompnn,1024,cublas,True,Clang 18.1.3 /usr/bin/clang++-18,NVIDIA GeForce GTX 1080 Ti,gpu,13.0,float,,,,,,,,,,,,,,3,778.8130442424306,782.8719456036762,e2e85a4844c129ce900851a7a2cbbd912a6b3532,v0.1.0-10-gb8e62eb-dirty,141.70550032067112,98.9475,33.5,a830de02df72,fdbefe1fc2b1,87.61278113399811,0.003435032481017203,784-512-256-10,True,0.18546869632943222,train,60000,{},,,,,,,,,,,,,,,,,,,,,323504.727145044,1,0.110103511,544941.7503134846,318.11298169262665,,,16,2026-09-05T06:46:28+00:00,0.1.0,mnist-512-256
ompnn,64,cublas,True,Clang 18.1.3 /usr/bin/clang++-18,NVIDIA GeForce GTX 1080 Ti,gpu,13.0,double,,,,,,,,,,,,,,3,54.168818131795284,56.5706247508862,e2e85a4844c129ce900851a7a2cbbd912a6b3532,v0.1.0-10-gb8e62eb-dirty,2502.0331598012053,105.25940677966102,52.52542372881356,a830de02df72,dd22b58953cb,12.281772916496612,0.04964368016226217,784-512-256-10,True,2.666579131347438,train,60000,{},,,,,,,,,,,,,,,,,,,,,22500.738603501202,1,2.507626105,23927.012037546163,351.7615468347355,,,16,2026-09-05T06:46:57+00:00,0.1.0,mnist-512-256
ompnn,1024,cublas,True,Clang 18.1.3 /usr/bin/clang++-18,NVIDIA GeForce GTX 1080 Ti,gpu,13.0,double,,,,,,,,,,,,,,3,182.3090030492892,183.25913384911922,e2e85a4844c129ce900851a7a2cbbd912a6b3532,v0.1.0-10-gb8e62eb-dirty,907.0366111630975,133.64294117647057,71.3529411764706,a830de02df72,4e44c714e0a0,43.806390566999056,0.022524256821877087,784-512-256-10,True,0.7923110629975175,train,60000,{},,,,,,,,,,,,,,,,,,,,,75727.83317325458,1,0.6281022715,95525.84463149804,74.465702620367,,,16,2026-09-05T06:47:20+00:00,0.1.0,mnist-512-256
ompnn,64,cublas,True,Clang 18.1.3 /usr/bin/clang++-18,NVIDIA GeForce GTX 1080 Ti,gpu,13.0,float,,,,,,,,,,,,,,3,311.9814010144054,323.92327266686914,e2e85a4844c129ce900851a7a2cbbd912a6b3532,v0.1.0-10-gb8e62eb-dirty,2025.4265022845257,121.62253012048193,41.80722891566265,a830de02df72,dc61998d2942,27.300586878582358,0.057954899986119246,784-1024-1024-10,True,1.8393711873019736,train,60000,{},,,,,,,,,,,,,,,,,,,,,32619.843354189536,1,1.772017121,33859.71799535451,509.95688443716307,,,16,2026-09-05T06:47:40+00:00,0.1.0,mnist
ompnn,256,cublas,True,Clang 18.1.3 /usr/bin/clang++-18,NVIDIA GeForce GTX 1080 Ti,gpu,13.0,float,,,,,,,,,,,,,,3,936.8307348225281,947.023391429135,e2e85a4844c129ce900851a7a2cbbd912a6b3532,v0.1.0-10-gb8e62eb-dirty,796.0693216703455,144.38892857142858,47.535714285714285,a830de02df72,a07f2bf0ec6c,75.80495846807432,0.049715699822021064,784-1024-1024-10,True,0.6125435243205478,train,60000,{},,,,,,,,,,,,,,,,,,,,,97952.22317720827,1,0.568427029,105554.44575806757,383.64620744406574,,,16,2026-09-05T06:47:48+00:00,0.1.0,mnist
ompnn,1024,cublas,True,Clang 18.1.3 /usr/bin/clang++-18,NVIDIA GeForce GTX 1080 Ti,gpu,13.0,float,,,,,,,,,,,,,,3,1844.3524141947007,1851.7681801089961,e2e85a4844c129ce900851a7a2cbbd912a6b3532,v0.1.0-10-gb8e62eb-dirty,443.2950823306222,180.28538461538463,58.84615384615385,a830de02df72,fc7525ec2a95,136.3814738763404,0.004596962651703507,784-1024-1024-10,True,0.3111388016647349,train,60000,{},,,,,,,,,,,,,,,,,,,,,192839.97906713196,1,0.244026387,245875.0495699467,189.62597941601308,,,16,2026-09-05T06:47:53+00:00,0.1.0,mnist
ompnn,64,cublas,True,Clang 18.1.3 /usr/bin/clang++-18,NVIDIA GeForce GTX 1080 Ti,gpu,13.0,double,,,,,,,,,,,,,,3,83.5077476152101,86.70421638150405,e2e85a4844c129ce900851a7a2cbbd912a6b3532,v0.1.0-10-gb8e62eb-dirty,8603.192587183612,139.83736842105262,78.03947368421052,a830de02df72,67f16fd4f322,13.650293439291179,0.029387187833587625,784-1024-1024-10,True,6.871812692688157,train,60000,{},,,,,,,,,,,,,,,,,,,,,8731.320640308204,1,6.761090625,8874.307907978973,136.4996460101516,,,16,2026-09-05T06:49:05+00:00,0.1.0,mnist
ompnn,256,cublas,True,Clang 18.1.3 /usr/bin/clang++-18,NVIDIA GeForce GTX 1080 Ti,gpu,13.0,double,,,,,,,,,,,,,,3,178.94872566980405,180.8956760026064,e2e85a4844c129ce900851a7a2cbbd912a6b3532,v0.1.0-10-gb8e62eb-dirty,4217.550570694109,148.80292857142857,83.08571428571429,a830de02df72,a9c251f749b5,37.90247923403716,0.26621167899187004,784-1024-1024-10,True,3.2067822659931458,train,60000,{},,,,,,,,,,,,,,,,,,,,,18710.344208984796,1,2.953291909,20316.31205068256,73.28218148519045,,,16,2026-09-05T06:49:39+00:00,0.1.0,mnist
ompnn,1024,cublas,True,Clang 18.1.3 /usr/bin/clang++-18,NVIDIA GeForce GTX 1080 Ti,gpu,13.0,double,,,,,,,,,,,,,,3,253.88998039170647,254.9108203613779,e2e85a4844c129ce900851a7a2cbbd912a6b3532,v0.1.0-10-gb8e62eb-dirty,2942.0016935122585,145.6358,88.24,a830de02df72,0f5fb193821f,68.1907369381702,0.016363087517675012,784-1024-1024-10,True,2.2602294076932594,train,60000,{},,,,,,,,,,,,,,,,,,,,,26545.977941785426,1,2.1047238575,28507.302649796664,26.103544976089,,,16,2026-09-05T06:50:04+00:00,0.1.0,mnist
ompnn,40,omp,True,Clang 18.1.3 /usr/bin/clang++-18,NVIDIA GeForce GTX 1080 Ti,gpu,13.0,float,,,,,,,,,,,,,,3,0.012929434179032173,0.015978616345926858,e2e85a4844c129ce900851a7a2cbbd912a6b3532,v0.1.0-10-gb8e62eb-dirty,,,,a830de02df72,f49e853f6e21,1.2191103789126854,0.00027411883153642246,17-4-1,True,0.002838793986787399,train,124,"{""blas"": ""omp""}",,,,,,,,,,,,,,,,,,,,,43680.52087510869,1,0.002655542,46694.79902784441,1409.0490604873771,,,16,2026-09-05T06:50:04+00:00,0.1.0,monk
ompnn,40,omp,True,Clang 18.1.3 /usr/bin/clang++-18,NVIDIA GeForce GTX 1080 Ti,gpu,13.0,float,,,,,,,,,,,,,,3,1.1171874414209384,1.2182036850391422,e2e85a4844c129ce900851a7a2cbbd912a6b3532,v0.1.0-10-gb8e62eb-dirty,17.46401329267537,86.3,13.5,a830de02df72,ee4fefd60e74,6.563354603463993,0.00016655167564749718,12-64-64-3,True,0.02577902233072867,train,1000,"{""blas"": ""omp""}",,,,,,,,,,,,,,,,,,,,,38791.230604893695,1,0.025093819,39850.450822172585,969.7807651223425,,,16,2026-09-05T06:50:05+00:00,0.1.0,cup
ompnn,256,omp,True,Clang 18.1.3 /usr/bin/clang++-18,NVIDIA GeForce GTX 1080 Ti,gpu,13.0,float,,,,,,,,,,,,,,3,111.52482171014245,112.97978345162252,e2e85a4844c129ce900851a7a2cbbd912a6b3532,v0.1.0-10-gb8e62eb-dirty,2166.6870165499045,182.93983050847459,67.89830508474576,a830de02df72,e25efd0cf523,57.89303578299346,0.060223735170438886,784-512-256-10,True,1.295186468671697,train,60000,"{""blas"": ""omp""}",,,,,,,,,,,,,,,,,,,,,46325.37588316078,1,1.226645392,48913.89181528022,181.4410555423797,,,16,2026-09-05T06:50:20+00:00,0.1.0,mnist-512-256
ompnn,64,cublas,True,GNU 14.2.0 /usr/bin/g++-14,NVIDIA GeForce GTX 1080 Ti,gpu,13.0,float,,,,,,,,,,,,,,3,47.27100259657866,49.36696501265517,e2e85a4844c129ce900851a7a2cbbd912a6b3532,v0.1.0-10-gb8e62eb-dirty,2521.978371891869,92.73088888888888,81.07407407407408,a830de02df72,181527c21b11,24.563545832993224,0.0054640439921058714,784-512-256-10,True,3.0556880976849548,train,60000,{},,,,,,,,,,,,,,,,,,,,,19635.51189843528,1,2.986818767,20088.26269036229,306.9685026788716,,,16,2026-09-05T07:04:14+00:00,0.1.0,mnist-512-256
ompnn,1024,cublas,True,GNU 14.2.0 /usr/bin/g++-14,NVIDIA GeForce GTX 1080 Ti,gpu,13.0,float,,,,,,,,,,,,,,3,525.3188404959869,528.0566186733557,e2e85a4844c129ce900851a7a2cbbd912a6b3532,v0.1.0-10-gb8e62eb-dirty,237.64272320555875,105.78750000000001,70.5,a830de02df72,fdbefe1fc2b1,87.61278113399811,0.0007489704876206815,784-512-256-10,True,0.27496717967248213,train,60000,{},,,,,,,,,,,,,,,,,,,,,218207.86055800176,1,0.212451164,282417.8454489428,214.57106288203508,,,16,2026-09-05T07:04:28+00:00,0.1.0,mnist-512-256
ompnn,64,cublas,True,GNU 14.2.0 /usr/bin/g++-14,NVIDIA GeForce GTX 1080 Ti,gpu,13.0,double,,,,,,,,,,,,,,3,35.66345227141935,37.244744215369856,e2e85a4844c129ce900851a7a2cbbd912a6b3532,v0.1.0-10-gb8e62eb-dirty,3557.8336545121356,98.4027374301676,83.36312849162012,a830de02df72,dd22b58953cb,12.281772916496612,0.0012924570085797171,784-512-256-10,True,4.050237169993731,train,60000,{},,,,,,,,,,,,,,,,,,,,,14813.947302768165,1,3.9262773075,15281.651116539226,231.59137616660897,,,16,2026-09-05T07:05:11+00:00,0.1.0,mnist-512-256
ompnn,1024,cublas,True,GNU 14.2.0 /usr/bin/g++-14,NVIDIA GeForce GTX 1080 Ti,gpu,13.0,double,,,,,,,,,,,,,,3,177.49821772001013,178.4232763882599,e2e85a4844c129ce900851a7a2cbbd912a6b3532,v0.1.0-10-gb8e62eb-dirty,882.1546787857365,125.89800000000001,81.77142857142857,a830de02df72,4e44c714e0a0,43.806390566999056,0.0019350086610454564,784-512-256-10,True,0.8137852979901558,train,60000,{},,,,,,,,,,,,,,,,,,,,,73729.52073253824,1,0.6920180499999999,86702.94076866926,72.50069538699594,,,16,2026-09-05T07:05:36+00:00,0.1.0,mnist-512-256
ompnn,64,cublas,True,GNU 14.2.0 /usr/bin/g++-14,NVIDIA GeForce GTX 1080 Ti,gpu,13.0,float,,,,,,,,,,,,,,3,174.9687583844175,181.66612703852255,e2e85a4844c129ce900851a7a2cbbd912a6b3532,v0.1.0-10-gb8e62eb-dirty,2940.307178897613,100.46227586206896,81.53103448275863,a830de02df72,dc61998d2942,27.300586878582358,0.005342296324670315,784-1024-1024-10,True,3.2797260796651244,train,60000,{},,,,,,,,,,,,,,,,,,,,,18294.210718392154,1,3.210251394,18690.1250513093,285.999494230864,,,16,2026-09-05T07:06:11+00:00,0.1.0,mnist
ompnn,256,cublas,True,GNU 14.2.0 /usr/bin/g++-14,NVIDIA GeForce GTX 1080 Ti,gpu,13.0,float,,,,,,,,,,,,,,3,604.0478035135533,610.6198037760713,e2e85a4844c129ce900851a7a2cbbd912a6b3532,v0.1.0-10-gb8e62eb-dirty,926.6935425238395,111.13095238095238,77.54761904761905,a830de02df72,a07f2bf0ec6c,75.80495846807432,0.0016124163521453738,784-1024-1024-10,True,0.9500069310112546,train,60000,{},,,,,,,,,,,,,,,,,,,,,63157.43395275207,1,0.8843999069999999,67842.61229009832,247.3666163149456,,,16,2026-09-05T07:06:22+00:00,0.1.0,mnist
ompnn,1024,cublas,True,GNU 14.2.0 /usr/bin/g++-14,NVIDIA GeForce GTX 1080 Ti,gpu,13.0,float,,,,,,,,,,,,,,3,1670.4755225348586,1677.1921648345287,e2e85a4844c129ce900851a7a2cbbd912a6b3532,v0.1.0-10-gb8e62eb-dirty,409.88693961653627,143.078,70.06666666666666,a830de02df72,fc7525ec2a95,136.3814738763404,0.0006189078364211009,784-1024-1024-10,True,0.34352469836206484,train,60000,{},,,,,,,,,,,,,,,,,,,,,174659.9306718895,1,0.2790119805,215044.52924378996,171.748931827358,,,16,2026-09-05T07:06:27+00:00,0.1.0,mnist
ompnn,64,cublas,True,GNU 14.2.0 /usr/bin/g++-14,NVIDIA GeForce GTX 1080 Ti,gpu,13.0,double,,,,,,,,,,,,,,3,95.10867544532782,98.74919885957934,e2e85a4844c129ce900851a7a2cbbd912a6b3532,v0.1.0-10-gb8e62eb-dirty,6076.222585748089,112.40558052434457,88.12734082397004,a830de02df72,67f16fd4f322,13.650293439291179,0.0014710985124111176,784-1024-1024-10,True,6.0336199333348,train,60000,{},,,,,,,,,,,,,,,,,,,,,9944.279000490144,1,5.9113558965,10149.955619407867,155.46222837432924,,,16,2026-09-05T07:07:30+00:00,0.1.0,mnist
ompnn,256,cublas,True,GNU 14.2.0 /usr/bin/g++-14,NVIDIA GeForce GTX 1080 Ti,gpu,13.0,double,,,,,,,,,,,,,,3,192.10174491469425,194.19179922937934,e2e85a4844c129ce900851a7a2cbbd912a6b3532,v0.1.0-10-gb8e62eb-dirty,3467.693739373194,131.12610687022902,89.93893129770993,a830de02df72,a9c251f749b5,37.90247923403716,0.01088629100316485,784-1024-1024-10,True,2.987217009688417,train,60000,{},,,,,,,,,,,,,,,,,,,,,20085.58461116232,1,2.8439593225,21097.348167151922,78.66853972705243,,,16,2026-09-05T07:08:02+00:00,0.1.0,mnist
ompnn,1024,cublas,True,GNU 14.2.0 /usr/bin/g++-14,NVIDIA GeForce GTX 1080 Ti,gpu,13.0,double,,,,,,,,,,,,,,3,251.20913580300515,252.21919664187195,e2e85a4844c129ce900851a7a2cbbd912a6b3532,v0.1.0-10-gb8e62eb-dirty,2962.626868791828,145.150099009901,93.54455445544555,a830de02df72,0f5fb193821f,68.1907369381702,0.031047651641225915,784-1024-1024-10,True,2.2843500423089913,train,60000,{},,,,,,,,,,,,,,,,,,,,,26265.676839681182,1,2.13674111,28080.144908149403,25.82791555901983,,,16,2026-09-05T07:08:26+00:00,0.1.0,mnist
ompnn,40,omp,True,GNU 14.2.0 /usr/bin/g++-14,NVIDIA GeForce GTX 1080 Ti,gpu,13.0,float,,,,,,,,,,,,,,3,0.0031401184638209486,0.00388066078680575,e2e85a4844c129ce900851a7a2cbbd912a6b3532,v0.1.0-10-gb8e62eb-dirty,,90.16,2.0,a830de02df72,f49e853f6e21,1.2191103789126854,0.0002562663285061717,17-4-1,True,0.011688730989893278,train,124,"{""blas"": ""omp""}",,,,,,,,,,,,,,,,,,,,,10608.508323719421,1,0.011362875,10912.73115298725,342.20994592643297,,,16,2026-09-05T07:08:27+00:00,0.1.0,monk
ompnn,40,omp,True,GNU 14.2.0 /usr/bin/g++-14,NVIDIA GeForce GTX 1080 Ti,gpu,13.0,float,,,,,,,,,,,,,,3,0.2252003033499489,0.24556294605667117,e2e85a4844c129ce900851a7a2cbbd912a6b3532,v0.1.0-10-gb8e62eb-dirty,92.71551824699098,91.04166666666667,82.33333333333333,a830de02df72,ee4fefd60e74,6.563354603463993,0.00043685082346200943,12-64-64-3,True,0.12788615100240955,train,1000,"{""blas"": ""omp""}",,,,,,,,,,,,,,,,,,,,,7819.454977428781,1,0.128127513,7804.724969569963,195.4863744357195,,,16,2026-09-05T07:08:29+00:00,0.1.0,cup
ompnn,256,omp,True,GNU 14.2.0 /usr/bin/g++-14,NVIDIA GeForce GTX 1080 Ti,gpu,13.0,float,,,,,,,,,,,,,,3,69.72421753231966,70.63384524934771,e2e85a4844c129ce900851a7a2cbbd912a6b3532,v0.1.0-10-gb8e62eb-dirty,2371.7370858962813,128.2595652173913,88.01086956521739,a830de02df72,e25efd0cf523,57.89303578299346,0.002331695674608447,784-512-256-10,True,2.0716681393096223,train,60000,"{""blas"": ""omp""}",,,,,,,,,,,,,,,,,,,,,28962.16766648486,1,2.007384225,29889.64407150305,113.43515669373238,,,16,2026-09-05T07:08:51+00:00,0.1.0,mnist-512-256
syclnn,40,tiled,True,AdaptiveCpp 25.10.0 $HOME/.local/opt/fnn-rocm/acpp/bin/acpp / host Clang 18.1.3 $HOME/.local/opt/fnn-rocm/acpp/bin/acpp,AdaptiveCpp OpenMP host device,cpu,1.2,float,,,,,,,,,,,,,,5,0.026788057668048232,0.03310555513902212,5b95f9bca354d8c08b418ccbc024327a559ca083,v0.2.0-9-gda3d659,,,,5b13821096d7,1655a9b01170,1.2191103789126854,0.00019874420249834648,17-4-1,True,0.0013701627962291242,train,124,"{""blas"": ""tiled""}",,,,,,,,,,,,,,,,,,,,,90500.19482448728,1,0.0013655594999999999,90805.27066012137,2919.3611233705574,portable-acpp-ws-nvidia-cpu,,16,2026-09-05T13:28:15+00:00,0.2.0,monk
syclnn,40,tiled,True,AdaptiveCpp 25.10.0 $HOME/.local/opt/fnn-rocm/acpp/bin/acpp / host Clang 18.1.3 $HOME/.local/opt/fnn-rocm/acpp/bin/acpp,AdaptiveCpp OpenMP host device,cpu,1.2,float,,,,,,,,,,,,,,5,2.2390048446361974,2.4414559736610975,5b95f9bca354d8c08b418ccbc024327a559ca083,v0.2.0-9-gda3d659,,,,5b13821096d7,8686fc50af4a,6.563354603463993,0.0018971652025356889,12-64-64-3,True,0.012862857384607195,train,1000,"{""blas"": ""tiled""}",,,,,,,,,,,,,,,,,,,,,77743.22377209019,1,0.0126155755,79267.09328480496,1943.580594302255,portable-acpp-ws-nvidia-cpu,,16,2026-09-05T13:28:21+00:00,0.2.0,cup
syclnn,256,tiled,True,AdaptiveCpp 25.10.0 $HOME/.local/opt/fnn-rocm/acpp/bin/acpp / host Clang 18.1.3 $HOME/.local/opt/fnn-rocm/acpp/bin/acpp,AdaptiveCpp OpenMP host device,cpu,1.2,float,,,,,,,,,,,,,,5,44.09012548164428,44.66532878409452,5b95f9bca354d8c08b418ccbc024327a559ca083,v0.2.0-9-gda3d659,,,,5b13821096d7,19e0843caa40,57.89303578299346,0.02400584960123542,784-512-256-10,True,3.2761403698008507,train,60000,"{""blas"": ""tiled""}",,,,,,,,,,,,,,,,,,,,,18314.2335881192,1,3.1804261809999996,18865.39620332726,71.73074822013353,portable-acpp-ws-nvidia-cpu,,16,2026-09-05T13:29:25+00:00,0.2.0,mnist-512-256
syclnn,40,auto,True,AdaptiveCpp 25.10.0 $HOME/.local/opt/fnn-rocm/acpp/bin/acpp / host Clang 18.1.3 $HOME/.local/opt/fnn-rocm/acpp/bin/acpp,AdaptiveCpp OpenMP host device,cpu,1.2,float,,,,,,,,,,,,,,5,0.02324522708520393,0.02872720958437365,5b95f9bca354d8c08b418ccbc024327a559ca083,v0.2.0-9-gda3d659,,,,5b13821096d7,86107839ee46,1.2191103789126854,0.00020991979399696,17-4-1,True,0.0015789908124133945,train,124,"{""blas"": ""auto""}",,,,,,,,,,,,,,,,,,,,,78531.17258514842,1,0.0015732155,78819.46243219699,2533.263631778981,portable-acpp-ws-nvidia-cpu,,16,2026-09-05T13:29:27+00:00,0.2.0,monk
syclnn,40,auto,True,AdaptiveCpp 25.10.0 $HOME/.local/opt/fnn-rocm/acpp/bin/acpp / host Clang 18.1.3 $HOME/.local/opt/fnn-rocm/acpp/bin/acpp,AdaptiveCpp OpenMP host device,cpu,1.2,float,,,,,,,,,,,,,,5,2.5104103616344937,2.7374020152015905,5b95f9bca354d8c08b418ccbc024327a559ca083,v0.2.0-9-gda3d659,,,,5b13821096d7,d804201c09e0,6.563354603463993,0.0007834045914933089,12-64-64-3,True,0.011472227983176708,train,1000,"{""blas"": ""auto""}",,,,,,,,,,,,,,,,,,,,,87167.02644564214,1,0.0110697375,90336.37879850359,2179.1756611410538,portable-acpp-ws-nvidia-cpu,,16,2026-09-05T13:29:28+00:00,0.2.0,cup
syclnn,256,auto,True,AdaptiveCpp 25.10.0 $HOME/.local/opt/fnn-rocm/acpp/bin/acpp / host Clang 18.1.3 $HOME/.local/opt/fnn-rocm/acpp/bin/acpp,AdaptiveCpp OpenMP host device,cpu,1.2,float,,,,,,,,,,,,,,5,37.72713304963261,38.21932424403425,5b95f9bca354d8c08b418ccbc024327a559ca083,v0.2.0-9-gda3d659,,,,5b13821096d7,6495416a5496,57.89303578299346,0.3644621695042587,784-512-256-10,True,3.8286884882021694,train,60000,"{""blas"": ""auto""}",,,,,,,,,,,,,,,,,,,,,15671.162640911038,1,3.821219301,15701.79444668308,61.37872034356823,portable-acpp-ws-nvidia-cpu,,16,2026-09-05T13:30:34+00:00,0.2.0,mnist-512-256
syclnn,40,tiled,True,AdaptiveCpp 25.10.0 $HOME/.local/opt/fnn-rocm/acpp/bin/acpp / host Clang 18.1.3 $HOME/.local/opt/fnn-rocm/acpp/bin/acpp,NVIDIA GeForce GTX 1080 Ti,gpu,13000,float,,,,,,,,,,,,,,5,0.022681383958811,0.02803039386365701,5b95f9bca354d8c08b418ccbc024327a559ca083,v0.2.0-9-gda3d659,,61.42,3.0,5b13821096d7,e5e1f10ffc49,1.2191103789126854,0.0001522598089650272,17-4-1,True,0.0016182434046640992,train,124,"{""blas"": ""tiled""}",,,,,,,,,,,,,,,,,,,,,76626.29715814527,1,0.0014870875,83384.46796170367,2471.816037359525,portable-acpp-ws-nvidia-gpu,,16,2026-09-05T13:30:36+00:00,0.2.0,monk
syclnn,40,tiled,True,AdaptiveCpp 25.10.0 $HOME/.local/opt/fnn-rocm/acpp/bin/acpp / host Clang 18.1.3 $HOME/.local/opt/fnn-rocm/acpp/bin/acpp,NVIDIA GeForce GTX 1080 Ti,gpu,13000,float,,,,,,,,,,,,,,5,2.4524523575204564,2.674203440305839,5b95f9bca354d8c08b418ccbc024327a559ca083,v0.2.0-9-gda3d659,,61.13,3.0,5b13821096d7,fbc0fd92d4d5,6.563354603463993,0.000304979202337562,12-64-64-3,True,0.011743347393348813,train,1000,"{""blas"": ""tiled""}",,,,,,,,,,,,,,,,,,,,,85154.59574723805,1,0.011505261499999999,86916.75543402469,2128.8648936809514,portable-acpp-ws-nvidia-gpu,,16,2026-09-05T13:30:38+00:00,0.2.0,cup
syclnn,256,tiled,True,AdaptiveCpp 25.10.0 $HOME/.local/opt/fnn-rocm/acpp/bin/acpp / host Clang 18.1.3 $HOME/.local/opt/fnn-rocm/acpp/bin/acpp,NVIDIA GeForce GTX 1080 Ti,gpu,13000,float,,,,,,,,,,,,,,5,547.366327144257,554.5073120152235,5b95f9bca354d8c08b418ccbc024327a559ca083,v0.2.0-9-gda3d659,647.3180516680394,173.9715789473684,67.10526315789474,5b13821096d7,1600bef707f1,57.89303578299346,0.00203274659579622,784-512-256-10,True,0.26389171718619764,train,60000,"{""blas"": ""tiled""}",,,,,,,,,,,,,,,,,,,,,227365.9841989849,1,0.192633778,311471.85412103584,890.5167714460241,portable-acpp-ws-nvidia-gpu,,16,2026-09-05T13:30:44+00:00,0.2.0,mnist-512-256
syclnn,40,auto,True,AdaptiveCpp 25.10.0 $HOME/.local/opt/fnn-rocm/acpp/bin/acpp / host Clang 18.1.3 $HOME/.local/opt/fnn-rocm/acpp/bin/acpp,NVIDIA GeForce GTX 1080 Ti,gpu,13000,float,,,,,,,,,,,,,,5,0.016299220657680375,0.02014310835419523,5b95f9bca354d8c08b418ccbc024327a559ca083,v0.2.0-9-gda3d659,,81.26,4.0,5b13821096d7,0258aa07a264,1.2191103789126854,0.0001365429139696065,17-4-1,True,0.0022518868092447518,train,124,"{""blas"": ""auto""}",,,,,,,,,,,,,,,,,,,,,55064.93465432559,1,0.0021012319999999998,59012.99808874033,1776.288214655664,portable-acpp-ws-nvidia-gpu,,16,2026-09-05T13:30:46+00:00,0.2.0,monk
syclnn,40,auto,True,AdaptiveCpp 25.10.0 $HOME/.local/opt/fnn-rocm/acpp/bin/acpp / host Clang 18.1.3 $HOME/.local/opt/fnn-rocm/acpp/bin/acpp,NVIDIA GeForce GTX 1080 Ti,gpu,13000,float,,,,,,,,,,,,,,5,1.590761705599303,1.7345985999587177,5b95f9bca354d8c08b418ccbc024327a559ca083,v0.2.0-9-gda3d659,16.82803351165261,83.195,11.0,5b13821096d7,fd5be5338b22,6.563354603463993,0.00020209059584885836,12-64-64-3,True,0.018104534386657177,train,1000,"{""blas"": ""auto""}",,,,,,,,,,,,,,,,,,,,,55234.78144442024,1,0.017630022500000002,56721.42505773886,1380.869536110506,portable-acpp-ws-nvidia-gpu,,16,2026-09-05T13:30:48+00:00,0.2.0,cup
syclnn,256,auto,True,AdaptiveCpp 25.10.0 $HOME/.local/opt/fnn-rocm/acpp/bin/acpp / host Clang 18.1.3 $HOME/.local/opt/fnn-rocm/acpp/bin/acpp,NVIDIA GeForce GTX 1080 Ti,gpu,13000,float,,,,,,,,,,,,,,5,522.3864343660105,529.2015295584166,5b95f9bca354d8c08b418ccbc024327a559ca083,v0.2.0-9-gda3d659,376.01936149683723,96.502,27.75,5b13821096d7,0fc65c5fde95,57.89303578299346,0.0019879185012541267,784-512-256-10,True,0.27651070260908456,train,60000,"{""blas"": ""auto""}",,,,,,,,,,,,,,,,,,,,,216989.79256084948,1,0.209738763,286070.15289777407,849.8766875299938,portable-acpp-ws-nvidia-gpu,,16,2026-09-05T13:30:54+00:00,0.2.0,mnist-512-256
syclnn,40,auto,True,Clang 22.1.0 /opt/sycl/bin/clang++,NVIDIA GeForce GTX 1080 Ti,gpu,CUDA 13.0,float,,,,,,,,,,,,,,5,0.017377112669092,0.021475202448507334,e2e85a4844c129ce900851a7a2cbbd912a6b3532,v0.2.0-7-g01733d3-dirty,,81.79,2.0,13a136cfe1e9,3c5a922f0dd2,1.2191103789126854,0.00013865390792489052,17-4-1,True,0.0021122036036103965,train,124,"{""memory"": ""shared""}",,,,,,,,,,,,,,,,,,,,,58706.46171990541,1,0.0019502464999999998,63581.70620995859,1893.756829674368,,,16,2026-09-05T02:37:33+00:00,0.2.0,monk
syclnn,40,auto,True,Clang 22.1.0 /opt/sycl/bin/clang++,NVIDIA GeForce GTX 1080 Ti,gpu,CUDA 13.0,float,,,,,,,,,,,,,,5,1.993865045196206,2.1741505995085477,e2e85a4844c129ce900851a7a2cbbd912a6b3532,v0.2.0-7-g01733d3-dirty,,82.44,2.0,13a136cfe1e9,c3200a64b601,6.563354603463993,2.445409772917559e-05,12-64-64-3,True,0.014444307587109507,train,1000,"{""memory"": ""shared""}",,,,,,,,,,,,,,,,,,,,,69231.42518042383,1,0.014379176,69545.01426229152,1730.7856295105955,,,16,2026-09-05T02:37:33+00:00,0.2.0,cup
syclnn,256,auto,True,Clang 22.1.0 /opt/sycl/bin/clang++,NVIDIA GeForce GTX 1080 Ti,gpu,CUDA 13.0,float,,,,,,,,,,,,,,3,590.185314051246,597.8849188491783,e2e85a4844c129ce900851a7a2cbbd912a6b3532,v0.2.0-7-g01733d3-dirty,218.85570697783376,105.21272727272726,28.545454545454547,13a136cfe1e9,5291c2b36125,57.89303578299346,0.0025759474956430495,784-512-256-10,True,0.2447459070244804,train,60000,"{""memory"": ""shared""}",,,,,,,,,,,,,,,,,,,,,245152.21001836233,1,0.1342789435,446831.0401920909,960.1794892385858,,,16,2026-09-05T02:37:37+00:00,0.2.0,mnist-512-256
syclnn,40,auto,True,Clang 22.1.0 /opt/sycl/bin/clang++,NVIDIA GeForce GTX 1080 Ti,gpu,CUDA 13.0,float,,,,,,,,,,,,,,5,0.023114657164818697,0.02856584701929425,e2e85a4844c129ce900851a7a2cbbd912a6b3532,v0.2.0-7-g01733d3-dirty,,,,13a136cfe1e9,2181f4030a8c,1.2191103789126854,0.0003739945008419455,17-4-1,True,0.0015879102051258088,train,124,"{""loss_reduction"": false}",,,,,,,,,,,,,,,,,,,,,78090.05798925235,1,0.001643243,75460.53748593482,2519.0341286855596,,,16,2026-09-05T02:37:38+00:00,0.2.0,monk
syclnn,40,auto,True,Clang 22.1.0 /opt/sycl/bin/clang++,NVIDIA GeForce GTX 1080 Ti,gpu,CUDA 13.0,float,,,,,,,,,,,,,,5,2.082898673637286,2.271234660999052,e2e85a4844c129ce900851a7a2cbbd912a6b3532,v0.2.0-7-g01733d3-dirty,16.85417875533749,83.415,6.0,13a136cfe1e9,c7b162076954,6.563354603463993,0.003784852696117013,12-64-64-3,True,0.013826884794980288,train,1000,"{""loss_reduction"": false}",,,,,,,,,,,,,,,,,,,,,72322.87061240576,1,0.0143271075,69797.75924763599,1808.0717653101442,,,16,2026-09-05T02:37:38+00:00,0.2.0,cup
syclnn,256,auto,True,Clang 22.1.0 /opt/sycl/bin/clang++,NVIDIA GeForce GTX 1080 Ti,gpu,CUDA 13.0,float,,,,,,,,,,,,,,3,656.3565159338634,664.919395522561,e2e85a4844c129ce900851a7a2cbbd912a6b3532,v0.2.0-7-g01733d3-dirty,208.34585282040294,112.85,28.7,13a136cfe1e9,8aa4299c3cbb,57.89303578299346,0.019561752987404646,784-512-256-10,True,0.2200716173198695,train,60000,"{""loss_reduction"": false}",,,,,,,,,,,,,,,,,,,,,272638.51981780666,1,0.112579291,532957.7000089652,1067.8342026197427,,,16,2026-09-05T02:37:42+00:00,0.2.0,mnist-512-256
syclnn,40,auto,True,Clang 22.1.0 /opt/sycl/bin/clang++,NVIDIA GeForce GTX 1080 Ti,gpu,CUDA 13.0,float,,,,,,,,,,,,,,5,0.02157942029619657,0.026668551237888957,e2e85a4844c129ce900851a7a2cbbd912a6b3532,v0.2.0-7-g01733d3-dirty,,83.0,2.0,13a136cfe1e9,7b169a22c343,1.2191103789126854,3.626098623499274e-05,17-4-1,True,0.0017008797964081167,train,124,"{""bias_gemv"": false}",,,,,,,,,,,,,,,,,,,,,72903.44694661003,1,0.001657693,74802.75298260896,2351.7240950519363,,,16,2026-09-05T02:37:42+00:00,0.2.0,monk
syclnn,40,auto,True,Clang 22.1.0 /opt/sycl/bin/clang++,NVIDIA GeForce GTX 1080 Ti,gpu,CUDA 13.0,float,,,,,,,,,,,,,,5,1.3037136352645284,1.4215956032364852,e2e85a4844c129ce900851a7a2cbbd912a6b3532,v0.2.0-7-g01733d3-dirty,16.918156107694376,83.705,6.0,13a136cfe1e9,bd54f372b6d0,6.563354603463993,0.0026809427072294056,12-64-64-3,True,0.022090740804560482,train,1000,"{""bias_gemv"": false}",,,,,,,,,,,,,,,,,,,,,45267.83455779613,1,0.021949145000000003,45559.86121555076,1131.695863944903,,,16,2026-09-05T02:37:43+00:00,0.2.0,cup
syclnn,256,auto,True,Clang 22.1.0 /opt/sycl/bin/clang++,NVIDIA GeForce GTX 1080 Ti,gpu,CUDA 13.0,float,,,,,,,,,,,,,,3,656.598495162192,665.164531631251,e2e85a4844c129ce900851a7a2cbbd912a6b3532,v0.2.0-7-g01733d3-dirty,196.78121196035062,104.20599999999999,28.8,13a136cfe1e9,c76e1c5376fa,57.89303578299346,0.008147589823541551,784-512-256-10,True,0.21999051332628974,train,60000,"{""bias_gemv"": false}",,,,,,,,,,,,,,,,,,,,,272739.0335737253,1,0.117988864,508522.5670110698,1068.2278814970907,,,16,2026-09-05T02:37:47+00:00,0.2.0,mnist-512-256
syclnn,40,auto,True,Clang 22.1.0 /opt/sycl/bin/clang++,NVIDIA GeForce GTX 1080 Ti,gpu,CUDA 13.0,float,,,,,,,,,,,,,,5,0.018600600745162045,0.022987228906946114,e2e85a4844c129ce900851a7a2cbbd912a6b3532,v0.2.0-7-g01733d3-dirty,,85.73,2.0,13a136cfe1e9,bc90e17f9aa7,1.2191103789126854,0.000174028996843845,17-4-1,True,0.0019732696004211903,train,124,"{""direct_input"": false}",,,,,,,,,,,,,,,,,,,,,62839.8673823042,1,0.0018669315,66419.14821191886,2027.0924962033612,,,16,2026-09-05T02:37:47+00:00,0.2.0,monk
syclnn,40,auto,True,Clang 22.1.0 /opt/sycl/bin/clang++,NVIDIA GeForce GTX 1080 Ti,gpu,CUDA 13.0,float,,,,,,,,,,,,,,5,1.7880724391684368,1.9497501974614413,e2e85a4844c129ce900851a7a2cbbd912a6b3532,v0.2.0-7-g01733d3-dirty,16.794825123535702,83.025,6.0,13a136cfe1e9,c4339f9a40b6,6.563354603463993,0.002114623598754403,12-64-64-3,True,0.016106730001047252,train,1000,"{""direct_input"": false}",,,,,,,,,,,,,,,,,,,,,62085.84858223739,1,0.014863461,67279.08123148438,1552.1462145559349,,,16,2026-09-05T02:37:48+00:00,0.2.0,cup
syclnn,256,auto,True,Clang 22.1.0 /opt/sycl/bin/clang++,NVIDIA GeForce GTX 1080 Ti,gpu,CUDA 13.0,float,,,,,,,,,,,,,,3,596.9693859699532,604.7574963125869,e2e85a4844c129ce900851a7a2cbbd912a6b3532,v0.2.0-7-g01733d3-dirty,224.49639532916711,109.7790909090909,28.181818181818183,13a136cfe1e9,14ed52dd41e0,57.89303578299346,0.011567503989984601,784-512-256-10,True,0.24196456869443259,train,60000,"{""direct_input"": false}",,,,,,,,,,,,,,,,,,,,,247970.18970067313,1,0.13948838400000002,430143.3444092376,971.2165763276364,,,16,2026-09-05T02:37:52+00:00,0.2.0,mnist-512-256
syclnn,40,auto,True,Clang 22.1.0 /opt/sycl/bin/clang++,NVIDIA GeForce GTX 1080 Ti,gpu,CUDA 13.0,float,,,,,,,,,,,,,,5,0.020672961674944115,0.025548320117029885,e2e85a4844c129ce900851a7a2cbbd912a6b3532,v0.2.0-7-g01733d3-dirty,,82.62,3.0,13a136cfe1e9,3686c2160d51,1.2191103789126854,1.5196995809674393e-05,17-4-1,True,0.0017754592001438141,train,124,"{""fine_deps"": false}",,,,,,,,,,,,,,,,,,,,,69841.08673967606,1,0.00173606,71426.10278446597,2252.938281925034,,,16,2026-09-05T02:37:52+00:00,0.2.0,monk
syclnn,40,auto,True,Clang 22.1.0 /opt/sycl/bin/clang++,NVIDIA GeForce GTX 1080 Ti,gpu,CUDA 13.0,float,,,,,,,,,,,,,,5,2.0268161292967,2.210081125209948,e2e85a4844c129ce900851a7a2cbbd912a6b3532,v0.2.0-7-g01733d3-dirty,,82.54,3.0,13a136cfe1e9,e7277a388e4c,6.563354603463993,0.00012114540440961649,12-64-64-3,True,0.014209478395059705,train,1000,"{""fine_deps"": false}",,,,,,,,,,,,,,,,,,,,,70375.56004502432,1,0.0140042965,71406.65723551341,1759.3890011256078,,,16,2026-09-05T02:37:53+00:00,0.2.0,cup
syclnn,256,auto,True,Clang 22.1.0 /opt/sycl/bin/clang++,NVIDIA GeForce GTX 1080 Ti,gpu,CUDA 13.0,float,,,,,,,,,,,,,,3,627.0251083792779,635.2053280796987,e2e85a4844c129ce900851a7a2cbbd912a6b3532,v0.2.0-7-g01733d3-dirty,204.43948230229665,110.40599999999999,29.1,13a136cfe1e9,d20aa434b7a8,57.89303578299346,0.00685015666143346,784-512-256-10,True,0.2303662773144121,train,60000,"{""fine_deps"": false}",,,,,,,,,,,,,,,,,,,,,260454.78834608186,1,0.131004502,457999.5273750211,1020.1145876888206,,,16,2026-09-05T02:37:56+00:00,0.2.0,mnist-512-256
syclnn,40,auto,True,Clang 22.1.0 /opt/sycl/bin/clang++,NVIDIA GeForce GTX 1080 Ti,gpu,CUDA 13.0,float,,,,,,,,,,,,,,5,0.019405362001295057,0.023981779107964903,e2e85a4844c129ce900851a7a2cbbd912a6b3532,v0.2.0-7-g01733d3-dirty,,82.25,2.0,13a136cfe1e9,f746b5b121ce,1.2191103789126854,1.767841167747957e-05,17-4-1,True,0.0018914359854534269,train,124,"{""fine_deps"": false, ""join_kernels"": true}",,,,,,,,,,,,,,,,,,,,,65558.6554097806,1,0.00182546,67928.08388022745,2114.7953357993742,,,16,2026-09-05T02:37:57+00:00,0.2.0,monk
syclnn,40,auto,True,Clang 22.1.0 /opt/sycl/bin/clang++,NVIDIA GeForce GTX 1080 Ti,gpu,CUDA 13.0,float,,,,,,,,,,,,,,5,1.9694595617750972,2.1475383688868517,e2e85a4844c129ce900851a7a2cbbd912a6b3532,v0.2.0-7-g01733d3-dirty,,82.62,2.0,13a136cfe1e9,ecb14ee4b3c6,6.563354603463993,0.00020993099315091968,12-64-64-3,True,0.014623301010578871,train,1000,"{""fine_deps"": false, ""join_kernels"": true}",,,,,,,,,,,,,,,,,,,,,68384.01256163532,1,0.0145984355,68500.49102864481,1709.600314040883,,,16,2026-09-05T02:37:57+00:00,0.2.0,cup
syclnn,256,auto,True,Clang 22.1.0 /opt/sycl/bin/clang++,NVIDIA GeForce GTX 1080 Ti,gpu,CUDA 13.0,float,,,,,,,,,,,,,,3,565.3604214100103,572.7361586735635,e2e85a4844c129ce900851a7a2cbbd912a6b3532,v0.2.0-7-g01733d3-dirty,217.38693156684573,104.83181818181819,27.454545454545453,13a136cfe1e9,5995310c9e14,57.89303578299346,0.004278412690230937,784-512-256-10,True,0.25549266367064166,train,60000,"{""fine_deps"": false, ""join_kernels"": true}",,,,,,,,,,,,,,,,,,,,,234840.40260876785,1,0.145799227,411524.8155602361,919.7915768843407,,,16,2026-09-05T02:38:01+00:00,0.2.0,mnist-512-256
syclnn,40,auto,True,Clang 22.1.0 /opt/sycl/bin/clang++,NVIDIA GeForce GTX 1080 Ti,gpu,CUDA 13.0,float,,,,,,,,,,,,,,5,0.02012887867710759,0.02487592460749783,e2e85a4844c129ce900851a7a2cbbd912a6b3532,v0.2.0-7-g01733d3-dirty,,83.62,3.0,13a136cfe1e9,915f06889ce9,1.2191103789126854,6.603891961276531e-06,17-4-1,True,0.0018234498100355267,train,124,"{""queue"": ""in_order""}",,,,,,,,,,,,,,,,,,,,,68002.96850374185,1,0.0017771915,69773.00983039814,2193.6441452819954,,,16,2026-09-05T02:38:02+00:00,0.2.0,monk
syclnn,40,auto,True,Clang 22.1.0 /opt/sycl/bin/clang++,NVIDIA GeForce GTX 1080 Ti,gpu,CUDA 13.0,float,,,,,,,,,,,,,,5,1.9999810556036852,2.180819620426517,e2e85a4844c129ce900851a7a2cbbd912a6b3532,v0.2.0-7-g01733d3-dirty,,82.82,2.0,13a136cfe1e9,a619635a72b1,6.563354603463993,0.00018645318923518096,12-64-64-3,True,0.014400136400945484,train,1000,"{""queue"": ""in_order""}",,,,,,,,,,,,,,,,,,,,,69443.78665290574,1,0.0142921535,69968.46206556626,1736.0946663226432,,,16,2026-09-05T02:38:02+00:00,0.2.0,cup
syclnn,256,auto,True,Clang 22.1.0 /opt/sycl/bin/clang++,NVIDIA GeForce GTX 1080 Ti,gpu,CUDA 13.0,float,,,,,,,,,,,,,,3,598.2803062611424,606.0855189747152,e2e85a4844c129ce900851a7a2cbbd912a6b3532,v0.2.0-7-g01733d3-dirty,197.4137409607059,106.93800000000002,28.2,13a136cfe1e9,6a54d5aede1b,57.89303578299346,0.008708223331874876,784-512-256-10,True,0.2414343886775896,train,60000,"{""queue"": ""in_order""}",,,,,,,,,,,,,,,,,,,,,248514.72206854398,1,0.13829459900000002,433856.4226937018,973.3493281017973,,,16,2026-09-05T02:38:05+00:00,0.2.0,mnist-512-256
syclnn,40,auto,True,Clang 22.1.0 /opt/sycl/bin/clang++,NVIDIA GeForce GTX 1080 Ti,gpu,CUDA 13.0,float,,,,,,,,,,,,,,5,0.01740118529441765,0.02150495218381606,e2e85a4844c129ce900851a7a2cbbd912a6b3532,v0.2.0-7-g01733d3-dirty,,82.98,2.0,13a136cfe1e9,162f4ea87107,1.2191103789126854,0.00019070289563387658,17-4-1,True,0.0021092816023156047,train,124,"{""specialized_kernels"": false}",,,,,,,,,,,,,,,,,,,,,58787.78815681639,1,0.0019644314999999997,63122.58788356836,1896.3802631231092,,,16,2026-09-05T02:38:06+00:00,0.2.0,monk
syclnn,40,auto,True,Clang 22.1.0 /opt/sycl/bin/clang++,NVIDIA GeForce GTX 1080 Ti,gpu,CUDA 13.0,float,,,,,,,,,,,,,,5,1.9767282001376345,2.155464238539663,e2e85a4844c129ce900851a7a2cbbd912a6b3532,v0.2.0-7-g01733d3-dirty,,83.78,2.0,13a136cfe1e9,3274592f8852,6.563354603463993,0.0003258907003328218,12-64-64-3,True,0.014569529588334263,train,1000,"{""specialized_kernels"": false}",,,,,,,,,,,,,,,,,,,,,68636.39583811231,1,0.0144615235,69149.00771001063,1715.9098959528078,,,16,2026-09-05T02:38:06+00:00,0.2.0,cup
syclnn,256,auto,True,Clang 22.1.0 /opt/sycl/bin/clang++,NVIDIA GeForce GTX 1080 Ti,gpu,CUDA 13.0,float,,,,,,,,,,,,,,3,607.2342730481439,615.1562999283731,e2e85a4844c129ce900851a7a2cbbd912a6b3532,v0.2.0-7-g01733d3-dirty,201.32955147331694,109.245,27.5,13a136cfe1e9,1683818fc25f,57.89303578299346,0.0025274575067063543,784-512-256-10,True,0.23787432035896927,train,60000,"{""specialized_kernels"": false}",,,,,,,,,,,,,,,,,,,,,252234.03648386986,1,0.1355795145,442544.7326705098,987.9166428951569,,,16,2026-09-05T02:38:10+00:00,0.2.0,mnist-512-256
syclnn,40,auto,True,Clang 22.1.0 /opt/sycl/bin/clang++,NVIDIA GeForce GTX 1080 Ti,gpu,CUDA 13.0,float,,,,,,,,,,,,,,5,0.019940478485579647,0.024643093507680163,e2e85a4844c129ce900851a7a2cbbd912a6b3532,v0.2.0-7-g01733d3-dirty,,81.81,2.0,13a136cfe1e9,9bbd30cf1d99,1.2191103789126854,8.046103175729513e-06,17-4-1,True,0.001840677997097373,train,124,"{""derivative_from_output"": false}",,,,,,,,,,,,,,,,,,,,,67366.48137020151,1,0.0017745735,69875.94483970373,2173.1123022645647,,,16,2026-09-05T02:38:10+00:00,0.2.0,monk
syclnn,40,auto,True,Clang 22.1.0 /opt/sycl/bin/clang++,NVIDIA GeForce GTX 1080 Ti,gpu,CUDA 13.0,float,,,,,,,,,,,,,,5,1.7064073730570188,1.8607009647298587,e2e85a4844c129ce900851a7a2cbbd912a6b3532,v0.2.0-7-g01733d3-dirty,16.721713478234598,82.7,7.0,13a136cfe1e9,489661f23161,6.563354603463993,0.0013174159103073145,12-64-64-3,True,0.016877564205788075,train,1000,"{""derivative_from_output"": false}",,,,,,,,,,,,,,,,,,,,,59250.25600892427,1,0.016114906999999998,62054.34508557823,1481.2564002231065,,,16,2026-09-05T02:38:11+00:00,0.2.0,cup
syclnn,256,auto,True,Clang 22.1.0 /opt/sycl/bin/clang++,NVIDIA GeForce GTX 1080 Ti,gpu,CUDA 13.0,float,,,,,,,,,,,,,,3,621.4896184323134,629.597621688272,e2e85a4844c129ce900851a7a2cbbd912a6b3532,v0.2.0-7-g01733d3-dirty,202.71512438003438,109.585,27.2,13a136cfe1e9,a676020d20f0,57.89303578299346,0.0027393803272085793,784-512-256-10,True,0.23241810597634563,train,60000,"{""derivative_from_output"": false}",,,,,,,,,,,,,,,,,,,,,258155.4468312658,1,0.1346972205,445443.49005330814,1011.1088334224578,,,16,2026-09-05T02:38:15+00:00,0.2.0,mnist-512-256
syclnn,40,auto,True,Clang 22.1.0 /opt/sycl/bin/clang++,NVIDIA GeForce GTX 1080 Ti,gpu,CUDA 13.0,float,,,,,,,,,,,,,,5,0.016652346581513572,0.020579512885174792,e2e85a4844c129ce900851a7a2cbbd912a6b3532,v0.2.0-7-g01733d3-dirty,,83.45,2.0,13a136cfe1e9,9a4d0002fec2,1.2191103789126854,0.0003362143994309007,17-4-1,True,0.002204133803024888,train,124,"{""host_adam_correction"": false}",,,,,,,,,,,,,,,,,,,,,56257.92764024855,1,0.002076647,59711.640928862726,1814.7718593628565,,,16,2026-09-05T02:38:15+00:00,0.2.0,monk
syclnn,40,auto,True,Clang 22.1.0 /opt/sycl/bin/clang++,NVIDIA GeForce GTX 1080 Ti,gpu,CUDA 13.0,float,,,,,,,,,,,,,,5,1.9742975252921966,2.1528137817371067,e2e85a4844c129ce900851a7a2cbbd912a6b3532,v0.2.0-7-g01733d3-dirty,,84.36,4.0,13a136cfe1e9,d72e8c0a09db,6.563354603463993,0.00010525200050323993,12-64-64-3,True,0.014587467000819743,train,1000,"{""host_adam_correction"": false}",,,,,,,,,,,,,,,,,,,,,68551.99740597904,1,0.014442736,69238.9586017497,1713.7999351494761,,,16,2026-09-05T02:38:16+00:00,0.2.0,cup
syclnn,256,auto,True,Clang 22.1.0 /opt/sycl/bin/clang++,NVIDIA GeForce GTX 1080 Ti,gpu,CUDA 13.0,float,,,,,,,,,,,,,,3,594.8796365851681,602.6404838902329,e2e85a4844c129ce900851a7a2cbbd912a6b3532,v0.2.0-7-g01733d3-dirty,210.94290231674677,102.11454545454545,28.363636363636363,13a136cfe1e9,a3ac4208a9ff,57.89303578299346,0.0026250976758698807,784-512-256-10,True,0.24281456468937299,train,60000,"{""host_adam_correction"": false}",,,,,,,,,,,,,,,,,,,,,247102.14593904858,1,0.139125212,431266.1891936596,967.8167382612737,,,16,2026-09-05T02:38:19+00:00,0.2.0,mnist-512-256
syclnn,40,auto,True,Clang 22.1.0 /opt/sycl/bin/clang++,NVIDIA GeForce GTX 1080 Ti,gpu,CUDA 13.0,float,,,,,,,,,,,,,,5,0.020782919940133898,0.025684210126538622,e2e85a4844c129ce900851a7a2cbbd912a6b3532,v0.2.0-7-g01733d3-dirty,,82.54,2.0,13a136cfe1e9,744db37360a0,1.2191103789126854,0.0001115062041208148,17-4-1,True,0.00176606560125947,train,124,"{""workgroup_size"": 256}",,,,,,,,,,,,,,,,,,,,,70212.56736531723,1,0.0017207260000000001,72062.60613252778,2264.9215279134587,,,16,2026-09-05T02:38:20+00:00,0.2.0,monk
syclnn,40,auto,True,Clang 22.1.0 /opt/sycl/bin/clang++,NVIDIA GeForce GTX 1080 Ti,gpu,CUDA 13.0,float,,,,,,,,,,,,,,5,2.1599108940708374,2.355210337100347,e2e85a4844c129ce900851a7a2cbbd912a6b3532,v0.2.0-7-g01733d3-dirty,,83.07,3.0,13a136cfe1e9,7527372d237e,6.563354603463993,0.001600460591726003,12-64-64-3,True,0.013333883392624557,train,1000,"{""workgroup_size"": 256}",,,,,,,,,,,,,,,,,,,,,74996.9060441263,1,0.0131537535,76023.92731473947,1874.9226511031575,,,16,2026-09-05T02:38:20+00:00,0.2.0,cup
syclnn,256,auto,True,Clang 22.1.0 /opt/sycl/bin/clang++,NVIDIA GeForce GTX 1080 Ti,gpu,CUDA 13.0,float,,,,,,,,,,,,,,3,628.4254820160663,636.6239711029258,e2e85a4844c129ce900851a7a2cbbd912a6b3532,v0.2.0-7-g01733d3-dirty,197.9671540961752,107.636,30.7,13a136cfe1e9,c4a1f1227baf,57.89303578299346,0.0032041013279619224,784-512-256-10,True,0.22985293266053,train,60000,"{""workgroup_size"": 256}",,,,,,,,,,,,,,,,,,,,,261036.47800140994,1,0.1288296885,465731.1579232763,1022.392872172189,,,16,2026-09-05T02:38:24+00:00,0.2.0,mnist-512-256
syclnn,40,auto,True,Clang 22.1.0 /opt/sycl/bin/clang++,NVIDIA GeForce GTX 1080 Ti,gpu,CUDA 13.0,float,,,,,,,,,,,,,,5,0.019357857464234973,0.023923071452095098,e2e85a4844c129ce900851a7a2cbbd912a6b3532,v0.2.0-7-g01733d3-dirty,,86.65,2.0,13a136cfe1e9,38d8997d801b,1.2191103789126854,6.0767796821892305e-05,17-4-1,True,0.0018960776040330529,train,124,"{""persistent_workspace"": false}",,,,,,,,,,,,,,,,,,,,,65398.167108901944,1,0.001808994,68546.38544959243,2109.6182938355464,,,16,2026-09-05T02:38:24+00:00,0.2.0,monk
syclnn,40,auto,True,Clang 22.1.0 /opt/sycl/bin/clang++,NVIDIA GeForce GTX 1080 Ti,gpu,CUDA 13.0,float,,,,,,,,,,,,,,5,1.805248216913048,1.9684790114152448,e2e85a4844c129ce900851a7a2cbbd912a6b3532,v0.2.0-7-g01733d3-dirty,16.778441406020427,83.01499999999999,8.5,13a136cfe1e9,e3f0fcd66579,6.563354603463993,0.0008940451079979539,12-64-64-3,True,0.015953484806232154,train,1000,"{""persistent_workspace"": false}",,,,,,,,,,,,,,,,,,,,,62682.229753925276,1,0.0148433925,67370.04360694498,1567.055743848132,,,16,2026-09-05T02:38:25+00:00,0.2.0,cup
syclnn,256,auto,True,Clang 22.1.0 /opt/sycl/bin/clang++,NVIDIA GeForce GTX 1080 Ti,gpu,CUDA 13.0,float,,,,,,,,,,,,,,3,604.3128026566719,612.1967158005752,e2e85a4844c129ce900851a7a2cbbd912a6b3532,v0.2.0-7-g01733d3-dirty,200.3004444940458,108.16900000000001,24.7,13a136cfe1e9,a491f8f7112b,57.89303578299346,0.003785378687704566,784-512-256-10,True,0.23902429232839495,train,60000,"{""persistent_workspace"": false}",,,,,,,,,,,,,,,,,,,,,251020.5109929418,1,0.1369124725,438236.18772204994,983.1636680556887,,,16,2026-09-05T02:38:28+00:00,0.2.0,mnist-512-256
syclnn,40,auto,True,Clang 22.1.0 /opt/sycl/bin/clang++,NVIDIA GeForce GTX 1080 Ti,gpu,CUDA 13.0,float,,,,,,,,,,,,,,5,0.019891013450169456,0.024581963004023717,e2e85a4844c129ce900851a7a2cbbd912a6b3532,v0.2.0-7-g01733d3-dirty,,82.71,2.0,13a136cfe1e9,c3f002bdb3c2,1.2191103789126854,2.9290700331330213e-05,17-4-1,True,0.0018452554009854793,train,124,"{""pinned_host"": false}",,,,,,,,,,,,,,,,,,,,,67199.369764086,1,0.001813118,68390.47431000078,2167.7216052930967,,,16,2026-09-05T02:38:29+00:00,0.2.0,monk
syclnn,40,auto,True,Clang 22.1.0 /opt/sycl/bin/clang++,NVIDIA GeForce GTX 1080 Ti,gpu,CUDA 13.0,float,,,,,,,,,,,,,,5,1.8744301294461791,2.0439163620882206,e2e85a4844c129ce900851a7a2cbbd912a6b3532,v0.2.0-7-g01733d3-dirty,16.741596838149707,82.81,6.5,13a136cfe1e9,7dd3b2862dfc,6.563354603463993,0.0008407499990426004,12-64-64-3,True,0.015364669798873364,train,1000,"{""pinned_host"": false}",,,,,,,,,,,,,,,,,,,,,65084.379494659,1,0.015336463500000001,65204.08045831426,1627.109487366475,,,16,2026-09-05T02:38:30+00:00,0.2.0,cup
syclnn,256,auto,True,Clang 22.1.0 /opt/sycl/bin/clang++,NVIDIA GeForce GTX 1080 Ti,gpu,CUDA 13.0,float,,,,,,,,,,,,,,3,717.2069021805486,726.5636407737763,e2e85a4844c129ce900851a7a2cbbd912a6b3532,v0.2.0-7-g01733d3-dirty,180.35572182292992,110.61,34.55555555555556,13a136cfe1e9,892a6f1260f1,57.89303578299346,0.0029557321492272026,784-512-256-10,True,0.20139995803280422,train,60000,"{""pinned_host"": false}",,,,,,,,,,,,,,,,,,,,,297914.6598939566,1,0.133628527,449005.9222159951,1166.8324179179967,,,16,2026-09-05T02:38:33+00:00,0.2.0,mnist-512-256
syclnn,40,auto,True,Clang 22.1.0 /opt/sycl/bin/clang++,NVIDIA GeForce GTX 1080 Ti,gpu,CUDA 13.0,float,,,,,,,,,,,,,,5,0.022637210423904392,0.027975802768861795,e2e85a4844c129ce900851a7a2cbbd912a6b3532,v0.2.0-7-g01733d3-dirty,,81.81,3.0,13a136cfe1e9,8b9832d1120c,1.2191103789126854,3.711079480126487e-05,17-4-1,True,0.001621401193551719,train,124,"{""bias_gemv"": false, ""derivative_from_output"": false, ""direct_input"": false, ""fine_deps"": false, ""host_adam_correction"": false, ""join_kernels"": true, ""loss_reduction"": false, ""memory"": ""shared"", ""persistent_workspace"": false, ""pinned_host"": false, ""specialized_kernels"": false}",,,,,,,,,,,,,,,,,,,,,76477.06224292025,1,0.0015140169999999999,81901.32607493839,2467.002007836137,,,16,2026-09-05T02:38:33+00:00,0.2.0,monk
syclnn,40,auto,True,Clang 22.1.0 /opt/sycl/bin/clang++,NVIDIA GeForce GTX 1080 Ti,gpu,CUDA 13.0,float,,,,,,,,,,,,,,5,2.591592548466869,2.8259247066426534,e2e85a4844c129ce900851a7a2cbbd912a6b3532,v0.2.0-7-g01733d3-dirty,,83.14,4.0,13a136cfe1e9,503d16013a07,6.563354603463993,5.2457000128925194e-05,12-64-64-3,True,0.011112858005799354,train,1000,"{""bias_gemv"": false, ""derivative_from_output"": false, ""direct_input"": false, ""fine_deps"": false, ""host_adam_correction"": false, ""join_kernels"": true, ""loss_reduction"": false, ""memory"": ""shared"", ""persistent_workspace"": false, ""pinned_host"": false, ""specialized_kernels"": false}",,,,,,,,,,,,,,,,,,,,,89985.85237732186,1,0.0109343465,91454.93971679057,2249.6463094330466,,,16,2026-09-05T02:38:34+00:00,0.2.0,cup
syclnn,256,auto,True,Clang 22.1.0 /opt/sycl/bin/clang++,NVIDIA GeForce GTX 1080 Ti,gpu,CUDA 13.0,float,,,,,,,,,,,,,,3,889.754984156129,901.3627988236385,e2e85a4844c129ce900851a7a2cbbd912a6b3532,v0.2.0-7-g01733d3-dirty,150.9344443362957,122.4542857142857,40.142857142857146,13a136cfe1e9,9cac914b2bba,57.89303578299346,0.0006263774897282692,784-512-256-10,True,0.16234293999150395,train,60000,"{""bias_gemv"": false, ""derivative_from_output"": false, ""direct_input"": false, ""fine_deps"": false, ""host_adam_correction"": false, ""join_kernels"": true, ""loss_reduction"": false, ""memory"": ""shared"", ""persistent_workspace"": false, ""pinned_host"": false, ""specialized_kernels"": false}",,,,,,,,,,,,,,,,,,,,,369587.98456612916,1,0.1008290725,595066.4675607325,1447.5529395506726,,,16,2026-09-05T02:38:37+00:00,0.2.0,mnist-512-256
syclnn,40,auto,True,Clang 22.1.0 /opt/sycl/bin/clang++,NVIDIA GeForce GTX 1080 Ti,gpu,CUDA 13.0,float,,,,,,,,,,,,,,5,0.011134213060225356,0.01376002355088879,e2e85a4844c129ce900851a7a2cbbd912a6b3532,v0.2.0-7-g01733d3-dirty,,81.26,2.0,13a136cfe1e9,39940386dffd,1.2191103789126854,0.000652147503569722,17-4-1,True,0.0032965059857815505,train,124,"{""blas_queue"": ""dedicated""}",,,,,,,,,,,,,,,,,,,,,37615.5846629235,1,0.0027122064999999997,45719.23266167234,1213.4059568685,,,16,2026-09-05T02:38:37+00:00,0.2.0,monk
syclnn,40,auto,True,Clang 22.1.0 /opt/sycl/bin/clang++,NVIDIA GeForce GTX 1080 Ti,gpu,CUDA 13.0,float,,,,,,,,,,,,,,5,1.204196292764466,1.3130798888057145,e2e85a4844c129ce900851a7a2cbbd912a6b3532,v0.2.0-7-g01733d3-dirty,16.90486156921601,83.63,6.5,13a136cfe1e9,5745694087f1,6.563354603463993,0.0013423269148915978,12-64-64-3,True,0.02391636660322547,train,1000,"{""blas_queue"": ""dedicated""}",,,,,,,,,,,,,,,,,,,,,41812.37127654396,1,0.023031843,43418.14938561365,1045.309281913599,,,16,2026-09-05T02:38:38+00:00,0.2.0,cup
syclnn,256,auto,True,Clang 22.1.0 /opt/sycl/bin/clang++,NVIDIA GeForce GTX 1080 Ti,gpu,CUDA 13.0,float,,,,,,,,,,,,,,3,443.19407757344203,448.9760229469648,e2e85a4844c129ce900851a7a2cbbd912a6b3532,v0.2.0-7-g01733d3-dirty,266.8407490298,100.62285714285714,21.642857142857142,13a136cfe1e9,89d66da46e61,57.89303578299346,0.00884066498838365,784-512-256-10,True,0.32591915666125715,train,60000,"{""blas_queue"": ""dedicated""}",,,,,,,,,,,,,,,,,,,,,184094.73261604187,1,0.2159462375,277846.9340082853,721.0377027461641,,,16,2026-09-05T02:38:42+00:00,0.2.0,mnist-512-256
syclnn,40,auto,True,AdaptiveCpp 25.10.0 /opt/acpp/bin/acpp / host Clang 18.1.3 /opt/acpp/bin/acpp,NVIDIA GeForce GTX 1080 Ti,gpu,13000,float,,,,,,,,,,,,,,5,0.016880513802074826,0.020861489376147402,5b95f9bca354d8c08b418ccbc024327a559ca083,v0.2.0-9-gda3d659,,84.01,4.0,11475479e7c4,e331ec1d84c1,1.2191103789126854,0.00018807498272508348,17-4-1,True,0.002174341399222612,train,124,{},,,,,,,,,,,,,,,,,,,,,57028.76284484739,1,0.0020374355,60860.82234259686,1839.6375111241096,,,16,2026-09-05T13:15:53+00:00,0.2.0,monk
syclnn,40,auto,True,AdaptiveCpp 25.10.0 /opt/acpp/bin/acpp / host Clang 18.1.3 /opt/acpp/bin/acpp,NVIDIA GeForce GTX 1080 Ti,gpu,13000,double,,,,,,,,,,,,,,5,0.01566490769787968,0.019359203715557494,5b95f9bca354d8c08b418ccbc024327a559ca083,v0.2.0-9-gda3d659,,83.9,5.0,11475479e7c4,9be05c25cb68,0.6095551894563427,6.207518745213712e-05,17-4-1,True,0.0023430715780705215,train,124,{},,,,,,,,,,,,,,,,,,,,,52921.985465809725,1,0.0021705285000000003,57128.94348081584,1707.1608214777332,,,16,2026-09-05T13:15:54+00:00,0.2.0,monk
syclnn,40,auto,True,AdaptiveCpp 25.10.0 /opt/acpp/bin/acpp / host Clang 18.1.3 /opt/acpp/bin/acpp,NVIDIA GeForce GTX 1080 Ti,gpu,13000,float,,,,,,,,,,,,,,5,1.5461912899514934,1.6859981211376975,5b95f9bca354d8c08b418ccbc024327a559ca083,v0.2.0-9-gda3d659,37.663861154469195,94.82,13.333333333333334,11475479e7c4,d052779fccac,6.563354603463993,0.0017796223983168602,12-64-64-3,True,0.01862641458865255,train,1000,{},,,,,,,,,,,,,,,,,,,,,53687.19756776018,1,0.0184572365,54179.29168323762,1342.1799391940044,,,16,2026-09-05T13:15:55+00:00,0.2.0,cup
syclnn,40,auto,True,AdaptiveCpp 25.10.0 /opt/acpp/bin/acpp / host Clang 18.1.3 /opt/acpp/bin/acpp,NVIDIA GeForce GTX 1080 Ti,gpu,13000,double,,,,,,,,,,,,,,5,1.4194381469844832,1.5477839413790073,5b95f9bca354d8c08b418ccbc024327a559ca083,v0.2.0-9-gda3d659,49.73419035366096,115.52,22.333333333333332,11475479e7c4,bd2bd04b7ce3,3.2816773017319965,0.0015077925985679044,12-64-64-3,True,0.020289718196727334,train,1000,{},,,,,,,,,,,,,,,,,,,,,49286.04677029456,1,0.0192726335,51887.044912673715,1232.151169257364,,,16,2026-09-05T13:15:55+00:00,0.2.0,cup
syclnn,64,auto,True,AdaptiveCpp 25.10.0 /opt/acpp/bin/acpp / host Clang 18.1.3 /opt/acpp/bin/acpp,NVIDIA GeForce GTX 1080 Ti,gpu,13000,float,,,,,,,,,,,,,,3,164.14170049125855,171.41962598982764,5b95f9bca354d8c08b418ccbc024327a559ca083,v0.2.0-9-gda3d659,526.3969749765441,68.35333333333334,28.076923076923077,11475479e7c4,c5ef70bf59dd,24.563545832993224,0.013969404312471623,784-512-256-10,True,0.8800045300352698,train,60000,{},,,,,,,,,,,,,,,,,,,,,68181.46719948732,1,0.7681812914999999,78106.56242726266,1065.9036038853185,,,16,2026-09-05T13:16:06+00:00,0.2.0,mnist-512-256
syclnn,1024,auto,True,AdaptiveCpp 25.10.0 /opt/acpp/bin/acpp / host Clang 18.1.3 /opt/acpp/bin/acpp,NVIDIA GeForce GTX 1080 Ti,gpu,13000,float,,,,,,,,,,,,,,3,795.8962204368136,800.0441533411521,5b95f9bca354d8c08b418ccbc024327a559ca083,v0.2.0-9-gda3d659,144.29716215811263,100.17375,24.875,11475479e7c4,da5fb4ff96f9,87.61278113399811,0.011878324847202748,784-512-256-10,True,0.18148778231504062,train,60000,{},,,,,,,,,,,,,,,,,,,,,330600.7668100067,1,0.06897112,869929.3269414793,325.0907540298399,,,16,2026-09-05T13:16:14+00:00,0.2.0,mnist-512-256
syclnn,64,auto,True,AdaptiveCpp 25.10.0 /opt/acpp/bin/acpp / host Clang 18.1.3 /opt/acpp/bin/acpp,NVIDIA GeForce GTX 1080 Ti,gpu,13000,double,,,,,,,,,,,,,,3,72.55362748152189,75.77060338637168,5b95f9bca354d8c08b418ccbc024327a559ca083,v0.2.0-9-gda3d659,1902.5070314863472,107.29363636363637,57.5,11475479e7c4,dc01fb0da11c,12.281772916496612,0.038234038996355135,784-512-256-10,True,1.990878265001811,train,60000,{},,,,,,,,,,,,,,,,,,,,,30137.452929571973,1,1.748199465,34321.0264053021,471.14884746564184,,,16,2026-09-05T13:16:36+00:00,0.2.0,mnist-512-256
syclnn,1024,auto,True,AdaptiveCpp 25.10.0 /opt/acpp/bin/acpp / host Clang 18.1.3 /opt/acpp/bin/acpp,NVIDIA GeForce GTX 1080 Ti,gpu,13000,double,,,,,,,,,,,,,,3,188.9250464763262,189.90965778193433,5b95f9bca354d8c08b418ccbc024327a559ca083,v0.2.0-9-gda3d659,858.0339131215271,130.96727272727273,70.81818181818181,11475479e7c4,c33b9ce60707,43.806390566999056,0.003010159843446103,784-512-256-10,True,0.7645647980195159,train,60000,{},,,,,,,,,,,,,,,,,,,,,78476.0168862345,1,0.551043517,108884.32246994387,77.16808327146393,,,16,2026-09-05T13:16:57+00:00,0.2.0,mnist-512-256
syclnn,64,auto,True,AdaptiveCpp 25.10.0 /opt/acpp/bin/acpp / host Clang 18.1.3 /opt/acpp/bin/acpp,NVIDIA GeForce GTX 1080 Ti,gpu,13000,float,,,,,,,,,,,,,,3,564.762589521854,586.3802960141446,5b95f9bca354d8c08b418ccbc024327a559ca083,v0.2.0-9-gda3d659,1040.3883582170874,118.83295454545454,36.56818181818182,11475479e7c4,1b0722086870,27.300586878582358,0.022886106492175373,784-1024-1024-10,True,1.0160899653177087,train,60000,{},,,,,,,,,,,,,,,,,,,,,59049.88932868689,1,0.895338322,67013.77404015552,923.146603171805,,,16,2026-09-05T13:17:09+00:00,0.2.0,mnist
syclnn,256,auto,True,AdaptiveCpp 25.10.0 /opt/acpp/bin/acpp / host Clang 18.1.3 /opt/acpp/bin/acpp,NVIDIA GeForce GTX 1080 Ti,gpu,13000,float,,,,,,,,,,,,,,3,1407.3621174428351,1422.6741244586588,5b95f9bca354d8c08b418ccbc024327a559ca083,v0.2.0-9-gda3d659,457.4453884652129,139.42529411764707,35.05882352941177,11475479e7c4,7875395d0c37,75.80495846807432,0.011746110491609785,784-1024-1024-10,True,0.40774836333002895,train,60000,{},,,,,,,,,,,,,,,,,,,,,147149.5789952108,1,0.286038345,209762.08626853855,576.3358510645755,,,16,2026-09-05T13:17:14+00:00,0.2.0,mnist
syclnn,1024,auto,True,AdaptiveCpp 25.10.0 /opt/acpp/bin/acpp / host Clang 18.1.3 /opt/acpp/bin/acpp,NVIDIA GeForce GTX 1080 Ti,gpu,13000,float,,,,,,,,,,,,,,3,2530.1767306141487,2540.350056607394,5b95f9bca354d8c08b418ccbc024327a559ca083,v0.2.0-9-gda3d659,310.99964526912953,163.618,40.1,11475479e7c4,0711c313e4ba,136.3814738763404,0.005095229018479586,784-1024-1024-10,True,0.2268021806764106,train,60000,{},,,,,,,,,,,,,,,,,,,,,264547.7209304475,1,0.117115049,512316.73907253373,260.13859224827337,,,16,2026-09-05T13:17:18+00:00,0.2.0,mnist
syclnn,64,auto,True,AdaptiveCpp 25.10.0 /opt/acpp/bin/acpp / host Clang 18.1.3 /opt/acpp/bin/acpp,NVIDIA GeForce GTX 1080 Ti,gpu,13000,double,,,,,,,,,,,,,,3,140.19599805829415,145.56235198053935,5b95f9bca354d8c08b418ccbc024327a559ca083,v0.2.0-9-gda3d659,4569.976929479882,124.80143646408841,80.07182320441989,11475479e7c4,a36f0f847eef,13.650293439291179,0.017048270150553435,784-1024-1024-10,True,4.093195297638886,train,60000,{},,,,,,,,,,,,,,,,,,,,,14658.474770214441,1,3.8879182,15432.423449649737,229.1608222410191,,,16,2026-09-05T13:18:02+00:00,0.2.0,mnist
syclnn,256,auto,True,AdaptiveCpp 25.10.0 /opt/acpp/bin/acpp / host Clang 18.1.3 /opt/acpp/bin/acpp,NVIDIA GeForce GTX 1080 Ti,gpu,13000,double,,,,,,,,,,,,,,3,229.91238699814372,232.41381860491234,5b95f9bca354d8c08b418ccbc024327a559ca083,v0.2.0-9-gda3d659,3117.12292691173,140.505,86.87272727272727,11475479e7c4,353d3bdcf3c5,37.90247923403716,0.015779435983859003,784-1024-1024-10,True,2.4959490329880887,train,60000,{},,,,,,,,,,,,,,,,,,,,,24038.95240127138,1,2.2606160145,26541.438092603585,94.15256357164625,,,16,2026-09-05T13:18:29+00:00,0.2.0,mnist
syclnn,1024,auto,True,AdaptiveCpp 25.10.0 /opt/acpp/bin/acpp / host Clang 18.1.3 /opt/acpp/bin/acpp,NVIDIA GeForce GTX 1080 Ti,gpu,13000,double,,,,,,,,,,,,,,3,253.80613753658335,254.82664039118802,5b95f9bca354d8c08b418ccbc024327a559ca083,v0.2.0-9-gda3d659,2890.807984018246,144.86131313131312,89.84848484848484,11475479e7c4,568972c7b4fe,68.1907369381702,0.019500505683633484,784-1024-1024-10,True,2.260976056645935,train,60000,{},,,,,,,,,,,,,,,,,,,,,26537.211583305103,1,2.0223070654999997,29669.084890016675,26.09492472358335,,,16,2026-09-05T13:18:54+00:00,0.2.0,mnist
syclnn,1,auto,True,AdaptiveCpp 25.10.0 /opt/acpp/bin/acpp / host Clang 18.1.3 /opt/acpp/bin/acpp,NVIDIA GeForce GTX 1080 Ti,gpu,13000,float,,,,,,,,,,,,,,3,0.0007315331616223081,0.0008331349896254065,5b95f9bca354d8c08b418ccbc024327a559ca083,v0.2.0-9-gda3d659,,90.94,11.0,11475479e7c4,385579bf079f,0.3673469387755102,0.0011284728340494113,17-4-1,True,0.024409009648176532,infer,124,{},,,,,,,,,,,,,,,,,,,,,5080.091400154917,1,,,5080.091400154917,,,16,2026-09-05T13:18:54+00:00,0.2.0,monk
syclnn,124,auto,True,AdaptiveCpp 25.10.0 /opt/acpp/bin/acpp / host Clang 18.1.3 /opt/acpp/bin/acpp,NVIDIA GeForce GTX 1080 Ti,gpu,13000,float,,,,,,,,,,,,,,3,0.06625103214148816,0.07545256438336151,5b95f9bca354d8c08b418ccbc024327a559ca083,v0.2.0-9-gda3d659,,,,11475479e7c4,b28920126fe4,1.354368932038835,1.1566812948634263e-05,17-4-1,True,0.00026952032931149006,infer,124,{},,,,,,,,,,,,,,,,,,,,,460076.61209366773,1,,,3710.295258819901,,,16,2026-09-05T13:18:55+00:00,0.2.0,monk
syclnn,1,auto,True,AdaptiveCpp 25.10.0 /opt/acpp/bin/acpp / host Clang 18.1.3 /opt/acpp/bin/acpp,NVIDIA GeForce GTX 1080 Ti,gpu,13000,double,,,,,,,,,,,,,,3,0.0007613899028419436,0.0008671385004588801,5b95f9bca354d8c08b418ccbc024327a559ca083,v0.2.0-9-gda3d659,,87.37,7.0,11475479e7c4,99bb26f12fed,0.1836734693877551,0.0009305124985985458,17-4-1,True,0.02345184764514367,infer,124,{},,,,,,,,,,,,,,,,,,,,,5287.42988084683,1,,,5287.42988084683,,,16,2026-09-05T13:18:55+00:00,0.2.0,monk
syclnn,124,auto,True,AdaptiveCpp 25.10.0 /opt/acpp/bin/acpp / host Clang 18.1.3 /opt/acpp/bin/acpp,NVIDIA GeForce GTX 1080 Ti,gpu,13000,double,,,,,,,,,,,,,,3,0.056403873011841806,0.0642377442634865,5b95f9bca354d8c08b418ccbc024327a559ca083,v0.2.0-9-gda3d659,,,,11475479e7c4,f0635b3a931a,0.6771844660194175,6.429400915900863e-05,17-4-1,True,0.0003165740054100752,infer,124,{},,,,,,,,,,,,,,,,,,,,,391693.56258223474,1,,,3158.819053082538,,,16,2026-09-05T13:18:55+00:00,0.2.0,monk
syclnn,1,auto,True,AdaptiveCpp 25.10.0 /opt/acpp/bin/acpp / host Clang 18.1.3 /opt/acpp/bin/acpp,NVIDIA GeForce GTX 1080 Ti,gpu,13000,float,,,,,,,,,,,,,,3,0.03903756264422301,0.041060474316055764,5b95f9bca354d8c08b418ccbc024327a559ca083,v0.2.0-9-gda3d659,328.5567087567475,70.63458333333334,13.125,11475479e7c4,93d333608b01,0.4745635442087479,0.0060246255015954375,12-64-64-3,True,0.5304986940075954,infer,2048,{},,,,,,,,,,,,,,,,,,,,,3860.5184576961046,1,,,3860.5184576961046,,,16,2026-09-05T13:19:01+00:00,0.2.0,cup
syclnn,1000,auto,True,AdaptiveCpp 25.10.0 /opt/acpp/bin/acpp / host Clang 18.1.3 /opt/acpp/bin/acpp,NVIDIA GeForce GTX 1080 Ti,gpu,13000,float,,,,,,,,,,,,,,3,23.14767284614031,24.347176462771788,5b95f9bca354d8c08b418ccbc024327a559ca083,v0.2.0-9-gda3d659,,,,11475479e7c4,a73b6d82cfbc,9.157562233749674,5.971880940099561e-05,12-64-64-3,True,0.0004368473698074619,infer,1000,{},,,,,,,,,,,,,,,,,,,,,2289129.039373053,1,,,2289.129039373053,,,16,2026-09-05T13:19:01+00:00,0.2.0,cup
syclnn,1,auto,True,AdaptiveCpp 25.10.0 /opt/acpp/bin/acpp / host Clang 18.1.3 /opt/acpp/bin/acpp,NVIDIA GeForce GTX 1080 Ti,gpu,13000,double,,,,,,,,,,,,,,3,0.038906778634913375,0.04092291312904853,5b95f9bca354d8c08b418ccbc024327a559ca083,v0.2.0-9-gda3d659,299.3584843288635,64.085,16.666666666666668,11475479e7c4,27bcea302113,0.23728177210437396,0.017179048814189857,12-64-64-3,True,0.5322819499997422,infer,2048,{},,,,,,,,,,,,,,,,,,,,,3847.584912471655,1,,,3847.584912471655,,,16,2026-09-05T13:19:06+00:00,0.2.0,cup
syclnn,1000,auto,True,AdaptiveCpp 25.10.0 /opt/acpp/bin/acpp / host Clang 18.1.3 /opt/acpp/bin/acpp,NVIDIA GeForce GTX 1080 Ti,gpu,13000,double,,,,,,,,,,,,,,3,25.14205305688449,26.444904698677153,5b95f9bca354d8c08b418ccbc024327a559ca083,v0.2.0-9-gda3d659,,,,11475479e7c4,aa7795819f08,4.578781116874837,1.4025155299653646e-05,12-64-64-3,True,0.0004021946806460619,infer,1000,{},,,,,,,,,,,,,,,,,,,,,2486358.095024178,1,,,2486.3580950241776,,,16,2026-09-05T13:19:06+00:00,0.2.0,cup
syclnn,1,auto,True,AdaptiveCpp 25.10.0 /opt/acpp/bin/acpp / host Clang 18.1.3 /opt/acpp/bin/acpp,NVIDIA GeForce GTX 1080 Ti,gpu,13000,float,,,,,,,,,,,,,,3,3.7165435585007547,3.72735198736033,5b95f9bca354d8c08b418ccbc024327a559ca083,v0.2.0-9-gda3d659,334.4250374998555,65.9226923076923,18.346153846153847,11475479e7c4,3cc36cb6e6f7,0.49783203379422,0.013499593168186719,784-512-256-10,True,0.589667201663057,infer,2048,{},,,,,,,,,,,,,,,,,,,,,3473.1455204290846,1,,,3473.1455204290846,,,16,2026-09-05T13:19:13+00:00,0.2.0,mnist-512-256
syclnn,4096,auto,True,AdaptiveCpp 25.10.0 /opt/acpp/bin/acpp / host Clang 18.1.3 /opt/acpp/bin/acpp,NVIDIA GeForce GTX 1080 Ti,gpu,13000,float,,,,,,,,,,,,,,3,195.0548859594145,195.6221433655016,5b95f9bca354d8c08b418ccbc024327a559ca083,v0.2.0-9-gda3d659,182.16423935317843,69.30357142857143,16.714285714285715,11475479e7c4,936e52280037,108.72034544069088,0.001762662335143772,784-512-256-10,True,0.3291627363457034,infer,60000,{},,,,,,,,,,,,,,,,,,,,,182280.65748300546,1,,,45.570164370751364,,,16,2026-09-05T13:19:17+00:00,0.2.0,mnist-512-256
syclnn,1,auto,True,AdaptiveCpp 25.10.0 /opt/acpp/bin/acpp / host Clang 18.1.3 /opt/acpp/bin/acpp,NVIDIA GeForce GTX 1080 Ti,gpu,13000,double,,,,,,,,,,,,,,3,3.8436182491313926,3.854796235815843,5b95f9bca354d8c08b418ccbc024327a559ca083,v0.2.0-9-gda3d659,344.02242472277317,67.43038461538461,21.5,11475479e7c4,984dccf904be,0.24891601689711,0.0009895851641583686,784-512-256-10,True,0.570172087328198,infer,2048,{},,,,,,,,,,,,,,,,,,,,,3591.898034849163,1,,,3591.898034849163,,,16,2026-09-05T13:19:24+00:00,0.2.0,mnist-512-256
syclnn,4096,auto,True,AdaptiveCpp 25.10.0 /opt/acpp/bin/acpp / host Clang 18.1.3 /opt/acpp/bin/acpp,NVIDIA GeForce GTX 1080 Ti,gpu,13000,double,,,,,,,,,,,,,,3,77.88439763540238,78.11090055615726,5b95f9bca354d8c08b418ccbc024327a559ca083,v0.2.0-9-gda3d659,750.7579399559697,101.55722222222222,29.97222222222222,11475479e7c4,3dd4408312db,54.36017272034544,0.006383214999611253,784-512-256-10,True,0.8243602306659644,infer,60000,{},,,,,,,,,,,,,,,,,,,,,72783.71489552406,1,,,18.195928723881014,,,16,2026-09-05T13:19:34+00:00,0.2.0,mnist-512-256
syclnn,1,auto,True,AdaptiveCpp 25.10.0 /opt/acpp/bin/acpp / host Clang 18.1.3 /opt/acpp/bin/acpp,NVIDIA GeForce GTX 1080 Ti,gpu,13000,float,,,,,,,,,,,,,,3,12.166900851204105,12.193801422264098,5b95f9bca354d8c08b418ccbc024327a559ca083,v0.2.0-9-gda3d659,511.1087943863986,93.33285714285715,24.607142857142858,11475479e7c4,8a8d2d73140b,0.49869007705240015,0.0014078134942488996,784-1024-1024-10,True,0.6267203756530458,infer,2048,{},,,,,,,,,,,,,,,,,,,,,3267.8050364422465,1,,,3267.8050364422465,,,16,2026-09-05T13:19:42+00:00,0.2.0,mnist
syclnn,4096,auto,True,AdaptiveCpp 25.10.0 /opt/acpp/bin/acpp / host Clang 18.1.3 /opt/acpp/bin/acpp,NVIDIA GeForce GTX 1080 Ti,gpu,13000,float,,,,,,,,,,,,,,3,632.3900952178896,633.788286499473,5b95f9bca354d8c08b418ccbc024327a559ca083,v0.2.0-9-gda3d659,266.950689271437,93.32933333333334,21.0,11475479e7c4,94a040979687,174.16334549536907,0.005055146854526016,784-1024-1024-10,True,0.3532563866659378,infer,60000,{},,,,,,,,,,,,,,,,,,,,,169848.3092302586,1,,,42.46207730756465,,,16,2026-09-05T13:19:46+00:00,0.2.0,mnist
syclnn,1,auto,True,AdaptiveCpp 25.10.0 /opt/acpp/bin/acpp / host Clang 18.1.3 /opt/acpp/bin/acpp,NVIDIA GeForce GTX 1080 Ti,gpu,13000,double,,,,,,,,,,,,,,3,11.113179154038182,11.137749985114366,5b95f9bca354d8c08b418ccbc024327a559ca083,v0.2.0-9-gda3d659,495.3355443435522,81.28645161290324,28.612903225806452,11475479e7c4,70b21b4c0edd,0.24934503852620007,0.0029891656789308163,784-1024-1024-10,True,0.6861443126496548,infer,2048,{},,,,,,,,,,,,,,,,,,,,,2984.7948343276707,1,,,2984.7948343276707,,,16,2026-09-05T13:19:55+00:00,0.2.0,mnist
syclnn,4096,auto,True,AdaptiveCpp 25.10.0 /opt/acpp/bin/acpp / host Clang 18.1.3 /opt/acpp/bin/acpp,NVIDIA GeForce GTX 1080 Ti,gpu,13000,double,,,,,,,,,,,,,,3,169.29328442353096,169.66758565959012,5b95f9bca354d8c08b418ccbc024327a559ca083,v0.2.0-9-gda3d659,1470.519102435661,123.74741379310345,52.01724137931034,11475479e7c4,e4f9e4a200ae,87.08167274768454,0.007118398498278111,784-1024-1024-10,True,1.3195788643400495,infer,60000,{},,,,,,,,,,,,,,,,,,,,,45469.05199940992,1,,,11.36726299985248,,,16,2026-09-05T13:20:09+00:00,0.2.0,mnist
syclnn,40,tiled,True,AdaptiveCpp 25.10.0 /opt/acpp/bin/acpp / host Clang 18.1.3 /opt/acpp/bin/acpp,NVIDIA GeForce GTX 1080 Ti,gpu,13000,float,,,,,,,,,,,,,,5,0.025043794516893914,0.030949937861985286,5b95f9bca354d8c08b418ccbc024327a559ca083,v0.2.0-9-gda3d659,,84.91,7.0,11475479e7c4,e5e1f10ffc49,1.2191103789126854,0.00014177199918776742,17-4-1,True,0.001465592603199184,train,124,"{""blas"": ""tiled""}",,,,,,,,,,,,,,,,,,,,,84607.41390842538,1,0.0013744565000000002,90217.4786906679,2729.271416400819,,,16,2026-09-05T13:20:15+00:00,0.2.0,monk
syclnn,40,tiled,True,AdaptiveCpp 25.10.0 /opt/acpp/bin/acpp / host Clang 18.1.3 /opt/acpp/bin/acpp,NVIDIA GeForce GTX 1080 Ti,gpu,13000,double,,,,,,,,,,,,,,5,0.020631527838550597,0.02549711483098995,5b95f9bca354d8c08b418ccbc024327a559ca083,v0.2.0-9-gda3d659,,82.7,2.0,11475479e7c4,fda32d8c9f67,0.6095551894563427,0.000888591003604233,17-4-1,True,0.0017790248151868583,train,124,"{""blas"": ""tiled""}",,,,,,,,,,,,,,,,,,,,,69701.10756267094,1,0.001702112,72850.67022616608,2248.4228246022885,,,16,2026-09-05T13:20:16+00:00,0.2.0,monk
syclnn,40,tiled,True,AdaptiveCpp 25.10.0 /opt/acpp/bin/acpp / host Clang 18.1.3 /opt/acpp/bin/acpp,NVIDIA GeForce GTX 1080 Ti,gpu,13000,float,,,,,,,,,,,,,,5,2.213374567699896,2.4135082035244553,5b95f9bca354d8c08b418ccbc024327a559ca083,v0.2.0-9-gda3d659,17.653880775588917,84.775,12.5,11475479e7c4,fbc0fd92d4d5,6.563354603463993,0.0001236150274053216,12-64-64-3,True,0.01301180578302592,train,1000,"{""blas"": ""tiled""}",,,,,,,,,,,,,,,,,,,,,76853.28360069083,1,0.012726217500000001,78577.94352485331,1921.3320900172707,,,16,2026-09-05T13:20:17+00:00,0.2.0,cup
syclnn,40,tiled,True,AdaptiveCpp 25.10.0 /opt/acpp/bin/acpp / host Clang 18.1.3 /opt/acpp/bin/acpp,NVIDIA GeForce GTX 1080 Ti,gpu,13000,double,,,,,,,,,,,,,,5,2.1757273004645468,2.3724568651568982,5b95f9bca354d8c08b418ccbc024327a559ca083,v0.2.0-9-gda3d659,17.110506924163783,84.615,11.0,11475479e7c4,1f14ad4d5a43,3.2816773017319965,0.0005272644106298682,12-64-64-3,True,0.013236952992156149,train,1000,"{""blas"": ""tiled""}",,,,,,,,,,,,,,,,,,,,,75546.08682168565,1,0.0125269145,79828.11729097377,1888.6521705421412,,,16,2026-09-05T13:20:18+00:00,0.2.0,cup
syclnn,256,tiled,True,AdaptiveCpp 25.10.0 /opt/acpp/bin/acpp / host Clang 18.1.3 /opt/acpp/bin/acpp,NVIDIA GeForce GTX 1080 Ti,gpu,13000,float,,,,,,,,,,,,,,5,552.7433291308905,559.9544627997161,5b95f9bca354d8c08b418ccbc024327a559ca083,v0.2.0-9-gda3d659,1092.6533648896136,171.80625,73.3125,11475479e7c4,1600bef707f1,57.89303578299346,0.004090969986282278,784-512-256-10,True,0.2613246191991493,train,60000,"{""blas"": ""tiled""}",,,,,,,,,,,,,,,,,,,,,229599.4927070971,1,0.192443903,311779.1681870015,899.2646797694636,,,16,2026-09-05T13:20:26+00:00,0.2.0,mnist-512-256
syclnn,256,auto,True,AdaptiveCpp 25.10.0 /opt/acpp/bin/acpp / host Clang 18.1.3 /opt/acpp/bin/acpp,NVIDIA GeForce GTX 1080 Ti,gpu,13000,float,,,,,,,,,,,,,,3,399.34936634695504,404.5593101120235,73530104c6c665050f855a5aacd8863ad56fdfad,v0.2.0-9-gda3d659,423.11990551359196,136.865625,35.9375,66d44e608458,0b6d7aacdd77,57.89303578299346,0.008695963013451546,784-512-256-10,True,0.3617019386341174,train,60000,{},,,,,,,,,,,,,,,,,,,,,165882.43963130508,1,0.240084231,249912.29015786547,649.7062218892783,,,16,2026-09-05T14:00:11+00:00,0.2.0,mnist-512-256
syclnn,256,tiled,True,AdaptiveCpp 25.10.0 /opt/acpp/bin/acpp / host Clang 18.1.3 /opt/acpp/bin/acpp,NVIDIA GeForce GTX 1080 Ti,gpu,13000,double,,,,,,,,,,,,,,5,163.9371985780225,166.07593637897924,5b95f9bca354d8c08b418ccbc024327a559ca083,v0.2.0-9-gda3d659,3332.8869415104614,152.9275925925926,85.27777777777777,11475479e7c4,6ff2c0dcb220,28.94651789149673,0.010240148403681815,784-512-256-10,True,0.8811022833921015,train,60000,"{""blas"": ""tiled""}",,,,,,,,,,,,,,,,,,,,,68096.52083638881,1,0.7461981155,80407.60054693544,266.7113732758562,,,16,2026-09-05T13:21:00+00:00,0.2.0,mnist-512-256
syclnn,256,auto,True,AdaptiveCpp 25.10.0 /opt/acpp/bin/acpp / host Clang 18.1.3 /opt/acpp/bin/acpp,NVIDIA GeForce GTX 1080 Ti,gpu,13000,double,,,,,,,,,,,,,,5,163.8322876124877,165.9696567365995,5b95f9bca354d8c08b418ccbc024327a559ca083,v0.2.0-9-gda3d659,2820.2942252926214,127.7445871559633,68.19266055045871,11475479e7c4,841d342d9fb2,28.94651789149673,0.004557724995538637,784-512-256-10,True,0.8816665024030954,train,60000,{},,,,,,,,,,,,,,,,,,,,,68052.9427356742,1,0.7370034750000001,81410.7423306247,266.54069238139056,,,16,2026-09-05T13:21:25+00:00,0.2.0,mnist-512-256
syclnn,256,tiled,True,AdaptiveCpp 25.10.0 /opt/acpp/bin/acpp / host Clang 18.1.3 /opt/acpp/bin/acpp,NVIDIA GeForce GTX 1080 Ti,gpu,13000,float,,,,,,,,,,,,,,2,315.44612349637356,319.9311213736083,5b95f9bca354d8c08b418ccbc024327a559ca083,v0.2.0-9-gda3d659,211.42816186975455,129.07444444444445,56.44444444444444,11475479e7c4,8dbed10e9c90,39.36769759450172,0.015358149248640984,256-256-256-256-256-16,True,0.30464756448054686,train,65536,"{""blas"": ""tiled""}",,,,,,,,,,,,,,,,,,,,,215120.70878277044,1,0.237184628,276307.9570232519,840.315268682697,,,16,2026-09-05T13:21:29+00:00,0.2.0,sweep-w256-d4-b256
syclnn,256,auto,True,AdaptiveCpp 25.10.0 /opt/acpp/bin/acpp / host Clang 18.1.3 /opt/acpp/bin/acpp,NVIDIA GeForce GTX 1080 Ti,gpu,13000,float,,,,,,,,,,,,,,2,225.88255348835173,229.09414081638965,5b95f9bca354d8c08b418ccbc024327a559ca083,v0.2.0-9-gda3d659,195.68917091336274,80.43923076923078,19.923076923076923,11475479e7c4,ba5e6e5aef10,39.36769759450172,0.01959958949009888,256-256-256-256-256-16,True,0.42544185800943524,train,65536,{},,,,,,,,,,,,,,,,,,,,,154042.2005174361,1,0.374976078,174773.8158379266,601.7273457712348,,,16,2026-09-05T13:21:33+00:00,0.2.0,sweep-w256-d4-b256
syclnn,256,tiled,True,AdaptiveCpp 25.10.0 /opt/acpp/bin/acpp / host Clang 18.1.3 /opt/acpp/bin/acpp,NVIDIA GeForce GTX 1080 Ti,gpu,13000,float,,,,,,,,,,,,,,2,912.9826099341807,921.8109366209194,5b95f9bca354d8c08b418ccbc024327a559ca083,v0.2.0-9-gda3d659,1973.9584684660754,229.58511627906975,94.62790697674419,11475479e7c4,3831f09d0dea,79.17792963806632,0.014037226501386613,256-1024-1024-1024-1024-16,True,1.4371714144945145,train,65536,"{""blas"": ""tiled""}",,,,,,,,,,,,,,,,,,,,,45600.684329677184,1,1.362274477,48107.77938402204,178.1276731628015,,,16,2026-09-05T13:21:45+00:00,0.2.0,sweep-w1024-d4-b256
syclnn,256,auto,True,AdaptiveCpp 25.10.0 /opt/acpp/bin/acpp / host Clang 18.1.3 /opt/acpp/bin/acpp,NVIDIA GeForce GTX 1080 Ti,gpu,13000,float,,,,,,,,,,,,,,2,2084.982577330817,2105.1438675115382,5b95f9bca354d8c08b418ccbc024327a559ca083,v0.2.0-9-gda3d659,574.6248653252121,155.72526315789474,49.1578947368421,11475479e7c4,2957db29f18d,79.17792963806632,0.001147173490608111,256-1024-1024-1024-1024-16,True,0.6293158145272173,train,65536,{},,,,,,,,,,,,,,,,,,,,,104138.49213249929,1,0.559857696,117058.31761934017,406.79098489257535,,,16,2026-09-05T13:21:51+00:00,0.2.0,sweep-w1024-d4-b256
syclnn,256,tiled,True,AdaptiveCpp 25.10.0 /opt/acpp/bin/acpp / host Clang 18.1.3 /opt/acpp/bin/acpp,NVIDIA GeForce GTX 1080 Ti,gpu,13000,float,,,,,,,,,,,,,,2,1001.4927624880762,1009.8015468541925,5b95f9bca354d8c08b418ccbc024327a559ca083,v0.2.0-9-gda3d659,32119.88079983933,266.7797976391231,99.45362563237774,11475479e7c4,fdce094a3f25,110.5098853438531,0.02373670451925136,256-4096-4096-4096-4096-16,True,20.06190934497863,train,65536,"{""blas"": ""tiled""}",,,,,,,,,,,,,,,,,,,,,3266.6880740542897,1,19.894360764,3294.19983770432,12.76050028927457,,,16,2026-09-05T13:24:19+00:00,0.2.0,sweep-w4096-d4-b256
syclnn,256,auto,True,AdaptiveCpp 25.10.0 /opt/acpp/bin/acpp / host Clang 18.1.3 /opt/acpp/bin/acpp,NVIDIA GeForce GTX 1080 Ti,gpu,13000,float,,,,,,,,,,,,,,2,5049.403772211615,5091.295644716545,5b95f9bca354d8c08b418ccbc024327a559ca083,v0.2.0-9-gda3d659,6005.061367742618,251.4433050847458,90.30508474576271,11475479e7c4,4a621bab5151,110.5098853438531,0.01880347024416551,256-4096-4096-4096-4096-16,True,3.9790553334751166,train,65536,{},,,,,,,,,,,,,,,,,,,,,16470.2409259446,1,3.823921708,17138.4262033641,64.33687861697109,,,16,2026-09-05T13:24:53+00:00,0.2.0,sweep-w4096-d4-b256
syclnn,40,auto,True,AdaptiveCpp 25.10.0 /opt/acpp/bin/acpp / host Clang 18.1.3 /opt/acpp/bin/acpp,NVIDIA GeForce GTX 1080 Ti,gpu,13000,float,0.1268928,0.24453546666666667,0.017926400000000002,0.06002346666666667,1.293474,0.5441045333333334,0.008147066666666666,0.0644416,0.0169088,0.07270826666666667,0.1377856,0.0162064,2.7143139333333335,5,0.013338121435389094,0.016483685383316512,5b95f9bca354d8c08b418ccbc024327a559ca083,v0.2.0-9-gda3d659,,90.69,4.0,11475479e7c4,8b2aa6a813b5,1.2191103789126854,0.00011368819978088088,17-4-1,True,0.00275181180331856,train,124,"{""profile"": true}",1.903392,60,3.668032,1164,26784,0.268896,0.900352,19.40211,,15,8.161568,0.122206,873,0.966624,0.253632,1.090624,0,2.066784,0.243096,40.714709,45061.22106550369,1,0.002598179,47725.7340622028,1453.5877763065707,,,16,2026-09-05T13:24:54+00:00,0.2.0,monk
syclnn,124,auto,True,AdaptiveCpp 25.10.0 /opt/acpp/bin/acpp / host Clang 18.1.3 /opt/acpp/bin/acpp,NVIDIA GeForce GTX 1080 Ti,gpu,13000,float,0.0338624,0.0,0.010237133333333334,0.0,0.11848966666666666,0.056119466666666666,0.018270666666666668,0.0,0.0,0.0,0.0,0.007018133333333333,0.2819528666666667,5,0.05471067582617071,0.06230938080202775,5b95f9bca354d8c08b418ccbc024327a559ca083,v0.2.0-9-gda3d659,,,,11475479e7c4,a1e884cf40d3,1.354368932038835,7.132592145353556e-06,17-4-1,True,0.0003263714024797082,infer,124,"{""profile"": true}",0.507936,0,0.0,7440,126480,0.153557,0.0,1.777345,,0,0.841792,0.27406,90,0.0,0.0,0.0,0,0.0,0.105272,4.229293,379935.2487928521,1,,,3063.9939418778395,,,16,2026-09-05T13:24:54+00:00,0.2.0,monk
syclnn,40,auto,True,AdaptiveCpp 25.10.0 /opt/acpp/bin/acpp / host Clang 18.1.3 /opt/acpp/bin/acpp,NVIDIA GeForce GTX 1080 Ti,gpu,13000,double,0.15474986666666668,0.6365845333333334,0.02338346666666667,0.07633066666666667,2.1361928666666667,0.8193749333333333,0.0157278,0.0812032,0.01909973333333333,0.12781013333333333,0.1819285333333333,0.01808613333333333,3.9274685999999996,5,0.010120410942335649,0.012507133836757438,5b95f9bca354d8c08b418ccbc024327a559ca083,v0.2.0-9-gda3d659,,92.46,3.0,11475479e7c4,53c3020503d7,0.6095551894563427,0.0014156981953419743,17-4-1,True,0.0036267301999032497,train,124,"{""profile"": true}",2.321248,60,9.548768,2088,53568,0.350752,1.14496,32.042893,,15,12.290624,0.235917,873,1.218048,0.286496,1.917152,0,2.728928,0.271292,58.912029,34190.5775078907,1,0.003343067,37091.688560235256,1102.9218550932485,,,16,2026-09-05T13:24:55+00:00,0.2.0,monk
syclnn,124,auto,True,AdaptiveCpp 25.10.0 /opt/acpp/bin/acpp / host Clang 18.1.3 /opt/acpp/bin/acpp,NVIDIA GeForce GTX 1080 Ti,gpu,13000,double,0.03628373333333333,0.0,0.010056466666666668,0.0,0.13714813333333334,0.06676266666666668,0.02404526666666667,0.0,0.0,0.0,0.0,0.007845466666666667,0.3165263333333333,5,0.0472074746804615,0.05376406838608115,5b95f9bca354d8c08b418ccbc024327a559ca083,v0.2.0-9-gda3d659,,,,11475479e7c4,b2ddf77b0c6d,0.6771844660194175,2.459399402141569e-05,17-4-1,True,0.00037824518512934445,infer,124,"{""profile"": true}",0.544256,0,0.0,14880,252960,0.150847,0.0,2.057222,,0,1.00144,0.360679,90,0.0,0.0,0.0,0,0.0,0.117682,4.747895,327829.68528098264,1,,,2643.787784524053,,,16,2026-09-05T13:24:55+00:00,0.2.0,monk
syclnn,40,auto,True,AdaptiveCpp 25.10.0 /opt/acpp/bin/acpp / host Clang 18.1.3 /opt/acpp/bin/acpp,NVIDIA GeForce GTX 1080 Ti,gpu,13000,float,1.3473685333333334,2.8614933333333337,0.029787733333333333,0.7729408000000001,12.5944422,5.5879616,0.010245933333333334,0.4447424,0.0153472,0.1240064,1.4005482666666667,0.03183453333333333,25.6478048,5,1.1060983688393486,1.206111936974576,5b95f9bca354d8c08b418ccbc024327a559ca083,v0.2.0-9-gda3d659,18.151472637517728,89.755,16.0,11475479e7c4,ef5755f4ec8c,6.563354603463993,0.0007912892033345997,12-64-64-3,True,0.02603746720124036,train,1000,"{""profile"": true}",20.210528,375,42.9224,62484,180000,0.446816,11.594112,188.916633,,15,83.819424,0.153689,7614,6.671136,0.230208,1.860096,0,21.008224,0.477518,384.717072,38406.19336247738,1,0.024238436000000002,41256.78736037259,960.1548340619345,,,16,2026-09-05T13:24:55+00:00,0.2.0,cup
syclnn,1000,auto,True,AdaptiveCpp 25.10.0 /opt/acpp/bin/acpp / host Clang 18.1.3 /opt/acpp/bin/acpp,NVIDIA GeForce GTX 1080 Ti,gpu,13000,float,0.0519296,0.0,0.011312,0.0,0.1607512,0.07150293333333332,0.026006666666666668,0.0,0.0,0.0,0.0,0.0073131333333333335,0.36446133333333336,5,23.956816707448304,25.198249851702943,5b95f9bca354d8c08b418ccbc024327a559ca083,v0.2.0-9-gda3d659,,,,11475479e7c4,e779647e1a33,9.157562233749674,1.1981406714767218e-05,12-64-64-3,True,0.0004220928065478802,infer,1000,"{""profile"": true}",0.778944,0,0.0,180000,720000,0.16968,0.0,2.411268,,0,1.072544,0.3901,120,0.0,0.0,0.0,0,0.0,0.109697,5.46692,2369147.221859998,1,,,2369.1472218599984,,,16,2026-09-05T13:24:55+00:00,0.2.0,cup
syclnn,40,auto,True,AdaptiveCpp 25.10.0 /opt/acpp/bin/acpp / host Clang 18.1.3 /opt/acpp/bin/acpp,NVIDIA GeForce GTX 1080 Ti,gpu,13000,double,1.1566570666666667,2.4573482666666666,0.029024,0.7237098666666667,11.982571333333334,5.588864,0.012442266666666667,0.4241408,0.013352533333333333,0.17942186666666665,1.3976106666666666,0.027012266666666666,23.617303666666665,5,1.240318142991355,1.352467881747042,5b95f9bca354d8c08b418ccbc024327a559ca083,v0.2.0-9-gda3d659,18.45134871313465,91.155,13.5,11475479e7c4,faaa36bd8fe0,3.2816773017319965,0.001067527302075176,12-64-64-3,True,0.02321984900627285,train,1000,"{""profile"": true}",17.349856,375,36.860224,124728,360000,0.43536,10.855648,179.73857,,15,83.83296,0.186634,7614,6.362112,0.200288,2.691328,0,20.96416,0.405184,354.259555,43066.602187199824,1,0.0232352215,43038.10919125518,1076.6650546799956,,,16,2026-09-05T13:24:56+00:00,0.2.0,cup
syclnn,1000,auto,True,AdaptiveCpp 25.10.0 /opt/acpp/bin/acpp / host Clang 18.1.3 /opt/acpp/bin/acpp,NVIDIA GeForce GTX 1080 Ti,gpu,13000,double,0.05413333333333334,0.0,0.011863,0.0,0.24630866666666668,0.1419776,0.038334733333333336,0.0,0.0,0.0,0.0,0.0176184,0.47267453333333337,5,18.597185082668556,19.560884151430255,5b95f9bca354d8c08b418ccbc024327a559ca083,v0.2.0-9-gda3d659,,,,11475479e7c4,2adebea98ea9,4.578781116874837,4.406790249049668e-05,12-64-64-3,True,0.0005437382031232118,infer,1000,"{""profile"": true}",0.812,0,0.0,360000,1440000,0.177945,0.0,3.69463,,0,2.129664,0.575021,120,0.0,0.0,0.0,0,0.0,0.264276,7.090118,1839120.3602322543,1,,,1839.1203602322544,,,16,2026-09-05T13:24:56+00:00,0.2.0,cup
syclnn,256,auto,True,AdaptiveCpp 25.10.0 /opt/acpp/bin/acpp / host Clang 18.1.3 /opt/acpp/bin/acpp,NVIDIA GeForce GTX 1080 Ti,gpu,13000,float,11.382939733333334,24.5657216,0.15902506666666666,7.575246933333333,170.9231596,68.67493333333333,36.583771866666666,3.3699712,0.016354133333333333,0.0,18.595195733333334,0.2532681333333333,294.58896853333334,5,433.2227403677689,438.8745988788051,5b95f9bca354d8c08b418ccbc024327a559ca083,v0.2.0-9-gda3d659,497.88790318501185,105.94083333333333,26.708333333333332,11475479e7c4,d5a68ffb03d4,57.89303578299346,0.011497728992253542,784-512-256-10,True,0.33342072458472105,train,60000,"{""profile"": true}",170.744096,3525,368.485824,6430056,571680000,2.385376,113.628704,2563.847394,,15,1030.124,548.756578,70554,50.549568,0.245312,0.0,0,278.927936,3.799022,4418.834528,179952.82109332172,1,0.2620775795,228939.84336420507,704.8152159488434,,,16,2026-09-05T13:25:03+00:00,0.2.0,mnist-512-256
syclnn,4096,auto,True,AdaptiveCpp 25.10.0 /opt/acpp/bin/acpp / host Clang 18.1.3 /opt/acpp/bin/acpp,NVIDIA GeForce GTX 1080 Ti,gpu,13000,float,2.386619733333333,0.0,0.7841852666666667,0.0,173.10374786666668,9.718574933333334,160.21436793333334,0.0,0.0,0.0,0.0,0.017266866666666665,178.1235188,5,193.7013794288139,194.26470057562764,5b95f9bca354d8c08b418ccbc024327a559ca083,v0.2.0-9-gda3d659,375.3788676942087,80.37833333333333,15.625,11475479e7c4,6d1d71347c8f,108.72034544069088,0.004808774299453922,784-512-256-10,True,0.331462791794911,infer,60000,"{""profile"": true}",35.799296,0,0.0,36000000,2822400000,11.762779,0.0,2596.556218,,0,145.778624,2403.215519,1590,0.0,0.0,0.0,0,0.0,0.259003,2671.852782,181015.79267794362,1,,,45.2539481694859,,,16,2026-09-05T13:25:09+00:00,0.2.0,mnist-512-256
syclnn,256,auto,True,AdaptiveCpp 25.10.0 /opt/acpp/bin/acpp / host Clang 18.1.3 /opt/acpp/bin/acpp,NVIDIA GeForce GTX 1080 Ti,gpu,13000,double,12.289184,26.9090496,0.2689301333333333,8.388612266666666,749.2927402666667,596.6713130666667,73.65962453333333,3.3022869333333333,0.013898666666666667,0.0,27.789841066666668,0.3292403333333333,866.3060641333334,5,154.69865703295426,156.7168680822065,5b95f9bca354d8c08b418ccbc024327a559ca083,v0.2.0-9-gda3d659,1744.038764282579,127.49661764705883,68.05882352941177,11475479e7c4,c5a82b47de63,28.94651789149673,0.006585586792789422,784-512-256-10,True,0.9337213571881875,train,60000,"{""profile"": true}",184.33776,3525,403.635744,12859872,1143360000,4.033952,125.829184,11239.391104,,15,8950.069696,1104.894368,70554,49.534304,0.20848,0.0,0,416.847616,4.938605,12994.590962,64258.99925935534,1,0.7937530575,75590.2600098016,251.68108043247506,,,16,2026-09-05T13:25:26+00:00,0.2.0,mnist-512-256
syclnn,4096,auto,True,AdaptiveCpp 25.10.0 /opt/acpp/bin/acpp / host Clang 18.1.3 /opt/acpp/bin/acpp,NVIDIA GeForce GTX 1080 Ti,gpu,13000,double,3.9710464,0.0,1.9594634666666666,0.0,511.44068246666666,186.83804800000001,318.67212459999996,0.0,0.0,0.0,0.0,0.039036933333333336,518.0131260666666,5,77.4661888572648,77.6914755458524,5b95f9bca354d8c08b418ccbc024327a559ca083,v0.2.0-9-gda3d659,1348.9141695801752,103.41360655737704,30.278688524590162,11475479e7c4,ddb31b46d9d9,54.36017272034544,0.0011185744078829885,784-512-256-10,True,0.8288106197956949,infer,60000,"{""profile"": true}",59.565696,0,0.0,72000000,5644800000,29.391952,0.0,7671.610237,,0,2802.57072,4780.081869,1590,0.0,0.0,0.0,0,0.0,0.585554,7770.196891,72392.89479035661,1,,,18.098223697589155,,,16,2026-09-05T13:25:41+00:00,0.2.0,mnist-512-256
syclnn,256,auto,True,AdaptiveCpp 25.10.0 /opt/acpp/bin/acpp / host Clang 18.1.3 /opt/acpp/bin/acpp,NVIDIA GeForce GTX 1080 Ti,gpu,13000,float,12.085796266666668,26.99214506666667,0.4001557333333333,8.347784533333334,264.1519306,139.52512853333334,37.04356153333333,3.2885482666666666,0.009147733333333333,0.0,36.459662933333334,0.5049016,368.98468940000004,5,1449.6887640949333,1465.4612822346962,5b95f9bca354d8c08b418ccbc024327a559ca083,v0.2.0-9-gda3d659,794.159551464389,139.08241379310346,39.0,11475479e7c4,6e04c3b274f6,75.80495846807432,0.00887566930614414,784-1024-1024-10,True,0.39584331079386176,train,60000,"{""profile"": true}",181.286944,3525,404.882176,22364520,571680000,6.002336,125.216768,3962.278959,,15,2092.876928,555.653423,70554,49.328224,0.137216,0.0,0,546.894944,7.573524,5534.770341,151575.1267330255,1,0.332032614,180705.14000772225,593.6692463710166,,,16,2026-09-05T13:25:49+00:00,0.2.0,mnist
syclnn,4096,auto,True,AdaptiveCpp 25.10.0 /opt/acpp/bin/acpp / host Clang 18.1.3 /opt/acpp/bin/acpp,NVIDIA GeForce GTX 1080 Ti,gpu,13000,float,4.8644608,0.0,0.7742974,0.0,189.78632066666665,24.2631808,159.88438166666668,0.0,0.0,0.0,0.0,0.02980606666666667,194.38869926666666,5,636.9170954281036,638.3252957409377,5b95f9bca354d8c08b418ccbc024327a559ca083,v0.2.0-9-gda3d659,492.6341300447547,99.74115384615385,18.307692307692307,11475479e7c4,dfaa47ab142e,174.16334549536907,0.0018875160138123181,784-1024-1024-10,True,0.3507455548038706,infer,60000,"{""profile"": true}",72.966912,0,0.0,36000000,2822400000,11.614461,0.0,2846.79481,,0,363.947712,2398.265725,1590,0.0,0.0,0.0,0,0.0,0.447091,2915.830489,171064.17794389644,1,,,42.766044485974106,,,16,2026-09-05T13:25:56+00:00,0.2.0,mnist
syclnn,256,auto,True,AdaptiveCpp 25.10.0 /opt/acpp/bin/acpp / host Clang 18.1.3 /opt/acpp/bin/acpp,NVIDIA GeForce GTX 1080 Ti,gpu,13000,double,18.823263999999998,31.732674133333333,0.7351381333333333,14.208712533333333,2338.4102798000004,2119.9621568,78.00758753333334,3.8047573333333333,0.018523733333333334,0.0,71.1174656,0.5402442666666667,2414.7590934666664,5,230.8988550606507,233.41101937487733,5b95f9bca354d8c08b418ccbc024327a559ca083,v0.2.0-9-gda3d659,5194.393210023186,141.19664835164835,87.18681318681318,11475479e7c4,403f10b6dd16,37.90247923403716,0.012901883409358383,784-1024-1024-10,True,2.485285601997748,train,60000,"{""profile"": true}",282.34896,3525,475.990112,44728800,1143360000,11.027072,213.130688,35076.154197,,15,31799.432352,1170.113813,70554,57.07136,0.277856,0.0,0,1066.761984,8.103664,36221.386402,24142.094555157033,1,2.3220791619999996,25838.912377268905,94.55653700769838,,,16,2026-09-05T13:26:38+00:00,0.2.0,mnist
syclnn,4096,auto,True,AdaptiveCpp 25.10.0 /opt/acpp/bin/acpp / host Clang 18.1.3 /opt/acpp/bin/acpp,NVIDIA GeForce GTX 1080 Ti,gpu,13000,double,9.500701866666667,0.0,1.9034045333333334,0.0,996.9493878666667,640.9542656,344.5910158666667,0.0,0.0,0.0,0.0,0.03915033333333333,1004.2014096,5,167.50915733987242,167.8795139364559,5b95f9bca354d8c08b418ccbc024327a559ca083,v0.2.0-9-gda3d659,2596.798761910224,126.82510204081633,53.80612244897959,11475479e7c4,3ea4cd55a74e,87.08167274768454,0.0003864792059173894,784-1024-1024-10,True,1.3336335967993365,infer,60000,"{""profile"": true}",142.510528,0,0.0,72000000,5644800000,28.551068,0.0,14954.240818,,0,9614.313984,5168.865238,1590,0.0,0.0,0.0,0,0.0,0.587255,15063.021144,44989.86838963673,1,,,11.247467097409181,,,16,2026-09-05T13:27:01+00:00,0.2.0,mnist
syclnn,40,auto,True,AdaptiveCpp 25.10.0 /opt/acpp/bin/acpp / host Clang 18.1.3 /opt/acpp/bin/acpp,NVIDIA GeForce GTX 1080 Ti,gpu,13000,float,,,,,,,,,,,,,,5,0.012544496563299196,0.015502897888820059,73530104c6c665050f855a5aacd8863ad56fdfad,v0.2.0-9-gda3d659,,129.33,30.0,66d44e608458,3c5a922f0dd2,1.2191103789126854,0.0007801666972227393,17-4-1,True,0.0029259045841172338,train,124,"{""memory"": ""shared""}",,,,,,,,,,,,,,,,,,,,,42380.05595709188,1,0.002450285,50606.35803590195,1367.0985792610284,,,16,2026-09-05T14:00:11+00:00,0.2.0,monk
syclnn,40,auto,True,AdaptiveCpp 25.10.0 /opt/acpp/bin/acpp / host Clang 18.1.3 /opt/acpp/bin/acpp,NVIDIA GeForce GTX 1080 Ti,gpu,13000,float,,,,,,,,,,,,,,5,1.3040884257798138,1.422004282362217,73530104c6c665050f855a5aacd8863ad56fdfad,v0.2.0-9-gda3d659,21.64907816065534,107.07500000000002,24.5,66d44e608458,c3200a64b601,6.563354603463993,0.0014111966942436972,12-64-64-3,True,0.022084392001852395,train,1000,"{""memory"": ""shared""}",,,,,,,,,,,,,,,,,,,,,45280.848117354646,1,0.022132339,45182.75271312264,1132.021202933866,,,16,2026-09-05T14:00:12+00:00,0.2.0,cup
syclnn,256,auto,True,AdaptiveCpp 25.10.0 /opt/acpp/bin/acpp / host Clang 18.1.3 /opt/acpp/bin/acpp,NVIDIA GeForce GTX 1080 Ti,gpu,13000,float,,,,,,,,,,,,,,3,378.4532548842415,383.3905863083284,73530104c6c665050f855a5aacd8863ad56fdfad,v0.2.0-9-gda3d659,430.1366839227651,130.1041176470588,40.64705882352941,66d44e608458,5291c2b36125,57.89303578299346,0.009131696308031678,784-512-256-10,True,0.3816731343589102,train,60000,"{""memory"": ""shared""}",,,,,,,,,,,,,,,,,,,,,157202.57623262107,1,0.2641474145,227145.89167405988,615.7100902444324,,,16,2026-09-05T14:00:17+00:00,0.2.0,mnist-512-256
syclnn,40,auto,True,AdaptiveCpp 25.10.0 /opt/acpp/bin/acpp / host Clang 18.1.3 /opt/acpp/bin/acpp,NVIDIA GeForce GTX 1080 Ti,gpu,13000,float,,,,,,,,,,,,,,5,0.013820851705127247,0.01708025919094845,73530104c6c665050f855a5aacd8863ad56fdfad,v0.2.0-9-gda3d659,,148.63,15.0,66d44e608458,2181f4030a8c,1.2191103789126854,0.0008125637890771032,17-4-1,True,0.0026556974044069648,train,124,"{""loss_reduction"": false}",,,,,,,,,,,,,,,,,,,,,46692.06657137583,1,0.0022684165000000003,54663.68279370212,1506.1956958508333,,,16,2026-09-05T14:00:18+00:00,0.2.0,monk
syclnn,40,auto,True,AdaptiveCpp 25.10.0 /opt/acpp/bin/acpp / host Clang 18.1.3 /opt/acpp/bin/acpp,NVIDIA GeForce GTX 1080 Ti,gpu,13000,float,,,,,,,,,,,,,,5,1.3945218405715287,1.5206146990795952,73530104c6c665050f855a5aacd8863ad56fdfad,v0.2.0-9-gda3d659,19.87546749668196,98.28,27.0,66d44e608458,c7b162076954,6.563354603463993,0.0021953979041427416,12-64-64-3,True,0.02065224018879235,train,1000,"{""loss_reduction"": false}",,,,,,,,,,,,,,,,,,,,,48420.89724206697,1,0.021210524,47146.407132610206,1210.5224310516742,,,16,2026-09-05T14:00:19+00:00,0.2.0,cup
syclnn,256,auto,True,AdaptiveCpp 25.10.0 /opt/acpp/bin/acpp / host Clang 18.1.3 /opt/acpp/bin/acpp,NVIDIA GeForce GTX 1080 Ti,gpu,13000,float,,,,,,,,,,,,,,3,401.6258565075873,406.865499545318,73530104c6c665050f855a5aacd8863ad56fdfad,v0.2.0-9-gda3d659,382.5917269759998,124.34375,40.875,66d44e608458,8aa4299c3cbb,57.89303578299346,0.01847621101963648,784-512-256-10,True,0.359651744676133,train,60000,"{""loss_reduction"": false}",,,,,,,,,,,,,,,,,,,,,166828.05210365407,1,0.245385829,244512.89727900302,653.4098707393117,,,16,2026-09-05T14:00:24+00:00,0.2.0,mnist-512-256
syclnn,40,auto,True,AdaptiveCpp 25.10.0 /opt/acpp/bin/acpp / host Clang 18.1.3 /opt/acpp/bin/acpp,NVIDIA GeForce GTX 1080 Ti,gpu,13000,float,,,,,,,,,,,,,,5,0.01719293795284561,0.02124759332882184,73530104c6c665050f855a5aacd8863ad56fdfad,v0.2.0-9-gda3d659,,150.63,29.0,66d44e608458,7b169a22c343,1.2191103789126854,0.0007863121922127903,17-4-1,True,0.0021348300157114863,train,124,"{""bias_gemv"": false}",,,,,,,,,,,,,,,,,,,,,58084.249840694625,1,0.001955204,63420.4921839358,1873.6854787320847,,,16,2026-09-05T14:00:25+00:00,0.2.0,monk
syclnn,40,auto,True,AdaptiveCpp 25.10.0 /opt/acpp/bin/acpp / host Clang 18.1.3 /opt/acpp/bin/acpp,NVIDIA GeForce GTX 1080 Ti,gpu,13000,float,,,,,,,,,,,,,,5,1.230814939236348,1.342105396988618,73530104c6c665050f855a5aacd8863ad56fdfad,v0.2.0-9-gda3d659,27.06370073834085,133.81,37.5,66d44e608458,bd54f372b6d0,6.563354603463993,0.0011799577972851673,12-64-64-3,True,0.023399131000041963,train,1000,"{""bias_gemv"": false}",,,,,,,,,,,,,,,,,,,,,42736.62983459542,1,0.0232704615,42972.93373403875,1068.4157458648856,,,16,2026-09-05T14:00:26+00:00,0.2.0,cup
syclnn,256,auto,True,AdaptiveCpp 25.10.0 /opt/acpp/bin/acpp / host Clang 18.1.3 /opt/acpp/bin/acpp,NVIDIA GeForce GTX 1080 Ti,gpu,13000,float,,,,,,,,,,,,,,3,428.6852818844522,434.27794434930286,73530104c6c665050f855a5aacd8863ad56fdfad,v0.2.0-9-gda3d659,356.3171114350797,134.01000000000002,41.92857142857143,66d44e608458,c76e1c5376fa,57.89303578299346,0.021355955492860346,784-512-256-10,True,0.3369498466684793,train,60000,"{""bias_gemv"": false}",,,,,,,,,,,,,,,,,,,,,178068.04363687168,1,0.2288025025,262234.8940436086,697.4331709110808,,,16,2026-09-05T14:00:30+00:00,0.2.0,mnist-512-256
syclnn,40,auto,True,AdaptiveCpp 25.10.0 /opt/acpp/bin/acpp / host Clang 18.1.3 /opt/acpp/bin/acpp,NVIDIA GeForce GTX 1080 Ti,gpu,13000,float,,,,,,,,,,,,,,5,0.01686924725553831,0.02084756581057154,73530104c6c665050f855a5aacd8863ad56fdfad,v0.2.0-9-gda3d659,,83.37,11.0,66d44e608458,bc90e17f9aa7,1.2191103789126854,6.7676906473935e-05,17-4-1,True,0.002175793587230146,train,124,"{""direct_input"": false}",,,,,,,,,,,,,,,,,,,,,56990.70018762943,1,0.0021218855,58438.59152626284,1838.409683471917,,,16,2026-09-05T14:00:31+00:00,0.2.0,monk
syclnn,40,auto,True,AdaptiveCpp 25.10.0 /opt/acpp/bin/acpp / host Clang 18.1.3 /opt/acpp/bin/acpp,NVIDIA GeForce GTX 1080 Ti,gpu,13000,float,,,,,,,,,,,,,,5,1.407190688421263,1.5344290659114648,73530104c6c665050f855a5aacd8863ad56fdfad,v0.2.0-9-gda3d659,17.228811925875487,85.22,12.5,66d44e608458,c4339f9a40b6,6.563354603463993,0.001092630915809422,12-64-64-3,True,0.0204663093900308,train,1000,"{""direct_input"": false}",,,,,,,,,,,,,,,,,,,,,48860.78779240496,1,0.0187917445,53214.85719433872,1221.519694810124,,,16,2026-09-05T14:00:31+00:00,0.2.0,cup
syclnn,256,auto,True,AdaptiveCpp 25.10.0 /opt/acpp/bin/acpp / host Clang 18.1.3 /opt/acpp/bin/acpp,NVIDIA GeForce GTX 1080 Ti,gpu,13000,float,,,,,,,,,,,,,,3,420.75724771038983,426.2464804074854,73530104c6c665050f855a5aacd8863ad56fdfad,v0.2.0-9-gda3d659,344.88679746536656,120.89466666666667,29.666666666666668,66d44e608458,14ed52dd41e0,57.89303578299346,0.011159280334444077,784-512-256-10,True,0.34329875667269033,train,60000,"{""direct_input"": false}",,,,,,,,,,,,,,,,,,,,,174774.8829081997,1,0.2372194705,252930.33440102884,684.5349580571155,,,16,2026-09-05T14:00:36+00:00,0.2.0,mnist-512-256
syclnn,40,auto,True,AdaptiveCpp 25.10.0 /opt/acpp/bin/acpp / host Clang 18.1.3 /opt/acpp/bin/acpp,NVIDIA GeForce GTX 1080 Ti,gpu,13000,float,,,,,,,,,,,,,,5,0.014018725182260924,0.017324797686011213,73530104c6c665050f855a5aacd8863ad56fdfad,v0.2.0-9-gda3d659,,86.37,11.0,66d44e608458,3686c2160d51,1.2191103789126854,0.00038469939026981566,17-4-1,True,0.002618212392553687,train,124,"{""fine_deps"": false}",,,,,,,,,,,,,,,,,,,,,47360.558048178806,1,0.002538598,48845.859013518486,1527.7599370380258,,,16,2026-09-05T14:00:37+00:00,0.2.0,monk
syclnn,40,auto,True,AdaptiveCpp 25.10.0 /opt/acpp/bin/acpp / host Clang 18.1.3 /opt/acpp/bin/acpp,NVIDIA GeForce GTX 1080 Ti,gpu,13000,float,,,,,,,,,,,,,,5,1.4974570526026532,1.6328573272791311,73530104c6c665050f855a5aacd8863ad56fdfad,v0.2.0-9-gda3d659,17.49495128348004,86.46000000000001,13.0,66d44e608458,e7277a388e4c,6.563354603463993,0.0009935404872521772,12-64-64-3,True,0.01923260500188917,train,1000,"{""fine_deps"": false}",,,,,,,,,,,,,,,,,,,,,51995.03654870323,1,0.017633542500000002,56710.10235181047,1299.875913717581,,,16,2026-09-05T14:00:37+00:00,0.2.0,cup
syclnn,256,auto,True,AdaptiveCpp 25.10.0 /opt/acpp/bin/acpp / host Clang 18.1.3 /opt/acpp/bin/acpp,NVIDIA GeForce GTX 1080 Ti,gpu,13000,float,,,,,,,,,,,,,,3,431.2945019544199,436.92120451293493,73530104c6c665050f855a5aacd8863ad56fdfad,v0.2.0-9-gda3d659,327.6655317629216,123.04142857142857,28.5,66d44e608458,d20aa434b7a8,57.89303578299346,0.006938256148714572,784-512-256-10,True,0.33491138733612996,train,60000,"{""fine_deps"": false}",,,,,,,,,,,,,,,,,,,,,179151.86604205155,1,0.2197987035,272977.04237823223,701.6781419980352,,,16,2026-09-05T14:00:42+00:00,0.2.0,mnist-512-256
syclnn,40,auto,True,AdaptiveCpp 25.10.0 /opt/acpp/bin/acpp / host Clang 18.1.3 /opt/acpp/bin/acpp,NVIDIA GeForce GTX 1080 Ti,gpu,13000,float,,,,,,,,,,,,,,5,0.012740329485760255,0.01574491459988244,73530104c6c665050f855a5aacd8863ad56fdfad,v0.2.0-9-gda3d659,,84.26,15.0,66d44e608458,f746b5b121ce,1.2191103789126854,0.00043831570073962203,17-4-1,True,0.0028809302020817995,train,124,"{""fine_deps"": false, ""join_kernels"": true}",,,,,,,,,,,,,,,,,,,,,43041.65366810897,1,0.0029681975000000003,41776.19582254886,1388.4404409067408,,,16,2026-09-05T14:00:43+00:00,0.2.0,monk
syclnn,40,auto,True,AdaptiveCpp 25.10.0 /opt/acpp/bin/acpp / host Clang 18.1.3 /opt/acpp/bin/acpp,NVIDIA GeForce GTX 1080 Ti,gpu,13000,float,,,,,,,,,,,,,,5,1.1583889973873875,1.2631306914185159,73530104c6c665050f855a5aacd8863ad56fdfad,v0.2.0-9-gda3d659,28.398567080906357,140.39,20.0,66d44e608458,ecb14ee4b3c6,6.563354603463993,0.0014132186886854463,12-64-64-3,True,0.024862114596180616,train,1000,"{""fine_deps"": false, ""join_kernels"": true}",,,,,,,,,,,,,,,,,,,,,40221.84018706207,1,0.0231793935,43141.76727704286,1005.5460046765518,,,16,2026-09-05T14:00:43+00:00,0.2.0,cup
syclnn,256,auto,True,AdaptiveCpp 25.10.0 /opt/acpp/bin/acpp / host Clang 18.1.3 /opt/acpp/bin/acpp,NVIDIA GeForce GTX 1080 Ti,gpu,13000,float,,,,,,,,,,,,,,3,405.6460219996362,410.9381124378259,73530104c6c665050f855a5aacd8863ad56fdfad,v0.2.0-9-gda3d659,325.53289358727926,113.54666666666667,33.6,66d44e608458,5995310c9e14,57.89303578299346,0.011159090344638911,784-512-256-10,True,0.35608740667036426,train,60000,"{""fine_deps"": false, ""join_kernels"": true}",,,,,,,,,,,,,,,,,,,,,168497.95549086336,1,0.234587608,255767.9858349551,659.9503256725482,,,16,2026-09-05T14:00:48+00:00,0.2.0,mnist-512-256
syclnn,40,auto,True,AdaptiveCpp 25.10.0 /opt/acpp/bin/acpp / host Clang 18.1.3 /opt/acpp/bin/acpp,NVIDIA GeForce GTX 1080 Ti,gpu,13000,float,,,,,,,,,,,,,,5,0.014262600254273084,0.01762618645198962,73530104c6c665050f855a5aacd8863ad56fdfad,v0.2.0-9-gda3d659,,115.16,11.0,66d44e608458,915f06889ce9,1.2191103789126854,0.00040052729891613134,17-4-1,True,0.0025734437862411142,train,124,"{""queue"": ""in_order""}",,,,,,,,,,,,,,,,,,,,,48184.46031849014,1,0.0023044115,53809.833877326164,1554.3374296287143,,,16,2026-09-05T14:00:49+00:00,0.2.0,monk
syclnn,40,auto,True,AdaptiveCpp 25.10.0 /opt/acpp/bin/acpp / host Clang 18.1.3 /opt/acpp/bin/acpp,NVIDIA GeForce GTX 1080 Ti,gpu,13000,float,,,,,,,,,,,,,,5,1.7078503710212234,1.8622744387704029,73530104c6c665050f855a5aacd8863ad56fdfad,v0.2.0-9-gda3d659,18.496298830251906,91.32499999999999,19.5,66d44e608458,a619635a72b1,6.563354603463993,0.0006025478942319751,12-64-64-3,True,0.016863304004073144,train,1000,"{""queue"": ""in_order""}",,,,,,,,,,,,,,,,,,,,,59300.360104903586,1,0.017082427,58539.691110636675,1482.5090026225898,,,16,2026-09-05T14:00:49+00:00,0.2.0,cup
syclnn,256,auto,True,AdaptiveCpp 25.10.0 /opt/acpp/bin/acpp / host Clang 18.1.3 /opt/acpp/bin/acpp,NVIDIA GeForce GTX 1080 Ti,gpu,13000,float,,,,,,,,,,,,,,3,488.8460271173028,495.2235514748739,73530104c6c665050f855a5aacd8863ad56fdfad,v0.2.0-9-gda3d659,313.43588460715256,127.13538461538461,38.38461538461539,66d44e608458,6a54d5aede1b,57.89303578299346,0.0038366609951481223,784-512-256-10,True,0.2954824873013422,train,60000,"{""queue"": ""in_order""}",,,,,,,,,,,,,,,,,,,,,203057.71942013653,1,0.1780764515,336933.9376127449,795.3094010622015,,,16,2026-09-05T14:00:54+00:00,0.2.0,mnist-512-256
syclnn,40,auto,True,AdaptiveCpp 25.10.0 /opt/acpp/bin/acpp / host Clang 18.1.3 /opt/acpp/bin/acpp,NVIDIA GeForce GTX 1080 Ti,gpu,13000,float,,,,,,,,,,,,,,5,0.012517341663389742,0.015469338978077559,73530104c6c665050f855a5aacd8863ad56fdfad,v0.2.0-9-gda3d659,,82.36,20.0,66d44e608458,162f4ea87107,1.2191103789126854,0.001023106405045837,17-4-1,True,0.0029322519898414613,train,124,"{""specialized_kernels"": false}",,,,,,,,,,,,,,,,,,,,,42288.31643037075,1,0.0028495275,43515.986422310365,1364.139239689379,,,16,2026-09-05T14:00:55+00:00,0.2.0,monk
syclnn,40,auto,True,AdaptiveCpp 25.10.0 /opt/acpp/bin/acpp / host Clang 18.1.3 /opt/acpp/bin/acpp,NVIDIA GeForce GTX 1080 Ti,gpu,13000,float,,,,,,,,,,,,,,5,1.3684697580633451,1.492206983652677,73530104c6c665050f855a5aacd8863ad56fdfad,v0.2.0-9-gda3d659,17.21958962917386,85.195,21.5,66d44e608458,3274592f8852,6.563354603463993,0.0006536854081787141,12-64-64-3,True,0.021045404789038002,train,1000,"{""specialized_kernels"": false}",,,,,,,,,,,,,,,,,,,,,47516.31104386615,1,0.0193485335,51683.50355855135,1187.9077760966538,,,16,2026-09-05T14:00:56+00:00,0.2.0,cup
syclnn,256,auto,True,AdaptiveCpp 25.10.0 /opt/acpp/bin/acpp / host Clang 18.1.3 /opt/acpp/bin/acpp,NVIDIA GeForce GTX 1080 Ti,gpu,13000,float,,,,,,,,,,,,,,3,429.59111330595965,435.19559331996504,73530104c6c665050f855a5aacd8863ad56fdfad,v0.2.0-9-gda3d659,306.97498377551614,108.04933333333334,29.666666666666668,66d44e608458,1683818fc25f,57.89303578299346,0.007019279854527383,784-512-256-10,True,0.33623935767294216,train,60000,"{""specialized_kernels"": false}",,,,,,,,,,,,,,,,,,,,,178444.3094801579,1,0.21977896549999998,273001.5580130666,698.9068787972851,,,16,2026-09-05T14:01:01+00:00,0.2.0,mnist-512-256
syclnn,40,auto,True,AdaptiveCpp 25.10.0 /opt/acpp/bin/acpp / host Clang 18.1.3 /opt/acpp/bin/acpp,NVIDIA GeForce GTX 1080 Ti,gpu,13000,float,,,,,,,,,,,,,,5,0.016249563269693852,0.020081740134952952,73530104c6c665050f855a5aacd8863ad56fdfad,v0.2.0-9-gda3d659,,95.89,7.0,66d44e608458,9bbd30cf1d99,1.2191103789126854,0.00017147760372608883,17-4-1,True,0.0022587683983147145,train,124,"{""derivative_from_output"": false}",,,,,,,,,,,,,,,,,,,,,54897.17320842518,1,0.002151584,57631.9585942264,1770.8765551104896,,,16,2026-09-05T14:01:02+00:00,0.2.0,monk
syclnn,40,auto,True,AdaptiveCpp 25.10.0 /opt/acpp/bin/acpp / host Clang 18.1.3 /opt/acpp/bin/acpp,NVIDIA GeForce GTX 1080 Ti,gpu,13000,float,,,,,,,,,,,,,,5,1.36722712099658,1.4908519871697463,73530104c6c665050f855a5aacd8863ad56fdfad,v0.2.0-9-gda3d659,21.12171503925696,104.47999999999999,17.5,66d44e608458,489661f23161,6.563354603463993,0.0024970624945126474,12-64-64-3,True,0.021064532408490776,train,1000,"{""derivative_from_output"": false}",,,,,,,,,,,,,,,,,,,,,47473.163923492364,1,0.0200757355,49811.37552843332,1186.8290980873091,,,16,2026-09-05T14:01:03+00:00,0.2.0,cup
syclnn,256,auto,True,AdaptiveCpp 25.10.0 /opt/acpp/bin/acpp / host Clang 18.1.3 /opt/acpp/bin/acpp,NVIDIA GeForce GTX 1080 Ti,gpu,13000,float,,,,,,,,,,,,,,3,397.7639535280946,402.9532138707597,73530104c6c665050f855a5aacd8863ad56fdfad,v0.2.0-9-gda3d659,370.90004854398376,123.336875,36.25,66d44e608458,a676020d20f0,57.89303578299346,0.0023416720020274506,784-512-256-10,True,0.36314361499777686,train,60000,"{""derivative_from_output"": false}",,,,,,,,,,,,,,,,,,,,,165223.88807625687,1,0.2484450295,241502.11465591023,647.1268949653394,,,16,2026-09-05T14:01:08+00:00,0.2.0,mnist-512-256
syclnn,40,auto,True,AdaptiveCpp 25.10.0 /opt/acpp/bin/acpp / host Clang 18.1.3 /opt/acpp/bin/acpp,NVIDIA GeForce GTX 1080 Ti,gpu,13000,float,,,,,,,,,,,,,,5,0.016404515036809005,0.02027323458123519,73530104c6c665050f855a5aacd8863ad56fdfad,v0.2.0-9-gda3d659,,92.43,25.0,66d44e608458,9a4d0002fec2,1.2191103789126854,4.9089198000729084e-05,17-4-1,True,0.0022374327993020414,train,124,"{""host_adam_correction"": false}",,,,,,,,,,,,,,,,,,,,,55420.658908138525,1,0.0020792555,59636.73055091113,1787.7631905851138,,,16,2026-09-05T14:01:09+00:00,0.2.0,monk
syclnn,40,auto,True,AdaptiveCpp 25.10.0 /opt/acpp/bin/acpp / host Clang 18.1.3 /opt/acpp/bin/acpp,NVIDIA GeForce GTX 1080 Ti,gpu,13000,float,,,,,,,,,,,,,,5,1.2312316787788125,1.3425598181783924,73530104c6c665050f855a5aacd8863ad56fdfad,v0.2.0-9-gda3d659,23.312796203537147,115.29,32.0,66d44e608458,d72e8c0a09db,6.563354603463993,0.0010015774983912692,12-64-64-3,True,0.023391211009584367,train,1000,"{""host_adam_correction"": false}",,,,,,,,,,,,,,,,,,,,,42751.09995759765,1,0.024228911,41273.00645084709,1068.7774989399413,,,16,2026-09-05T14:01:10+00:00,0.2.0,cup
syclnn,256,auto,True,AdaptiveCpp 25.10.0 /opt/acpp/bin/acpp / host Clang 18.1.3 /opt/acpp/bin/acpp,NVIDIA GeForce GTX 1080 Ti,gpu,13000,float,,,,,,,,,,,,,,3,362.9802017786889,367.71567051474585,73530104c6c665050f855a5aacd8863ad56fdfad,v0.2.0-9-gda3d659,435.4709868734592,133.92764705882354,42.411764705882355,66d44e608458,a3ac4208a9ff,57.89303578299346,0.01757594283359748,784-512-256-10,True,0.39794302634739626,train,60000,"{""host_adam_correction"": false}",,,,,,,,,,,,,,,,,,,,,150775.35231795016,1,0.28725381250000004,208874.51232696866,590.5367965786382,,,16,2026-09-05T14:01:15+00:00,0.2.0,mnist-512-256
syclnn,40,auto,True,AdaptiveCpp 25.10.0 /opt/acpp/bin/acpp / host Clang 18.1.3 /opt/acpp/bin/acpp,NVIDIA GeForce GTX 1080 Ti,gpu,13000,float,,,,,,,,,,,,,,5,0.014559292657847209,0.017992848598516496,73530104c6c665050f855a5aacd8863ad56fdfad,v0.2.0-9-gda3d659,,101.54,28.0,66d44e608458,744db37360a0,1.2191103789126854,0.0007255136966705326,17-4-1,True,0.0025210015941411258,train,124,"{""workgroup_size"": 256}",,,,,,,,,,,,,,,,,,,,,49186.79951975408,1,0.0021794555,56894.944631812854,1586.6709522501317,,,16,2026-09-05T14:01:17+00:00,0.2.0,monk
syclnn,40,auto,True,AdaptiveCpp 25.10.0 /opt/acpp/bin/acpp / host Clang 18.1.3 /opt/acpp/bin/acpp,NVIDIA GeForce GTX 1080 Ti,gpu,13000,float,,,,,,,,,,,,,,5,1.1456275246703194,1.2492153245659434,73530104c6c665050f855a5aacd8863ad56fdfad,v0.2.0-9-gda3d659,17.63627543715993,87.02000000000001,36.0,66d44e608458,7527372d237e,6.563354603463993,0.0009947170037776232,12-64-64-3,True,0.02513906080275774,train,1000,"{""workgroup_size"": 256}",,,,,,,,,,,,,,,,,,,,,39778.733495497196,1,0.026434758,37828.98258421734,994.46833738743,,,16,2026-09-05T14:01:18+00:00,0.2.0,cup
syclnn,256,auto,True,AdaptiveCpp 25.10.0 /opt/acpp/bin/acpp / host Clang 18.1.3 /opt/acpp/bin/acpp,NVIDIA GeForce GTX 1080 Ti,gpu,13000,float,,,,,,,,,,,,,,3,374.0692096385954,378.9493464578623,73530104c6c665050f855a5aacd8863ad56fdfad,v0.2.0-9-gda3d659,467.3541181262956,142.0764705882353,43.470588235294116,66d44e608458,c4a1f1227baf,57.89303578299346,0.0014880878346351656,784-512-256-10,True,0.38614629666941863,train,60000,"{""workgroup_size"": 256}",,,,,,,,,,,,,,,,,,,,,155381.52383568304,1,0.2688048375,223210.26867680534,608.5776350230918,,,16,2026-09-05T14:01:25+00:00,0.2.0,mnist-512-256
syclnn,40,auto,True,AdaptiveCpp 25.10.0 /opt/acpp/bin/acpp / host Clang 18.1.3 /opt/acpp/bin/acpp,NVIDIA GeForce GTX 1080 Ti,gpu,13000,float,,,,,,,,,,,,,,5,0.014462827231675655,0.0178736334794248,73530104c6c665050f855a5aacd8863ad56fdfad,v0.2.0-9-gda3d659,,141.15,30.0,66d44e608458,38d8997d801b,1.2191103789126854,0.0007933315937407315,17-4-1,True,0.0025378163903951646,train,124,"{""persistent_workspace"": false}",,,,,,,,,,,,,,,,,,,,,48860.90280971505,1,0.002461212,50381.68187055808,1576.1581551520983,,,16,2026-09-05T14:01:25+00:00,0.2.0,monk
syclnn,40,auto,True,AdaptiveCpp 25.10.0 /opt/acpp/bin/acpp / host Clang 18.1.3 /opt/acpp/bin/acpp,NVIDIA GeForce GTX 1080 Ti,gpu,13000,float,,,,,,,,,,,,,,5,1.1524894567417328,1.2566977134883004,73530104c6c665050f855a5aacd8863ad56fdfad,v0.2.0-9-gda3d659,23.384266616436655,115.67,31.0,66d44e608458,e3f0fcd66579,6.563354603463993,0.0005512921954505118,12-64-64-3,True,0.024989382619969545,train,1000,"{""persistent_workspace"": false}",,,,,,,,,,,,,,,,,,,,,40016.99502575461,1,0.025218669,39653.16329739686,1000.4248756438652,,,16,2026-09-05T14:01:26+00:00,0.2.0,cup
syclnn,256,auto,True,AdaptiveCpp 25.10.0 /opt/acpp/bin/acpp / host Clang 18.1.3 /opt/acpp/bin/acpp,NVIDIA GeForce GTX 1080 Ti,gpu,13000,float,,,,,,,,,,,,,,3,408.8033387129019,414.13661975738984,73530104c6c665050f855a5aacd8863ad56fdfad,v0.2.0-9-gda3d659,386.53525701480794,125.450625,40.125,66d44e608458,a491f8f7112b,57.89303578299346,0.01342630066210404,784-512-256-10,True,0.3533372316742316,train,60000,"{""persistent_workspace"": false}",,,,,,,,,,,,,,,,,,,,,169809.447240246,1,0.248433085,241513.72591939598,665.0870016909635,,,16,2026-09-05T14:01:31+00:00,0.2.0,mnist-512-256
syclnn,40,auto,True,AdaptiveCpp 25.10.0 /opt/acpp/bin/acpp / host Clang 18.1.3 /opt/acpp/bin/acpp,NVIDIA GeForce GTX 1080 Ti,gpu,13000,float,,,,,,,,,,,,,,5,0.010023600657662484,0.012387492530284719,73530104c6c665050f855a5aacd8863ad56fdfad,v0.2.0-9-gda3d659,,128.46,19.0,66d44e608458,c3f002bdb3c2,1.2191103789126854,0.0008674509939737619,17-4-1,True,0.003661758010275662,train,124,"{""pinned_host"": false}",,,,,,,,,,,,,,,,,,,,,33863.515735346235,1,0.0021643565,57291.8555700043,1092.3714753337495,,,16,2026-09-05T14:01:31+00:00,0.2.0,monk
syclnn,40,auto,True,AdaptiveCpp 25.10.0 /opt/acpp/bin/acpp / host Clang 18.1.3 /opt/acpp/bin/acpp,NVIDIA GeForce GTX 1080 Ti,gpu,13000,float,,,,,,,,,,,,,,5,1.2422033087446154,1.3545235044495405,73530104c6c665050f855a5aacd8863ad56fdfad,v0.2.0-9-gda3d659,20.713162959061446,102.425,31.5,66d44e608458,7dd3b2862dfc,6.563354603463993,0.0016615892993286224,12-64-64-3,True,0.023184610600583255,train,1000,"{""pinned_host"": false}",,,,,,,,,,,,,,,,,,,,,43132.05933141025,1,0.0242268905,41276.448580968325,1078.3014832852564,,,16,2026-09-05T14:01:32+00:00,0.2.0,cup
syclnn,256,auto,True,AdaptiveCpp 25.10.0 /opt/acpp/bin/acpp / host Clang 18.1.3 /opt/acpp/bin/acpp,NVIDIA GeForce GTX 1080 Ti,gpu,13000,float,,,,,,,,,,,,,,3,438.07645177528093,443.791632193439,73530104c6c665050f855a5aacd8863ad56fdfad,v0.2.0-9-gda3d659,367.87646347829315,139.09142857142857,45.285714285714285,66d44e608458,892a6f1260f1,57.89303578299346,0.003783908517410395,784-512-256-10,True,0.32972655666526407,train,60000,"{""pinned_host"": false}",,,,,,,,,,,,,,,,,,,,,181968.96424364008,1,0.26774623399999997,224092.7877999584,712.7117766209236,,,16,2026-09-05T14:01:36+00:00,0.2.0,mnist-512-256
syclnn,40,auto,True,AdaptiveCpp 25.10.0 /opt/acpp/bin/acpp / host Clang 18.1.3 /opt/acpp/bin/acpp,NVIDIA GeForce GTX 1080 Ti,gpu,13000,float,,,,,,,,,,,,,,5,0.014284243237189916,0.017652933555986666,73530104c6c665050f855a5aacd8863ad56fdfad,v0.2.0-9-gda3d659,,88.54,15.0,66d44e608458,8b9832d1120c,1.2191103789126854,0.00015045150648802536,17-4-1,True,0.002569544594734907,train,124,"{""bias_gemv"": false, ""derivative_from_output"": false, ""direct_input"": false, ""fine_deps"": false, ""host_adam_correction"": false, ""join_kernels"": true, ""loss_reduction"": false, ""memory"": ""shared"", ""persistent_workspace"": false, ""pinned_host"": false, ""specialized_kernels"": false}",,,,,,,,,,,,,,,,,,,,,48257.578504019984,1,0.0022950415,54029.524084858596,1556.6960807748383,,,16,2026-09-05T14:01:38+00:00,0.2.0,monk
syclnn,40,auto,True,AdaptiveCpp 25.10.0 /opt/acpp/bin/acpp / host Clang 18.1.3 /opt/acpp/bin/acpp,NVIDIA GeForce GTX 1080 Ti,gpu,13000,float,,,,,,,,,,,,,,5,1.28170813567398,1.3976003633166398,73530104c6c665050f855a5aacd8863ad56fdfad,v0.2.0-9-gda3d659,19.142183401526417,94.67,29.5,66d44e608458,503d16013a07,6.563354603463993,0.003855690406635401,12-64-64-3,True,0.022470014193095265,train,1000,"{""bias_gemv"": false, ""derivative_from_output"": false, ""direct_input"": false, ""fine_deps"": false, ""host_adam_correction"": false, ""join_kernels"": true, ""loss_reduction"": false, ""memory"": ""shared"", ""persistent_workspace"": false, ""pinned_host"": false, ""specialized_kernels"": false}",,,,,,,,,,,,,,,,,,,,,44503.75471090208,1,0.024779870000000002,40355.336811694324,1112.593867772552,,,16,2026-09-05T14:01:38+00:00,0.2.0,cup
syclnn,256,auto,True,AdaptiveCpp 25.10.0 /opt/acpp/bin/acpp / host Clang 18.1.3 /opt/acpp/bin/acpp,NVIDIA GeForce GTX 1080 Ti,gpu,13000,float,,,,,,,,,,,,,,3,442.7593656861973,448.53563977367986,73530104c6c665050f855a5aacd8863ad56fdfad,v0.2.0-9-gda3d659,350.4612517631456,131.0742857142857,47.857142857142854,66d44e608458,9cac914b2bba,57.89303578299346,0.018474079998365256,784-512-256-10,True,0.3262391519965604,train,60000,"{""bias_gemv"": false, ""derivative_from_output"": false, ""direct_input"": false, ""fine_deps"": false, ""host_adam_correction"": false, ""join_kernels"": true, ""loss_reduction"": false, ""memory"": ""shared"", ""persistent_workspace"": false, ""pinned_host"": false, ""specialized_kernels"": false}",,,,,,,,,,,,,,,,,,,,,183914.16123050917,1,0.23982528,250182.13259252737,720.3304648194943,,,16,2026-09-05T14:01:43+00:00,0.2.0,mnist-512-256
syclnn,40,auto,True,AdaptiveCpp 25.10.0 /opt/acpp/bin/acpp / host Clang 18.1.3 /opt/acpp/bin/acpp,NVIDIA GeForce GTX 1080 Ti,gpu,13000,float,,,,,,,,,,,,,,5,0.009777217207752185,0.01208300382910961,73530104c6c665050f855a5aacd8863ad56fdfad,v0.2.0-9-gda3d659,,85.01,7.0,66d44e608458,39940386dffd,1.2191103789126854,0.0006202767021022734,17-4-1,True,0.0037540334044024347,train,124,"{""blas_queue"": ""dedicated""}",,,,,,,,,,,,,,,,,,,,,33031.139215379,1,0.003225851,38439.46915093102,1065.5206198509356,,,16,2026-09-05T14:01:43+00:00,0.2.0,monk
syclnn,40,auto,True,AdaptiveCpp 25.10.0 /opt/acpp/bin/acpp / host Clang 18.1.3 /opt/acpp/bin/acpp,NVIDIA GeForce GTX 1080 Ti,gpu,13000,float,,,,,,,,,,,,,,5,0.9006220425210045,0.9820564126921486,73530104c6c665050f855a5aacd8863ad56fdfad,v0.2.0-9-gda3d659,38.22918330799614,96.73,20.0,66d44e608458,5745694087f1,6.563354603463993,0.0004461345146410181,12-64-64-3,True,0.03197789820842445,train,1000,"{""blas_queue"": ""dedicated""}",,,,,,,,,,,,,,,,,,,,,31271.598698645994,1,0.0293012785,34128.203655004334,781.7899674661498,,,16,2026-09-05T14:01:44+00:00,0.2.0,cup
syclnn,256,auto,True,AdaptiveCpp 25.10.0 /opt/acpp/bin/acpp / host Clang 18.1.3 /opt/acpp/bin/acpp,NVIDIA GeForce GTX 1080 Ti,gpu,13000,float,,,,,,,,,,,,,,3,288.9906156710908,292.76081035063055,73530104c6c665050f855a5aacd8863ad56fdfad,v0.2.0-9-gda3d659,528.756661135481,129.7242857142857,37.523809523809526,66d44e608458,89d66da46e61,57.89303578299346,0.029259006648014008,784-512-256-10,True,0.49982744133255136,train,60000,"{""blas_queue"": ""dedicated""}",,,,,,,,,,,,,,,,,,,,,120041.42837783902,1,0.3729693235,160871.13931234615,470.1622611465362,,,16,2026-09-05T14:01:50+00:00,0.2.0,mnist-512-256
syclnn,40,auto,True,AdaptiveCpp 25.10.0 /opt/acpp/bin/acpp / host Clang 18.1.3 /opt/acpp/bin/acpp,NVIDIA GeForce GTX 1080 Ti,gpu,13000,float,,,,,,,,,,,,,,5,0.01732570170734543,0.021411667105633955,73530104c6c665050f855a5aacd8863ad56fdfad,v0.2.0-9-gda3d659,,83.25,15.0,66d44e608458,6910f2a611b5,1.2191103789126854,7.028140826150766e-05,17-4-1,True,0.0021184711949899793,train,124,"{""sync_ops"": true}",,,,,,,,,,,,,,,,,,,,,58532.77603832916,1,0.0020518905,60432.07471353857,1888.1540657525536,,,16,2026-09-05T14:01:51+00:00,0.2.0,monk
syclnn,40,auto,True,AdaptiveCpp 25.10.0 /opt/acpp/bin/acpp / host Clang 18.1.3 /opt/acpp/bin/acpp,NVIDIA GeForce GTX 1080 Ti,gpu,13000,float,,,,,,,,,,,,,,5,1.4127101272821476,1.5404475732007394,73530104c6c665050f855a5aacd8863ad56fdfad,v0.2.0-9-gda3d659,21.561476319111538,106.61500000000001,17.5,66d44e608458,35b988b3a926,6.563354603463993,0.001045062206685543,12-64-64-3,True,0.020386347803287207,train,1000,"{""sync_ops"": true}",,,,,,,,,,,,,,,,,,,,,49052.43497507457,1,0.018551124500000002,53905.088071615275,1226.3108743768641,,,16,2026-09-05T14:01:52+00:00,0.2.0,cup
syclnn,256,auto,True,AdaptiveCpp 25.10.0 /opt/acpp/bin/acpp / host Clang 18.1.3 /opt/acpp/bin/acpp,NVIDIA GeForce GTX 1080 Ti,gpu,13000,float,,,,,,,,,,,,,,3,420.786592189696,426.2762077172151,73530104c6c665050f855a5aacd8863ad56fdfad,v0.2.0-9-gda3d659,330.35604880446976,114.98933333333333,26.266666666666666,66d44e608458,8b87ae7e447c,57.89303578299346,0.0030841861541072713,784-512-256-10,True,0.34327481597817194,train,60000,"{""sync_ops"": true}",,,,,,,,,,,,,,,,,,,,,174787.07206943855,1,0.23478562050000001,255552.27731674476,684.5826989386344,,,16,2026-09-05T14:01:56+00:00,0.2.0,mnist-512-256
