backend,batch,blas,check_ok,compiler,device,device_type,driver,dtype,epoch_act_ms,epoch_biasgrad_ms,epoch_d2h_ms,epoch_delta_ms,epoch_device_total_ms,epoch_gemm_ms,epoch_h2d_ms,epoch_loss_ms,epoch_other_ms,epoch_reg_ms,epoch_update_ms,epoch_wait_ms,epoch_wall_ms,epochs,gflops_gemm,gflops_total,git_bench,git_lib,gpu_energy_j,gpu_power_w,gpu_util_pct,host,id,intensity,iqr_epoch_s,layers,losses_finite,median_epoch_s,mode,n_samples,options,prof_act_ms,prof_batches,prof_biasgrad_ms,prof_bytes_d2h,prof_bytes_h2d,prof_d2h_ms,prof_delta_ms,prof_device_total_ms,prof_epoch_wall_ms,prof_epochs,prof_gemm_ms,prof_h2d_ms,prof_launches,prof_loss_ms,prof_other_ms,prof_reg_ms,prof_unprofiled,prof_update_ms,prof_wait_ms,prof_wall_ms,samples_per_s,seed,steady_epoch_s,steady_samples_per_s,steps_per_s,tag,threads,threads_effective,timestamp,version,workload
cudann,1,cublas,True,nvcc 12.9.86 /usr/local/cuda-12.9/bin/nvcc / host GNU 13.3.0,NVIDIA GeForce GTX 1080 Ti,gpu,13.0,float,1.5744042,0.0,0.7478294666666667,0.0,6.8920584,4.551374933333333,0.018449800000000002,0.0,0.0,0.0,0.0,0.006340666666666666,8.659061666666666,3,0.002132614728514578,0.0024288112185860476,189165a3ebfc25a50f6c29f2ff77fabb0e5ef554,v0.1.0-3-g7ff331c,,88.0,1.0,476ccbc833c5,7fb6c423cf77,0.3673469387755102,0.0009493376516426615,17-4-1,True,0.008372820351117602,infer,124,"{""profile"": true}",23.616063,0,0.0,7440,126480,11.217442,0.0,103.380876,,0,68.270624,0.276747,9315,0.0,0.0,0.0,0,0.0,0.09511,129.885925,14809.82450357346,1,,,14809.82450357346,,,16,2026-09-04T01:42:25+00:00,0.1.0,monk
cudann,124,cublas,True,nvcc 12.9.86 /usr/local/cuda-12.9/bin/nvcc / host GNU 13.3.0,NVIDIA GeForce GTX 1080 Ti,gpu,13.0,float,0.01475068,0.0,0.00636012,0.0,0.07433496,0.03610624,0.01711792,0.0,0.0,0.0,0.0,0.0044490400000000005,0.11088564,5,0.12295522463925292,0.14003233917248248,189165a3ebfc25a50f6c29f2ff77fabb0e5ef554,v0.1.0-3-g7ff331c,,,,476ccbc833c5,62f8cc4e2fea,1.354368932038835,4.7148088924586936e-06,17-4-1,True,0.0001452235970646143,infer,124,"{""profile"": true}",0.368767,0,0.0,12400,210800,0.159003,0.0,1.858374,,0,0.902656,0.427948,150,0.0,0.0,0.0,0,0.0,0.111226,2.772141,853855.7266614785,1,,,6885.9332795280525,,,16,2026-09-04T01:42:25+00:00,0.1.0,monk
cudann,1,cublas,True,nvcc 12.9.86 /usr/local/cuda-12.9/bin/nvcc / host GNU 13.3.0,NVIDIA GeForce GTX 1080 Ti,gpu,13.0,double,1.7799592666666666,0.0,0.7877134666666666,0.0,7.478925733333333,4.892263333333333,0.01898966666666667,0.0,0.0,0.0,0.0,0.006978066666666667,9.348842533333334,3,0.001982122857195337,0.002257417698472467,189165a3ebfc25a50f6c29f2ff77fabb0e5ef554,v0.1.0-3-g7ff331c,,87.82,5.0,476ccbc833c5,9079a8958e3d,0.1836734693877551,0.000773972676446041,17-4-1,True,0.009008523329005888,infer,124,"{""profile"": true}",26.699389,0,0.0,14880,252960,11.815702,0.0,112.183886,,0,73.38395,0.284845,9315,0.0,0.0,0.0,0,0.0,0.104671,140.232638,13764.742063856507,1,,,13764.742063856507,,,16,2026-09-04T01:42:25+00:00,0.1.0,monk
cudann,124,cublas,True,nvcc 12.9.86 /usr/local/cuda-12.9/bin/nvcc / host GNU 13.3.0,NVIDIA GeForce GTX 1080 Ti,gpu,13.0,double,0.02745856,0.0,0.01254044,0.0,0.13293728,0.06203264,0.03090564,0.0,0.0,0.0,0.0,0.007446,0.20953123999999998,5,0.06531204604828493,0.07438316355499117,189165a3ebfc25a50f6c29f2ff77fabb0e5ef554,v0.1.0-3-g7ff331c,,,,476ccbc833c5,4de867529131,0.6771844660194175,2.9675895348191153e-06,17-4-1,True,0.0002733952016569674,infer,124,"{""profile"": true}",0.686464,0,0.0,24800,421600,0.313511,0.0,3.323432,,0,1.550816,0.772641,150,0.0,0.0,0.0,0,0.0,0.18615,5.238281,453555.87533531204,1,,,3657.708672058968,,,16,2026-09-04T01:42:25+00:00,0.1.0,monk
cudann,1,cublas,True,nvcc 12.9.86 /usr/local/cuda-12.9/bin/nvcc / host GNU 13.3.0,NVIDIA GeForce GTX 1080 Ti,gpu,13.0,float,41.02926586666667,0.0,12.4355434,0.0,163.39646273333335,109.87383713333334,0.05781633333333334,0.0,0.0,0.0,0.0,0.014733,211.93079093333333,3,0.09866505994451824,0.10377784588309888,189165a3ebfc25a50f6c29f2ff77fabb0e5ef554,v0.1.0-3-g7ff331c,271.0450834470309,87.946875,33.4375,476ccbc833c5,c02170b85f90,0.4745635442087479,0.003405665008661657,12-64-64-3,True,0.20989574233923727,infer,2048,"{""profile"": true}",615.438988,0,0.0,368640,1474560,186.533151,0.0,2450.946941,,0,1648.107557,0.867245,215055,0.0,0.0,0.0,0,0.0,0.220995,3178.961864,9757.2250736272,1,,,9757.2250736272,,,16,2026-09-04T01:42:29+00:00,0.1.0,cup
cudann,1000,cublas,True,nvcc 12.9.86 /usr/local/cuda-12.9/bin/nvcc / host GNU 13.3.0,NVIDIA GeForce GTX 1080 Ti,gpu,13.0,float,0.018000640000000002,0.0,0.00816524,0.0,0.07858076,0.030597120000000002,0.021817760000000002,0.0,0.0,0.0,0.0,0.00548884,0.12153056,5,62.87986269039037,66.13827329657752,189165a3ebfc25a50f6c29f2ff77fabb0e5ef554,v0.1.0-3-g7ff331c,,,,476ccbc833c5,253220a5f26f,9.157562233749674,3.7930090911686366e-06,12-64-64-3,True,0.0001608146005310118,infer,1000,"{""profile"": true}",0.450016,0,0.0,300000,1200000,0.204131,0.0,1.964519,,0,0.764928,0.545444,200,0.0,0.0,0.0,0,0.0,0.137221,3.038264,6218340.851502212,1,,,6218.340851502212,,,16,2026-09-04T01:42:29+00:00,0.1.0,cup
cudann,1,cublas,True,nvcc 12.9.86 /usr/local/cuda-12.9/bin/nvcc / host GNU 13.3.0,NVIDIA GeForce GTX 1080 Ti,gpu,13.0,double,41.20853293333333,0.0,12.998996266666667,0.0,165.23813479999998,110.95142566666667,0.07917993333333334,0.0,0.0,0.0,0.0,0.012352466666666667,209.09468653333334,3,0.09895413634287212,0.10408190211063961,189165a3ebfc25a50f6c29f2ff77fabb0e5ef554,v0.1.0-3-g7ff331c,264.933664764282,87.166875,36.1875,476ccbc833c5,dd28a495503a,0.23728177210437396,0.0013506583442600972,12-64-64-3,True,0.20928257034393027,infer,2048,"{""profile"": true}",618.127994,0,0.0,737280,2949120,194.984944,0.0,2478.572022,,0,1664.271385,1.187699,215055,0.0,0.0,0.0,0,0.0,0.185287,3136.420298,9785.812533907449,1,,,9785.812533907449,,,16,2026-09-04T01:42:33+00:00,0.1.0,cup
cudann,1000,cublas,True,nvcc 12.9.86 /usr/local/cuda-12.9/bin/nvcc / host GNU 13.3.0,NVIDIA GeForce GTX 1080 Ti,gpu,13.0,double,0.02913916,0.0,0.01212596,0.0,0.16260144,0.08231552,0.0390208,0.0,0.0,0.0,0.0,0.01067828,0.231351,5,32.18252320210654,33.85020933322836,189165a3ebfc25a50f6c29f2ff77fabb0e5ef554,v0.1.0-3-g7ff331c,,,,476ccbc833c5,dd76cef76dfb,4.578781116874837,1.4444591943174611e-05,12-64-64-3,True,0.0003142078057862818,infer,1000,"{""profile"": true}",0.728479,0,0.0,600000,2400000,0.303149,0.0,4.065036,,0,2.057888,0.97552,200,0.0,0.0,0.0,0,0.0,0.266957,5.783775,3182607.1204614853,1,,,3182.6071204614855,,,16,2026-09-04T01:42:33+00:00,0.1.0,cup
cudann,1,cublas,True,nvcc 12.9.86 /usr/local/cuda-12.9/bin/nvcc / host GNU 13.3.0,NVIDIA GeForce GTX 1080 Ti,gpu,13.0,float,30.869104,0.0,12.637382533333332,0.0,175.94421066666666,126.87032413333333,5.5674,0.0,0.0,0.0,0.0,0.0125072,217.4454522,3,10.004960698347888,10.034057062819011,189165a3ebfc25a50f6c29f2ff77fabb0e5ef554,v0.1.0-3-g7ff331c,309.25867324566406,95.25235294117647,44.470588235294116,476ccbc833c5,d4ffd10d6791,0.49783203379422,0.0012223546703656607,784-512-256-10,True,0.21904372301651165,infer,2048,"{""profile"": true}",463.03656,0,0.0,1228800,96337920,189.560738,0.0,2639.16316,,0,1903.054862,83.511,215055,0.0,0.0,0.0,0,0.0,0.187608,3261.681783,9349.731513856805,1,,,9349.731513856805,,,16,2026-09-04T01:42:37+00:00,0.1.0,mnist-512-256
cudann,4096,cublas,True,nvcc 12.9.86 /usr/local/cuda-12.9/bin/nvcc / host GNU 13.3.0,NVIDIA GeForce GTX 1080 Ti,gpu,13.0,float,1.65784832,0.0,0.7408831600000001,0.0,170.67673548,9.01679736,159.26120664,0.0,0.0,0.0,0.0,30.71197776,173.39177004,5,196.402717549411,196.97389471094448,189165a3ebfc25a50f6c29f2ff77fabb0e5ef554,v0.1.0-3-g7ff331c,559.2947881793715,71.00725,12.775,476ccbc833c5,046a51ef4d07,108.72034544069088,0.0013455033884383627,784-512-256-10,True,0.32690382699947806,infer,60000,"{""profile"": true}",41.446208,0,0.0,60000000,4704000000,18.522079,0.0,4266.918387,,0,225.419934,3981.530166,2650,0.0,0.0,0.0,0,0.0,767.799444,4334.794251,183540.21900176714,1,,,45.88505475044178,,,16,2026-09-04T01:42:47+00:00,0.1.0,mnist-512-256
cudann,1,cublas,True,nvcc 12.9.86 /usr/local/cuda-12.9/bin/nvcc / host GNU 13.3.0,NVIDIA GeForce GTX 1080 Ti,gpu,13.0,double,27.1703442,0.0,12.864162333333333,0.0,179.71442373333332,129.25786713333335,10.422050066666666,0.0,0.0,0.0,0.0,0.011735733333333333,216.19437273333332,3,9.922086517614755,9.950941867908954,189165a3ebfc25a50f6c29f2ff77fabb0e5ef554,v0.1.0-3-g7ff331c,319.9426502819671,98.00176470588235,50.8235294117647,476ccbc833c5,723f350df650,0.24891601689711,0.003018534994528921,784-512-256-10,True,0.22087328467750922,infer,2048,"{""profile"": true}",407.555163,0,0.0,2457600,192675840,192.962435,0.0,2695.716356,,0,1938.868007,156.330751,215055,0.0,0.0,0.0,0,0.0,0.176036,3242.915591,9272.28479890733,1,,,9272.28479890733,,,16,2026-09-04T01:42:52+00:00,0.1.0,mnist-512-256
cudann,4096,cublas,True,nvcc 12.9.86 /usr/local/cuda-12.9/bin/nvcc / host GNU 13.3.0,NVIDIA GeForce GTX 1080 Ti,gpu,13.0,double,3.5626675199999998,0.0,1.84398872,0.0,506.54485783999996,181.69236863999998,319.44583296,0.0,0.0,0.0,0.0,225.69983531999998,510.8519266,5,78.44880912583781,78.67695346457847,189165a3ebfc25a50f6c29f2ff77fabb0e5ef554,v0.1.0-3-g7ff331c,2131.9912440328617,100.6933,28.17,476ccbc833c5,4d5e69fb4a3a,54.36017272034544,0.005965139192994684,784-512-256-10,True,0.8184292497928254,infer,60000,"{""profile"": true}",89.066688,0,0.0,120000000,9408000000,46.099718,0.0,12663.621446,,0,4542.309216,7986.145824,2650,0.0,0.0,0.0,0,0.0,5642.495883,12771.298165,73311.16283440287,1,,,18.327790708600716,,,16,2026-09-04T01:43:14+00:00,0.1.0,mnist-512-256
cudann,1,cublas,True,nvcc 12.9.86 /usr/local/cuda-12.9/bin/nvcc / host GNU 13.3.0,NVIDIA GeForce GTX 1080 Ti,gpu,13.0,float,19.334436,0.0,11.638389733333334,0.0,179.54077093333333,143.3931632,5.1747819999999995,0.0,0.0,0.0,0.0,0.012084133333333334,215.27274626666667,3,35.046821696201924,35.12430893218711,189165a3ebfc25a50f6c29f2ff77fabb0e5ef554,v0.1.0-3-g7ff331c,346.67130203751753,106.57058823529412,69.0,476ccbc833c5,54e0330737b9,0.49869007705240015,0.005576187337283045,784-1024-1024-10,True,0.21757307233444104,infer,2048,"{""profile"": true}",290.01654,0,0.0,1228800,96337920,174.575846,0.0,2693.111564,,0,2150.897448,77.62173,215055,0.0,0.0,0.0,0,0.0,0.181262,3229.091194,9412.929541445874,1,,,9412.929541445874,,,16,2026-09-04T01:43:19+00:00,0.1.0,mnist
cudann,4096,cublas,True,nvcc 12.9.86 /usr/local/cuda-12.9/bin/nvcc / host GNU 13.3.0,NVIDIA GeForce GTX 1080 Ti,gpu,13.0,float,4.23482496,0.0,0.75914292,0.0,191.18053668000002,22.87293568,163.31363312,0.0,0.0,0.0,0.0,47.217785039999995,193.86444608000002,5,641.5911278487639,643.0096622756676,189165a3ebfc25a50f6c29f2ff77fabb0e5ef554,v0.1.0-3-g7ff331c,784.6124680129243,91.98162790697674,13.604651162790697,476ccbc833c5,db9dde64fc1e,174.16334549536907,0.00896819420158862,784-1024-1024-10,True,0.3481903509935364,infer,60000,"{""profile"": true}",105.870624,0,0.0,60000000,4704000000,18.978573,0.0,4779.513417,,0,571.823392,4082.840828,2650,0.0,0.0,0.0,0,0.0,1180.444626,4846.611152,172319.53679587692,1,,,43.07988419896923,,,16,2026-09-04T01:43:30+00:00,0.1.0,mnist
cudann,1,cublas,True,nvcc 12.9.86 /usr/local/cuda-12.9/bin/nvcc / host GNU 13.3.0,NVIDIA GeForce GTX 1080 Ti,gpu,13.0,double,19.654659666666664,0.0,11.110386266666666,0.0,191.50956846666668,149.9172374,10.827285133333334,0.0,0.0,0.0,0.0,0.0396288,225.16267340000002,3,33.388148344780504,33.46196831488583,189165a3ebfc25a50f6c29f2ff77fabb0e5ef554,v0.1.0-3-g7ff331c,414.110711658512,126.75529411764707,79.82352941176471,476ccbc833c5,63be68e9c6cb,0.24934503852620007,0.0035689283201160438,784-1024-1024-10,True,0.22838177766728526,infer,2048,"{""profile"": true}",294.819895,0,0.0,2457600,192675840,166.655794,0.0,2872.643527,,0,2248.758561,162.409277,215055,0.0,0.0,0.0,0,0.0,0.594432,3377.440101,8967.44048898507,1,,,8967.44048898507,,,16,2026-09-04T01:43:35+00:00,0.1.0,mnist
cudann,4096,cublas,True,nvcc 12.9.86 /usr/local/cuda-12.9/bin/nvcc / host GNU 13.3.0,NVIDIA GeForce GTX 1080 Ti,gpu,13.0,double,8.68651764,0.0,1.8568061599999999,0.0,949.0492153199999,615.74365668,322.76223483999996,0.0,0.0,0.0,0.0,664.87947004,953.32261324,5,178.44308828275527,178.83761939920137,189165a3ebfc25a50f6c29f2ff77fabb0e5ef554,v0.1.0-3-g7ff331c,3975.473774969772,124.04051948051949,54.45454545454545,476ccbc833c5,8a13a7e27236,87.08167274768454,0.008688651595730512,784-1024-1024-10,True,1.251916463393718,infer,60000,"{""profile"": true}",217.162941,0,0.0,120000000,9408000000,46.420154,0.0,23726.230383,,0,15393.591417,8069.055871,2650,0.0,0.0,0.0,0,0.0,16621.986751,23833.065331,47926.52046235649,1,,,11.981630115589123,,,16,2026-09-04T01:44:09+00:00,0.1.0,mnist
syclnn,1,auto,True,Clang 22.1.0 /opt/sycl/bin/clang++,NVIDIA GeForce GTX 1080 Ti,gpu,CUDA 13.0,float,1.4024193333333335,0.0,0.6341353333333333,0.0,8.157419666666666,6.101691933333333,0.01917306666666667,0.0,0.0,0.0,0.0,0.004810066666666667,20.055469000000002,3,0.0008931414481494895,0.0010171888715035853,189165a3ebfc25a50f6c29f2ff77fabb0e5ef554,v0.2.0-4-gb5c4569,17.810625347894383,88.065,6.0,a025193bac5c,078db2ae8b4b,0.3673469387755102,6.896932609379292e-05,17-4-1,True,0.019992353996106733,infer,124,"{""profile"": true}",21.03629,0,0.0,7440,126480,9.51203,0.0,122.361295,,0,91.525379,0.287596,9315,0.0,0.0,0.0,0,0.0,0.072151,300.832035,6202.371167704788,1,,,6202.371167704788,,,16,2026-09-04T04:35:47+00:00,0.2.0,monk
syclnn,124,auto,True,Clang 22.1.0 /opt/sycl/bin/clang++,NVIDIA GeForce GTX 1080 Ti,gpu,CUDA 13.0,float,0.01192148,0.0,0.00534968,0.0,0.07543852000000001,0.04299556,0.0151718,0.0,0.0,0.0,0.0,0.00411336,0.21767716,5,0.06885408771142006,0.07841715544911729,189165a3ebfc25a50f6c29f2ff77fabb0e5ef554,v0.2.0-4-gb5c4569,,,,a025193bac5c,a1e884cf40d3,1.354368932038835,6.637803744524696e-06,17-4-1,True,0.0002593310084193945,infer,124,"{""profile"": true}",0.298037,0,0.0,12400,210800,0.133742,0.0,1.885963,,0,1.074889,0.379295,150,0.0,0.0,0.0,0,0.0,0.102834,5.441929,478153.3868848615,1,,,3856.075700684367,,,16,2026-09-04T04:35:47+00:00,0.2.0,monk
syclnn,1,auto,True,Clang 22.1.0 /opt/sycl/bin/clang++,NVIDIA GeForce GTX 1080 Ti,gpu,CUDA 13.0,double,1.5520812,0.0,0.7160883333333333,0.0,8.456227533333333,6.166373733333333,0.021684266666666667,0.0,0.0,0.0,0.0,0.012405533333333333,20.3691334,3,0.0009019637714763249,0.0010272365175147033,189165a3ebfc25a50f6c29f2ff77fabb0e5ef554,v0.2.0-4-gb5c4569,17.658130878973754,87.28,8.5,a025193bac5c,ae3bea19c033,0.1836734693877551,2.9037357307970524e-05,17-4-1,True,0.019796804001089185,infer,124,"{""profile"": true}",23.281218,0,0.0,14880,252960,10.741325,0.0,126.843413,,0,92.495606,0.325264,9315,0.0,0.0,0.0,0,0.0,0.186083,305.537001,6263.637301918923,1,,,6263.637301918923,,,16,2026-09-04T04:35:47+00:00,0.2.0,monk
syclnn,124,auto,True,Clang 22.1.0 /opt/sycl/bin/clang++,NVIDIA GeForce GTX 1080 Ti,gpu,CUDA 13.0,double,0.014223600000000001,0.0,0.006517039999999999,0.0,0.08369504,0.046591839999999995,0.016362559999999998,0.0,0.0,0.0,0.0,0.00421944,0.23283448,5,0.06425416088569288,0.07317834989759466,189165a3ebfc25a50f6c29f2ff77fabb0e5ef554,v0.2.0-4-gb5c4569,,,,a025193bac5c,b2ddf77b0c6d,0.6771844660194175,1.2270058505236994e-06,17-4-1,True,0.0002778964000754058,infer,124,"{""profile"": true}",0.35559,0,0.0,24800,421600,0.162926,0.0,2.092376,,0,1.164796,0.409064,150,0.0,0.0,0.0,0,0.0,0.105486,5.820862,446209.4505950894,1,,,3598.4633112507213,,,16,2026-09-04T04:35:47+00:00,0.2.0,monk
syclnn,1,auto,True,Clang 22.1.0 /opt/sycl/bin/clang++,NVIDIA GeForce GTX 1080 Ti,gpu,CUDA 13.0,float,34.44601746666667,0.0,11.457395066666667,0.0,195.75026313333333,149.775768,0.0710826,0.0,0.0,0.0,0.0,0.011339933333333333,515.8485878,3,0.040138890378901705,0.04221887243571979,189165a3ebfc25a50f6c29f2ff77fabb0e5ef554,v0.2.0-4-gb5c4569,667.7287990815626,86.55794871794872,18.102564102564102,a025193bac5c,e67fa183fb1d,0.4745635442087479,0.006833886669483036,12-64-64-3,True,0.5159429123353524,infer,2048,"{""profile"": true}",516.690262,0,0.0,368640,1474560,171.860926,0.0,2936.253947,,0,2246.63652,1.066239,215055,0.0,0.0,0.0,0,0.0,0.170099,7737.728817,3969.4314061413866,1,,,3969.4314061413866,,,16,2026-09-04T04:35:56+00:00,0.2.0,cup
syclnn,1000,auto,True,Clang 22.1.0 /opt/sycl/bin/clang++,NVIDIA GeForce GTX 1080 Ti,gpu,CUDA 13.0,float,0.0360154,0.0,0.01310348,0.0,0.14310908,0.060937599999999995,0.0330526,0.0,0.0,0.0,0.0,0.00597316,0.4506814,5,19.064576388520152,20.052495497260715,189165a3ebfc25a50f6c29f2ff77fabb0e5ef554,v0.2.0-4-gb5c4569,,,,a025193bac5c,e779647e1a33,9.157562233749674,1.4870602171868086e-05,12-64-64-3,True,0.0005304077989421785,infer,1000,"{""profile"": true}",0.900385,0,0.0,300000,1200000,0.327587,0.0,3.577727,,0,1.52344,0.826315,200,0.0,0.0,0.0,0,0.0,0.149329,11.267035,1885341.8105735912,1,,,1885.3418105735911,,,16,2026-09-04T04:35:56+00:00,0.2.0,cup
syclnn,1,auto,True,Clang 22.1.0 /opt/sycl/bin/clang++,NVIDIA GeForce GTX 1080 Ti,gpu,CUDA 13.0,double,34.17997726666667,0.0,11.498565533333334,0.0,192.39729606666666,146.6264302,0.09232306666666666,0.0,0.0,0.0,0.0,0.011276333333333333,505.0307492,3,0.0411004588400302,0.04323026900935139,189165a3ebfc25a50f6c29f2ff77fabb0e5ef554,v0.2.0-4-gb5c4569,574.8300191473359,76.39947368421052,20.94736842105263,a025193bac5c,cb490403641a,0.23728177210437396,0.022270637991217257,12-64-64-3,True,0.5038721363331812,infer,2048,"{""profile"": true}",512.699659,0,0.0,737280,2949120,172.478483,0.0,2885.959441,,0,2199.396453,1.384846,215055,0.0,0.0,0.0,0,0.0,0.169145,7575.461238,4064.5232238953918,1,,,4064.5232238953918,,,16,2026-09-04T04:36:04+00:00,0.2.0,cup
syclnn,1000,auto,True,Clang 22.1.0 /opt/sycl/bin/clang++,NVIDIA GeForce GTX 1080 Ti,gpu,CUDA 13.0,double,0.033828,0.0,0.01102992,0.0,0.18262096,0.10398427999999998,0.03377876,0.0,0.0,0.0,0.0,0.00704152,0.3277948,5,28.39792161546553,29.86949112955809,189165a3ebfc25a50f6c29f2ff77fabb0e5ef554,v0.2.0-4-gb5c4569,,,,a025193bac5c,2adebea98ea9,4.578781116874837,1.2474390678107706e-05,12-64-64-3,True,0.0003560823970474303,infer,1000,"{""profile"": true}",0.8457,0,0.0,600000,2400000,0.275748,0.0,4.565524,,0,2.599607,0.844469,200,0.0,0.0,0.0,0,0.0,0.176038,8.19487,2808338.7673522085,1,,,2808.3387673522084,,,16,2026-09-04T04:36:04+00:00,0.2.0,cup
syclnn,1,auto,True,Clang 22.1.0 /opt/sycl/bin/clang++,NVIDIA GeForce GTX 1080 Ti,gpu,CUDA 13.0,float,36.0502744,0.0,11.3601364,0.0,231.490245,178.47422026666666,5.605613933333333,0.0,0.0,0.0,0.0,0.012830466666666667,508.1264166,3,4.246663376203295,4.259013496219317,189165a3ebfc25a50f6c29f2ff77fabb0e5ef554,v0.2.0-4-gb5c4569,512.8899890270175,66.65794871794871,26.794871794871796,a025193bac5c,4f4435a110cd,0.49783203379422,0.0014328506658785045,784-512-256-10,True,0.5160578190116212,infer,2048,"{""profile"": true}",540.754116,0,0.0,1228800,96337920,170.402046,0.0,3472.353675,,0,2677.113304,84.084209,215055,0.0,0.0,0.0,0,0.0,0.192457,7621.896249,3968.547562989024,1,,,3968.547562989024,,,16,2026-09-04T04:36:14+00:00,0.2.0,mnist-512-256
syclnn,4096,auto,True,Clang 22.1.0 /opt/sycl/bin/clang++,NVIDIA GeForce GTX 1080 Ti,gpu,CUDA 13.0,float,1.8939054,0.0,0.7557324,0.0,170.70911036,9.1440622,158.91541036,0.0,0.0,0.0,0.0,29.26661564,173.77411528000002,5,199.27784080450022,199.85737938160062,189165a3ebfc25a50f6c29f2ff77fabb0e5ef554,v0.2.0-4-gb5c4569,523.0513285850943,66.21325,12.725,a025193bac5c,6d1d71347c8f,108.72034544069088,0.0018768784007988648,784-512-256-10,True,0.3221873527974822,infer,60000,"{""profile"": true}",47.347635,0,0.0,60000000,4704000000,18.89331,0.0,4267.727759,,0,228.601555,3972.885259,2650,0.0,0.0,0.0,0,0.0,731.665391,4344.352882,186227.04919678922,1,,,46.55676229919731,,,16,2026-09-04T04:36:23+00:00,0.2.0,mnist-512-256
syclnn,1,auto,True,Clang 22.1.0 /opt/sycl/bin/clang++,NVIDIA GeForce GTX 1080 Ti,gpu,CUDA 13.0,double,37.7661932,0.0,11.680977733333332,0.0,248.88570673333334,188.49737206666666,10.941163733333333,0.0,0.0,0.0,0.0,0.010572866666666668,509.8909587333334,3,4.2178112951861735,4.230077507759645,189165a3ebfc25a50f6c29f2ff77fabb0e5ef554,v0.2.0-4-gb5c4569,521.1304419561006,67.57974358974359,29.897435897435898,a025193bac5c,a0c516750ec9,0.24891601689711,0.004231816642762398,784-512-256-10,True,0.5195879300008528,infer,2048,"{""profile"": true}",566.492898,0,0.0,2457600,192675840,175.214666,0.0,3733.285601,,0,2827.460581,164.117456,215055,0.0,0.0,0.0,0,0.0,0.158593,7648.364381,3941.5850171820557,1,,,3941.5850171820557,,,16,2026-09-04T04:36:33+00:00,0.2.0,mnist-512-256
syclnn,4096,auto,True,Clang 22.1.0 /opt/sycl/bin/clang++,NVIDIA GeForce GTX 1080 Ti,gpu,CUDA 13.0,double,3.61984264,0.0,1.73672928,0.0,500.70514252,180.69078188,314.65778872,0.0,0.0,0.0,0.0,222.15149592,505.26971608,5,79.68041270259097,79.91213878319286,189165a3ebfc25a50f6c29f2ff77fabb0e5ef554,v0.2.0-4-gb5c4569,2081.426155121406,100.32949494949496,31.02020202020202,a025193bac5c,ddb31b46d9d9,54.36017272034544,0.003664783400017857,784-512-256-10,True,0.8057789589976891,infer,60000,"{""profile"": true}",90.496066,0,0.0,120000000,9408000000,43.418232,0.0,12517.628563,,0,4517.269547,7866.444718,2650,0.0,0.0,0.0,0,0.0,5553.787398,12631.742902,74462.10816255884,1,,,18.615527040639712,,,16,2026-09-04T04:36:55+00:00,0.2.0,mnist-512-256
syclnn,1,auto,True,Clang 22.1.0 /opt/sycl/bin/clang++,NVIDIA GeForce GTX 1080 Ti,gpu,CUDA 13.0,float,32.18851926666667,0.0,11.598429733333335,0.0,277.62856293333334,228.51669886666664,5.324915066666667,0.0,0.0,0.0,0.0,0.017602266666666665,511.2789480666667,3,14.73200617873679,14.764578103495111,189165a3ebfc25a50f6c29f2ff77fabb0e5ef554,v0.2.0-4-gb5c4569,719.442463218794,93.13794871794872,34.666666666666664,a025193bac5c,654a6293b296,0.49869007705240015,0.00457542234410846,784-1024-1024-10,True,0.5175971676556704,infer,2048,"{""profile"": true}",482.827789,0,0.0,1228800,96337920,173.976446,0.0,4164.428444,,0,3427.750483,79.873726,215055,0.0,0.0,0.0,0,0.0,0.264034,7669.184221,3956.744990077736,1,,,3956.744990077736,,,16,2026-09-04T04:37:05+00:00,0.2.0,mnist
syclnn,4096,auto,True,Clang 22.1.0 /opt/sycl/bin/clang++,NVIDIA GeForce GTX 1080 Ti,gpu,CUDA 13.0,float,4.25968772,0.0,0.7464718,0.0,195.73236336000002,25.58062452,165.14557932,0.0,0.0,0.0,0.0,46.80731768,198.7004708,5,645.4040175907816,646.8309821769102,189165a3ebfc25a50f6c29f2ff77fabb0e5ef554,v0.2.0-4-gb5c4569,636.3250886121849,75.10720930232559,15.837209302325581,a025193bac5c,dfaa47ab142e,174.16334549536907,0.01976283158874137,784-1024-1024-10,True,0.3461333272047341,infer,60000,"{""profile"": true}",106.492193,0,0.0,60000000,4704000000,18.661795,0.0,4893.309084,,0,639.515613,4128.639483,2650,0.0,0.0,0.0,0,0.0,1170.182942,4967.51177,173343.6086161985,1,,,43.33590215404962,,,16,2026-09-04T04:37:15+00:00,0.2.0,mnist
syclnn,1,auto,True,Clang 22.1.0 /opt/sycl/bin/clang++,NVIDIA GeForce GTX 1080 Ti,gpu,CUDA 13.0,double,28.166676199999998,0.0,11.734223666666667,0.0,305.2360674,254.85103553333332,10.484131999999999,0.0,0.0,0.0,0.0,0.0092062,515.2229929333333,3,14.690393084737806,14.722873004473167,189165a3ebfc25a50f6c29f2ff77fabb0e5ef554,v0.2.0-4-gb5c4569,780.6665726874045,101.26717948717949,38.76923076923077,a025193bac5c,455ec78d99a0,0.24934503852620007,0.00792819498262054,784-1024-1024-10,True,0.519063351675868,infer,2048,"{""profile"": true}",422.500143,0,0.0,2457600,192675840,176.013355,0.0,4578.541011,,0,3822.765533,157.26198,215055,0.0,0.0,0.0,0,0.0,0.138093,7728.344894,3945.56848097202,1,,,3945.56848097202,,,16,2026-09-04T04:37:25+00:00,0.2.0,mnist
syclnn,4096,auto,True,Clang 22.1.0 /opt/sycl/bin/clang++,NVIDIA GeForce GTX 1080 Ti,gpu,CUDA 13.0,double,8.6624996,0.0,1.7700558000000002,0.0,945.66776896,615.7381252,319.49708836,0.0,0.0,0.0,0.0,663.2395595600001,950.6395952800001,5,177.85279303510947,178.2460190304364,189165a3ebfc25a50f6c29f2ff77fabb0e5ef554,v0.2.0-4-gb5c4569,3963.080701490944,123.78311688311688,54.064935064935064,a025193bac5c,3ea4cd55a74e,87.08167274768454,0.0020208662026561797,784-1024-1024-10,True,1.2560715870000423,infer,60000,"{""profile"": true}",216.56249,0,0.0,120000000,9408000000,44.251395,0.0,23641.694224,,0,15393.45313,7987.427209,2650,0.0,0.0,0.0,0,0.0,16580.988989,23765.989882,47767.97805235123,1,,,11.941994513087808,,,16,2026-09-04T04:37:59+00:00,0.2.0,mnist
ompnn,1,cublas,True,Clang 18.1.3 /usr/bin/clang++-18,NVIDIA GeForce GTX 1080 Ti,gpu,13.0,float,11.495293066666667,0.0,6.706313933333333,0.0,26.714085133333334,8.4784556,0.034022533333333334,0.0,0.0,0.0,0.0,0.0,26.866145933333332,3,0.0006555475915769868,0.0007465958681849015,189165a3ebfc25a50f6c29f2ff77fabb0e5ef554,v0.1.0-8-ge91146e,18.30165419545141,90.50999999999999,14.0,d58212944fee,7c8ddc30c1e2,0.3673469387755102,0.0025919790108067282,17-4-1,True,0.027238297004563112,infer,124,"{""profile"": true}",172.429396,0,0.0,7440,126480,100.594709,0.0,400.711277,,0,127.176834,0.510338,9315,0.0,0.0,0.0,0,0.0,0.0,402.992189,4552.413830395742,1,,,4552.413830395742,,,16,2026-09-04T08:30:40+00:00,0.1.0,monk
ompnn,124,cublas,True,Clang 18.1.3 /usr/bin/clang++-18,NVIDIA GeForce GTX 1080 Ti,gpu,13.0,float,0.0679284,0.0,0.07041932000000001,0.0,0.26106155999999997,0.09417579999999999,0.028538039999999997,0.0,0.0,0.0,0.0,0.0,0.27552308,5,0.05791340600628921,0.06595693461827383,189165a3ebfc25a50f6c29f2ff77fabb0e5ef554,v0.1.0-8-ge91146e,,,,d58212944fee,1ca69a9bee23,1.354368932038835,5.688599776476589e-06,17-4-1,True,0.0003083223942667246,infer,124,"{""profile"": true}",1.69821,0,0.0,12400,210800,1.760483,0.0,6.526539,,0,2.354395,0.713451,150,0.0,0.0,0.0,0,0.0,0.0,6.888077,402176.43059923063,1,,,3243.3583112841184,,,16,2026-09-04T08:30:40+00:00,0.1.0,monk
ompnn,1,cublas,True,Clang 18.1.3 /usr/bin/clang++-18,NVIDIA GeForce GTX 1080 Ti,gpu,13.0,double,12.523824,0.0,7.446833666666667,0.0,29.717136999999997,9.679134333333334,0.067345,0.0,0.0,0.0,0.0,0.0,29.9037424,3,0.0006048782471406759,0.0006888891147991031,189165a3ebfc25a50f6c29f2ff77fabb0e5ef554,v0.1.0-8-ge91146e,35.674066408560606,88.36333333333334,12.333333333333334,d58212944fee,87d001b0b885,0.1836734693877551,0.0009915350043835716,17-4-1,True,0.029519990319386125,infer,124,"{""profile"": true}",187.85736,0,0.0,14880,252960,111.702505,0.0,445.757055,,0,145.187015,1.010175,9315,0.0,0.0,0.0,0,0.0,0.0,448.556136,4200.543382921361,1,,,4200.543382921361,,,16,2026-09-04T08:30:41+00:00,0.1.0,monk
ompnn,124,cublas,True,Clang 18.1.3 /usr/bin/clang++-18,NVIDIA GeForce GTX 1080 Ti,gpu,13.0,double,0.09837184,0.0,0.053436199999999996,0.0,0.305093,0.09541368,0.05787128,0.0,0.0,0.0,0.0,0.0,0.31789076,5,0.05203488488830192,0.05926195223389941,189165a3ebfc25a50f6c29f2ff77fabb0e5ef554,v0.1.0-8-ge91146e,,,,d58212944fee,d288708aeb4e,0.6771844660194175,1.1949997860938332e-05,17-4-1,True,0.00034315440570935606,infer,124,"{""profile"": true}",2.459296,0,0.0,24800,421600,1.335905,0.0,7.627325,,0,2.385342,1.446782,150,0.0,0.0,0.0,0,0.0,0.0,7.947269,361353.3672798745,1,,,2914.140058708665,,,16,2026-09-04T08:30:41+00:00,0.1.0,monk
ompnn,1,cublas,True,Clang 18.1.3 /usr/bin/clang++-18,NVIDIA GeForce GTX 1080 Ti,gpu,13.0,float,287.36806486666666,0.0,115.650713,0.0,731.9206677999999,328.78841086666665,0.11347906666666667,0.0,0.0,0.0,0.0,0.0,735.1451271999999,3,0.028238248456724048,0.029701543768365996,189165a3ebfc25a50f6c29f2ff77fabb0e5ef554,v0.1.0-8-ge91146e,755.7006907593292,68.96909090909091,17.29090909090909,d58212944fee,b87b35f2a782,0.4745635442087479,0.031223080334408904,12-64-64-3,True,0.73338033099814,infer,2048,"{""profile"": true}",4310.520973,0,0.0,368640,1474560,1734.760695,0.0,10978.810017,,0,4931.826163,1.702186,215055,0.0,0.0,0.0,0,0.0,0.0,11027.176908,2792.5483046602103,1,,,2792.5483046602103,,,16,2026-09-04T08:30:53+00:00,0.1.0,cup
ompnn,1000,cublas,True,Clang 18.1.3 /usr/bin/clang++-18,NVIDIA GeForce GTX 1080 Ti,gpu,13.0,float,0.15991048,0.0,0.06078552,0.0,0.46371804,0.16084824,0.0821738,0.0,0.0,0.0,0.0,0.0,0.48052292,5,19.617391365513008,20.6339571364316,189165a3ebfc25a50f6c29f2ff77fabb0e5ef554,v0.1.0-8-ge91146e,,,,d58212944fee,7611b34ef727,9.157562233749674,3.473981050774457e-05,12-64-64-3,True,0.0005154609913006425,infer,1000,"{""profile"": true}",3.997762,0,0.0,300000,1200000,1.519638,0.0,11.592951,,0,4.021206,2.054345,200,0.0,0.0,0.0,0,0.0,0.0,12.013073,1940011.0132034225,1,,,1940.0110132034224,,,16,2026-09-04T08:30:53+00:00,0.1.0,cup
ompnn,1,cublas,True,Clang 18.1.3 /usr/bin/clang++-18,NVIDIA GeForce GTX 1080 Ti,gpu,13.0,double,301.3822354,0.0,116.80195180000001,0.0,754.7803233333333,336.46916086666664,0.12697526666666667,0.0,0.0,0.0,0.0,0.0,758.0202178666666,3,0.026922161567456845,0.0283172577562768,189165a3ebfc25a50f6c29f2ff77fabb0e5ef554,v0.1.0-8-ge91146e,749.5485475999874,67.35142857142857,15.232142857142858,d58212944fee,36b7e5453a9d,0.23728177210437396,0.054302734322845936,12-64-64-3,True,0.7692315473298853,infer,2048,"{""profile"": true}",4520.733531,0,0.0,737280,2949120,1752.029277,0.0,11321.70485,,0,5047.037413,1.904629,215055,0.0,0.0,0.0,0,0.0,0.0,11370.303268,2662.3973069083117,1,,,2662.3973069083117,,,16,2026-09-04T08:31:05+00:00,0.1.0,cup
ompnn,1000,cublas,True,Clang 18.1.3 /usr/bin/clang++-18,NVIDIA GeForce GTX 1080 Ti,gpu,13.0,double,0.1615428,0.0,0.060177680000000004,0.0,0.51637628,0.19220040000000002,0.1024554,0.0,0.0,0.0,0.0,0.0,0.53476452,5,17.639299317856832,18.553361110040075,189165a3ebfc25a50f6c29f2ff77fabb0e5ef554,v0.1.0-8-ge91146e,,,,d58212944fee,6ba20447b354,4.578781116874837,0.00012628280092030764,12-64-64-3,True,0.0005732654011808336,infer,1000,"{""profile"": true}",4.03857,0,0.0,600000,2400000,1.504442,0.0,12.909407,,0,4.80501,2.561385,200,0.0,0.0,0.0,0,0.0,0.0,13.369113,1744392.7331741329,1,,,1744.392733174133,,,16,2026-09-04T08:31:05+00:00,0.1.0,cup
ompnn,1,cublas,True,Clang 18.1.3 /usr/bin/clang++-18,NVIDIA GeForce GTX 1080 Ti,gpu,13.0,float,298.21551846666665,0.0,113.55182586666666,0.0,802.1984285333333,388.3827222666667,2.048361933333333,0.0,0.0,0.0,0.0,0.0,806.0909687999999,3,2.6976786410696163,2.7055240133137555,189165a3ebfc25a50f6c29f2ff77fabb0e5ef554,v0.1.0-8-ge91146e,872.4977114017022,72.90166666666667,23.033333333333335,d58212944fee,39162f5f8131,0.49783203379422,0.016494602993285867,784-512-256-10,True,0.8123739450044619,infer,2048,"{""profile"": true}",4473.232777,0,0.0,1228800,96337920,1703.277388,0.0,12032.976428,,0,5825.740834,30.725429,215055,0.0,0.0,0.0,0,0.0,0.0,12091.364532,2521.0065051861693,1,,,2521.0065051861693,,,16,2026-09-04T08:31:19+00:00,0.1.0,mnist-512-256
ompnn,4096,cublas,True,Clang 18.1.3 /usr/bin/clang++-18,NVIDIA GeForce GTX 1080 Ti,gpu,13.0,float,7.67098788,0.0,2.0249248,0.0,72.28290971999999,13.36955504,49.217442,0.0,0.0,0.0,0.0,0.0,73.16417624,5,303.21791571162566,304.0997321680538,189165a3ebfc25a50f6c29f2ff77fabb0e5ef554,v0.1.0-8-ge91146e,357.02388158480153,71.08076923076922,24.76923076923077,d58212944fee,be11588ec948,108.72034544069088,0.0033748471993021723,784-512-256-10,True,0.21174474420258776,infer,60000,"{""profile"": true}",191.774697,0,0.0,60000000,4704000000,50.62312,0.0,1807.072743,,0,334.238876,1230.43605,2650,0.0,0.0,0.0,0,0.0,0.0,1829.104406,283360.04383936315,1,,,70.84001095984078,,,16,2026-09-04T08:31:26+00:00,0.1.0,mnist-512-256
ompnn,1,cublas,True,Clang 18.1.3 /usr/bin/clang++-18,NVIDIA GeForce GTX 1080 Ti,gpu,13.0,double,300.7501403333333,0.0,114.32759680000001,0.0,820.4792022666667,401.71866686666664,3.6827982666666665,0.0,0.0,0.0,0.0,0.0,824.8842010000001,3,2.6388609032126182,2.646535222077374,189165a3ebfc25a50f6c29f2ff77fabb0e5ef554,v0.1.0-8-ge91146e,881.5149362162483,71.14806451612904,21.56451612903226,d58212944fee,464b568354bc,0.24891601689711,0.039543579002687124,784-512-256-10,True,0.8304809993326975,infer,2048,"{""profile"": true}",4511.252105,0,0.0,2457600,192675840,1714.913952,0.0,12307.188034,,0,6025.780003,55.241974,215055,0.0,0.0,0.0,0,0.0,0.0,12373.263015,2466.040766309639,1,,,2466.040766309639,,,16,2026-09-04T08:31:40+00:00,0.1.0,mnist-512-256
ompnn,4096,cublas,True,Clang 18.1.3 /usr/bin/clang++-18,NVIDIA GeForce GTX 1080 Ti,gpu,13.0,double,11.793906239999998,0.0,3.7647497199999997,0.0,354.57656624000003,197.49020204,141.52770823999998,0.0,0.0,0.0,0.0,0.0,356.21680988,5,101.04521260558383,101.3390716643725,189165a3ebfc25a50f6c29f2ff77fabb0e5ef554,v0.1.0-8-ge91146e,1896.6859740955292,116.67644736842105,42.921052631578945,d58212944fee,ebffa10c9eaa,54.36017272034544,0.026454467594157927,784-512-256-10,True,0.6354066496016457,infer,60000,"{""profile"": true}",294.847656,0,0.0,120000000,9408000000,94.118743,0.0,8864.414156,,0,4937.255051,3538.192706,2650,0.0,0.0,0.0,0,0.0,0.0,8905.420247,94427.71811975163,1,,,23.606929529937908,,,16,2026-09-04T08:31:58+00:00,0.1.0,mnist-512-256
ompnn,1,cublas,True,Clang 18.1.3 /usr/bin/clang++-18,NVIDIA GeForce GTX 1080 Ti,gpu,13.0,float,313.3951664,0.0,104.48381393333334,0.0,880.2883794666667,459.41323846666666,2.996160666666667,0.0,0.0,0.0,0.0,0.0,883.5126650666666,3,8.542460648455979,8.561347715303263,189165a3ebfc25a50f6c29f2ff77fabb0e5ef554,v0.1.0-8-ge91146e,999.0652382978934,75.82454545454546,27.0,d58212944fee,aa5d1738263a,0.49869007705240015,0.059314663347322494,784-1024-1024-10,True,0.8926285979881262,infer,2048,"{""profile"": true}",4700.927496,0,0.0,1228800,96337920,1567.257209,0.0,13204.325692,,0,6891.198577,44.94241,215055,0.0,0.0,0.0,0,0.0,0.0,13252.689976,2294.3472846556083,1,,,2294.3472846556083,,,16,2026-09-04T08:32:13+00:00,0.1.0,mnist
ompnn,4096,cublas,True,Clang 18.1.3 /usr/bin/clang++-18,NVIDIA GeForce GTX 1080 Ti,gpu,13.0,float,11.04706332,0.0,1.82593732,0.0,123.72667976000001,27.25435828,83.59932084,0.0,0.0,0.0,0.0,0.0,124.65174988000001,5,857.5229444091628,859.418896154292,189165a3ebfc25a50f6c29f2ff77fabb0e5ef554,v0.1.0-8-ge91146e,698.9008265828395,116.033125,28.3125,d58212944fee,305b3545eaf8,174.16334549536907,0.005067029001656953,784-1024-1024-10,True,0.26051295939832925,infer,60000,"{""profile"": true}",276.176583,0,0.0,60000000,4704000000,45.648433,0.0,3093.166994,,0,681.358957,2089.983021,2650,0.0,0.0,0.0,0,0.0,0.0,3116.293747,230314.837843667,1,,,57.57870946091675,,,16,2026-09-04T08:32:21+00:00,0.1.0,mnist
ompnn,1,cublas,True,Clang 18.1.3 /usr/bin/clang++-18,NVIDIA GeForce GTX 1080 Ti,gpu,13.0,double,260.61587533333335,0.0,107.25452673333332,0.0,843.6280690666666,469.9323139333334,5.825353066666667,0.0,0.0,0.0,0.0,0.0,848.589731,3,9.076402357112366,9.096469949473194,189165a3ebfc25a50f6c29f2ff77fabb0e5ef554,v0.1.0-8-ge91146e,1255.6584626299605,99.8026984126984,26.349206349206348,d58212944fee,a604e1242bd1,0.24934503852620007,0.0350861703239691,784-1024-1024-10,True,0.8401175236601072,infer,2048,"{""profile"": true}",3909.23813,0,0.0,2457600,192675840,1608.817901,0.0,12654.421036,,0,7048.984709,87.380296,215055,0.0,0.0,0.0,0,0.0,0.0,12728.845965,2437.7541740559805,1,,,2437.7541740559805,,,16,2026-09-04T08:32:36+00:00,0.1.0,mnist
ompnn,4096,cublas,True,Clang 18.1.3 /usr/bin/clang++-18,NVIDIA GeForce GTX 1080 Ti,gpu,13.0,double,19.0767086,0.0,3.9185010399999998,0.0,795.6431733599999,657.99131112,114.6566526,0.0,0.0,0.0,0.0,0.0,797.2447323600001,5,208.8016019620415,209.2632546375841,189165a3ebfc25a50f6c29f2ff77fabb0e5ef554,v0.1.0-8-ge91146e,3876.8169790953393,139.32624060150374,69.05263157894737,d58212944fee,5d5643e60eec,87.08167274768454,0.04855572599917646,784-1024-1024-10,True,1.0698952397913672,infer,60000,"{""profile"": true}",476.917715,0,0.0,120000000,9408000000,97.962526,0.0,19891.079334,,0,16449.782778,2866.416315,2650,0.0,0.0,0.0,0,0.0,0.0,19931.118309,56080.25699011445,1,,,14.020064247528612,,,16,2026-09-04T08:33:06+00:00,0.1.0,mnist
ompnn,1,cublas,True,GNU 14.2.0 /usr/bin/g++-14,NVIDIA GeForce GTX 1080 Ti,gpu,13.0,float,54.23933246666666,0.0,0.9842825333333334,0.0,61.867898133333334,6.631202,0.013081133333333333,0.0,0.0,0.0,0.0,0.0,61.9295484,3,0.00028836173590851376,0.0003284119770069185,189165a3ebfc25a50f6c29f2ff77fabb0e5ef554,v0.1.0-4-g3137817,68.97596796685829,85.214,63.2,476ccbc833c5,7c8ddc30c1e2,0.3673469387755102,0.00030368100851774216,17-4-1,True,0.0619222239862817,infer,124,"{""profile"": true}",813.589987,0,0.0,7440,126480,14.764238,0.0,928.018472,,0,99.46803,0.196217,9315,0.0,0.0,0.0,0,0.0,0.0,928.943226,2002.5120549202345,1,,,2002.5120549202345,,,16,2026-09-04T01:50:40+00:00,0.1.0,monk
ompnn,124,cublas,True,GNU 14.2.0 /usr/bin/g++-14,NVIDIA GeForce GTX 1080 Ti,gpu,13.0,float,0.6054609200000001,0.0,0.00929152,0.0,0.6835971999999999,0.05546192,0.01338284,0.0,0.0,0.0,0.0,0.0,0.69298164,5,0.02430347300514971,0.02767895536697606,189165a3ebfc25a50f6c29f2ff77fabb0e5ef554,v0.1.0-4-g3137817,,,,476ccbc833c5,1ca69a9bee23,1.354368932038835,4.876159364357584e-05,17-4-1,True,0.0007347098086029291,infer,124,"{""profile"": true}",15.136523,0,0.0,12400,210800,0.232288,0.0,17.08993,,0,1.386548,0.334571,150,0.0,0.0,0.0,0,0.0,0.0,17.324541,168774.11809131745,1,,,1361.0815975106245,,,16,2026-09-04T01:50:40+00:00,0.1.0,monk
ompnn,1,cublas,True,GNU 14.2.0 /usr/bin/g++-14,NVIDIA GeForce GTX 1080 Ti,gpu,13.0,double,55.7702854,0.0,1.0384339333333332,0.0,63.830137,7.0040112,0.01740646666666667,0.0,0.0,0.0,0.0,0.0,63.9024916,3,0.0002763224897225691,0.0003147006132951482,189165a3ebfc25a50f6c29f2ff77fabb0e5ef554,v0.1.0-4-g3137817,69.9507700181537,85.978,56.6,476ccbc833c5,87d001b0b885,0.1836734693877551,0.001396531646605581,17-4-1,True,0.06462014734279364,infer,124,"{""profile"": true}",836.554281,0,0.0,14880,252960,15.576509,0.0,957.452055,,0,105.060168,0.261097,9315,0.0,0.0,0.0,0,0.0,0.0,958.537374,1918.9061786289524,1,,,1918.9061786289524,,,16,2026-09-04T01:50:41+00:00,0.1.0,monk
ompnn,124,cublas,True,GNU 14.2.0 /usr/bin/g++-14,NVIDIA GeForce GTX 1080 Ti,gpu,13.0,double,0.61264456,0.0,0.00847684,0.0,0.69600176,0.05735036,0.01753,0.0,0.0,0.0,0.0,0.0,0.7049004,5,0.02463886180494086,0.028060925944515976,189165a3ebfc25a50f6c29f2ff77fabb0e5ef554,v0.1.0-4-g3137817,,,,476ccbc833c5,d288708aeb4e,0.6771844660194175,1.602080883458248e-05,17-4-1,True,0.0007247088011354208,infer,124,"{""profile"": true}",15.316114,0,0.0,24800,421600,0.211921,0.0,17.400044,,0,1.433759,0.43825,150,0.0,0.0,0.0,0,0.0,0.0,17.62251,171103.20697875594,1,,,1379.8645724093221,,,16,2026-09-04T01:50:41+00:00,0.1.0,monk
ompnn,1,cublas,True,GNU 14.2.0 /usr/bin/g++-14,NVIDIA GeForce GTX 1080 Ti,gpu,13.0,float,1666.2571674666665,0.0,16.649916266666665,0.0,1852.7887397999998,169.83666046666667,0.044995600000000004,0.0,0.0,0.0,0.0,0.0,1855.2602295333334,3,0.011158978791073656,0.011737232834440212,189165a3ebfc25a50f6c29f2ff77fabb0e5ef554,v0.1.0-4-g3137817,2417.105882509417,87.04630434782608,77.81159420289855,476ccbc833c5,b87b35f2a782,0.4745635442087479,0.0029824490193277597,12-64-64-3,True,1.8558486746624112,infer,2048,"{""profile"": true}",24993.857512,0,0.0,368640,1474560,249.748744,0.0,27791.831097,,0,2547.549907,0.674934,215055,0.0,0.0,0.0,0,0.0,0.0,27828.903443,1103.5382506995309,1,,,1103.5382506995309,,,16,2026-09-04T01:51:11+00:00,0.1.0,cup
ompnn,1000,cublas,True,GNU 14.2.0 /usr/bin/g++-14,NVIDIA GeForce GTX 1080 Ti,gpu,13.0,float,0.9596646400000001,0.0,0.013758159999999998,0.0,1.06401524,0.0635776,0.027014840000000002,0.0,0.0,0.0,0.0,0.0,1.07596784,5,9.103211311732672,9.57493626499097,189165a3ebfc25a50f6c29f2ff77fabb0e5ef554,v0.1.0-4-g3137817,,87.97,4.0,476ccbc833c5,7611b34ef727,9.157562233749674,2.5580404326319695e-05,12-64-64-3,True,0.0011108167935162782,infer,1000,"{""profile"": true}",23.991616,0,0.0,300000,1200000,0.343954,0.0,26.600381,,0,1.58944,0.675371,200,0.0,0.0,0.0,0,0.0,0.0,26.899196,900238.4604166013,1,,,900.2384604166012,,,16,2026-09-04T01:51:11+00:00,0.1.0,cup
ompnn,1,cublas,True,GNU 14.2.0 /usr/bin/g++-14,NVIDIA GeForce GTX 1080 Ti,gpu,13.0,double,1667.4257063333332,0.0,16.945690866666666,0.0,1852.8894936666666,168.446517,0.07157946666666667,0.0,0.0,0.0,0.0,0.0,1855.3384196666666,3,0.011165993447898608,0.011744610988118036,189165a3ebfc25a50f6c29f2ff77fabb0e5ef554,v0.1.0-4-g3137817,2425.6460529207293,87.2768115942029,78.6304347826087,476ccbc833c5,36b7e5453a9d,0.23728177210437396,0.001587974353848498,12-64-64-3,True,1.8546828006510623,infer,2048,"{""profile"": true}",25011.385595,0,0.0,737280,2949120,254.185363,0.0,27793.342405,,0,2526.697755,1.073692,215055,0.0,0.0,0.0,0,0.0,0.0,27830.076295,1104.2319469836439,1,,,1104.2319469836439,,,16,2026-09-04T01:51:41+00:00,0.1.0,cup
ompnn,1000,cublas,True,GNU 14.2.0 /usr/bin/g++-14,NVIDIA GeForce GTX 1080 Ti,gpu,13.0,double,0.96937892,0.0,0.01875296,0.0,1.13942216,0.11238768,0.0389026,0.0,0.0,0.0,0.0,0.0,1.1528863200000001,5,8.667405269437298,9.116546919079816,189165a3ebfc25a50f6c29f2ff77fabb0e5ef554,v0.1.0-4-g3137817,,91.95,15.0,476ccbc833c5,6ba20447b354,4.578781116874837,8.516560774296522e-05,12-64-64-3,True,0.0011666698032058776,infer,1000,"{""profile"": true}",24.234473,0,0.0,600000,2400000,0.468824,0.0,28.485554,,0,2.809692,0.972565,200,0.0,0.0,0.0,0,0.0,0.0,28.822158,857140.5527528974,1,,,857.1405527528974,,,16,2026-09-04T01:51:42+00:00,0.1.0,cup
ompnn,1,cublas,True,GNU 14.2.0 /usr/bin/g++-14,NVIDIA GeForce GTX 1080 Ti,gpu,13.0,float,1649.7698149333335,0.0,16.399123333333332,0.0,1861.130995,193.276904,1.6851527333333334,0.0,0.0,0.0,0.0,0.0,1863.2404820000002,3,1.1753547626727288,1.1787729220827143,189165a3ebfc25a50f6c29f2ff77fabb0e5ef554,v0.1.0-4-g3137817,2444.9671685185226,87.95101449275361,77.83333333333333,476ccbc833c5,39162f5f8131,0.49783203379422,0.005926801338015597,784-512-256-10,True,1.86456371267559,infer,2048,"{""profile"": true}",24746.547224,0,0.0,1228800,96337920,245.98685,0.0,27916.964925,,0,2899.15356,25.277291,215055,0.0,0.0,0.0,0,0.0,0.0,27948.60723,1098.3802731316619,1,,,1098.3802731316619,,,16,2026-09-04T01:52:12+00:00,0.1.0,mnist-512-256
ompnn,4096,cublas,True,GNU 14.2.0 /usr/bin/g++-14,NVIDIA GeForce GTX 1080 Ti,gpu,13.0,float,18.32343044,0.0,0.99877936,0.0,77.5026202,9.73651156,48.44389884,0.0,0.0,0.0,0.0,0.0,78.28027911999999,5,316.8523501698465,317.7738182037585,189165a3ebfc25a50f6c29f2ff77fabb0e5ef554,v0.1.0-4-g3137817,333.2881884060266,68.6776,28.64,476ccbc833c5,be11588ec948,108.72034544069088,0.0012966547976248077,784-512-256-10,True,0.2026331821922213,infer,60000,"{""profile"": true}",458.085761,0,0.0,60000000,4704000000,24.969484,0.0,1937.565505,,0,243.412789,1211.097471,2650,0.0,0.0,0.0,0,0.0,0.0,1957.006978,296101.5533136275,1,,,74.02538832840686,,,16,2026-09-04T01:52:19+00:00,0.1.0,mnist-512-256
ompnn,1,cublas,True,GNU 14.2.0 /usr/bin/g++-14,NVIDIA GeForce GTX 1080 Ti,gpu,13.0,double,1652.6055998000002,0.0,16.5597494,0.0,1874.8150427333335,202.29591546666668,3.3537780666666666,0.0,0.0,0.0,0.0,0.0,1876.8488086,3,1.1651872214806616,1.1685758117105955,189165a3ebfc25a50f6c29f2ff77fabb0e5ef554,v0.1.0-4-g3137817,2473.7474495605866,88.33489208633092,78.53237410071942,476ccbc833c5,464b568354bc,0.24891601689711,0.004854802003440906,784-512-256-10,True,1.8808340836549178,infer,2048,"{""profile"": true}",24789.083997,0,0.0,2457600,192675840,248.396241,0.0,28122.225641,,0,3034.438732,50.306671,215055,0.0,0.0,0.0,0,0.0,0.0,28152.732129,1088.8786085906304,1,,,1088.8786085906304,,,16,2026-09-04T01:52:50+00:00,0.1.0,mnist-512-256
ompnn,4096,cublas,True,GNU 14.2.0 /usr/bin/g++-14,NVIDIA GeForce GTX 1080 Ti,gpu,13.0,double,17.82577072,0.0,1.84598792,0.0,297.81850099999997,181.59996972000002,96.54677264,0.0,0.0,0.0,0.0,0.0,298.96726868,5,116.47924357440287,116.81798778605392,189165a3ebfc25a50f6c29f2ff77fabb0e5ef554,v0.1.0-4-g3137817,1542.026479395752,108.53253731343284,41.865671641791046,476ccbc833c5,ebffa10c9eaa,54.36017272034544,0.0024575192015617864,784-512-256-10,True,0.551212370803114,infer,60000,"{""profile"": true}",445.644268,0,0.0,120000000,9408000000,46.149698,0.0,7445.462525,,0,4539.999243,2413.669316,2650,0.0,0.0,0.0,0,0.0,0.0,7474.181717,108850.9677541893,1,,,27.212741938547325,,,16,2026-09-04T01:53:05+00:00,0.1.0,mnist-512-256
ompnn,1,cublas,True,GNU 14.2.0 /usr/bin/g++-14,NVIDIA GeForce GTX 1080 Ti,gpu,13.0,float,1668.8224564666666,0.0,17.369776466666668,0.0,1940.5214247333336,252.62681673333333,1.7023750666666666,0.0,0.0,0.0,0.0,0.0,1943.0490894666666,3,3.921926973497212,3.930598210037471,189165a3ebfc25a50f6c29f2ff77fabb0e5ef554,v0.1.0-4-g3137817,2593.2285910034493,89.410625,78.3125,476ccbc833c5,aa5d1738263a,0.49869007705240015,0.005783088660488378,784-1024-1024-10,True,1.9442597283244443,infer,2048,"{""profile"": true}",25032.336847,0,0.0,1228800,96337920,260.546647,0.0,29107.821371,,0,3789.402251,25.535626,215055,0.0,0.0,0.0,0,0.0,0.0,29145.736342,1053.3572084862133,1,,,1053.3572084862133,,,16,2026-09-04T01:53:38+00:00,0.1.0,mnist
ompnn,4096,cublas,True,GNU 14.2.0 /usr/bin/g++-14,NVIDIA GeForce GTX 1080 Ti,gpu,13.0,float,21.74906096,0.0,0.82588748,0.0,93.62365044,22.68067048,48.36803152,0.0,0.0,0.0,0.0,0.0,94.37845820000001,5,1020.6358287611713,1022.892417104722,189165a3ebfc25a50f6c29f2ff77fabb0e5ef554,v0.1.0-4-g3137817,580.5961724314105,112.3288888888889,31.0,476ccbc833c5,305b3545eaf8,174.16334549536907,0.00018954540137203213,784-1024-1024-10,True,0.2188790886080824,infer,60000,"{""profile"": true}",543.726524,0,0.0,60000000,4704000000,20.647187,0.0,2340.591261,,0,567.016762,1209.200788,2650,0.0,0.0,0.0,0,0.0,0.0,2359.461455,274123.9484391038,1,,,68.53098710977594,,,16,2026-09-04T01:53:45+00:00,0.1.0,mnist
ompnn,1,cublas,True,GNU 14.2.0 /usr/bin/g++-14,NVIDIA GeForce GTX 1080 Ti,gpu,13.0,double,1669.9536091333332,0.0,17.1969472,0.0,1968.2669180666667,277.8115496666667,3.3048120666666665,0.0,0.0,0.0,0.0,0.0,1970.2498683333333,3,3.8733806057506635,3.881944508054271,189165a3ebfc25a50f6c29f2ff77fabb0e5ef554,v0.1.0-4-g3137817,2697.2916871406233,91.72691780821917,79.14383561643835,476ccbc833c5,a604e1242bd1,0.24934503852620007,0.024750355650515532,784-1024-1024-10,True,1.968627782325105,infer,2048,"{""profile"": true}",25049.304137,0,0.0,2457600,192675840,257.954208,0.0,29524.003771,,0,4167.173245,49.572181,215055,0.0,0.0,0.0,0,0.0,0.0,29553.748025,1040.3185500009301,1,,,1040.3185500009301,,,16,2026-09-04T01:54:17+00:00,0.1.0,mnist
ompnn,4096,cublas,True,GNU 14.2.0 /usr/bin/g++-14,NVIDIA GeForce GTX 1080 Ti,gpu,13.0,double,24.79495496,0.0,1.8438502399999999,0.0,740.1362338800001,617.0006062799999,96.4968224,0.0,0.0,0.0,0.0,0.0,741.3011671200001,5,225.19168740949522,225.68957796218095,189165a3ebfc25a50f6c29f2ff77fabb0e5ef554,v0.1.0-4-g3137817,3408.280867400757,134.89401639344263,72.35245901639344,476ccbc833c5,5d5643e60eec,87.08167274768454,0.00772880639415241,784-1024-1024-10,True,0.9920252499985509,infer,60000,"{""profile"": true}",619.873874,0,0.0,120000000,9408000000,46.096256,0.0,18503.405847,,0,15425.015157,2412.42056,2650,0.0,0.0,0.0,0,0.0,0.0,18532.529178,60482.33147300197,1,,,15.120582868250493,,,16,2026-09-04T01:54:45+00:00,0.1.0,mnist
cudann,40,tiled,True,nvcc 12.9.86 /usr/local/cuda-12.9/bin/nvcc / host GNU 13.3.0,NVIDIA GeForce GTX 1080 Ti,gpu,13.0,float,0.041445119999999995,0.0440512,0.01110528,0.020392920000000002,0.36634459999999996,0.12450556,0.01533932,0.0247424,0.0043776,0.02016512,0.060220079999999995,0.017219599999999998,0.53086428,5,0.07105103791628486,0.08780718940395273,189165a3ebfc25a50f6c29f2ff77fabb0e5ef554,v0.1.0-3-g7ff331c,,,,476ccbc833c5,151b8c5af193,1.2191103789126854,6.674719043076038e-05,17-4-1,True,0.0005165864014998079,train,124,"{""blas"": ""tiled"", ""profile"": true}",1.036128,100,1.10128,1940,46240,0.277632,0.509823,9.158615,,25,3.112639,0.383483,1460,0.61856,0.10944,0.504128,0,1.505502,0.43049,13.271607,240037.2902577191,1,0.00049609,249954.64532645285,7743.138395410294,,,16,2026-09-04T01:37:29+00:00,0.1.0,monk
cudann,40,cublas,True,nvcc 12.9.86 /usr/local/cuda-12.9/bin/nvcc / host GNU 13.3.0,NVIDIA GeForce GTX 1080 Ti,gpu,13.0,float,0.049766399999999995,0.13407871999999998,0.0070272,0.02450816,0.63502752,0.268357,0.00813908,0.027736200000000003,0.00459776,0.03695744,0.07385956,0.00480484,0.8294625600000001,5,0.044236897496741145,0.054669400350157424,189165a3ebfc25a50f6c29f2ff77fabb0e5ef554,v0.1.0-3-g7ff331c,,,,476ccbc833c5,4b61e78043ba,1.2191103789126854,2.6971998158842347e-05,17-4-1,True,0.0008297146065160632,train,124,"{""profile"": true}",1.24416,100,3.351968,1940,46240,0.17568,0.612704,15.875688,,25,6.708925,0.203477,1460,0.693405,0.114944,0.923936,0,1.846489,0.120121,20.736564,149448.97802953087,1,0.0008079405,153476.64834229747,4820.934775146157,,,16,2026-09-04T01:37:29+00:00,0.1.0,monk
cudann,40,tiled,True,nvcc 12.9.86 /usr/local/cuda-12.9/bin/nvcc / host GNU 13.3.0,NVIDIA GeForce GTX 1080 Ti,gpu,13.0,double,0.06815996,0.06604672,0.00925056,0.03404928,0.538695,0.19566835999999999,0.013447240000000001,0.03714684,0.007834879999999999,0.02701696,0.0800742,0.0066968,0.81158872,5,0.04320179150121822,0.05339018260939567,189165a3ebfc25a50f6c29f2ff77fabb0e5ef554,v0.1.0-3-g7ff331c,,,,476ccbc833c5,fc7f90a0c72f,0.6095551894563427,0.00016435139114037147,17-4-1,True,0.0008495943970046937,train,124,"{""blas"": ""tiled"", ""profile"": true}",1.703999,100,1.651168,3480,92480,0.231264,0.851232,13.467375,,25,4.891709,0.336181,1460,0.928671,0.195872,0.675424,0,2.001855,0.16742,20.289718,145951.99831492643,1,0.0008010315,154800.4042287975,4708.128977900853,,,16,2026-09-04T01:37:30+00:00,0.1.0,monk
cudann,40,cublas,True,nvcc 12.9.86 /usr/local/cuda-12.9/bin/nvcc / host GNU 13.3.0,NVIDIA GeForce GTX 1080 Ti,gpu,13.0,double,0.04939392,0.1242816,0.007893559999999999,0.029438719999999998,0.68596568,0.28899832,0.01001992,0.0282816,0.00480256,0.06878208,0.0740734,0.03365208,0.8475527599999999,5,0.04277967143628276,0.05286851286916375,189165a3ebfc25a50f6c29f2ff77fabb0e5ef554,v0.1.0-3-g7ff331c,,,,476ccbc833c5,de0cf74615d1,0.6095551894563427,1.6291206702590032e-05,17-4-1,True,0.0008579776040278375,train,124,"{""profile"": true}",1.234848,100,3.10704,3480,92480,0.197339,0.735968,17.149142,,25,7.224958,0.250498,1460,0.70704,0.120064,1.719552,0,1.851835,0.841302,21.188819,144525.91701446878,1,0.0008242735,150435.50472021726,4662.126355305444,,,16,2026-09-04T01:37:30+00:00,0.1.0,monk
cudann,40,tiled,True,nvcc 12.9.86 /usr/local/cuda-12.9/bin/nvcc / host GNU 13.3.0,NVIDIA GeForce GTX 1080 Ti,gpu,13.0,float,0.41945792,0.4356078,0.01054076,0.27452508000000003,3.46118644,1.52070988,0.01266792,0.17954784000000001,0.00729088,0.028898519999999997,0.57193984,0.00637796,5.16575688,5,6.008092647324251,6.551345218952622,189165a3ebfc25a50f6c29f2ff77fabb0e5ef554,v0.1.0-3-g7ff331c,,87.17,15.0,476ccbc833c5,ce5567233676,6.563354603463993,0.001452749187592417,12-64-64-3,True,0.004793534602504224,train,1000,"{""blas"": ""tiled"", ""profile"": true}",10.486448,625,10.890195,104140,310000,0.263519,6.863127,86.529661,,25,38.017747,0.316698,12685,4.488696,0.182272,0.722463,0,14.298496,0.159449,129.143922,208614.32803209202,1,0.004554324,219571.5544172966,5215.3582008023,,,16,2026-09-04T01:37:30+00:00,0.1.0,cup
cudann,40,cublas,True,nvcc 12.9.86 /usr/local/cuda-12.9/bin/nvcc / host GNU 13.3.0,NVIDIA GeForce GTX 1080 Ti,gpu,13.0,float,0.38160572000000004,1.3169010399999999,0.01066624,0.21580904,4.69755816,1.9380166,0.01253552,0.16893404,0.00812928,0.058463839999999996,0.58649684,0.0059698799999999995,6.63973516,5,5.019386679557118,5.473240320259713,189165a3ebfc25a50f6c29f2ff77fabb0e5ef554,v0.1.0-3-g7ff331c,,85.56,39.0,476ccbc833c5,b21fd20a6438,6.563354603463993,0.0003339299932122227,12-64-64-3,True,0.005737752804998308,train,1000,"{""profile"": true}",9.540143,625,32.922526,104140,310000,0.266656,5.395226,117.438954,,25,48.450415,0.313388,12685,4.223351,0.203232,1.461596,0,14.662421,0.149247,165.993379,174284.2597068444,1,0.0056391225,177332.55484341757,4357.10649267111,,,16,2026-09-04T01:37:30+00:00,0.1.0,cup
cudann,40,tiled,True,nvcc 12.9.86 /usr/local/cuda-12.9/bin/nvcc / host GNU 13.3.0,NVIDIA GeForce GTX 1080 Ti,gpu,13.0,double,0.30732284,0.40140416,0.00805496,0.18150144,3.16323532,1.6663802,0.01270556,0.11839232000000001,0.0056511999999999995,0.02402816,0.43779448000000004,0.00644312,4.1732978,5,6.8010542398762235,7.416006508836698,189165a3ebfc25a50f6c29f2ff77fabb0e5ef554,v0.1.0-3-g7ff331c,,89.54,40.0,476ccbc833c5,bf33897f7ea8,3.2816773017319965,0.0002702386002056299,12-64-64-3,True,0.004234637599438429,train,1000,"{""blas"": ""tiled"", ""profile"": true}",7.683071,625,10.035104,207880,620000,0.201374,4.537536,79.080883,,25,41.659505,0.317639,12685,2.959808,0.14128,0.600704,0,10.944862,0.161078,104.332445,236147.71666236888,1,0.0039530935,252966.44261007232,5903.692916559222,,,16,2026-09-04T01:37:31+00:00,0.1.0,cup
cudann,40,cublas,True,nvcc 12.9.86 /usr/local/cuda-12.9/bin/nvcc / host GNU 13.3.0,NVIDIA GeForce GTX 1080 Ti,gpu,13.0,double,0.3288768,0.95429496,0.006227160000000001,0.18391168,4.90256508,2.52298932,0.01296132,0.11013756000000001,0.00503424,0.11505280000000001,0.66307924,0.06649808,6.08985556,5,4.721120770483494,5.14800516626183,189165a3ebfc25a50f6c29f2ff77fabb0e5ef554,v0.1.0-3-g7ff331c,,88.16,23.0,476ccbc833c5,3aa34519e44a,3.2816773017319965,4.292320227250457e-05,12-64-64-3,True,0.0061002464033663275,train,1000,"{""profile"": true}",8.22192,625,23.857374,207880,620000,0.155679,4.597792,122.564127,,25,63.074733,0.324033,12685,2.753439,0.125856,2.87632,0,16.576981,1.662452,152.246389,163927.8045306769,1,0.0060208815,166088.63668883036,4098.195113266922,,,16,2026-09-04T01:37:31+00:00,0.1.0,cup
cudann,256,tiled,True,nvcc 12.9.86 /usr/local/cuda-12.9/bin/nvcc / host GNU 13.3.0,NVIDIA GeForce GTX 1080 Ti,gpu,13.0,float,6.096678399999999,19.598817280000002,0.00749312,6.21047548,336.22633768,202.74854884,14.146238559999999,1.28057728,0.012982959999999998,0.0,86.12452576,42.7479988,228.50741428,5,568.0956393780765,575.5070605139473,189165a3ebfc25a50f6c29f2ff77fabb0e5ef554,v0.1.0-3-g7ff331c,1104.557434699525,180.17387096774195,79.87096774193549,476ccbc833c5,329c35475e03,57.89303578299346,0.0007676805951632448,784-512-256-10,True,0.25426253959303724,train,60000,"{""blas"": ""tiled"", ""profile"": true}",152.41696,5875,489.970432,10716760,952894000,0.187328,155.261887,8405.658442,,25,5068.713721,353.655964,117585,32.014432,0.324574,0.0,0,2153.113144,1068.69997,5712.685357,235976.56224166436,1,0.2138081035,280625.472177204,924.2415354465187,,,16,2026-09-04T01:37:39+00:00,0.1.0,mnist-512-256
cudann,256,cublas,True,nvcc 12.9.86 /usr/local/cuda-12.9/bin/nvcc / host GNU 13.3.0,NVIDIA GeForce GTX 1080 Ti,gpu,13.0,float,6.04498304,10.42134272,0.007155160000000001,6.44000256,107.39404979999999,51.0481544,13.978670119999999,1.2775424,0.01205632,0.0,18.16414308,15.411705320000001,93.45380384,5,1221.9595297767808,1237.901311509309,189165a3ebfc25a50f6c29f2ff77fabb0e5ef554,v0.1.0-3-g7ff331c,359.86323204881774,135.23357142857142,59.07142857142857,476ccbc833c5,c810d482fb11,57.89303578299346,0.0005278375931084128,784-512-256-10,True,0.11820803920272738,train,60000,"{""profile"": true}",151.124576,5875,260.533568,10716760,952894000,0.178879,161.000064,2684.851245,,25,1276.20386,349.466753,117585,31.93856,0.301408,0.0,0,454.103577,385.292633,2336.345096,507579.69089648547,1,0.07916408850000001,757919.4194852632,1988.0204560112347,,,16,2026-09-04T01:37:43+00:00,0.1.0,mnist-512-256
cudann,256,tiled,True,nvcc 12.9.86 /usr/local/cuda-12.9/bin/nvcc / host GNU 13.3.0,NVIDIA GeForce GTX 1080 Ti,gpu,13.0,double,7.17411584,115.72469788000001,0.006836480000000001,6.0574233600000005,1193.98090776,771.4337356799999,28.05690756,1.35910784,0.01412216,0.0,264.15396096,145.84463223999998,750.13508788,5,179.98868564654796,182.33683243126677,189165a3ebfc25a50f6c29f2ff77fabb0e5ef554,v0.1.0-3-g7ff331c,3238.4574777134476,162.82367346938776,90.16326530612245,476ccbc833c5,2c26f749cebc,28.94651789149673,0.0013042411999777404,784-512-256-10,True,0.8025251114042475,train,60000,"{""blas"": ""tiled"", ""profile"": true}",179.352896,5875,2893.117447,21433120,1905788000,0.170912,151.435584,29849.522694,,25,19285.843392,701.422689,117585,33.977696,0.353054,0.0,0,6603.849024,3646.115806,18753.377197,74764.0156642735,1,0.7216642879999999,83141.15163753262,292.82572801840456,,,16,2026-09-04T01:38:06+00:00,0.1.0,mnist-512-256
cudann,256,cublas,True,nvcc 12.9.86 /usr/local/cuda-12.9/bin/nvcc / host GNU 13.3.0,NVIDIA GeForce GTX 1080 Ti,gpu,13.0,double,6.73059072,76.9858762,0.00684544,4.93468928,876.7417990800001,630.16093144,28.245143119999998,1.30919168,0.01187584,0.0,128.35665536,114.98259988,597.061072,5,222.33523786396185,225.23584115491082,189165a3ebfc25a50f6c29f2ff77fabb0e5ef554,v0.1.0-3-g7ff331c,2271.728352444336,140.325125,86.025,476ccbc833c5,e041a59585a1,28.94651789149673,0.0053936228039673795,784-512-256-10,True,0.6496740750037133,train,60000,"{""profile"": true}",168.264768,5875,1924.646905,21433120,1905788000,0.171136,123.367232,21918.544977,,25,15754.023286,706.128578,117585,32.729792,0.296896,0.0,0,3208.916384,2874.564997,14926.5268,92354.0007343791,1,0.5681577154999999,105604.47981806911,361.7198362096515,,,16,2026-09-04T01:38:25+00:00,0.1.0,mnist-512-256
cudann,256,tiled,True,nvcc 12.9.86 /usr/local/cuda-12.9/bin/nvcc / host GNU 13.3.0,NVIDIA GeForce GTX 1080 Ti,gpu,13.0,float,10.184453333333334,18.765151833333334,0.007002666666666667,10.396863999999999,311.24944899999997,204.44889816666668,13.282705666666667,1.6087626666666666,0.008960000000000001,0.0,52.546650666666665,20.5994925,226.99357366666666,2,383.92481849433875,389.3834431776268,189165a3ebfc25a50f6c29f2ff77fabb0e5ef554,v0.1.0-3-g7ff331c,213.31729688107794,147.5375,75.0,476ccbc833c5,f514686f79fd,39.36769759450172,0.0010691490024328232,256-256-256-256-256-16,True,0.25030914548551664,train,65536,"{""blas"": ""tiled"", ""profile"": true}",61.10672,1536,112.590911,3207456,213934080,0.042016,62.381184,1867.496694,,6,1226.693389,79.696234,52248,9.652576,0.05376,0.0,0,315.279904,123.596955,1361.961442,261820.23782184193,1,0.213664444,306723.9395245378,1022.73530399157,,,16,2026-09-04T01:38:28+00:00,0.1.0,sweep-w256-d4-b256
cudann,256,cublas,True,nvcc 12.9.86 /usr/local/cuda-12.9/bin/nvcc / host GNU 13.3.0,NVIDIA GeForce GTX 1080 Ti,gpu,13.0,float,10.338314166666667,18.4437225,0.01232,10.621957166666666,131.77354816666667,56.894444,13.264692166666668,1.7065811666666668,0.009829333333333334,0.0,20.481687666666666,5.8169208333333335,127.59185516666668,2,639.1959873859095,648.2840453236249,189165a3ebfc25a50f6c29f2ff77fabb0e5ef554,v0.1.0-3-g7ff331c,96.69989924375871,117.2,53.2,476ccbc833c5,f893f69fc948,39.36769759450172,0.0010096097539644688,256-256-256-256-256-16,True,0.15034495701547712,train,65536,"{""profile"": true}",62.029885,1536,110.662335,3207456,213934080,0.07392,63.731743,790.641289,,6,341.366664,79.588153,52248,10.239487,0.058976,0.0,0,122.890126,34.901525,765.551131,435904.211893542,1,0.097983615,668846.5209208704,1702.7508277091483,,,16,2026-09-04T01:38:31+00:00,0.1.0,sweep-w256-d4-b256
cudann,256,tiled,True,nvcc 12.9.86 /usr/local/cuda-12.9/bin/nvcc / host GNU 13.3.0,NVIDIA GeForce GTX 1080 Ti,gpu,13.0,float,17.961978666666667,494.5343983333333,0.006314666666666666,17.195173333333333,3104.190044333333,2008.1412236666665,13.319121166666667,1.6710826666666667,0.009989166666666667,0.0,551.3507626666667,166.80323416666667,1672.2223503333335,2,774.2020368644195,781.6883881142757,189165a3ebfc25a50f6c29f2ff77fabb0e5ef554,v0.1.0-3-g7ff331c,2175.510255296927,217.6828,95.5,476ccbc833c5,719546834f9f,79.17792963806632,0.0005807819979963824,256-1024-1024-1024-1024-16,True,1.694793408503756,train,65536,"{""blas"": ""tiled"", ""profile"": true}",107.771872,1536,2967.20639,41140512,213934080,0.037888,103.17104,18625.140266,,6,12048.847342,79.914727,52248,10.026496,0.059935,0.0,0,3308.104576,1000.819405,10033.334102,38669.01987650418,1,1.654139683,39619.38684715056,151.05085889259445,,,16,2026-09-04T01:38:44+00:00,0.1.0,sweep-w1024-d4-b256
cudann,256,cublas,True,nvcc 12.9.86 /usr/local/cuda-12.9/bin/nvcc / host GNU 13.3.0,NVIDIA GeForce GTX 1080 Ti,gpu,13.0,float,17.174949333333334,50.349056,0.006512,14.667813333333333,535.9609926666667,331.9218436666667,13.464061000000001,2.1289973333333334,0.008069333333333333,0.0,106.23969066666666,33.31323583333333,361.728333,2,3396.4042442906443,3429.2466729443354,189165a3ebfc25a50f6c29f2ff77fabb0e5ef554,v0.1.0-3-g7ff331c,471.94809324616045,204.4225,79.08333333333333,476ccbc833c5,0f1655c61a50,79.17792963806632,0.0005585594917647541,256-1024-1024-1024-1024-16,True,0.3863240104983561,train,65536,"{""profile"": true}",103.049696,1536,302.094336,41140512,213934080,0.039072,88.00688,3215.765956,,6,1991.531062,80.784366,52248,12.773984,0.048416,0.0,0,637.438144,199.879415,2170.369998,169639.98669266992,1,0.342559563,191312.71486354622,662.6561980182419,,,16,2026-09-04T01:38:48+00:00,0.1.0,sweep-w1024-d4-b256
cudann,256,tiled,True,nvcc 12.9.86 /usr/local/cuda-12.9/bin/nvcc / host GNU 13.3.0,NVIDIA GeForce GTX 1080 Ti,gpu,13.0,float,48.41646933333333,9144.151877333334,0.0054986666666666665,46.38738133333334,47941.4600075,32353.673871833333,13.217084999999999,1.7052426666666667,0.014213333333333333,0.0,6333.888368,2551.8974825,25227.314465,2,795.4650386078971,802.0645346044106,189165a3ebfc25a50f6c29f2ff77fabb0e5ef554,v0.1.0-3-g7ff331c,35870.31154101584,236.90779116465862,99.53547523427042,476ccbc833c5,83a52be42af3,110.5098853438531,0.0105529925058363,256-4096-4096-4096-4096-16,True,25.258001339505427,train,65536,"{""blas"": ""tiled"", ""profile"": true}",290.498816,1536,54864.911264,617546016,213934080,0.032992,278.324288,287648.760045,,6,194122.043231,79.30251,52248,10.231456,0.08528,0.0,0,38003.330208,15311.384895,151363.88679,2594.662939442351,1,25.145132667,2606.309573622104,10.135402107196684,,,16,2026-09-04T01:41:53+00:00,0.1.0,sweep-w4096-d4-b256
cudann,256,cublas,True,nvcc 12.9.86 /usr/local/cuda-12.9/bin/nvcc / host GNU 13.3.0,NVIDIA GeForce GTX 1080 Ti,gpu,13.0,float,48.206757333333336,1907.1074933333332,0.005685333333333334,46.019269333333334,7226.86084,3728.7653213333338,13.473118666666666,1.7897706666666666,0.010250666666666667,0.0,1481.4831733333333,358.50895583333335,3629.0979113333337,2,5503.2666384176555,5548.923938720311,189165a3ebfc25a50f6c29f2ff77fabb0e5ef554,v0.1.0-3-g7ff331c,5791.875315259865,265.5686111111111,96.01851851851852,476ccbc833c5,5d23d8643e57,110.5098853438531,0.0007994252518983558,256-4096-4096-4096-4096-16,True,3.6508965185203124,train,65536,"{""profile"": true}",289.240544,1536,11442.64496,617546016,213934080,0.034112,276.115616,43361.16504,,6,22372.591928,80.838712,52248,10.738624,0.061504,0.0,0,8888.89904,2151.053735,21774.587468,17950.659425033875,1,3.541650258,18504.368084331607,70.11976337903857,,,16,2026-09-04T01:42:23+00:00,0.1.0,sweep-w4096-d4-b256
syclnn,40,tiled,True,Clang 22.1.0 /opt/sycl/bin/clang++,NVIDIA GeForce GTX 1080 Ti,gpu,CUDA 13.0,float,0.04093284,0.05729108,0.018846719999999997,0.019993320000000002,0.39625168,0.14449124,0.00891756,0.033805999999999996,0.004991880000000001,0.01496828,0.05201276,0.0099008,2.2959308,5,0.01627448110059434,0.02011253440287051,189165a3ebfc25a50f6c29f2ff77fabb0e5ef554,v0.2.0-4-gb5c4569,,82.97,1.0,a025193bac5c,fd01469e4628,1.2191103789126854,0.0003714704071171582,17-4-1,True,0.0022553100017830728,train,124,"{""blas"": ""tiled"", ""profile"": true}",1.023321,100,1.432277,1940,44640,0.471168,0.499833,9.906292,,25,3.612281,0.222939,1455,0.84515,0.124797,0.374207,0,1.300319,0.24752,57.39827,54981.35506957547,1,0.0021191615000000002,58513.7093138017,1773.5920990185634,,,16,2026-09-04T04:29:55+00:00,0.2.0,monk
syclnn,40,auto,True,Clang 22.1.0 /opt/sycl/bin/clang++,NVIDIA GeForce GTX 1080 Ti,gpu,CUDA 13.0,float,0.05342936,0.1951228,0.013206800000000001,0.03152072,0.83001268,0.37447748,0.00611288,0.04444216,0.00475332,0.04330692,0.06364024,0.0066098,2.45574256,5,0.015012323894838744,0.01855271937308973,189165a3ebfc25a50f6c29f2ff77fabb0e5ef554,v0.2.0-4-gb5c4569,,82.34,1.0,a025193bac5c,8b2aa6a813b5,1.2191103789126854,1.6299390699714335e-05,17-4-1,True,0.002444924600422382,train,124,"{""profile"": true}",1.335734,100,4.87807,1940,44640,0.33017,0.788018,20.750317,,25,9.361937,0.152822,1455,1.111054,0.118833,1.082673,0,1.591006,0.165245,61.393564,50717.3104555363,1,0.002360366,52534.22562433114,1636.0422727592356,,,16,2026-09-04T04:29:56+00:00,0.2.0,monk
syclnn,40,tiled,True,Clang 22.1.0 /opt/sycl/bin/clang++,NVIDIA GeForce GTX 1080 Ti,gpu,CUDA 13.0,double,0.0524196,0.06810776,0.018937839999999997,0.022519439999999998,0.4620304,0.17338336000000001,0.0061324,0.03621092,0.00444332,0.016674960000000003,0.0632008,0.00960016,2.23761276,5,0.01605954910533923,0.01984691443488959,189165a3ebfc25a50f6c29f2ff77fabb0e5ef554,v0.2.0-4-gb5c4569,,82.4,2.0,a025193bac5c,cf0980a81805,0.6095551894563427,0.0001308626146055759,17-4-1,True,0.002285493805538863,train,124,"{""blas"": ""tiled"", ""profile"": true}",1.31049,100,1.702694,3480,89280,0.473446,0.562986,11.55076,,25,4.334584,0.15331,1455,0.905273,0.111083,0.416874,0,1.58002,0.240004,55.940319,54255.23346398389,1,0.002197266,56433.76814641469,1750.168821418835,,,16,2026-09-04T04:29:56+00:00,0.2.0,monk
syclnn,40,auto,True,Clang 22.1.0 /opt/sycl/bin/clang++,NVIDIA GeForce GTX 1080 Ti,gpu,CUDA 13.0,double,0.05959936,0.19836876,0.020078,0.03430176,0.9432239199999999,0.42092799999999997,0.01056824,0.04277328,0.00507812,0.07940444,0.07212396,0.01670816,2.86244172,5,0.014090155010082447,0.017413072996331186,189165a3ebfc25a50f6c29f2ff77fabb0e5ef554,v0.2.0-4-gb5c4569,,82.25,8.0,a025193bac5c,53c3020503d7,0.6095551894563427,0.00028633419424295425,17-4-1,True,0.002604939404409379,train,124,"{""profile"": true}",1.489984,100,4.959219,3480,89280,0.50195,0.857544,23.580598,,25,10.5232,0.264206,1455,1.069332,0.126953,1.985111,0,1.803099,0.417704,71.561043,47601.87503406232,1,0.002525648,49096.31112490735,1535.5443559374944,,,16,2026-09-04T04:29:56+00:00,0.2.0,monk
syclnn,40,tiled,True,Clang 22.1.0 /opt/sycl/bin/clang++,NVIDIA GeForce GTX 1080 Ti,gpu,CUDA 13.0,float,0.44455064,0.6260249999999999,0.02707032,0.27984892,3.9706249600000003,1.80129548,0.00950584,0.23819780000000002,0.00406744,0.02512708,0.51493644,0.02170008,16.10506128,5,1.8368674912547749,2.0029573049345166,189165a3ebfc25a50f6c29f2ff77fabb0e5ef554,v0.2.0-4-gb5c4569,14.956594718514536,73.94500000000001,17.0,a025193bac5c,b3aec6014820,6.563354603463993,0.00035303018521517376,12-64-64-3,True,0.015678866405505688,train,1000,"{""blas"": ""tiled"", ""profile"": true}",11.113766,625,15.650625,104140,300000,0.676758,6.996223,99.265624,,25,45.032387,0.237646,12690,5.954945,0.101686,0.628177,0,12.873411,0.542502,402.626532,63780.12122412412,1,0.0155561935,64283.0779907694,1594.503030603103,,,16,2026-09-04T04:29:57+00:00,0.2.0,cup
syclnn,40,auto,True,Clang 22.1.0 /opt/sycl/bin/clang++,NVIDIA GeForce GTX 1080 Ti,gpu,CUDA 13.0,float,0.45454584,1.9109277599999999,0.02415544,0.33678228,6.69854928,3.01878896,0.01107984,0.30014124,0.005737320000000001,0.07002436000000001,0.56636624,0.0095456,20.77296792,5,1.3704430531100993,1.4943587043116275,189165a3ebfc25a50f6c29f2ff77fabb0e5ef554,v0.2.0-4-gb5c4569,25.77321281273617,63.653333333333336,18.666666666666668,a025193bac5c,ef5755f4ec8c,6.563354603463993,0.0010052768047899008,12-64-64-3,True,0.021015101601369678,train,1000,"{""profile"": true}",11.363646,625,47.773194,104140,300000,0.603886,8.419557,167.463732,,25,75.469724,0.276996,12690,7.503531,0.143433,1.750609,0,14.159156,0.23864,519.324198,47584.82823298956,1,0.020048393499999997,49879.30828472616,1189.6207058247392,,,16,2026-09-04T04:29:57+00:00,0.2.0,cup
syclnn,40,tiled,True,Clang 22.1.0 /opt/sycl/bin/clang++,NVIDIA GeForce GTX 1080 Ti,gpu,CUDA 13.0,double,0.5086225600000001,0.75202212,0.02638664,0.29661072,4.67954212,2.22245992,0.01339936,0.24020532,0.00337908,0.02223624,0.59422016,0.022268720000000002,16.02655288,5,1.786531739426076,1.94807018743439,189165a3ebfc25a50f6c29f2ff77fabb0e5ef554,v0.2.0-4-gb5c4569,12.92470320281951,63.935,13.5,a025193bac5c,dc8d0988fc7c,3.2816773017319965,0.0002159816096536822,12-64-64-3,True,0.016120620397850872,train,1000,"{""blas"": ""tiled"", ""profile"": true}",12.715564,625,18.800553,207880,600000,0.659666,7.415268,116.988553,,25,55.561498,0.334984,12690,6.005133,0.084477,0.555906,0,14.855504,0.556718,400.663822,62032.352063405415,1,0.015744018,63516.18754500916,1550.8088015851354,,,16,2026-09-04T04:29:58+00:00,0.2.0,cup
syclnn,40,auto,True,Clang 22.1.0 /opt/sycl/bin/clang++,NVIDIA GeForce GTX 1080 Ti,gpu,CUDA 13.0,double,0.53931608,1.84547796,0.02204104,0.33738296,8.02287444,4.1711126,0.0111172,0.30146484,0.0049414,0.14350584,0.6465145200000001,0.03748804,20.119338,5,1.4312251297355738,1.5606367047475325,189165a3ebfc25a50f6c29f2ff77fabb0e5ef554,v0.2.0-4-gb5c4569,26.32147760788095,64.10666666666667,28.666666666666668,a025193bac5c,faaa36bd8fe0,3.2816773017319965,1.176859950646758e-05,12-64-64-3,True,0.020122620405163615,train,1000,"{""profile"": true}",13.482902,625,46.136949,207880,600000,0.551026,8.434574,200.571861,,25,104.277815,0.27793,12690,7.536621,0.123535,3.587646,0,16.162863,0.937201,502.98345,49695.31700470742,1,0.020008982,49977.55508001356,1242.3829251176855,,,16,2026-09-04T04:29:59+00:00,0.2.0,cup
syclnn,256,tiled,True,Clang 22.1.0 /opt/sycl/bin/clang++,NVIDIA GeForce GTX 1080 Ti,gpu,CUDA 13.0,float,3.02786856,12.43013792,0.16441412,2.6107404,264.16141968,195.89648168,36.35509552,5.09431764,0.0051562399999999994,0.0,8.577207600000001,0.09607020000000001,309.0808074,5,425.2714824103737,430.8196081743205,189165a3ebfc25a50f6c29f2ff77fabb0e5ef554,v0.2.0-4-gb5c4569,1325.742081860285,156.28619047619046,72.21428571428571,a025193bac5c,8c9d4425192b,57.89303578299346,0.0013455756008625142,784-512-256-10,True,0.339654658199288,train,60000,"{""blas"": ""tiled"", ""profile"": true}",75.696714,5875,310.753448,10716760,952800000,4.110353,65.26851,6604.035492,,25,4897.412042,908.877388,117590,127.357941,0.128906,0.0,0,214.43019,2.401755,7727.020185,176650.01362883055,1,0.27476527900000003,218368.2021919516,691.879220046253,,,16,2026-09-04T04:30:09+00:00,0.2.0,mnist-512-256
syclnn,256,auto,True,Clang 22.1.0 /opt/sycl/bin/clang++,NVIDIA GeForce GTX 1080 Ti,gpu,CUDA 13.0,float,4.627967760000001,14.783164320000001,0.15980476,3.4879683999999997,122.39997164,50.59726712,32.24434464,5.704375199999999,0.00671872,0.0,10.78836072,0.01126204,211.93772464000003,5,599.214777605704,607.0321815071576,189165a3ebfc25a50f6c29f2ff77fabb0e5ef554,v0.2.0-4-gb5c4569,645.5196575657508,108.92666666666666,32.9,a025193bac5c,d5a68ffb03d4,57.89303578299346,0.0015658625983633323,784-512-256-10,True,0.24105787340085955,train,60000,"{""profile"": true}",115.699194,5875,369.579108,10716760,952800000,3.995119,87.19921,3059.999291,,25,1264.931678,806.108616,117590,142.60938,0.167968,0.0,0,269.709018,0.281551,5298.443116,248902.88441325832,1,0.1792847185,334663.213362493,974.8696306185951,,,16,2026-09-04T04:30:17+00:00,0.2.0,mnist-512-256
syclnn,256,tiled,True,Clang 22.1.0 /opt/sycl/bin/clang++,NVIDIA GeForce GTX 1080 Ti,gpu,CUDA 13.0,double,4.31500084,22.60906292,0.25109380000000003,3.72663976,835.44063196,710.8386756,72.582424,5.233984799999999,0.09109372,0.0,15.792656520000001,0.5082388,877.3885666000001,5,153.77245420505162,155.77858193815246,189165a3ebfc25a50f6c29f2ff77fabb0e5ef554,v0.2.0-4-gb5c4569,3399.061457378559,145.90495652173914,82.7304347826087,a025193bac5c,ec51a381ec73,28.94651789149673,0.001987447403371312,784-512-256-10,True,0.9393453511991539,train,60000,"{""blas"": ""tiled"", ""profile"": true}",107.875021,5875,565.226573,21433120,1905600000,6.277345,93.165994,20886.015799,,25,17770.96689,1814.5606,117590,130.84962,2.277343,0.0,0,394.816413,12.70597,21934.714165,63874.2715055809,1,0.8113647205000001,73949.4810213405,250.17423006352521,,,16,2026-09-04T04:30:43+00:00,0.2.0,mnist-512-256
syclnn,256,auto,True,Clang 22.1.0 /opt/sycl/bin/clang++,NVIDIA GeForce GTX 1080 Ti,gpu,CUDA 13.0,double,4.37312576,7.69390988,0.25671876,3.0967183599999997,639.57418712,536.34015592,64.468092,6.946874360000001,0.007343840000000001,0.0,16.39124824,0.55237924,684.7272467199999,5,193.54974207332972,196.07480748452525,189165a3ebfc25a50f6c29f2ff77fabb0e5ef554,v0.2.0-4-gb5c4569,2418.6814519052796,131.80978021978024,78.72527472527473,a025193bac5c,c5a82b47de63,28.94651789149673,0.00045495760859926015,784-512-256-10,True,0.7462962153949775,train,60000,"{""profile"": true}",109.328144,5875,192.347747,21433120,1905600000,6.417969,77.417959,15989.354678,,25,13408.503898,1611.7023,117590,173.671859,0.183596,0.0,0,409.781206,13.809481,17118.181168,80397.03104784605,1,0.6186290274999999,96988.65933024781,314.88837160406365,,,16,2026-09-04T04:31:04+00:00,0.2.0,mnist-512-256
syclnn,256,tiled,True,Clang 22.1.0 /opt/sycl/bin/clang++,NVIDIA GeForce GTX 1080 Ti,gpu,CUDA 13.0,float,6.014322666666666,21.322916333333335,0.25651066666666666,4.858062166666667,248.68742116666667,165.58855983333333,35.964745666666666,5.617193666666666,0.006510333333333333,0.0,9.058599833333334,0.13978866666666667,319.808856,2,279.13324179013404,283.1019448542844,189165a3ebfc25a50f6c29f2ff77fabb0e5ef554,v0.2.0-4-gb5c4569,243.50292555737803,132.073,62.2,a025193bac5c,2d43edc46b6c,39.36769759450172,0.006609924996155314,256-256-256-256-256-16,True,0.34427964448696,train,65536,"{""blas"": ""tiled"", ""profile"": true}",36.085936,1536,127.937498,3207456,213909504,1.539064,29.148373,1492.124527,,6,993.531359,215.788474,52272,33.703162,0.039062,0.0,0,54.351599,0.838732,1918.853136,190356.8829858085,1,0.283152743,231451.05113814844,743.5815741633145,,,16,2026-09-04T04:31:08+00:00,0.2.0,sweep-w256-d4-b256
syclnn,256,auto,True,Clang 22.1.0 /opt/sycl/bin/clang++,NVIDIA GeForce GTX 1080 Ti,gpu,CUDA 13.0,float,9.945302833333333,31.998698166666667,0.25520899999999996,7.450510833333333,162.80185016666667,61.843749833333334,31.820101500000003,6.130206333333334,0.0065105,0.0,13.351561166666668,0.023686166666666664,346.1415733333333,2,260.21200154888373,263.9116833254175,189165a3ebfc25a50f6c29f2ff77fabb0e5ef554,v0.2.0-4-gb5c4569,200.07358059387013,98.16454545454545,28.09090909090909,a025193bac5c,deec908438e6,39.36769759450172,0.006664444241323508,256-256-256-256-256-16,True,0.36931383900810033,train,65536,"{""profile"": true}",59.671817,1536,191.992189,3207456,213909504,1.531254,44.703065,976.811101,,6,371.062499,190.920609,52272,36.781238,0.039063,0.0,0,80.109367,0.142117,2076.84944,177453.40975040625,1,0.308630883,212344.27145775946,693.1773818375244,,,16,2026-09-04T04:31:12+00:00,0.2.0,sweep-w256-d4-b256
syclnn,256,tiled,True,Clang 22.1.0 /opt/sycl/bin/clang++,NVIDIA GeForce GTX 1080 Ti,gpu,CUDA 13.0,float,8.938800666666667,24.20572466666667,1.834636,9.249996,1987.6367035,1830.5989716666666,34.674452,5.584637833333333,0.003906333333333334,0.0,72.54557833333332,4.642409333333333,2061.438666,2,627.869337030586,633.9406855574673,189165a3ebfc25a50f6c29f2ff77fabb0e5ef554,v0.2.0-4-gb5c4569,2472.234256944517,198.87677419354839,94.91935483870968,a025193bac5c,15edc730de88,79.17792963806632,0.0030522837478201836,256-1024-1024-1024-1024-16,True,2.089785934018437,train,65536,"{""blas"": ""tiled"", ""profile"": true}",53.632804,1536,145.234348,41140512,213909504,11.007816,55.499976,11925.820221,,6,10983.59383,208.046712,52272,33.507827,0.023438,0.0,0,435.27347,27.854456,12368.631996,31360.149828351663,1,2.023560345,32386.481659384368,122.50058526699868,,,16,2026-09-04T04:31:28+00:00,0.2.0,sweep-w1024-d4-b256
syclnn,256,auto,True,Clang 22.1.0 /opt/sycl/bin/clang++,NVIDIA GeForce GTX 1080 Ti,gpu,CUDA 13.0,float,8.078140833333334,10.878910833333334,1.9270831666666668,7.7421875,343.9739896666667,205.27994816666668,31.949235333333334,5.6458303333333335,0.0052085000000000005,0.0,72.467445,0.127995,411.12087866666667,2,2988.8904935724827,3017.792360290457,189165a3ebfc25a50f6c29f2ff77fabb0e5ef554,v0.2.0-4-gb5c4569,458.6453408115741,185.25230769230768,80.15384615384616,a025193bac5c,304cb5d8d43f,79.17792963806632,0.0004092227609362453,256-1024-1024-1024-1024-16,True,0.4389965145091992,train,65536,"{""profile"": true}",48.468845,1536,65.273465,41140512,213909504,11.562499,46.453125,2063.843938,,6,1231.679689,191.695412,52272,33.874982,0.031251,0.0,0,434.80467,0.76797,2466.725272,149285.92331369568,1,0.372604966,175886.00791756492,583.1481379441237,,,16,2026-09-04T04:31:32+00:00,0.2.0,sweep-w1024-d4-b256
syclnn,256,tiled,True,Clang 22.1.0 /opt/sycl/bin/clang++,NVIDIA GeForce GTX 1080 Ti,gpu,CUDA 13.0,float,36.729166666666664,36.421875,25.447916666666668,35.997395833333336,30289.831466333333,29082.434895833332,36.15177883333333,7.671875,0.0078125,0.0,1028.96875,81.43958466666668,30448.990190666667,2,659.2253801292745,664.6945774488412,189165a3ebfc25a50f6c29f2ff77fabb0e5ef554,v0.2.0-4-gb5c4569,39560.341540760295,216.299866962306,99.37250554323725,a025193bac5c,9d089d4a45c7,110.5098853438531,0.0028440467576729134,256-4096-4096-4096-4096-16,True,30.477978573500877,train,65536,"{""blas"": ""tiled"", ""profile"": true}",220.375,1536,218.53125,617546016,213909504,152.6875,215.984375,181738.988798,,6,174494.609375,216.910673,52272,46.03125,0.046875,0.0,0,6173.8125,488.637508,182693.941144,2150.273839255874,1,30.346573609,2159.5848297207344,8.399507184593258,,,16,2026-09-04T04:35:14+00:00,0.2.0,sweep-w4096-d4-b256
syclnn,256,auto,True,Clang 22.1.0 /opt/sycl/bin/clang++,NVIDIA GeForce GTX 1080 Ti,gpu,CUDA 13.0,float,38.208333333333336,18.317708333333332,26.041666666666668,37.572916666666664,3521.8267033333336,2332.8645833333335,32.31628666666666,7.307291666666667,0.010416666666666666,0.0,1029.1875,48.31922616666666,3634.745657833333,2,5486.848066685528,5532.369151952756,189165a3ebfc25a50f6c29f2ff77fabb0e5ef554,v0.2.0-4-gb5c4569,5660.133469719158,259.66037037037034,95.17592592592592,a025193bac5c,d7e5771c4c09,110.5098853438531,0.0006571447447640821,256-4096-4096-4096-4096-16,True,3.6618212799949106,train,65536,"{""profile"": true}",229.25,1536,109.90625,617546016,213909504,156.25,225.4375,21130.96022,,6,13997.1875,193.89772,52272,43.84375,0.0625,0.0,0,6175.125,289.915357,21808.473947,17897.105016575544,1,3.527724896,18577.41233572653,69.91056647099822,,,16,2026-09-04T04:35:45+00:00,0.2.0,sweep-w4096-d4-b256
ompnn,40,tiled,True,Clang 18.1.3 /usr/bin/clang++-18,NVIDIA GeForce GTX 1080 Ti,gpu,13.0,float,0.43895784,0.36843348,0.0,0.21904900000000002,2.9296442000000003,0.94430656,0.02093996,0.33854323999999997,0.0,0.14922143999999998,0.45019267999999996,0.0,2.9896792,5,0.012210259974481392,0.015089837413973298,189165a3ebfc25a50f6c29f2ff77fabb0e5ef554,v0.1.0-8-ge91146e,,87.6,7.0,d58212944fee,e25da7948b67,1.2191103789126854,0.00013068580301478505,17-4-1,True,0.0030059966025874018,train,124,"{""blas"": ""tiled"", ""profile"": true}",10.973946,100,9.210837,0,44640,0.0,5.476225,73.241105,,25,23.607664,0.523499,1360,8.463581,0.0,3.730536,0,11.254817,0.0,74.74198,41250.87829216687,1,0.0028717300000000003,43179.546823691635,1330.6734932957054,,,16,2026-09-04T08:21:43+00:00,0.1.0,monk
ompnn,40,cublas,True,Clang 18.1.3 /usr/bin/clang++-18,NVIDIA GeForce GTX 1080 Ti,gpu,13.0,float,0.33341884,0.33737912000000003,0.0,0.23169608,2.9677858400000003,0.93800232,0.018935880000000002,0.45578092,0.0,0.15929384000000002,0.49327884,0.0,3.039508,5,0.01326911635715322,0.01639840665759781,189165a3ebfc25a50f6c29f2ff77fabb0e5ef554,v0.1.0-8-ge91146e,,143.62,11.0,d58212944fee,b128d2cd8ed5,1.2191103789126854,9.876119438558808e-05,17-4-1,True,0.002766122401226312,train,124,"{""profile"": true}",8.335471,100,8.434478,0,44640,0.0,5.792402,74.194646,,25,23.450058,0.473397,1360,11.394523,0.0,3.982346,0,12.331971,0.0,75.9877,44828.09580119331,1,0.0027287624999999998,45441.84405934925,1446.067606490107,,,16,2026-09-04T08:21:43+00:00,0.1.0,monk
ompnn,40,tiled,True,Clang 18.1.3 /usr/bin/clang++-18,NVIDIA GeForce GTX 1080 Ti,gpu,13.0,double,0.32318843999999997,0.2749586,0.0,0.1675474,2.61621404,0.84702732,0.01907392,0.36820652000000004,0.0,0.18850076000000002,0.42771107999999997,0.0,2.6857194800000004,5,0.014406729963897425,0.017804306646752047,189165a3ebfc25a50f6c29f2ff77fabb0e5ef554,v0.1.0-8-ge91146e,,87.14,11.0,d58212944fee,bd002deda468,0.6095551894563427,0.0005332619999535381,17-4-1,True,0.002547698200214654,train,124,"{""blas"": ""tiled"", ""profile"": true}",8.079711,100,6.873965,0,89280,0.0,4.188685,65.405351,,25,21.175683,0.476848,1360,9.205163,0.0,4.712519,0,10.692777,0.0,67.142987,48671.38501316698,1,0.00252227,49162.06433093998,1570.0446778440962,,,16,2026-09-04T08:21:43+00:00,0.1.0,monk
ompnn,40,cublas,True,Clang 18.1.3 /usr/bin/clang++-18,NVIDIA GeForce GTX 1080 Ti,gpu,13.0,double,0.40794748,0.31756452,0.0,0.13722044,2.7724185599999998,0.79516616,0.01765392,0.40927304,0.0,0.17647864,0.51111436,0.0,2.84851968,5,0.013019051537239227,0.01608936839933444,189165a3ebfc25a50f6c29f2ff77fabb0e5ef554,v0.1.0-8-ge91146e,,84.41,12.0,d58212944fee,dfb21519bed2,0.6095551894563427,0.0001316637964919212,17-4-1,True,0.0028192529920488597,train,124,"{""profile"": true}",10.198687,100,7.939113,0,89280,0.0,3.430511,69.310464,,25,19.879154,0.441348,1360,10.231826,0.0,4.411966,0,12.777859,0.0,71.212992,43983.2822204028,1,0.002720442,45580.828409501104,1418.8155554968644,,,16,2026-09-04T08:21:44+00:00,0.1.0,monk
ompnn,40,tiled,True,Clang 18.1.3 /usr/bin/clang++-18,NVIDIA GeForce GTX 1080 Ti,gpu,13.0,float,3.51503832,3.5164907199999997,0.0,2.63010284,26.134304080000003,9.822871639999999,0.02828984,2.37319756,0.0,0.28179368,3.96651948,0.0,26.398633439999998,5,1.0827152737330703,1.180614539161136,189165a3ebfc25a50f6c29f2ff77fabb0e5ef554,v0.1.0-8-ge91146e,43.642664493485064,73.45750000000001,23.25,d58212944fee,3eea52561373,6.563354603463993,0.0014346507959999144,12-64-64-3,True,0.026599791005719454,train,1000,"{""blas"": ""tiled"", ""profile"": true}",87.875958,625,87.912268,0,300000,0.0,65.752571,653.357602,,25,245.571791,0.707246,12585,59.329939,0.0,7.044842,0,99.162987,0.0,659.965836,37594.28033795383,1,0.0241576085,41394.82598205034,939.8570084488457,,,16,2026-09-04T08:21:45+00:00,0.1.0,cup
ompnn,40,cublas,True,Clang 18.1.3 /usr/bin/clang++-18,NVIDIA GeForce GTX 1080 Ti,gpu,13.0,float,4.294572759999999,3.71743612,0.0,2.81143892,27.58727284,9.34805936,0.03300236,2.33436432,0.0,0.20527499999999999,4.843124,0.0,27.85658012,5,1.054306454197194,1.1496369902171564,189165a3ebfc25a50f6c29f2ff77fabb0e5ef554,v0.1.0-8-ge91146e,44.11601663387235,70.0275,23.5,d58212944fee,8a1bfd869c4e,6.563354603463993,0.006477829604409634,12-64-64-3,True,0.027316535799764098,train,1000,"{""profile"": true}",107.364319,625,92.935903,0,300000,0.0,70.285973,689.681821,,25,233.701484,0.825059,12585,58.359108,0.0,5.131875,0,121.0781,0.0,696.414503,36607.86299295813,1,0.025126605500000003,39798.451884,915.1965748239533,,,16,2026-09-04T08:21:46+00:00,0.1.0,cup
ompnn,40,tiled,True,Clang 18.1.3 /usr/bin/clang++-18,NVIDIA GeForce GTX 1080 Ti,gpu,13.0,double,3.3724179600000004,3.15008372,0.0,2.02536832,24.107512,8.85160716,0.03639376,2.21441876,0.0,0.29019227999999997,4.16703004,0.0,24.35458308,5,1.1700059993229508,1.2757981042825655,189165a3ebfc25a50f6c29f2ff77fabb0e5ef554,v0.1.0-8-ge91146e,26.387657247729656,65.23333333333333,13.333333333333334,d58212944fee,2e268b8a59ac,3.2816773017319965,0.003576045983936637,12-64-64-3,True,0.02461525839753449,train,1000,"{""blas"": ""tiled"", ""profile"": true}",84.310449,625,78.752093,0,600000,0.0,50.634208,602.6878,,25,221.290179,0.909844,12585,55.360469,0.0,7.254807,0,104.175751,0.0,608.864577,40625.20830982469,1,0.0246457925,40574.87703022737,1015.6302077456171,,,16,2026-09-04T08:21:46+00:00,0.1.0,cup
ompnn,40,cublas,True,Clang 18.1.3 /usr/bin/clang++-18,NVIDIA GeForce GTX 1080 Ti,gpu,13.0,double,3.71351836,3.41239132,0.0,2.19069688,26.72405288,9.69030016,0.04150056,2.4605194800000003,0.0,0.31846532,4.8966608,0.0,26.99348672,5,1.0802734224920558,1.177951895391763,189165a3ebfc25a50f6c29f2ff77fabb0e5ef554,v0.1.0-8-ge91146e,39.26697171862121,64.50750000000001,17.5,d58212944fee,bfcd567b81d8,3.2816773017319965,0.0011581880040466772,12-64-64-3,True,0.02665991720277816,train,1000,"{""profile"": true}",92.837959,625,85.309783,0,600000,0.0,54.767422,668.101322,,25,242.257504,1.037514,12585,61.512987,0.0,7.961633,0,122.41652,0.0,674.837168,37509.49383652972,1,0.026058402,38375.33859520626,937.737345913243,,,16,2026-09-04T08:21:47+00:00,0.1.0,cup
ompnn,256,tiled,True,Clang 18.1.3 /usr/bin/clang++-18,NVIDIA GeForce GTX 1080 Ti,gpu,13.0,float,50.821366600000005,59.22856564,0.0,32.92569476,755.31325724,484.23732392,10.30881368,25.44385004,0.0,0.0,92.3476426,0.0,757.5750333599999,5,182.8137836447966,185.1987868838935,189165a3ebfc25a50f6c29f2ff77fabb0e5ef554,v0.1.0-8-ge91146e,2903.8952708185075,148.54319587628868,58.97938144329897,d58212944fee,5f219b6683f8,57.89303578299346,0.0027004732051864044,784-512-256-10,True,0.7901233545970172,train,60000,"{""blas"": ""tiled"", ""profile"": true}",1270.534165,5875,1480.714141,0,952800000,0.0,823.142369,18882.831431,,25,12105.933098,257.720342,117510,636.096251,0.0,0.0,0,2308.691065,0.0,18939.375834,75937.50982161704,1,0.746492692,80375.87057851598,297.42191346800007,,,16,2026-09-04T08:22:09+00:00,0.1.0,mnist-512-256
ompnn,256,cublas,True,Clang 18.1.3 /usr/bin/clang++-18,NVIDIA GeForce GTX 1080 Ti,gpu,13.0,float,43.82395052,38.944817560000004,0.0,28.9582692,352.62153916000005,115.17784308,10.151340679999999,23.575897759999997,0.0,0.0,91.98942036,0.0,354.56012772,5,377.0189192047556,381.93753817087946,189165a3ebfc25a50f6c29f2ff77fabb0e5ef554,v0.1.0-8-ge91146e,1127.1389331737319,120.66702127659575,35.38297872340426,d58212944fee,cc673cc64b2f,57.89303578299346,0.0015460127964616044,784-512-256-10,True,0.3831251765950583,train,60000,"{""profile"": true}",1095.598763,5875,973.620439,0,952800000,0.0,723.95673,8815.538479,,25,2879.446077,253.783517,117510,589.397444,0.0,0.0,0,2299.735509,0.0,8864.003193,156606.7793644807,1,0.3435322675,174656.0823431237,613.3765525108828,,,16,2026-09-04T08:22:21+00:00,0.1.0,mnist-512-256
ompnn,256,tiled,True,Clang 18.1.3 /usr/bin/clang++-18,NVIDIA GeForce GTX 1080 Ti,gpu,13.0,double,80.31543452,97.28577292,0.0,45.203288119999996,1528.6370178,1094.20700724,20.04568272,31.06206888,0.0,0.0,160.5177634,0.0,1531.12074012,5,91.63681221468433,92.83231339405482,189165a3ebfc25a50f6c29f2ff77fabb0e5ef554,v0.1.0-8-ge91146e,5623.841371147209,142.36276923076923,74.2051282051282,d58212944fee,c029729af146,28.94651789149673,0.0031676612095907775,784-512-256-10,True,1.5762818075949325,train,60000,"{""blas"": ""tiled"", ""profile"": true}",2007.885863,5875,2432.144323,0,1905600000,0.0,1130.082203,38215.925445,,25,27355.175181,501.142068,117510,776.551722,0.0,0.0,0,4012.944085,0.0,38278.018503,38064.25964627931,1,1.5042515155,39886.94668527991,149.0850169479273,,,16,2026-09-04T08:23:04+00:00,0.1.0,mnist-512-256
ompnn,256,cublas,True,Clang 18.1.3 /usr/bin/clang++-18,NVIDIA GeForce GTX 1080 Ti,gpu,13.0,double,64.62463828,59.45746276,0.0,37.90375336,1074.7814536399999,710.66588932,19.99136708,27.72486084,0.0,0.0,154.41348200000002,0.0,1077.9209619599999,5,127.1079440174519,128.7662044185691,189165a3ebfc25a50f6c29f2ff77fabb0e5ef554,v0.1.0-8-ge91146e,3720.0898682971992,132.08892086330937,67.02877697841727,d58212944fee,58c22e5c89c2,28.94651789149673,0.004708755598403558,784-512-256-10,True,1.1363997830078005,train,60000,"{""profile"": true}",1615.615957,5875,1486.436569,0,1905600000,0.0,947.593834,26869.536341,,25,17766.647233,499.784177,117510,693.121521,0.0,0.0,0,3860.33705,0.0,26948.024049,52798.32053574771,1,1.0543789184999999,56905.538366945264,206.79342209834522,,,16,2026-09-04T08:23:35+00:00,0.1.0,mnist-512-256
ompnn,256,tiled,True,Clang 18.1.3 /usr/bin/clang++-18,NVIDIA GeForce GTX 1080 Ti,gpu,13.0,float,82.08742133333332,96.50919483333332,0.0,64.86482033333333,873.6847448333333,483.73206733333336,9.4604445,27.793334,0.0,0.0,109.23746249999999,0.0,878.2980899999999,2,106.38831387136513,107.90093782307822,189165a3ebfc25a50f6c29f2ff77fabb0e5ef554,v0.1.0-8-ge91146e,655.5716986469315,123.72148148148148,49.55555555555556,d58212944fee,51607c3c307c,39.36769759450172,0.009378180242492817,256-256-256-256-256-16,True,0.9032936959993094,train,65536,"{""blas"": ""tiled"", ""profile"": true}",492.524528,1536,579.055169,0,213909504,0.0,389.188922,5242.108469,,6,2902.392404,56.762667,52230,166.760004,0.0,0.0,0,655.424775,0.0,5269.78854,72552.2610090817,1,0.873911973,74991.53464510321,283.4072695667254,,,16,2026-09-04T08:23:43+00:00,0.1.0,sweep-w256-d4-b256
ompnn,256,cublas,True,Clang 18.1.3 /usr/bin/clang++-18,NVIDIA GeForce GTX 1080 Ti,gpu,13.0,float,72.365274,66.31750283333334,0.0,58.81614066666666,517.3102695,163.6437885,16.038266166666666,24.6736525,0.0,0.0,115.45564483333334,0.0,521.3374666666667,2,175.50699710430266,178.002347184145,189165a3ebfc25a50f6c29f2ff77fabb0e5ef554,v0.1.0-8-ge91146e,258.62978751713086,85.0725,30.75,d58212944fee,233cd4919007,39.36769759450172,0.01748330774717033,256-256-256-256-256-16,True,0.5475559085025452,train,65536,"{""profile"": true}",434.191644,1536,397.905017,0,213909504,0.0,352.896844,3103.861617,,6,981.862731,96.229597,52230,148.041915,0.0,0.0,0,692.733869,0.0,3128.0248,119688.23453887607,1,0.487056257,134555.29840365032,467.53216616748466,,,16,2026-09-04T08:23:47+00:00,0.1.0,sweep-w256-d4-b256
ompnn,256,tiled,True,Clang 18.1.3 /usr/bin/clang++-18,NVIDIA GeForce GTX 1080 Ti,gpu,13.0,float,129.90636783333335,129.40991916666667,0.0,108.8419085,3915.1367065,3099.355006333333,9.998182666666667,31.902355666666665,0.0,0.0,405.7229663333333,0.0,3925.4644006666663,2,331.92796112720816,335.1376262899492,189165a3ebfc25a50f6c29f2ff77fabb0e5ef554,v0.1.0-8-ge91146e,4300.85094808192,182.72230769230768,82.2905982905983,d58212944fee,49e60ef17359,79.17792963806632,0.04404413299926091,256-1024-1024-1024-1024-16,True,3.953003852016991,train,65536,"{""blas"": ""tiled"", ""profile"": true}",779.438207,1536,776.459515,0,213909504,0.0,653.051451,23490.820239,,6,18596.130038,59.989096,52230,191.414134,0.0,0.0,0,2434.337798,0.0,23552.786404,16578.784755436234,1,3.879961343,16890.889935858828,64.76087795092279,,,16,2026-09-04T08:24:17+00:00,0.1.0,sweep-w1024-d4-b256
ompnn,256,cublas,True,Clang 18.1.3 /usr/bin/clang++-18,NVIDIA GeForce GTX 1080 Ti,gpu,13.0,float,96.18689499999999,84.03874783333333,0.0,72.38884033333333,1115.3806588333334,416.70880316666666,14.005986166666666,26.672443833333332,0.0,0.0,405.3789425,0.0,1124.9479395,2,1127.0463697668172,1137.9446425653778,189165a3ebfc25a50f6c29f2ff77fabb0e5ef554,v0.1.0-8-ge91146e,980.2414868705832,145.61558823529413,53.55882352941177,d58212944fee,76b98640fc44,79.17792963806632,0.0567795524984831,256-1024-1024-1024-1024-16,True,1.1642045475018676,train,65536,"{""profile"": true}",577.12137,1536,504.232487,0,213909504,0.0,434.333042,6692.283953,,6,2500.252819,84.035917,52230,160.034663,0.0,0.0,0,2432.273655,0.0,6749.687637,56292.51332218737,1,1.111984875,58936.053424287806,219.8926301647944,,,16,2026-09-04T08:24:27+00:00,0.1.0,sweep-w1024-d4-b256
ompnn,256,tiled,True,Clang 18.1.3 /usr/bin/clang++-18,NVIDIA GeForce GTX 1080 Ti,gpu,13.0,float,290.092242,237.60147849999998,0.0,225.46445866666667,44130.4948005,40268.7265045,9.556336833333333,50.119999666666665,0.0,0.0,3048.9337803333333,0.0,44222.32840816667,2,455.1125248758637,458.88832034154217,189165a3ebfc25a50f6c29f2ff77fabb0e5ef554,v0.1.0-8-ge91146e,57688.92677528883,217.30817417876244,97.91596638655462,d58212944fee,70501eab7212,110.5098853438531,0.7692826107522706,256-4096-4096-4096-4096-16,True,44.147009612992406,train,65536,"{""blas"": ""tiled"", ""profile"": true}",1740.553452,1536,1425.608871,0,213909504,0.0,1352.786752,264782.968803,,6,241612.359027,57.338021,52230,300.719998,0.0,0.0,0,18293.602682,0.0,265333.970449,1484.4946594233836,1,44.272881574,1480.2741016633333,5.798807263372592,,,16,2026-09-04T08:29:48+00:00,0.1.0,sweep-w4096-d4-b256
ompnn,256,cublas,True,Clang 18.1.3 /usr/bin/clang++-18,NVIDIA GeForce GTX 1080 Ti,gpu,13.0,float,205.49055083333334,147.74431116666668,0.0,169.9498025,6334.218533,2718.0094726666666,9.687735166666666,35.825123,0.0,0.0,3047.5115376666668,0.0,6422.0720833333335,2,3099.8116776376955,3125.528954656327,189165a3ebfc25a50f6c29f2ff77fabb0e5ef554,v0.1.0-8-ge91146e,8198.802550502362,212.23062827225132,87.31937172774869,d58212944fee,edd1924c0b59,110.5098853438531,0.0995492460206151,256-4096-4096-4096-4096-16,True,6.481637950986624,train,65536,"{""profile"": true}",1232.943305,1536,886.465867,0,213909504,0.0,1019.698815,38005.311198,,6,16308.056836,58.126411,52230,214.950738,0.0,0.0,0,18285.069226,0.0,38532.4325,10111.024481091885,1,6.351802085,10317.70183059789,39.496189379265175,,,16,2026-09-04T08:30:38+00:00,0.1.0,sweep-w4096-d4-b256
ompnn,40,tiled,True,GNU 14.2.0 /usr/bin/g++-14,NVIDIA GeForce GTX 1080 Ti,gpu,13.0,float,2.31493372,0.87736476,0.0,1.13058312,13.283659,5.2684611199999996,0.00436004,1.17242872,0.0,0.33830987999999995,2.1772176400000003,0.0,13.3143054,5,0.002758646234735994,0.0034092249675137503,189165a3ebfc25a50f6c29f2ff77fabb0e5ef554,v0.1.0-4-g3137817,17.767303921818968,87.77000000000001,50.0,476ccbc833c5,e25da7948b67,1.2191103789126854,0.0001269846106879413,17-4-1,True,0.013305076793767513,train,124,"{""blas"": ""tiled"", ""profile"": true}",57.873343,100,21.934119,0,44640,0.0,28.264578,332.091475,,25,131.711528,0.109001,1360,29.310718,0.0,8.457747,0,54.430441,0.0,332.857635,9319.750793027008,1,0.013004455,9535.19390085936,300.6371223557099,,,16,2026-09-04T01:50:37+00:00,0.1.0,monk
ompnn,40,cublas,True,GNU 14.2.0 /usr/bin/g++-14,NVIDIA GeForce GTX 1080 Ti,gpu,13.0,float,2.3207815199999997,0.187526,0.0,1.13044768,7.400599959999999,0.41190252,0.00368008,1.16547548,0.0,0.05406888000000001,2.1267178,0.0,7.420880039999999,5,0.004948163323488781,0.006115101578941017,189165a3ebfc25a50f6c29f2ff77fabb0e5ef554,v0.1.0-8-ge91146e,,87.45,4.0,9f4bbbab7ba4,b128d2cd8ed5,1.2191103789126854,4.063060041517054e-05,17-4-1,True,0.007417701801750809,train,124,"{""profile"": true}",58.019538,100,4.68815,0,44640,0.0,28.261192,185.014999,,25,10.297563,0.092002,1360,29.136887,0.0,1.351722,0,53.167945,0.0,185.522001,16716.767984759394,1,0.00735104,16868.361483545184,539.2505801535289,,,16,2026-09-04T04:41:26+00:00,0.1.0,monk
ompnn,40,tiled,True,GNU 14.2.0 /usr/bin/g++-14,NVIDIA GeForce GTX 1080 Ti,gpu,13.0,double,2.26353728,0.83974836,0.0,1.10289312,13.84869724,5.97170864,0.005101919999999999,1.17446444,0.0,0.33385644,2.15738704,0.0,13.87696476,5,0.0026491113209425672,0.003273858149464768,189165a3ebfc25a50f6c29f2ff77fabb0e5ef554,v0.1.0-8-ge91146e,17.63661408527638,87.21000000000001,53.0,9f4bbbab7ba4,bd002deda468,0.6095551894563427,8.909320458769764e-05,17-4-1,True,0.013855212391354144,train,124,"{""blas"": ""tiled"", ""profile"": true}",56.588432,100,20.993709,0,89280,0.0,27.572328,346.217431,,25,149.292716,0.127548,1360,29.361611,0.0,8.346411,0,53.934676,0.0,346.924119,8949.700408589753,1,0.0138611875,8945.842482832008,288.7000131803146,,,16,2026-09-04T04:41:26+00:00,0.1.0,monk
ompnn,40,cublas,True,GNU 14.2.0 /usr/bin/g++-14,NVIDIA GeForce GTX 1080 Ti,gpu,13.0,double,2.36278108,0.20271460000000002,0.0,1.1329757200000001,7.624607600000001,0.47412832,0.00505108,1.18667948,0.0,0.10436324000000001,2.15591408,0.0,7.652272480000001,5,0.004750413064425592,0.005870715360787512,189165a3ebfc25a50f6c29f2ff77fabb0e5ef554,v0.1.0-8-ge91146e,,86.92,26.0,9f4bbbab7ba4,dfb21519bed2,0.6095551894563427,0.0001253696042113001,17-4-1,True,0.007726485992316156,train,124,"{""profile"": true}",59.069527,100,5.067865,0,89280,0.0,28.324393,190.61519,,25,11.853208,0.126277,1360,29.666987,0.0,2.609081,0,53.897852,0.0,191.306812,16048.692785221594,1,0.007502013,16528.896977384604,517.6997672652127,,,16,2026-09-04T04:41:26+00:00,0.1.0,monk
ompnn,40,tiled,True,GNU 14.2.0 /usr/bin/g++-14,NVIDIA GeForce GTX 1080 Ti,gpu,13.0,float,23.04290348,13.05953912,0.0,15.07099064,165.35754012,83.00574699999999,0.01099928,7.94115916,0.0,0.64572328,22.58047816,0.0,165.51376295999998,5,0.17417386948641264,0.1899226949561893,189165a3ebfc25a50f6c29f2ff77fabb0e5ef554,v0.1.0-8-ge91146e,360.4063197597503,88.75,87.47619047619048,9f4bbbab7ba4,3eea52561373,6.563354603463993,0.0002048689872026499,12-64-64-3,True,0.1653520133928396,train,1000,"{""blas"": ""tiled"", ""profile"": true}",576.072587,625,326.488478,0,300000,0.0,376.774766,4133.938503,,25,2075.143675,0.274982,12585,198.528979,0.0,16.143082,0,564.511954,0.0,4137.844074,6047.70380161155,1,0.1653694315,6047.066806297874,151.19259504028878,,,16,2026-09-04T04:41:31+00:00,0.1.0,cup
ompnn,40,cublas,True,GNU 14.2.0 /usr/bin/g++-14,NVIDIA GeForce GTX 1080 Ti,gpu,13.0,float,23.41882256,1.8643915999999998,0.0,14.87099888,74.79864612,3.89488336,0.01012596,7.9257097199999995,0.0,0.10019456,22.71351948,0.0,74.93538356,5,0.38520359176328506,0.42003375403102017,189165a3ebfc25a50f6c29f2ff77fabb0e5ef554,v0.1.0-8-ge91146e,161.97711095009404,88.711,79.4,9f4bbbab7ba4,8a1bfd869c4e,6.563354603463993,0.00015863198786973676,12-64-64-3,True,0.07476565799443051,train,1000,"{""profile"": true}",585.470564,625,46.60979,0,300000,0.0,371.774972,1869.966153,,25,97.372084,0.253149,12585,198.142743,0.0,2.504864,0,567.837987,0.0,1873.384589,13375.124714002954,1,0.074633139,13398.873655843418,334.37811785007386,,,16,2026-09-04T04:41:33+00:00,0.1.0,cup
ompnn,40,tiled,True,GNU 14.2.0 /usr/bin/g++-14,NVIDIA GeForce GTX 1080 Ti,gpu,13.0,double,23.29267084,13.0351144,0.0,15.136738880000001,176.676677,93.71584388,0.018942479999999998,7.941130439999999,0.0,0.6572698800000001,22.8789662,0.0,176.83539027999998,5,0.16292941199115807,0.1776615120524836,189165a3ebfc25a50f6c29f2ff77fabb0e5ef554,v0.1.0-8-ge91146e,383.57361325437,89.96181818181819,88.5909090909091,9f4bbbab7ba4,2e268b8a59ac,3.2816773017319965,0.0006240366026759037,12-64-64-3,True,0.17676366500090807,train,1000,"{""blas"": ""tiled"", ""profile"": true}",582.316771,625,325.87786,0,600000,0.0,378.418472,4416.916925,,25,2342.896097,0.473562,12585,198.528261,0.0,16.431747,0,571.974155,0.0,4420.884757,5657.271249692989,1,0.17646399299999999,5666.878454915162,141.43178124232472,,,16,2026-09-04T04:41:38+00:00,0.1.0,cup
ompnn,40,cublas,True,GNU 14.2.0 /usr/bin/g++-14,NVIDIA GeForce GTX 1080 Ti,gpu,13.0,double,23.45340056,1.9668686800000001,0.0,14.906956319999999,76.45606352,4.8093818399999995,0.01833436,7.96085688,0.0,0.17372664000000002,23.16653824,0.0,76.61700300000001,5,0.37650383673795274,0.41054736594799796,189165a3ebfc25a50f6c29f2ff77fabb0e5ef554,v0.1.0-8-ge91146e,162.25656801047063,88.922,78.7,9f4bbbab7ba4,bfcd567b81d8,3.2816773017319965,0.00038785939104854505,12-64-64-3,True,0.0764932443969883,train,1000,"{""profile"": true}",586.335014,625,49.171717,0,600000,0.0,372.673908,1911.401588,,25,120.234546,0.458359,12585,199.021422,0.0,4.343166,0,579.163456,0.0,1915.425075,13073.049886734469,1,0.07633161299999999,13100.731933962932,326.8262471683617,,,16,2026-09-04T04:41:41+00:00,0.1.0,cup
ompnn,256,tiled,True,GNU 14.2.0 /usr/bin/g++-14,NVIDIA GeForce GTX 1080 Ti,gpu,13.0,float,228.33950808,159.06101444,0.0,151.09859432,99614.51601980001,98749.17197863999,16.923092280000002,77.72750528,0.0,0.0,232.19432676,0.0,99616.90687008001,5,1.4499866781364539,1.4689033202793793,189165a3ebfc25a50f6c29f2ff77fabb0e5ef554,v0.1.0-8-ge91146e,232843.6964751979,93.47548010133202,99.9412437688976,9f4bbbab7ba4,5f219b6683f8,57.89303578299346,0.060490103194027256,784-512-256-10,True,99.6184600714012,train,60000,"{""blas"": ""tiled"", ""profile"": true}",5708.487702,5875,3976.525361,0,952800000,0.0,3777.464858,2490362.900495,,25,2468729.299466,423.077307,117510,1943.187632,0.0,0.0,0,5804.858169,0.0,2490422.671752,602.2980073873376,1,99.587372536,602.486022796821,2.359000528933739,,,16,2026-09-04T05:25:36+00:00,0.1.0,mnist-512-256
ompnn,256,cublas,True,GNU 14.2.0 /usr/bin/g++-14,NVIDIA GeForce GTX 1080 Ti,gpu,13.0,float,223.78501512,21.3848864,0.0,146.06919268,789.78965452,63.870206360000005,17.322175480000002,77.42953972000001,0.0,0.0,239.92863875999998,0.0,791.2390206399999,5,179.6924837789896,182.03676629046018,189165a3ebfc25a50f6c29f2ff77fabb0e5ef554,v0.1.0-8-ge91146e,1952.4516385110217,96.11465346534654,77.00990099009901,9f4bbbab7ba4,cc673cc64b2f,57.89303578299346,0.04140833340352401,784-512-256-10,True,0.8038479794049636,train,60000,"{""profile"": true}",5594.625378,5875,534.62216,0,952800000,0.0,3651.729817,19744.741363,,25,1596.755159,433.054387,117510,1935.738493,0.0,0.0,0,5998.215969,0.0,19780.975516,74640.9788134494,1,0.757980316,79157.72841784456,292.34383368601016,,,16,2026-09-04T05:25:59+00:00,0.1.0,mnist-512-256
ompnn,256,tiled,True,GNU 14.2.0 /usr/bin/g++-14,NVIDIA GeForce GTX 1080 Ti,gpu,13.0,double,237.69281343999998,169.16149959999998,0.0,154.65773268,112599.61034952,111688.96931708,33.628434080000005,77.69380696,0.0,0.0,237.80674567999998,0.0,112602.82973432001,5,1.2836771915018068,1.3004241467841022,189165a3ebfc25a50f6c29f2ff77fabb0e5ef554,v0.1.0-8-ge91146e,283457.28387366,100.65362225750577,99.9183747113164,9f4bbbab7ba4,c029729af146,28.94651789149673,0.4549956173985237,784-512-256-10,True,112.52473827240756,train,60000,"{""blas"": ""tiled"", ""profile"": true}",5942.320336,5875,4229.03749,0,1905600000,0.0,3866.443317,2814990.258738,,25,2792224.232927,840.710852,117510,1942.345174,0.0,0.0,0,5945.168642,0.0,2815070.743358,533.2160813806819,1,112.04939612250001,535.4781201534003,2.0884296520743373,,,16,2026-09-04T06:15:04+00:00,0.1.0,mnist-512-256
ompnn,256,cublas,True,GNU 14.2.0 /usr/bin/g++-14,NVIDIA GeForce GTX 1080 Ti,gpu,13.0,double,221.97503644,21.04482324,0.0,148.20582000000002,1302.3486827200002,562.40617132,33.74188884,76.18805484,0.0,0.0,238.78688804,0.0,1303.8846330000001,5,106.22412777416422,107.6099362387156,189165a3ebfc25a50f6c29f2ff77fabb0e5ef554,v0.1.0-8-ge91146e,3847.49115112205,113.89497005988024,83.13173652694611,9f4bbbab7ba4,58c22e5c89c2,28.94651789149673,0.0006634251913055778,784-512-256-10,True,1.3598176141967997,train,60000,"{""profile"": true}",5549.375911,5875,526.120581,0,1905600000,0.0,3705.1455,32558.717068,,25,14060.154283,843.547221,117510,1904.701371,0.0,0.0,0,5969.672201,0.0,32597.115825,44123.564346855484,1,1.2691762629999999,47274.75745423708,172.81729369185067,,,16,2026-09-04T06:15:42+00:00,0.1.0,mnist-512-256
ompnn,256,tiled,True,GNU 14.2.0 /usr/bin/g++-14,NVIDIA GeForce GTX 1080 Ti,gpu,13.0,float,404.096928,299.74720983333333,0.0,323.65420616666665,68686.881726,67153.27033816667,15.7877955,84.60880083333333,0.0,0.0,405.7164475,0.0,68691.112664,2,1.3982564878692167,1.4181368316515846,189165a3ebfc25a50f6c29f2ff77fabb0e5ef554,v0.1.0-8-ge91146e,38466.63742144301,93.34440769990128,98.9471865745311,9f4bbbab7ba4,51607c3c307c,39.36769759450172,0.02421096350008156,256-256-256-256-256-16,True,68.7283728570037,train,65536,"{""blas"": ""tiled"", ""profile"": true}",2424.581568,1536,1798.483259,0,213909504,0.0,1941.925237,412121.290356,,6,402919.622029,94.726773,52230,507.652805,0.0,0.0,0,2434.298685,0.0,412146.675984,953.5508739069705,1,68.667710763,954.3932551675008,3.7248081011991037,,,16,2026-09-04T06:23:52+00:00,0.1.0,sweep-w256-d4-b256
ompnn,256,cublas,True,GNU 14.2.0 /usr/bin/g++-14,NVIDIA GeForce GTX 1080 Ti,gpu,13.0,float,392.00863499999997,32.02354616666667,0.0,308.84386316666667,1315.7112730000001,79.43523483333333,16.062969833333334,81.64042833333333,0.0,0.0,405.6965956666666,0.0,1317.8424714999999,2,71.54625254009758,72.56349373238038,189165a3ebfc25a50f6c29f2ff77fabb0e5ef554,v0.1.0-8-ge91146e,736.8936486503396,92.9795,79.55,9f4bbbab7ba4,233cd4919007,39.36769759450172,0.002855348735465668,256-256-256-256-256-16,True,1.3431855594972149,train,65536,"{""profile"": true}",2352.05181,1536,192.141277,0,213909504,0.0,1853.063179,7894.267638,,6,476.611409,96.377819,52230,489.84257,0.0,0.0,0,2434.179574,0.0,7907.054829,48791.47154063481,1,1.30030424,50400.51242161603,190.59168570560473,,,16,2026-09-04T06:24:03+00:00,0.1.0,sweep-w256-d4-b256
ompnn,256,tiled,True,GNU 14.2.0 /usr/bin/g++-14,NVIDIA GeForce GTX 1080 Ti,gpu,13.0,float,552.7354181666666,446.3529986666667,0.0,444.966809,944848.6753473333,942668.3752916666,16.008059499999998,98.5147095,0.0,0.0,621.7220608333333,0.0,944860.8098453333,2,1.3799927691443648,1.3933369740161554,189165a3ebfc25a50f6c29f2ff77fabb0e5ef554,v0.1.0-8-ge91146e,580777.2067296107,102.44959745762712,99.99310542947428,9f4bbbab7ba4,49e60ef17359,79.17792963806632,16.858113081252668,256-1024-1024-1024-1024-16,True,950.8111479030049,train,65536,"{""blas"": ""tiled"", ""profile"": true}",3316.412509,1536,2678.117992,0,213909504,0.0,2669.800854,5669092.052084,,6,5656010.25175,96.048357,52230,591.088257,0.0,0.0,0,3730.332365,0.0,5669164.859072,68.92641103813133,1,946.860362534,69.21400725299314,0.2692437931177005,,,16,2026-09-04T08:15:23+00:00,0.1.0,sweep-w1024-d4-b256
ompnn,256,cublas,True,GNU 14.2.0 /usr/bin/g++-14,NVIDIA GeForce GTX 1080 Ti,gpu,13.0,float,431.18051983333334,44.49921466666667,0.0,355.4441895,1848.2915935,297.10578,16.0199235,87.18088949999999,0.0,0.0,616.8610765,0.0,1855.9205353333334,2,696.4186977348751,703.1529024255864,189165a3ebfc25a50f6c29f2ff77fabb0e5ef554,v0.1.0-8-ge91146e,1442.2377275793829,128.77607142857144,83.78571428571429,9f4bbbab7ba4,76b98640fc44,79.17792963806632,0.012635892242542468,256-1024-1024-1024-1024-16,True,1.8840856990136672,train,65536,"{""profile"": true}",2587.083119,1536,266.995288,0,213909504,0.0,2132.665137,11089.749561,,6,1782.63468,96.119541,52230,523.085337,0.0,0.0,0,3701.166459,0.0,11135.523212,34783.98038598169,1,1.847292943,35476.7771123348,135.87492338274097,,,16,2026-09-04T08:15:38+00:00,0.1.0,sweep-w1024-d4-b256
cudann,64,cublas,True,nvcc 12.9.86 /usr/local/cuda-12.9/bin/nvcc / host GNU 13.3.0,NVIDIA GeForce GTX 1080 Ti,gpu,13.0,float,13.915203555555557,32.51339633333333,0.020462222222222222,12.382371333333333,279.83778622222223,140.690028,22.794586111111112,5.2087710000000005,0.011857777777777778,0.0,52.30110988888889,4.132920555555556,282.33974133333334,3,451.79917411158317,471.8316260702142,189165a3ebfc25a50f6c29f2ff77fabb0e5ef554,v0.1.0-3-g7ff331c,290.56187636725866,108.85928571428572,62.857142857142854,476ccbc833c5,861318f80caf,24.563545832993224,0.0095275901743056,784-512-256-10,True,0.31971160700777546,train,60000,"{""profile"": true}",125.236832,8442,292.620567,6429960,571815072,0.18416,111.441342,2518.540076,,9,1266.210252,205.151275,168873,46.878939,0.10672,0.0,0,470.709989,37.196285,2541.057672,187669.13269601998,1,0.2434936775,246412.96897739777,2933.8941078144453,,,16,2026-09-03T23:59:57+00:00,0.1.0,mnist-512-256
cudann,256,cublas,True,nvcc 12.9.86 /usr/local/cuda-12.9/bin/nvcc / host GNU 13.3.0,NVIDIA GeForce GTX 1080 Ti,gpu,13.0,float,6.220458666666667,9.701059555555554,0.006524444444444445,5.188547555555555,112.254576,50.74603422222222,23.097552,1.3156337777777778,0.010147555555555555,0.0,15.968618222222224,15.305570888888887,102.61740800000001,3,1003.6039423748392,1016.6970396545559,189165a3ebfc25a50f6c29f2ff77fabb0e5ef554,v0.1.0-3-g7ff331c,120.82701816255636,118.91000000000001,59.0,476ccbc833c5,4d1abadd9e3a,57.89303578299346,0.0008134244902369692,784-512-256-10,True,0.14392673633604622,train,60000,"{""profile"": true}",55.984128,2115,87.309536,6429960,571713840,0.05872,46.696928,1010.291184,,9,456.714308,207.877968,42333,11.840704,0.091328,0.0,0,143.717564,137.750138,923.556672,416878.764345142,1,0.0790776875,758747.5291307678,1632.7751603518063,,,16,2026-09-04T00:00:00+00:00,0.1.0,mnist-512-256
cudann,1024,cublas,True,nvcc 12.9.86 /usr/local/cuda-12.9/bin/nvcc / host GNU 13.3.0,NVIDIA GeForce GTX 1080 Ti,gpu,13.0,float,2.224622222222222,3.4197333333333333,0.01327288888888889,2.110136888888889,66.14046722222221,28.826050555555558,24.976074555555556,0.3409102222222222,0.011342222222222222,0.0,4.218324333333333,16.23034688888889,61.59090211111111,3,1390.8608058364864,1398.1094861967445,189165a3ebfc25a50f6c29f2ff77fabb0e5ef554,v0.1.0-3-g7ff331c,100.5195866946748,133.174,34.4,476ccbc833c5,39db6d533fe5,87.61278113399811,0.011808538169134408,784-512-256-10,True,0.10385326798617218,train,60000,"{""profile"": true}",20.0216,531,30.7776,6429960,571688496,0.119456,18.991232,595.264205,,9,259.434455,224.784671,10653,3.068192,0.10208,0.0,0,37.964919,146.073122,554.318119,577738.1989364923,1,0.035768974999999995,1677431.3493747027,568.1092289542175,,,16,2026-09-04T00:00:02+00:00,0.1.0,mnist-512-256
cudann,64,cublas,True,nvcc 12.9.86 /usr/local/cuda-12.9/bin/nvcc / host GNU 13.3.0,NVIDIA GeForce GTX 1080 Ti,gpu,13.0,double,20.06952177777778,38.06284788888889,0.007260444444444444,16.439968,1450.1771935555555,1072.681010222222,51.86159166666667,5.324064,0.015342222222222222,0.0,245.71558733333333,58.065158222222216,1227.530065111111,3,106.51707294487184,111.23996370875614,189165a3ebfc25a50f6c29f2ff77fabb0e5ef554,v0.1.0-3-g7ff331c,1363.5786617541942,114.29881355932204,83.03389830508475,476ccbc833c5,b6a284b84bde,12.281772916496612,0.03526421833278914,784-512-256-10,True,1.3560778193253402,train,60000,"{""profile"": true}",180.625696,8442,342.565631,12859776,1143630144,0.065344,147.959712,13051.594742,,9,9654.129092,466.754325,168873,47.916576,0.13808,0.0,0,2211.440286,522.586424,11047.770586,44245.24842523454,1,1.172705864,51163.7247172493,691.7007170478333,,,16,2026-09-04T00:00:19+00:00,0.1.0,mnist-512-256
cudann,256,cublas,True,nvcc 12.9.86 /usr/local/cuda-12.9/bin/nvcc / host GNU 13.3.0,NVIDIA GeForce GTX 1080 Ti,gpu,13.0,double,7.000760888888888,77.04061844444443,0.007751111111111111,4.862791111111111,922.0581166666666,623.8712352222223,79.62300633333334,1.380327111111111,0.01707011111111111,0.0,128.25455633333334,113.92097655555555,648.4109472222221,3,188.19749764577037,190.6527372482021,189165a3ebfc25a50f6c29f2ff77fabb0e5ef554,v0.1.0-3-g7ff331c,883.6864738817098,132.5469696969697,75.0,476ccbc833c5,d01124e612eb,28.94651789149673,0.015964885339296186,784-512-256-10,True,0.7675205133273266,train,60000,"{""profile"": true}",63.006848,2115,693.365566,12859776,1143427680,0.06976,43.76512,8298.52305,,9,5614.841117,716.607057,42333,12.422944,0.153631,0.0,0,1154.291007,1025.288789,5835.698525,78173.80637800833,1,0.5672052635,105781.8110321538,306.18074164719934,,,16,2026-09-04T00:00:29+00:00,0.1.0,mnist-512-256
cudann,1024,cublas,True,nvcc 12.9.86 /usr/local/cuda-12.9/bin/nvcc / host GNU 13.3.0,NVIDIA GeForce GTX 1080 Ti,gpu,13.0,double,4.2712782222222225,79.47532066666666,0.006684444444444444,5.0223786666666665,741.3539748888888,594.0588655555555,47.835372666666665,0.6300373333333333,0.015025777777777777,0.0,10.039011555555556,364.996061,496.471513,3,239.1187020511717,240.3649051450078,189165a3ebfc25a50f6c29f2ff77fabb0e5ef554,v0.1.0-3-g7ff331c,736.6133353509388,140.57923076923078,72.76923076923077,476ccbc833c5,1256bd187eaa,43.806390566999056,0.02103039316716604,784-512-256-10,True,0.6040742056599507,train,60000,"{""profile"": true}",38.441504,531,715.277886,12859776,1143376992,0.06016,45.201408,6672.185774,,9,5346.52979,430.518354,10653,5.670336,0.135232,0.0,0,90.351104,3284.964549,4468.243617,99325.54550057312,1,0.4479197585,133952.56373804284,97.67011974223023,,,16,2026-09-04T00:00:37+00:00,0.1.0,mnist-512-256
cudann,64,cublas,True,nvcc 12.9.86 /usr/local/cuda-12.9/bin/nvcc / host GNU 13.3.0,NVIDIA GeForce GTX 1080 Ti,gpu,13.0,float,23.019904,72.89460955555555,0.008469333333333334,18.20200888888889,558.5162006666667,260.5231527777778,24.598059,6.307331444444444,0.013248000000000001,0.0,152.94941766666668,17.67185511111111,455.7110615555555,3,1187.4317337073164,1232.8836655016112,189165a3ebfc25a50f6c29f2ff77fabb0e5ef554,v0.1.0-3-g7ff331c,605.5928590574717,141.17181818181817,72.13636363636364,476ccbc833c5,4dfd7fb41c8f,27.300586878582358,0.03802259917332168,784-1024-1024-10,True,0.48326955033311,train,60000,"{""profile"": true}",207.179136,8442,656.051486,22364424,571815072,0.076224,163.81808,5026.645806,,9,2344.708375,221.382531,168873,56.765983,0.119232,0.0,0,1376.544759,159.046696,4101.399554,124154.31503731811,1,0.4118118395,145697.60809414514,1940.945791750073,,,16,2026-09-04T00:00:44+00:00,0.1.0,mnist
cudann,256,cublas,True,nvcc 12.9.86 /usr/local/cuda-12.9/bin/nvcc / host GNU 13.3.0,NVIDIA GeForce GTX 1080 Ti,gpu,13.0,float,6.670072888888889,18.615235444444444,0.010816,5.759008,222.9775821111111,121.39547622222221,24.784651888888888,1.3233422222222222,0.015175111111111111,0.0,44.40380433333333,22.90326877777778,176.70366266666667,3,2436.526866991057,2463.0361186038535,189165a3ebfc25a50f6c29f2ff77fabb0e5ef554,v0.1.0-3-g7ff331c,310.9013562179051,163.844,61.6,476ccbc833c5,33204aa239f2,75.80495846807432,0.0077185045035245425,784-1024-1024-10,True,0.23551950432981053,train,60000,"{""profile"": true}",60.030656,2115,167.537119,22364424,571713840,0.097344,51.831072,2006.798239,,9,1092.559286,223.061867,42333,11.91008,0.136576,0.0,0,399.634239,206.129419,1590.332964,254755.97093639767,1,0.1497071505,400782.45961938874,997.7942195008909,,,16,2026-09-04T00:00:49+00:00,0.1.0,mnist
cudann,1024,cublas,True,nvcc 12.9.86 /usr/local/cuda-12.9/bin/nvcc / host GNU 13.3.0,NVIDIA GeForce GTX 1080 Ti,gpu,13.0,float,5.423936,11.062624,0.005624888888888889,5.063687111111111,140.53103,85.96400111111112,23.855661777777776,0.3811982222222222,0.014058666666666667,0.0,8.760238222222222,67.73387944444444,113.16222755555556,3,3612.9840478536516,3627.5111218253924,189165a3ebfc25a50f6c29f2ff77fabb0e5ef554,v0.1.0-3-g7ff331c,240.71509609165892,192.3857142857143,63.714285714285715,476ccbc833c5,9149ffa88116,136.3814738763404,0.0016736361721996218,784-1024-1024-10,True,0.1588298183438989,train,60000,"{""profile"": true}",48.815424,531,99.563616,22364424,571688496,0.050624,45.573184,1264.77927,,9,773.67601,214.700956,10653,3.430784,0.126528,0.0,0,78.842144,609.604915,1018.460048,377762.8195109295,1,0.08784102599999999,683052.1310167757,371.4667725190807,,,16,2026-09-04T00:00:52+00:00,0.1.0,mnist
cudann,64,cublas,True,nvcc 12.9.86 /usr/local/cuda-12.9/bin/nvcc / host GNU 13.3.0,NVIDIA GeForce GTX 1080 Ti,gpu,13.0,double,26.666432,83.16517688888888,0.007605333333333333,23.367548444444445,4661.152907222222,3729.254878222222,52.40005988888889,5.374328888888889,0.017059555555555557,0.0,740.899818,179.413587,3597.1232187777778,3,154.63830465856427,160.55747413720218,189165a3ebfc25a50f6c29f2ff77fabb0e5ef554,v0.1.0-3-g7ff331c,4142.380868058255,125.13638036809816,94.61349693251533,476ccbc833c5,f982612d6c6d,13.650293439291179,0.032267303836609695,784-1024-1024-10,True,3.7109149719860093,train,60000,"{""profile"": true}",239.997888,8442,748.486592,44728704,1143630144,0.068448,210.307936,41950.376165,,9,33563.293904,471.600539,168873,48.36896,0.153536,0.0,0,6668.098362,1614.722283,32374.108969,16168.519206973144,1,3.5460994395,16919.999290392152,252.7678502690135,,,16,2026-09-04T00:01:32+00:00,0.1.0,mnist
cudann,256,cublas,True,nvcc 12.9.86 /usr/local/cuda-12.9/bin/nvcc / host GNU 13.3.0,NVIDIA GeForce GTX 1080 Ti,gpu,13.0,double,12.760447888888889,671.0041066666668,0.008494222222222222,12.158979555555554,3356.0117677777775,2316.6383835555553,70.94398833333334,1.4697528888888889,0.025880888888888887,0.0,271.0017337777778,391.87496166666665,2016.170948777778,3,262.5701569493291,265.42690293923766,189165a3ebfc25a50f6c29f2ff77fabb0e5ef554,v0.1.0-3-g7ff331c,2850.268714269186,148.54765957446807,88.72340425531915,476ccbc833c5,3c392bc37e4d,37.90247923403716,0.03385824750876054,784-1024-1024-10,True,2.1855096050033658,train,60000,"{""profile"": true}",114.844031,2115,6039.03696,44728704,1143427680,0.076448,109.430816,30204.10591,,9,20849.745452,638.495895,42333,13.227776,0.232928,0.0,0,2439.015604,3526.874655,18145.538539,27453.551273643385,1,1.94055474,30918.993813078418,107.52640915510325,,,16,2026-09-04T00:01:57+00:00,0.1.0,mnist
cudann,1024,cublas,True,nvcc 12.9.86 /usr/local/cuda-12.9/bin/nvcc / host GNU 13.3.0,NVIDIA GeForce GTX 1080 Ti,gpu,13.0,double,9.542325333333332,657.7938624444445,0.007267555555555555,9.80272711111111,3148.615032111111,2189.920220111111,50.673593333333336,0.559463111111111,0.031530666666666665,0.0,230.28404244444448,1416.004097,1796.1215089999998,3,298.2799137392497,299.4792366019534,189165a3ebfc25a50f6c29f2ff77fabb0e5ef554,v0.1.0-3-g7ff331c,2618.651644869178,152.71166666666667,93.97619047619048,476ccbc833c5,b6db597e2447,68.1907369381702,0.0232025861623697,784-1024-1024-10,True,1.9238626993222472,train,60000,"{""profile"": true}",85.880928,531,5920.144762,44728704,1143376992,0.065408,88.224544,28337.535289,,9,19709.281981,456.06234,10653,5.035168,0.283776,0.0,0,2072.556382,12744.036873,16165.093581,31187.256773124845,1,1.74062947,34470.288498562535,30.66746916023943,,,16,2026-09-04T00:02:19+00:00,0.1.0,mnist
cudann,40,cublas,True,nvcc 12.9.86 /usr/local/cuda-12.9/bin/nvcc / host GNU 13.3.0,NVIDIA GeForce GTX 1080 Ti,gpu,13.0,float,0.13034666666666667,0.2938026,0.014449066666666668,0.05453653333333333,1.3327883333333332,0.5483625333333334,0.0194962,0.055807999999999996,0.010724266666666668,0.08368213333333333,0.12158033333333333,0.005876066666666666,1.7707638666666665,5,0.02014370830513589,0.024894251545361918,189165a3ebfc25a50f6c29f2ff77fabb0e5ef554,v0.1.0-3-g7ff331c,,,,476ccbc833c5,b0316747f14a,1.2191103789126854,5.424340488389143e-05,17-4-1,True,0.001822107401676476,train,124,"{""profile"": true, ""queue"": ""in_order""}",1.9552,60,4.407039,1164,27744,0.216736,0.818048,19.991825,,15,8.225438,0.292443,876,0.83712,0.160864,1.255232,0,1.823705,0.088141,26.561458,68053.06859843204,1,0.0017882215,69342.64015951044,2195.260277368776,,,16,2026-09-04T00:02:20+00:00,0.1.0,monk
cudann,40,cublas,True,nvcc 12.9.86 /usr/local/cuda-12.9/bin/nvcc / host GNU 13.3.0,NVIDIA GeForce GTX 1080 Ti,gpu,13.0,float,1.2422727333333334,3.3223416,0.04678826666666667,0.8285860666666667,11.624242866666666,4.2837324,0.029051800000000003,0.4260604666666667,0.022094933333333334,0.13685326666666667,1.2864613333333332,0.03525406666666667,15.754593866666665,5,1.827922336388866,1.9932033279232495,189165a3ebfc25a50f6c29f2ff77fabb0e5ef554,v0.1.0-3-g7ff331c,,83.6,6.0,476ccbc833c5,2e1862c08ef2,6.563354603463993,0.00016617969376966565,12-64-64-3,True,0.015755592798814177,train,1000,"{""profile"": true, ""queue"": ""in_order""}",18.634091,375,49.835124,62484,186000,0.701824,12.428791,174.363643,,15,64.255986,0.435777,7611,6.390907,0.331424,2.052799,0,19.29692,0.528811,236.318908,63469.52556905784,1,0.015541534,64343.7127892266,1586.738139226446,,,16,2026-09-04T00:02:20+00:00,0.1.0,cup
cudann,256,cublas,True,nvcc 12.9.86 /usr/local/cuda-12.9/bin/nvcc / host GNU 13.3.0,NVIDIA GeForce GTX 1080 Ti,gpu,13.0,float,5.516865777777777,13.444318888888889,0.031135999999999997,4.1467104444444445,113.64990166666666,49.18908855555556,25.556511555555556,2.548112888888889,0.016405333333333334,0.0,13.200752222222222,0.19248644444444443,135.12032044444445,3,705.6903935588878,714.8968868597851,189165a3ebfc25a50f6c29f2ff77fabb0e5ef554,v0.1.0-3-g7ff331c,156.63576602445536,107.91125,33.375,476ccbc833c5,6779d9cdc8a3,57.89303578299346,0.024930759333074093,784-512-256-10,True,0.20468670300518474,train,60000,"{""profile"": true, ""queue"": ""in_order""}",49.651792,2115,120.99887,6429960,571713840,0.280224,37.320394,1022.849115,,9,442.701797,230.008604,42333,22.933016,0.147648,0.0,0,118.80677,1.732378,1216.082884,293130.91236063436,1,0.106985182,560825.3299975692,1148.0960734124847,,,16,2026-09-04T00:02:24+00:00,0.1.0,mnist-512-256
cudann,40,cublas,True,nvcc 12.9.86 /usr/local/cuda-12.9/bin/nvcc / host GNU 13.3.0,NVIDIA GeForce GTX 1080 Ti,gpu,13.0,float,0.0,0.0,0.007637133333333334,0.0,0.1758324,0.0,0.013827266666666668,0.0,0.13059199999999999,0.023776000000000002,0.0,0.03254273333333333,0.23362053333333332,5,0.14926016320115407,0.1844605765803277,189165a3ebfc25a50f6c29f2ff77fabb0e5ef554,v0.1.0-3-g7ff331c,,,,476ccbc833c5,fd40bea88771,1.2191103789126854,1.8420396372675896e-05,17-4-1,True,0.0002459062030538917,train,124,"{""profile"": true, ""queue"": ""graph""}",0.0,60,0.0,1164,27744,0.114557,0.0,2.637486,,15,0.0,0.207409,156,0.0,1.95888,0.35664,0,0.0,0.488141,3.504308,504257.3081120069,1,0.0002076575,597137.1127939034,16266.364777806675,,,16,2026-09-04T00:02:25+00:00,0.1.0,monk
cudann,40,cublas,True,nvcc 12.9.86 /usr/local/cuda-12.9/bin/nvcc / host GNU 13.3.0,NVIDIA GeForce GTX 1080 Ti,gpu,13.0,float,0.0,0.0,0.005913600000000001,0.0,1.1924607999999999,0.0,0.022035199999999998,0.0,1.1360917333333334,0.02842026666666667,0.0,0.6186796666666667,1.3648557333333333,5,20.568481521037622,22.428286476903384,189165a3ebfc25a50f6c29f2ff77fabb0e5ef554,v0.1.0-3-g7ff331c,,,,476ccbc833c5,a7b9c0ea7ef1,6.563354603463993,1.396010629832749e-05,12-64-64-3,True,0.0014002005918882787,train,1000,"{""profile"": true, ""queue"": ""graph""}",0.0,375,0.0,62484,186000,0.088704,0.0,17.886912,,15,0.0,0.330528,486,0.0,17.041376,0.426304,0,0.0,9.280195,20.472836,714183.3861471396,1,0.001313387,761390.2071514336,17854.584653678492,,,16,2026-09-04T00:02:25+00:00,0.1.0,cup
cudann,256,cublas,True,nvcc 12.9.86 /usr/local/cuda-12.9/bin/nvcc / host GNU 13.3.0,NVIDIA GeForce GTX 1080 Ti,gpu,13.0,float,0.0,0.0,0.007299555555555556,0.0,74.71255400000001,0.0,26.445901555555555,0.0,48.25935288888889,0.0,0.0,49.599121777777775,76.77720366666667,3,953.138132619043,965.5728489094735,189165a3ebfc25a50f6c29f2ff77fabb0e5ef554,v0.1.0-3-g7ff331c,126.54248680187476,127.21833333333332,36.333333333333336,476ccbc833c5,990124a75952,57.89303578299346,0.01427520600069937,784-512-256-10,True,0.15154722600709647,train,60000,"{""profile"": true, ""queue"": ""graph""}",0.0,2115,0.0,6429960,571713840,0.065696,0.0,672.412986,,9,0.0,238.013114,2148,0.0,434.334176,0.0,0,0.0,446.392096,690.994833,395916.1878501847,1,0.049325578,1216407.4387531758,1550.6717357465566,,,16,2026-09-04T00:02:28+00:00,0.1.0,mnist-512-256
cudann,40,cublas,True,nvcc 12.9.86 /usr/local/cuda-12.9/bin/nvcc / host GNU 13.3.0,NVIDIA GeForce GTX 1080 Ti,gpu,13.0,float,0.12754753333333332,0.32070186666666667,0.015628666666666666,0.06080833333333333,1.3983685333333333,0.5636031333333332,0.0198994,0.06369266666666666,0.010882133333333332,0.087138,0.12846680000000002,0.007398466666666667,1.8932563333333334,5,0.018617898982643488,0.02300860663286586,189165a3ebfc25a50f6c29f2ff77fabb0e5ef554,v0.1.0-3-g7ff331c,,,,476ccbc833c5,e6d8df364d7d,1.2191103789126854,7.615770446136607e-05,17-4-1,True,0.0019714361988008022,train,124,"{""profile"": true, ""streams"": 1}",1.913213,60,4.810528,1164,27744,0.23443,0.912125,20.975528,,15,8.454047,0.298491,876,0.95539,0.163232,1.30707,0,1.927002,0.110977,28.398845,62898.307373795564,1,0.0018690550000000001,66343.68705040783,2028.9776572192118,,,16,2026-09-04T00:02:29+00:00,0.1.0,monk
cudann,40,cublas,True,nvcc 12.9.86 /usr/local/cuda-12.9/bin/nvcc / host GNU 13.3.0,NVIDIA GeForce GTX 1080 Ti,gpu,13.0,float,0.9934579333333333,2.5669352,0.03250986666666667,0.6429864666666667,10.037532,3.3482782666666666,0.030541533333333332,1.2159996,0.020885333333333332,0.12013213333333334,1.0658056666666667,0.014803133333333333,13.4012152,5,2.5348879375957627,2.7640928569809406,189165a3ebfc25a50f6c29f2ff77fabb0e5ef554,v0.1.0-3-g7ff331c,,82.61,5.0,476ccbc833c5,7e004adefb70,6.563354603463993,0.00317330249818042,12-64-64-3,True,0.01136144899064675,train,1000,"{""profile"": true, ""streams"": 1}",14.901869,375,38.504028,62484,186000,0.487648,9.644797,150.56298,,15,50.224174,0.458123,7611,18.239994,0.31328,1.801982,0,15.987085,0.222047,201.018228,88016.94227763065,1,0.011613446999999999,86107.07914713005,2200.423556940766,,,16,2026-09-04T00:02:29+00:00,0.1.0,cup
cudann,256,cublas,True,nvcc 12.9.86 /usr/local/cuda-12.9/bin/nvcc / host GNU 13.3.0,NVIDIA GeForce GTX 1080 Ti,gpu,13.0,float,6.376192666666666,24.562036,0.03834666666666667,4.963806444444445,131.00024833333333,52.525999444444444,24.956138444444445,3.0922124444444443,0.021436444444444442,0.0,14.464079777777776,0.018556777777777776,157.52788555555557,3,656.1308723537393,664.6908081782483,189165a3ebfc25a50f6c29f2ff77fabb0e5ef554,v0.1.0-3-g7ff331c,174.46004883225513,107.0311111111111,32.888888888888886,476ccbc833c5,46149bcf472d,57.89303578299346,0.01675034266857739,784-512-256-10,True,0.2201473000071322,train,60000,"{""profile"": true, ""streams"": 1}",57.385734,2115,221.058324,6429960,571713840,0.34512,44.674258,1179.002235,,9,472.733995,224.605246,42333,27.829912,0.192928,0.0,0,130.176718,0.167011,1417.75097,272544.7915920666,1,0.1302519955,460645.5338336832,1067.4671004022607,,,16,2026-09-04T00:02:33+00:00,0.1.0,mnist-512-256
cudann,40,cublas,True,nvcc 12.9.86 /usr/local/cuda-12.9/bin/nvcc / host GNU 13.3.0,NVIDIA GeForce GTX 1080 Ti,gpu,13.0,float,0.10262613333333334,0.26179826666666667,0.014538666666666667,0.05009053333333333,1.2014742666666665,0.4994218,0.0216112,0.05229226666666666,0.009930666666666668,0.0730432,0.11612153333333333,0.016797,1.6873672,5,0.02146665240649882,0.026529189002800418,189165a3ebfc25a50f6c29f2ff77fabb0e5ef554,v0.1.0-3-g7ff331c,,,,476ccbc833c5,21d06eb63df7,1.2191103789126854,9.394729859195676e-05,17-4-1,True,0.0017098148004151882,train,124,"{""profile"": true, ""streams"": 8}",1.539392,60,3.926974,1164,27744,0.21808,0.751358,18.022114,,15,7.491327,0.324168,876,0.784384,0.14896,1.095648,0,1.741823,0.251955,25.310508,72522.4743462798,1,0.0016631155,74558.86256847465,2339.4346563316067,,,16,2026-09-04T00:02:34+00:00,0.1.0,monk
cudann,40,cublas,True,nvcc 12.9.86 /usr/local/cuda-12.9/bin/nvcc / host GNU 13.3.0,NVIDIA GeForce GTX 1080 Ti,gpu,13.0,float,0.8911989333333333,2.3786465333333333,0.030538666666666665,0.5821689333333333,8.528786,3.2020760666666663,0.0262866,0.3091152,0.016379733333333334,0.09634333333333332,0.996032,0.021693266666666666,12.3568832,5,2.2637180248124005,2.468403723021219,189165a3ebfc25a50f6c29f2ff77fabb0e5ef554,v0.1.0-3-g7ff331c,,82.51,4.0,476ccbc833c5,ae85640f963c,6.563354603463993,0.0029059330001473434,12-64-64-3,True,0.012722432601731271,train,1000,"{""profile"": true, ""streams"": 8}",13.367984,375,35.679698,62484,186000,0.45808,8.732534,127.93179,,15,48.031141,0.394299,7611,4.636728,0.245696,1.44515,0,14.94048,0.325399,185.353248,78601.32030598613,1,0.011991165,83394.7327052876,1965.033007649653,,,16,2026-09-04T00:02:34+00:00,0.1.0,cup
cudann,256,cublas,True,nvcc 12.9.86 /usr/local/cuda-12.9/bin/nvcc / host GNU 13.3.0,NVIDIA GeForce GTX 1080 Ti,gpu,13.0,float,7.1726292222222225,17.702423111111113,0.04056888888888889,5.533452888888889,134.23918777777777,56.113848,26.986393666666668,2.906166222222222,0.018392777777777775,0.0,17.765313000000003,1.5248051111111112,156.3885341111111,3,643.1371658312562,651.5275847215049,189165a3ebfc25a50f6c29f2ff77fabb0e5ef554,v0.1.0-3-g7ff331c,169.38478112687997,100.2088888888889,30.0,476ccbc833c5,84b75b05c9a6,57.89303578299346,0.011652108825122298,784-512-256-10,True,0.22459507500752807,train,60000,"{""profile"": true, ""streams"": 8}",64.553663,2115,159.321808,6429960,571713840,0.36512,49.801076,1208.15269,,9,505.024632,242.877543,42333,26.155496,0.165535,0.0,0,159.887817,13.723246,1407.496807,267147.4430059915,1,0.1437472755,417399.2153333021,1046.3274851068002,,,16,2026-09-04T00:02:38+00:00,0.1.0,mnist-512-256
cudann,40,cublas,True,nvcc 12.9.86 /usr/local/cuda-12.9/bin/nvcc / host GNU 13.3.0,NVIDIA GeForce GTX 1080 Ti,gpu,13.0,float,0.07872426666666667,0.20264933333333335,0.015325866666666667,0.04077006666666667,0.9357440666666667,0.3661501333333333,0.019200866666666667,0.0433578,0.012998333333333334,0.0579456,0.09862180000000001,0.0098626,1.3035504,5,0.02800704521959539,0.03461201970250782,189165a3ebfc25a50f6c29f2ff77fabb0e5ef554,v0.1.0-3-g7ff331c,,,,476ccbc833c5,5020d598a49f,1.2191103789126854,0.0001233139017131177,17-4-1,True,0.0013105273945257067,train,124,"{""memory"": ""shared"", ""profile"": true}",1.180864,60,3.03974,1164,27744,0.229888,0.611551,14.036161,,15,5.492252,0.288013,876,0.650367,0.194975,0.869184,0,1.479327,0.147939,19.553256,94618.3960121466,1,0.0012477500000000002,99378.88198757762,3052.206322972471,,,16,2026-09-04T00:02:39+00:00,0.1.0,monk
cudann,40,cublas,True,nvcc 12.9.86 /usr/local/cuda-12.9/bin/nvcc / host GNU 13.3.0,NVIDIA GeForce GTX 1080 Ti,gpu,13.0,float,1.0765427333333333,4.6778102666666665,0.043259733333333335,0.6958862666666668,13.089766266666667,3.773049933333333,0.034790933333333336,0.366329,0.030574933333333332,0.1334506,2.2580718666666666,0.020220333333333333,19.502277,5,1.8755175491398655,2.0451021064216404,189165a3ebfc25a50f6c29f2ff77fabb0e5ef554,v0.1.0-3-g7ff331c,16.760311475952623,82.83,12.5,476ccbc833c5,5758ef60b114,6.563354603463993,0.007895756501238794,12-64-64-3,True,0.015355761407408863,train,1000,"{""memory"": ""shared"", ""profile"": true}",16.148141,375,70.167154,62484,186000,0.648896,10.438294,196.346494,,15,56.595749,0.521864,7611,5.494935,0.458624,2.001759,0,33.871078,0.303305,292.534155,65122.13712291199,1,0.015261011000000001,65526.45824054513,1628.0534280727998,,,16,2026-09-04T00:02:40+00:00,0.1.0,cup
cudann,256,cublas,True,nvcc 12.9.86 /usr/local/cuda-12.9/bin/nvcc / host GNU 13.3.0,NVIDIA GeForce GTX 1080 Ti,gpu,13.0,float,8.221242555555555,17.642458777777776,0.039967888888888886,5.725955,139.0395731111111,60.793066,27.718133444444444,2.741883666666667,0.020291555555555556,0.0,16.136574222222222,0.8363513333333333,160.5749852222222,3,721.426583641877,730.8383725368521,189165a3ebfc25a50f6c29f2ff77fabb0e5ef554,v0.1.0-3-g7ff331c,184.84610852410057,104.508,30.4,476ccbc833c5,3b6478f40faf,57.89303578299346,0.037539640004979447,784-512-256-10,True,0.20022195366133624,train,60000,"{""memory"": ""shared"", ""profile"": true}",73.991183,2115,158.782129,6429960,571713840,0.359711,51.533595,1251.356158,,9,547.137594,249.463201,42333,24.676953,0.182624,0.0,0,145.229168,7.527162,1445.174867,299667.4385741261,1,0.1277603655,469629.213764264,1173.6974677486605,,,16,2026-09-04T00:02:43+00:00,0.1.0,mnist-512-256
cudann,40,cublas,True,nvcc 12.9.86 /usr/local/cuda-12.9/bin/nvcc / host GNU 13.3.0,NVIDIA GeForce GTX 1080 Ti,gpu,13.0,float,0.05599146666666666,0.1436992,0.019889066666666667,0.02827733333333333,0.7586645999999999,0.30433486666666665,0.013928666666666667,0.036827733333333335,0.007409066666666667,0.040885333333333336,0.10742186666666667,0.0040264666666666666,0.9016085333333332,5,0.04010878704653718,0.0495677468513221,189165a3ebfc25a50f6c29f2ff77fabb0e5ef554,v0.1.0-3-g7ff331c,,,,476ccbc833c5,936fa8282f22,1.2191103789126854,2.951229689642789e-05,17-4-1,True,0.0009151111938990652,train,124,"{""memory"": ""host"", ""profile"": true}",0.839872,60,2.155488,1164,27744,0.298336,0.42416,11.379969,,15,4.565023,0.20893,876,0.552416,0.111136,0.61328,0,1.611328,0.060397,13.524128,135502.658941004,1,0.000874082,141863.1203937388,4371.053514225935,,,16,2026-09-04T00:02:44+00:00,0.1.0,monk
cudann,40,cublas,True,nvcc 12.9.86 /usr/local/cuda-12.9/bin/nvcc / host GNU 13.3.0,NVIDIA GeForce GTX 1080 Ti,gpu,13.0,float,1.2779582666666667,2.3262506666666667,0.06211626666666667,0.45503353333333335,11.141433266666667,5.429534266666667,0.030946066666666668,0.26181533333333334,0.021924266666666668,0.0917226,1.1841320000000002,0.009312066666666667,12.498073066666667,5,2.483530999308135,2.708092217200438,189165a3ebfc25a50f6c29f2ff77fabb0e5ef554,v0.1.0-3-g7ff331c,,83.44,10.0,476ccbc833c5,e6e005943c16,6.563354603463993,0.00418419360066764,12-64-64-3,True,0.011596392397768796,train,1000,"{""memory"": ""host"", ""profile"": true}",19.169374,375,34.89376,62484,186000,0.931744,6.825503,167.121499,,15,81.443014,0.464191,7611,3.92723,0.328864,1.375839,0,17.76198,0.139681,187.471096,86233.7152537547,1,0.0108518245,92150.40291151042,2155.8428813438672,,,16,2026-09-04T00:02:44+00:00,0.1.0,cup
cudann,256,cublas,True,nvcc 12.9.86 /usr/local/cuda-12.9/bin/nvcc / host GNU 13.3.0,NVIDIA GeForce GTX 1080 Ti,gpu,13.0,float,91.430734,231.11098466666667,0.09561599999999999,52.61461333333333,4135.355874333333,2919.626734111111,34.684735,3.9644302222222225,0.01937777777777778,0.0,801.8086492222222,0.029726,2950.417994111111,3,48.103432525297414,48.73099375234048,189165a3ebfc25a50f6c29f2ff77fabb0e5ef554,v0.1.0-3-g7ff331c,2411.1951018553787,89.88969696969697,96.87121212121212,476ccbc833c5,7c6d8aff6dbd,57.89303578299346,0.023055230830019813,784-512-256-10,True,3.0028094133206955,train,60000,"{""memory"": ""host"", ""profile"": true}",822.876606,2115,2079.998862,6429960,571713840,0.860544,473.53152,37218.202869,,9,26276.640607,312.162615,42333,35.679872,0.1744,0.0,0,7216.277843,0.267534,26553.761947,19981.288101014783,1,2.9169407665,20569.495510185912,78.26004506230791,,,16,2026-09-04T00:03:16+00:00,0.1.0,mnist-512-256
cudann,40,cublas,True,nvcc 12.9.86 /usr/local/cuda-12.9/bin/nvcc / host GNU 13.3.0,NVIDIA GeForce GTX 1080 Ti,gpu,13.0,float,0.1328978,0.3099496666666666,0.017181866666666667,0.06728313333333333,1.4122358000000002,0.5657001333333334,0.019112533333333334,0.06568533333333333,0.0125888,0.08933966666666666,0.13249686666666666,0.0097882,1.9980849333333335,5,0.018244517927142424,0.022547170149716113,189165a3ebfc25a50f6c29f2ff77fabb0e5ef554,v0.1.0-3-g7ff331c,,,,476ccbc833c5,220f7c111513,1.2191103789126854,4.249430494382943e-05,17-4-1,True,0.002011782396584749,train,124,"{""pinned_host"": false, ""profile"": true}",1.993467,60,4.649245,1164,27744,0.257728,1.009247,21.183537,,15,8.485502,0.286688,876,0.98528,0.188832,1.340095,0,1.987453,0.146823,29.971274,61636.88488899467,1,0.001945077,63750.689561390114,1988.2866093224086,,,16,2026-09-04T00:03:17+00:00,0.1.0,monk
cudann,40,cublas,True,nvcc 12.9.86 /usr/local/cuda-12.9/bin/nvcc / host GNU 13.3.0,NVIDIA GeForce GTX 1080 Ti,gpu,13.0,float,1.0164881333333333,2.6862459333333333,0.031929599999999995,0.7057598666666667,9.530004266666667,3.487114533333333,0.026271866666666664,0.32946133333333333,0.019394066666666664,0.12100899999999999,1.1063299333333334,0.017214133333333333,13.880904600000001,5,2.101688842412392,2.291723839444549,189165a3ebfc25a50f6c29f2ff77fabb0e5ef554,v0.1.0-3-g7ff331c,,81.96,5.0,476ccbc833c5,c2450e326bae,6.563354603463993,0.001121013303054497,12-64-64-3,True,0.013703265402000397,train,1000,"{""pinned_host"": false, ""profile"": true}",15.247322,375,40.293689,62484,186000,0.478944,10.586398,142.950064,,15,52.306718,0.394078,7611,4.94192,0.290911,1.815135,0,16.594949,0.258212,208.213569,72975.30702820806,1,0.014050621499999999,71171.22897375039,1824.3826757052016,,,16,2026-09-04T00:03:17+00:00,0.1.0,cup
cudann,256,cublas,True,nvcc 12.9.86 /usr/local/cuda-12.9/bin/nvcc / host GNU 13.3.0,NVIDIA GeForce GTX 1080 Ti,gpu,13.0,float,7.329352111111111,18.536530666666668,0.036028444444444446,5.632810222222222,140.21115999999998,58.582613,30.473016888888893,3.4071693333333335,0.024892444444444446,0.0,16.18874688888889,0.02534888888888889,170.29973266666667,3,582.0713518827865,589.6651012814822,189165a3ebfc25a50f6c29f2ff77fabb0e5ef554,v0.1.0-3-g7ff331c,176.78844123212852,95.786,34.2,476ccbc833c5,f848729c4e97,57.89303578299346,0.005642702172432734,784-512-256-10,True,0.24815761767483005,train,60000,"{""pinned_host"": false, ""profile"": true}",65.964169,2115,166.828776,6429960,571713840,0.324256,50.695292,1261.90044,,9,527.243517,274.257152,42333,30.664524,0.224032,0.0,0,145.698722,0.22814,1532.697594,241781.818193549,1,0.1431081455,419263.3465437507,946.9787879247335,,,16,2026-09-04T00:03:21+00:00,0.1.0,mnist-512-256
syclnn,64,auto,True,Clang 22.1.0 /opt/sycl/bin/clang++,NVIDIA GeForce GTX 1080 Ti,gpu,CUDA 13.0,float,16.35785611111111,72.8050178888889,0.2699107777777778,11.729545444444446,374.8266346666667,162.7454561111111,55.92976311111111,12.529512,0.009331555555555556,0.0,42.45024166666666,0.019925000000000002,827.2393705555555,3,164.3833609121334,171.67200146077093,189165a3ebfc25a50f6c29f2ff77fabb0e5ef554,v0.2.0-4-gb5c4569,727.0852416885291,94.20025641025642,28.615384615384617,a025193bac5c,873c7214433a,24.563545832993224,0.0015554695079723624,784-512-256-10,True,0.8787108330094876,train,60000,"{""profile"": true}",147.220705,8442,655.245161,6429960,571680000,2.429197,105.565909,3373.439712,,9,1464.709105,503.367868,168882,112.765608,0.083984,0.0,0,382.052175,0.179325,7445.154335,68281.8485286071,1,0.767142921,78212.2839923853,1067.472898663891,,,16,2026-09-04T04:27:11+00:00,0.2.0,mnist-512-256
syclnn,256,auto,True,Clang 22.1.0 /opt/sycl/bin/clang++,NVIDIA GeForce GTX 1080 Ti,gpu,CUDA 13.0,float,4.821832555555556,15.355690555555555,0.2698567777777778,3.414279,146.39064477777777,50.97622866666667,55.279324,5.675887666666666,0.005859222222222222,0.0,10.591686333333334,0.01716911111111111,242.04762055555557,3,495.4121381159732,501.8753244826548,189165a3ebfc25a50f6c29f2ff77fabb0e5ef554,v0.2.0-4-gb5c4569,255.74710547493044,103.56384615384614,26.615384615384617,a025193bac5c,95426364398e,57.89303578299346,0.0037201696638172743,784-512-256-10,True,0.2915662110123473,train,60000,"{""profile"": true}",43.396493,2115,138.201215,6429960,571680000,2.428711,30.728511,1317.515803,,9,458.786058,497.513916,42342,51.082989,0.052733,0.0,0,95.325177,0.154522,2178.428585,205785.1621135177,1,0.1868405755,321129.3897989519,805.991884944611,,,16,2026-09-04T04:27:16+00:00,0.2.0,mnist-512-256
syclnn,1024,auto,True,Clang 22.1.0 /opt/sycl/bin/clang++,NVIDIA GeForce GTX 1080 Ti,gpu,CUDA 13.0,float,2.0492637777777776,2.3153203333333336,0.249783,1.556856111111111,88.30030777777777,25.565102666666668,52.783166333333334,1.4435751111111113,0.004557333333333333,0.0,2.332683111111111,0.014939222222222222,102.178821,3,947.8978659848559,952.8379783353242,189165a3ebfc25a50f6c29f2ff77fabb0e5ef554,v0.2.0-4-gb5c4569,130.11764993380115,102.90142857142858,22.428571428571427,a025193bac5c,6253a8274a2f,87.61278113399811,0.003017782165746552,784-512-256-10,True,0.15238502499414608,train,60000,"{""profile"": true}",18.443374,531,20.837883,6429960,571680000,2.248047,14.011705,794.70277,,9,230.085924,475.048497,10662,12.992176,0.041016,0.0,0,20.994148,0.134453,919.609389,393739.476712393,1,0.0484071825,1239485.4833784222,387.1771521005198,,,16,2026-09-04T04:27:19+00:00,0.2.0,mnist-512-256
syclnn,64,auto,True,Clang 22.1.0 /opt/sycl/bin/clang++,NVIDIA GeForce GTX 1080 Ti,gpu,CUDA 13.0,double,13.894531111111112,20.485459444444444,0.46028655555555553,8.757588333333334,1213.9662355555556,987.0110804444444,106.334722,13.514974222222222,0.010633888888888889,0.0,63.49695955555555,0.08772866666666666,1433.7826297777779,3,94.10202800129204,98.27444455971644,189165a3ebfc25a50f6c29f2ff77fabb0e5ef554,v0.2.0-4-gb5c4569,1477.2666966444158,110.08208955223881,73.32835820895522,a025193bac5c,0d295ba09f63,12.281772916496612,0.004349876505633343,784-512-256-10,True,1.5349875349978295,train,60000,"{""profile"": true}",125.05078,8442,184.369135,12859776,1143360000,4.142579,78.818295,10925.69612,,9,8883.099724,957.012498,168882,121.634768,0.095705,0.0,0,571.472636,0.789558,12904.043668,39088.2652998774,1,1.3197091680000002,45464.5625376151,611.07988085475,,,16,2026-09-04T04:27:36+00:00,0.2.0,mnist-512-256
syclnn,256,auto,True,Clang 22.1.0 /opt/sycl/bin/clang++,NVIDIA GeForce GTX 1080 Ti,gpu,CUDA 13.0,double,4.424918555555555,7.746527666666667,0.4231768888888889,3.024745444444444,683.1642111111111,536.1245526666667,108.35735700000001,6.789929666666667,0.004774111111111111,0.0,16.26822911111111,0.5705963333333333,730.974355,3,173.47694188391364,175.74013593883052,189165a3ebfc25a50f6c29f2ff77fabb0e5ef554,v0.2.0-4-gb5c4569,907.825935857339,127.26194444444445,72.44444444444444,a025193bac5c,f621a16f5a46,28.94651789149673,0.0063311533303931355,784-512-256-10,True,0.8326492179961255,train,60000,"{""profile"": true}",39.824267,2115,69.718749,12859776,1143360000,3.808592,27.222709,6148.4779,,9,4825.120974,975.216213,42342,61.109367,0.042967,0.0,0,146.414062,5.135367,6578.769195,72059.15612867266,1,0.6194971875,96852.73994887991,282.23169483730123,,,16,2026-09-04T04:27:46+00:00,0.2.0,mnist-512-256
syclnn,1024,auto,True,Clang 22.1.0 /opt/sycl/bin/clang++,NVIDIA GeForce GTX 1080 Ti,gpu,CUDA 13.0,double,3.766491222222222,2.562929222222222,0.43359355555555557,3.224391666666667,614.7409302222222,489.9188393333334,108.922788,1.8467886666666666,0.006944666666666667,0.0,4.058163888888888,43.049789000000004,625.9675936666667,3,197.3938252785857,198.42257289914474,189165a3ebfc25a50f6c29f2ff77fabb0e5ef554,v0.2.0-4-gb5c4569,799.8060970353121,129.27451612903226,70.03225806451613,a025193bac5c,f95afa46cdc1,43.806390566999056,0.005075946333818138,784-512-256-10,True,0.7317627073498443,train,60000,"{""profile"": true}",33.898421,531,23.066363,12859776,1143360000,3.902342,29.019525,5532.668372,,9,4409.269554,980.305092,10662,16.621098,0.062502,0.0,0,36.523475,387.448101,5633.708343,81993.79306619262,1,0.5162051784999999,116232.8517787235,80.62722984842274,,,16,2026-09-04T04:27:55+00:00,0.2.0,mnist-512-256
syclnn,64,auto,True,Clang 22.1.0 /opt/sycl/bin/clang++,NVIDIA GeForce GTX 1080 Ti,gpu,CUDA 13.0,float,14.462669777777778,31.81119088888889,0.7122396666666666,12.258252888888888,1351.3105465555554,199.21136855555557,57.603533111111105,923.7790693333334,0.011718777777777778,0.0,111.46050355555556,3.0453928888888893,1905.4535992222222,3,356.60238060326037,370.25223231326834,189165a3ebfc25a50f6c29f2ff77fabb0e5ef554,v0.2.0-4-gb5c4569,2740.220381929586,156.77402298850575,86.59770114942529,a025193bac5c,d94f587ddbd8,27.300586878582358,1.2491679889984273,784-1024-1024-10,True,1.6092141590003546,train,60000,"{""profile"": true}",130.164028,8442,286.300718,22364424,571680000,6.410157,110.324276,12161.794919,,9,1792.902317,518.431798,168882,8314.011624,0.105469,0.0,0,1003.144532,27.408536,17149.082393,37285.27969035026,1,0.816271476,73504.95731398067,582.8932058258091,,,16,2026-09-04T04:28:18+00:00,0.2.0,mnist
syclnn,256,auto,True,Clang 22.1.0 /opt/sycl/bin/clang++,NVIDIA GeForce GTX 1080 Ti,gpu,CUDA 13.0,float,4.243050444444445,7.156249777777778,0.7387153333333333,3.9739602222222223,223.44714,114.83246422222221,55.302180444444446,10.42361011111111,0.006076444444444444,0.0,26.770833,0.05236433333333333,279.6066031111111,3,1863.6278856162812,1883.9040340970223,189165a3ebfc25a50f6c29f2ff77fabb0e5ef554,v0.2.0-4-gb5c4569,431.4817431338298,146.16066666666666,48.86666666666667,a025193bac5c,1898cace9c62,75.80495846807432,0.03954170717042871,784-1024-1024-10,True,0.30792069834812236,train,60000,"{""profile"": true}",38.187454,2115,64.406248,22364424,571680000,6.648438,35.765642,2011.02426,,9,1033.492178,497.719624,42342,93.812491,0.054688,0.0,0,240.937497,0.471279,2516.459428,194855.36478020874,1,0.202086367,296902.7594028646,763.1835120558176,,,16,2026-09-04T04:28:23+00:00,0.2.0,mnist
syclnn,1024,auto,True,Clang 22.1.0 /opt/sycl/bin/clang++,NVIDIA GeForce GTX 1080 Ti,gpu,CUDA 13.0,float,4.760416,4.0026034444444445,0.8116318888888889,4.387153222222222,162.3269177777778,82.29687588888889,57.46493922222222,1.5347223333333333,0.15538188888888887,0.0,6.913193888888888,1.3999840000000001,177.52936122222224,3,2761.856195474045,2772.96105747165,189165a3ebfc25a50f6c29f2ff77fabb0e5ef554,v0.2.0-4-gb5c4569,366.3920027613221,198.502,58.0,a025193bac5c,299232b43154,136.3814738763404,0.03254681366767426,784-1024-1024-10,True,0.20777678466401994,train,60000,"{""profile"": true}",42.843744,531,36.023431,22364424,571680000,7.304687,39.484379,1460.94226,,9,740.671883,517.184453,10662,13.812501,1.398437,0.0,0,62.218745,12.599856,1597.764251,288771.4337144135,1,0.098148821,611316.5638535791,283.95857648583996,,,16,2026-09-04T04:28:27+00:00,0.2.0,mnist
syclnn,64,auto,True,Clang 22.1.0 /opt/sycl/bin/clang++,NVIDIA GeForce GTX 1080 Ti,gpu,CUDA 13.0,double,14.667530555555556,21.55381722222222,1.2708332222222223,10.429686,3295.881840111111,2915.9583394444444,109.95822833333334,14.918405111111111,0.009548555555555555,0.0,207.11545166666667,1.9513676666666666,3490.1239454444444,3,160.49253685944686,166.63579177824033,189165a3ebfc25a50f6c29f2ff77fabb0e5ef554,v0.2.0-4-gb5c4569,3998.72282784988,125.24632911392403,89.27848101265823,a025193bac5c,eddf2cc3ed28,13.650293439291179,0.028665010671829805,784-1024-1024-10,True,3.575553176672353,train,60000,"{""profile"": true}",132.007775,8442,193.984355,44728704,1143360000,11.437499,93.867174,29662.936561,,9,26243.625055,989.624055,168882,134.265646,0.085937,0.0,0,1864.039065,17.562309,31411.115509,16780.620238415802,1,3.360061079,17856.818251011326,262.3370297272337,,,16,2026-09-04T04:29:05+00:00,0.2.0,mnist
syclnn,256,auto,True,Clang 22.1.0 /opt/sycl/bin/clang++,NVIDIA GeForce GTX 1080 Ti,gpu,CUDA 13.0,double,9.703125,7.897569444444445,1.296875,8.378472222222221,2168.1874114444445,1975.123263888889,107.727342,6.321180555555555,0.005208333333333333,0.0,51.734375,14.231160000000001,2209.242882666667,3,248.2755569341116,250.97677861864872,189165a3ebfc25a50f6c29f2ff77fabb0e5ef554,v0.2.0-4-gb5c4569,2914.1777170813743,141.39117647058822,89.05882352941177,a025193bac5c,3d9f532ad2d2,37.90247923403716,0.0007471594920693825,784-1024-1024-10,True,2.3113415073409365,train,60000,"{""profile"": true}",87.328125,2115,71.078125,44728704,1143360000,11.671875,75.40625,19513.686703,,9,17776.109375,969.546078,42342,56.890625,0.046875,0.0,0,465.609375,128.08044,19883.185944,25958.950596195755,1,2.0983807409999997,28593.476306595596,101.6725565017667,,,16,2026-09-04T04:29:30+00:00,0.2.0,mnist
syclnn,1024,auto,True,Clang 22.1.0 /opt/sycl/bin/clang++,NVIDIA GeForce GTX 1080 Ti,gpu,CUDA 13.0,double,8.85763888888889,4.576388888888889,1.2760416666666667,8.479166666666666,2010.1792442222222,1864.392361111111,107.9865358888889,1.6423611111111112,0.006944444444444444,0.0,12.961805555555555,223.72900277777777,2021.2937878888888,3,270.0262066170282,271.1119270702266,189165a3ebfc25a50f6c29f2ff77fabb0e5ef554,v0.2.0-4-gb5c4569,2715.7932593005285,144.89139784946235,90.63440860215054,a025193bac5c,6337c11ea7ad,68.1907369381702,0.0005319115007296205,784-1024-1024-10,True,2.1251626173228337,train,60000,"{""profile"": true}",79.71875,531,41.1875,44728704,1143360000,11.484375,76.3125,18091.613198,,9,16779.53125,971.878823,10662,14.78125,0.0625,0.0,0,116.65625,2013.561025,18191.644091,28233.13355454407,1,1.910694449,31402.195171186162,27.762581328635004,,,16,2026-09-04T04:29:54+00:00,0.2.0,mnist
cudann,32,cublas,True,nvcc 12.9.86 /usr/local/cuda-12.9/bin/nvcc / host GNU 13.3.0,NVIDIA GeForce GTX 1080 Ti,gpu,13.0,float,85.45964550000001,218.07178833333333,0.03645333333333333,56.33348566666667,794.1869926666667,295.4658325,14.408780666666667,29.195054166666665,0.014645333333333335,0.0,95.20130716666667,0.02630616666666667,1220.4107858333334,2,34.83987765931594,37.663710575656445,189165a3ebfc25a50f6c29f2ff77fabb0e5ef554,v0.1.0-3-g7ff331c,633.3852147095723,86.63783783783784,22.81081081081081,476ccbc833c5,bee7b6970926,12.141714285714286,0.1066472327511292,256-256-256-16,True,1.2790023584966548,train,65536,"{""profile"": true}",512.757873,12288,1308.43073,1628448,214106112,0.21872,338.000914,4765.121956,,6,1772.794995,86.452684,245784,175.170325,0.087872,0.0,0,571.207843,0.157837,7322.464715,51239.93678716223,1,1.224895923,53503.32119604907,1601.2480245988197,,,16,2026-09-04T00:03:35+00:00,0.1.0,sweep-w256-d2-b32
cudann,32,cublas,True,nvcc 12.9.86 /usr/local/cuda-12.9/bin/nvcc / host GNU 13.3.0,NVIDIA GeForce GTX 1080 Ti,gpu,13.0,double,32.88976783333333,180.6737188333333,0.03180266666666667,35.951519166666664,958.4182185,510.9812405,29.127900666666665,25.85861783333333,0.020266666666666665,0.0,142.88338433333334,0.025180166666666667,1227.207027,2,35.46213345158693,38.33640128637867,189165a3ebfc25a50f6c29f2ff77fabb0e5ef554,v0.1.0-3-g7ff331c,746.9851950578615,98.98078947368421,43.68421052631579,476ccbc833c5,47d5ca00d6c3,6.070857142857143,0.12359801250568125,256-256-256-16,True,1.256559641478816,train,65536,"{""profile"": true}",197.338607,12288,1084.042313,3256800,428212224,0.190816,215.709115,5750.509311,,6,3065.887443,174.767404,245784,155.151707,0.1216,0.0,0,857.300306,0.151081,7363.242162,52155.104968095424,1,1.143665984,57303.44428955229,1629.847030252982,,,16,2026-09-04T00:03:47+00:00,0.1.0,sweep-w256-d2-b32
cudann,256,cublas,True,nvcc 12.9.86 /usr/local/cuda-12.9/bin/nvcc / host GNU 13.3.0,NVIDIA GeForce GTX 1080 Ti,gpu,13.0,float,10.752773500000002,26.044821166666665,0.027903999999999998,6.704940000000001,112.745616,38.86708333333333,14.424431333333333,3.5349725000000003,0.013264,0.0,12.375426166666665,0.03717633333333333,159.48556816666667,2,218.4044992849864,221.80446196354254,189165a3ebfc25a50f6c29f2ff77fabb0e5ef554,v0.1.0-3-g7ff331c,99.164821754999,97.50333333333333,25.333333333333332,476ccbc833c5,19a62c11a9eb,36.136054421768705,0.011466306241345592,256-256-256-16,True,0.20402640898828395,train,65536,"{""profile"": true}",64.516641,1536,156.268927,1628448,213934080,0.167424,40.22964,676.473696,,6,233.2025,86.546588,30744,21.209835,0.079584,0.0,0,74.252557,0.223058,956.913409,321213.31902559416,1,0.14110009,464464.6222408504,1254.7395274437272,,,16,2026-09-04T00:03:51+00:00,0.1.0,sweep-w256-d2-b256
cudann,256,cublas,True,nvcc 12.9.86 /usr/local/cuda-12.9/bin/nvcc / host GNU 13.3.0,NVIDIA GeForce GTX 1080 Ti,gpu,13.0,double,6.772976,10.526821333333332,0.006154666666666667,4.523477333333333,361.4348505,223.19986716666665,28.2530955,1.4705546666666667,0.018378666666666665,0.0,86.66352516666666,37.54339566666667,246.255102,2,135.99497401673688,138.1120450369853,189165a3ebfc25a50f6c29f2ff77fabb0e5ef554,v0.1.0-3-g7ff331c,216.771957500533,131.89666666666665,63.888888888888886,476ccbc833c5,d5228d97aec6,18.068027210884352,0.005386418997659348,256-256-256-16,True,0.32766126850037836,train,65536,"{""profile"": true}",40.637856,1536,63.160928,3256800,427868160,0.036928,27.140864,2168.609103,,6,1339.199203,169.518573,30744,8.823328,0.110272,0.0,0,519.981151,225.260374,1477.530612,200011.433453644,1,0.216386635,302865.2855570308,781.2946619282968,,,16,2026-09-04T00:03:56+00:00,0.1.0,sweep-w256-d2-b256
cudann,4096,cublas,True,nvcc 12.9.86 /usr/local/cuda-12.9/bin/nvcc / host GNU 13.3.0,NVIDIA GeForce GTX 1080 Ti,gpu,13.0,float,1.422032,4.064176,0.006298666666666667,1.3564853333333333,33.096884833333334,11.126149,13.873125166666666,0.19465066666666667,0.011904,0.0,1.042064,11.618547166666666,26.661379,2,873.8306061671682,879.7700609205732,189165a3ebfc25a50f6c29f2ff77fabb0e5ef554,v0.1.0-3-g7ff331c,22.849496435642358,112.91,17.0,476ccbc833c5,f8eaf225c329,49.1425267418329,0.0005793477612314746,256-256-256-16,True,0.05099419198813848,train,65536,"{""profile"": true}",8.532192,96,24.385056,1628448,213911040,0.037792,8.138912,198.581309,,6,66.756894,83.238751,1944,1.167904,0.071424,0.0,0,6.252384,69.711283,159.968274,1285165.9658661524,1,0.012289357,5332744.422674025,313.7612221352911,,,16,2026-09-04T00:03:58+00:00,0.1.0,sweep-w256-d2-b4096
cudann,4096,cublas,True,nvcc 12.9.86 /usr/local/cuda-12.9/bin/nvcc / host GNU 13.3.0,NVIDIA GeForce GTX 1080 Ti,gpu,13.0,double,2.689936,42.99678866666667,0.007578666666666667,13.726549166666667,276.6287628333333,186.00402516666668,27.739901166666666,0.19303466666666666,0.012149333333333333,0.0,3.2588000000000004,143.6366825,169.83823283333334,2,195.21287604029294,196.53974424145272,189165a3ebfc25a50f6c29f2ff77fabb0e5ef554,v0.1.0-3-g7ff331c,158.63865859470445,129.35999999999999,60.142857142857146,476ccbc833c5,66e45cd19bd4,24.57126337091645,0.008366230002138764,256-256-256-16,True,0.22826509500737302,train,65536,"{""profile"": true}",16.139616,96,257.980732,3256800,427822080,0.045472,82.359295,1659.772577,,6,1116.024151,166.439407,1944,1.158208,0.072896,0.0,0,19.5528,861.820095,1019.029397,287104.7805091846,1,0.142053898,461346.01670698257,70.09394055400014,,,16,2026-09-04T00:04:01+00:00,0.1.0,sweep-w256-d2-b4096
cudann,32,cublas,True,nvcc 12.9.86 /usr/local/cuda-12.9/bin/nvcc / host GNU 13.3.0,NVIDIA GeForce GTX 1080 Ti,gpu,13.0,float,72.68775133333334,227.554584,0.028405333333333335,56.902505166666664,888.4908345,362.5477036666667,14.229356833333334,18.212633999999998,0.012725333333333333,0.0,136.31516883333333,0.019242,1239.611938,2,81.49716822026359,87.53011329974544,189165a3ebfc25a50f6c29f2ff77fabb0e5ef554,v0.1.0-3-g7ff331c,668.9453746654412,91.15810810810811,40.08108108108108,476ccbc833c5,2dc5e625fb60,12.486103542234332,0.19246230775024742,256-256-256-256-256-16,True,1.1791807659901679,train,65536,"{""profile"": true}",436.126508,12288,1365.327504,3207456,214106112,0.170432,341.415031,5330.945007,,6,2175.286222,85.376141,417816,109.275804,0.076352,0.0,0,817.891013,0.115452,7437.671628,55577.56867325501,1,1.253454938,52284.288819005,1736.799021039219,,,16,2026-09-04T00:04:12+00:00,0.1.0,sweep-w256-d4-b32
cudann,32,cublas,True,nvcc 12.9.86 /usr/local/cuda-12.9/bin/nvcc / host GNU 13.3.0,NVIDIA GeForce GTX 1080 Ti,gpu,13.0,double,71.14533833333333,145.65932966666665,0.009162666666666666,54.64857533333333,1590.8607051666668,976.342053,27.195624,13.256292833333333,0.013253333333333332,0.0,302.591076,14.127212,1388.3425436666666,2,67.50194299229035,72.49887139758364,189165a3ebfc25a50f6c29f2ff77fabb0e5ef554,v0.1.0-3-g7ff331c,980.8597424564374,117.43285714285715,76.0,476ccbc833c5,198ddbf1f5d2,6.243051771117166,0.03637028900266159,256-256-256-256-256-16,True,1.4236611420055851,train,65536,"{""profile"": true}",426.87203,12288,873.955978,6414816,428212224,0.054976,327.891452,9545.164231,,6,5858.052318,163.173744,417816,79.537757,0.07952,0.0,0,1815.546456,84.763272,8330.055262,46033.42611969871,1,1.336830498,49023.41777663423,1438.5445662405848,,,16,2026-09-04T00:04:24+00:00,0.1.0,sweep-w256-d4-b32
cudann,256,cublas,True,nvcc 12.9.86 /usr/local/cuda-12.9/bin/nvcc / host GNU 13.3.0,NVIDIA GeForce GTX 1080 Ti,gpu,13.0,double,15.413978666666667,17.359050666666665,0.005658666666666667,11.736325333333333,730.8972835,502.2458115,27.3475375,1.7002186666666665,0.011754666666666665,0.0,155.07694783333332,43.1678715,471.1642161666667,2,183.41300044269715,186.0207576993883,189165a3ebfc25a50f6c29f2ff77fabb0e5ef554,v0.1.0-3-g7ff331c,415.5475788095898,143.48466666666667,74.86666666666666,476ccbc833c5,c38ebf867446,19.68384879725086,0.011415800763643347,256-256-256-256-256-16,True,0.5239535529981367,train,65536,"{""profile"": true}",92.483872,1536,104.154304,6414816,427868160,0.033952,70.417952,4385.383701,,6,3013.474869,164.085225,52248,10.201312,0.070528,0.0,0,930.461687,259.007229,2826.985297,125079.78927710994,1,0.440960375,148621.0637407046,488.5929268637107,,,16,2026-09-04T00:04:32+00:00,0.1.0,sweep-w256-d4-b256
cudann,4096,cublas,True,nvcc 12.9.86 /usr/local/cuda-12.9/bin/nvcc / host GNU 13.3.0,NVIDIA GeForce GTX 1080 Ti,gpu,13.0,float,2.917669333333333,5.628063999999999,0.006325333333333333,2.7744693333333337,50.694227833333336,21.709306333333334,14.463348166666668,0.20746133333333336,0.011754666666666665,0.0,2.9758293333333334,20.672601,41.653874333333334,2,1258.149465685898,1265.9599154242276,189165a3ebfc25a50f6c29f2ff77fabb0e5ef554,v0.1.0-3-g7ff331c,27.336848272421047,105.725,29.0,476ccbc833c5,4d57921c7bea,55.317941753432926,0.006110704256570898,256-256-256-256-256-16,True,0.07638193701859564,train,65536,"{""profile"": true}",17.506016,96,33.768384,3207456,213911040,0.037952,16.646816,304.165367,,6,130.255838,86.780089,3288,1.244768,0.070528,0.0,0,17.854976,124.035606,249.923246,858003.9019440535,1,0.026756712,2449329.3495852556,209.47360887305993,,,16,2026-09-04T00:04:34+00:00,0.1.0,sweep-w256-d4-b4096
cudann,4096,cublas,True,nvcc 12.9.86 /usr/local/cuda-12.9/bin/nvcc / host GNU 13.3.0,NVIDIA GeForce GTX 1080 Ti,gpu,13.0,double,5.334869333333334,69.2406235,0.007605333333333333,42.9275785,582.8770658333334,405.2678441666667,28.517265,0.24062399999999998,0.014624,0.0,31.326031999999998,282.86299783333334,316.573808,2,254.07710225305283,255.65438419842653,189165a3ebfc25a50f6c29f2ff77fabb0e5ef554,v0.1.0-3-g7ff331c,307.6051498644235,148.85909090909092,77.0909090909091,476ccbc833c5,7aa04a61920d,27.658970876716463,0.0051593792595667765,256-256-256-256-256-16,True,0.3782312234980054,train,65536,"{""profile"": true}",32.009216,96,415.443741,6414816,427822080,0.045632,257.565471,3497.262395,,6,2431.607065,171.10359,3288,1.443744,0.087744,0.0,0,187.956192,1697.177987,1899.442848,173269.6719057241,1,0.286813987,228496.5272631561,42.30216599260842,,,16,2026-09-04T00:04:39+00:00,0.1.0,sweep-w256-d4-b4096
cudann,32,cublas,True,nvcc 12.9.86 /usr/local/cuda-12.9/bin/nvcc / host GNU 13.3.0,NVIDIA GeForce GTX 1080 Ti,gpu,13.0,float,201.83186,560.582344,0.030778666666666666,175.31856666666667,2111.8835711666666,844.0261606666667,16.616289166666665,24.536145166666667,0.013024,0.0,288.92840283333334,0.022767166666666668,3102.4226633333333,2,65.33543572786327,69.96660995834438,189165a3ebfc25a50f6c29f2ff77fabb0e5ef554,v0.1.0-3-g7ff331c,1681.9570112707777,89.73451612903226,30.032258064516128,476ccbc833c5,28b54e37a022,12.646604527296937,0.21738228600588627,256-256-256-256-256-256-256-256-256-16,True,3.0485617204976734,train,65536,"{""profile"": true}",1210.99116,12288,3363.494064,6365472,214106112,0.184672,1051.9114,12671.301427,,6,5064.156964,99.697735,761880,147.216871,0.078144,0.0,0,1733.570417,0.136603,18614.53598,21497.35055693783,1,2.894700176,22639.995859799194,671.7922049043071,,,16,2026-09-04T00:05:03+00:00,0.1.0,sweep-w256-d8-b32
cudann,32,cublas,True,nvcc 12.9.86 /usr/local/cuda-12.9/bin/nvcc / host GNU 13.3.0,NVIDIA GeForce GTX 1080 Ti,gpu,13.0,double,130.56959783333335,370.5709605,0.007951999999999999,139.12291966666666,3092.2065693333334,1836.8300801666667,28.572491833333334,15.5466415,0.016490666666666667,0.0,570.9694351666667,15.274252666666667,2884.102786666667,2,66.74743564315737,71.47869671852291,189165a3ebfc25a50f6c29f2ff77fabb0e5ef554,v0.1.0-3-g7ff331c,2021.3905639872664,117.0006976744186,67.95348837209302,476ccbc833c5,a34f2ab9697c,6.323302263648468,0.17152521225216333,256-256-256-256-256-256-256-256-256-16,True,2.9840713194862474,train,65536,"{""profile"": true}",783.417587,12288,2223.425763,12730848,428212224,0.047712,834.737518,18553.239416,,6,11020.980481,171.434951,761880,93.279849,0.098944,0.0,0,3425.816611,91.645516,17304.61672,21961.941583649215,1,2.865002993,22874.670693232325,686.310674489038,,,16,2026-09-04T00:05:29+00:00,0.1.0,sweep-w256-d8-b32
cudann,256,cublas,True,nvcc 12.9.86 /usr/local/cuda-12.9/bin/nvcc / host GNU 13.3.0,NVIDIA GeForce GTX 1080 Ti,gpu,13.0,float,20.125537166666668,38.758362166666664,0.027568,18.176318,242.13448983333333,110.26728050000001,13.630249666666666,1.7483564999999999,0.0110505,0.0,39.38976733333333,2.310619,246.85404966666667,2,727.1832694711728,737.0832969600553,189165a3ebfc25a50f6c29f2ff77fabb0e5ef554,v0.1.0-3-g7ff331c,178.98304888884218,123.36625,52.625,476ccbc833c5,2c81a2a2967b,41.008635578583764,0.0074868672381853685,256-256-256-256-256-256-256-256-256-16,True,0.27390496552106924,train,65536,"{""profile"": true}",120.753223,1536,232.550173,6365472,213934080,0.165408,109.057908,1452.806939,,6,661.603683,81.781498,95256,10.490139,0.066303,0.0,0,236.338604,13.863714,1481.124298,239265.46886554657,1,0.202809108,323141.3058628511,934.6307377560413,,,16,2026-09-04T00:05:32+00:00,0.1.0,sweep-w256-d8-b256
cudann,256,cublas,True,nvcc 12.9.86 /usr/local/cuda-12.9/bin/nvcc / host GNU 13.3.0,NVIDIA GeForce GTX 1080 Ti,gpu,13.0,double,28.674282666666667,74.690032,0.008362666666666666,26.681589333333335,1419.7344489999998,986.2983161666666,27.035934,1.7148746666666668,0.015130666666666667,0.0,274.61592683333333,53.4478945,882.5040223333334,2,213.8930762636519,216.80506203614047,189165a3ebfc25a50f6c29f2ff77fabb0e5ef554,v0.1.0-3-g7ff331c,827.0780581439551,155.28296296296298,80.88888888888889,476ccbc833c5,e3711861fc98,20.504317789291882,0.019261624736827798,256-256-256-256-256-256-256-256-256-16,True,0.9312087694997899,train,65536,"{""profile"": true}",172.045696,1536,448.140192,12730848,427868160,0.050176,160.089536,8518.406694,,6,5917.789897,162.215604,95256,10.289248,0.090784,0.0,0,1647.695561,320.687367,5295.024134,70377.34409997391,1,0.851569706,76959.05518743288,274.9115003905231,,,16,2026-09-04T00:05:41+00:00,0.1.0,sweep-w256-d8-b256
cudann,4096,cublas,True,nvcc 12.9.86 /usr/local/cuda-12.9/bin/nvcc / host GNU 13.3.0,NVIDIA GeForce GTX 1080 Ti,gpu,13.0,float,5.793541333333334,15.0249695,0.007589333333333333,7.041813333333334,96.1797025,47.47858033333333,15.089576666666666,0.20539733333333332,0.013194666666666667,0.0,5.52504,30.435179666666667,68.44894649999999,2,1964.00219052532,1975.6767700364048,189165a3ebfc25a50f6c29f2ff77fabb0e5ef554,v0.1.0-3-g7ff331c,66.01193959809956,148.11666666666667,48.333333333333336,476ccbc833c5,879f2ee7bd79,58.61359253259276,0.010429150497657247,256-256-256-256-256-256-256-256-256-16,True,0.1014149115071632,train,65536,"{""profile"": true}",34.761248,96,90.149817,6365472,213911040,0.045536,42.25088,577.078215,,6,284.871482,90.53746,5976,1.232384,0.079168,0.0,0,33.15024,182.611078,410.693679,646216.606868222,1,0.052030816,1259561.2569289708,157.767726286187,,,16,2026-09-04T00:05:43+00:00,0.1.0,sweep-w256-d8-b4096
cudann,4096,cublas,True,nvcc 12.9.86 /usr/local/cuda-12.9/bin/nvcc / host GNU 13.3.0,NVIDIA GeForce GTX 1080 Ti,gpu,13.0,double,10.445584,132.91019533333335,0.0070880000000000006,62.6592035,1181.7944985000001,820.5584093333333,28.15248766666667,0.20647466666666667,0.013653333333333335,0.0,126.84140266666667,593.9385961666667,637.2966423333334,2,277.87390473194966,279.5256651070137,189165a3ebfc25a50f6c29f2ff77fabb0e5ef554,v0.1.0-3-g7ff331c,632.2420219866406,154.04000000000002,92.42857142857143,476ccbc833c5,e57223d63bae,29.30679626629638,0.010038962500402704,256-256-256-256-256-256-256-256-256-16,True,0.7167967375135049,train,65536,"{""profile"": true}",62.673504,96,797.461172,12730848,427822080,0.042528,375.955221,7090.766991,,6,4923.350456,168.914926,5976,1.238848,0.08192,0.0,0,761.048416,3563.631577,3823.779854,91428.98756394697,1,0.607599568,107860.51118456357,22.32153016697924,,,16,2026-09-04T00:05:51+00:00,0.1.0,sweep-w256-d8-b4096
cudann,32,cublas,True,nvcc 12.9.86 /usr/local/cuda-12.9/bin/nvcc / host GNU 13.3.0,NVIDIA GeForce GTX 1080 Ti,gpu,13.0,float,52.27568866666667,143.51927816666668,0.025824,38.614339333333334,1119.799425,562.2204153333333,15.033779833333334,26.832705833333335,0.017034666666666667,0.0,281.26035916666666,0.027709499999999998,1217.6777618333333,2,383.7131666885135,410.2773196370023,189165a3ebfc25a50f6c29f2ff77fabb0e5ef554,v0.1.0-3-g7ff331c,908.5436403933915,123.56378378378378,52.945945945945944,476ccbc833c5,f91dec8bc3f2,14.522554042234162,0.019370508744032122,256-1024-1024-16,True,1.2704249695234466,train,65536,"{""profile"": true}",313.654132,12288,861.115669,15950112,214106112,0.154944,231.686036,6718.79655,,6,3373.322492,90.202679,245784,160.996235,0.102208,0.0,0,1687.562155,0.166257,7306.066571,51585.88785025488,1,1.190326196,55057.17694883025,1612.058995320465,,,16,2026-09-04T00:06:02+00:00,0.1.0,sweep-w1024-d2-b32
cudann,32,cublas,True,nvcc 12.9.86 /usr/local/cuda-12.9/bin/nvcc / host GNU 13.3.0,NVIDIA GeForce GTX 1080 Ti,gpu,13.0,double,50.31752533333333,435.8887725,0.007541333333333333,36.99809066666666,7485.548041499999,5837.6125525,34.18080533333333,11.336346666666666,0.013973333333333332,0.0,1079.1924338333333,140.66354483333333,6113.515168333332,2,78.805762207749,84.2614215445792,189165a3ebfc25a50f6c29f2ff77fabb0e5ef554,v0.1.0-3-g7ff331c,4592.168846753747,124.49576923076923,96.08791208791209,476ccbc833c5,8a6fc6436f0d,7.261277021117081,0.047504163507255726,256-1024-1024-16,True,6.185826701490441,train,65536,"{""profile"": true}",301.905152,12288,2615.332635,31900128,428212224,0.045248,221.988544,44913.288249,,6,35025.675315,205.084832,245784,68.01808,0.08384,0.0,0,6475.154603,843.981269,36681.09101,10594.541871696705,1,6.087867552,10765.017379274286,331.07943349052204,,,16,2026-09-04T00:06:49+00:00,0.1.0,sweep-w1024-d2-b32
cudann,256,cublas,True,nvcc 12.9.86 /usr/local/cuda-12.9/bin/nvcc / host GNU 13.3.0,NVIDIA GeForce GTX 1080 Ti,gpu,13.0,float,7.710528,22.851018666666665,0.006037333333333333,6.932752,221.02155216666665,120.28270816666667,14.5646735,1.4570453333333333,0.011381333333333334,0.0,47.20540783333333,26.068658,163.96259766666665,2,2562.4659427438664,2589.6178807032106,189165a3ebfc25a50f6c29f2ff77fabb0e5ef554,v0.1.0-3-g7ff331c,189.87982896912843,180.15,75.16666666666667,476ccbc833c5,95e261ac79bc,70.56709168184578,0.0024784002598607913,256-1024-1024-16,True,0.19023815300897695,train,65536,"{""profile"": true}",46.263168,1536,137.106112,15950112,213934080,0.036224,41.596512,1326.129313,,6,721.696249,87.388041,30744,8.742272,0.068288,0.0,0,283.232447,156.411948,983.775586,344494.5136578754,1,0.147581297,444067.1096690524,1345.6816939760758,,,16,2026-09-04T00:06:52+00:00,0.1.0,sweep-w1024-d2-b256
cudann,256,cublas,True,nvcc 12.9.86 /usr/local/cuda-12.9/bin/nvcc / host GNU 13.3.0,NVIDIA GeForce GTX 1080 Ti,gpu,13.0,double,13.682890666666667,553.2984319999999,0.008053333333333334,13.208186666666668,3143.7927163333334,2154.684120666667,27.730798500000002,1.507344,0.012725166666666668,0.0,379.6601653333333,329.8480558333333,1795.6247796666667,2,263.93142681595083,266.7280492439369,189165a3ebfc25a50f6c29f2ff77fabb0e5ef554,v0.1.0-3-g7ff331c,1666.2613437405735,150.45072727272728,93.6,476ccbc833c5,92ad7b7aae9b,35.28354584092289,0.01546178400167264,256-1024-1024-16,True,1.8469903109944426,train,65536,"{""profile"": true}",82.097344,1536,3319.790592,31900128,427868160,0.04832,79.24912,18862.756298,,6,12928.104724,166.384791,30744,9.044064,0.076351,0.0,0,2277.960992,1979.088335,10773.748678,35482.59003303304,1,1.763245335,37167.828378233025,138.60386731653531,,,16,2026-09-04T00:07:06+00:00,0.1.0,sweep-w1024-d2-b256
cudann,4096,cublas,True,nvcc 12.9.86 /usr/local/cuda-12.9/bin/nvcc / host GNU 13.3.0,NVIDIA GeForce GTX 1080 Ti,gpu,13.0,float,4.813434666666667,7.133258666666666,0.006554666666666667,14.682111999999998,133.06436216666665,66.97616000000001,15.200308833333333,0.17050666666666667,0.015605333333333334,0.0,24.066421333333334,55.3415535,79.34520450000001,2,4142.0889779492645,4153.452226644195,189165a3ebfc25a50f6c29f2ff77fabb0e5ef554,v0.1.0-3-g7ff331c,37.16444556683651,85.28666666666668,48.333333333333336,476ccbc833c5,f4940ff06c2f,146.05592208608232,0.0022006119979778305,256-1024-1024-16,True,0.11768911549006589,train,65536,"{""profile"": true}",28.880608,96,42.799552,15950112,213911040,0.039328,88.092672,798.386173,,6,401.85696,91.201853,1944,1.02304,0.093632,0.0,0,144.398528,332.049321,476.071227,556856.9338558066,1,0.062145695,1054554.1408781412,135.95139986714028,,,16,2026-09-04T00:07:09+00:00,0.1.0,sweep-w1024-d2-b4096
cudann,4096,cublas,True,nvcc 12.9.86 /usr/local/cuda-12.9/bin/nvcc / host GNU 13.3.0,NVIDIA GeForce GTX 1080 Ti,gpu,13.0,double,9.672917166666666,894.9982986666668,0.0057280000000000005,17.367296,2715.8694165,1750.7419251666668,30.3620675,0.20335466666666668,0.014752,0.0,12.503077333333332,1314.2541506666666,1350.4183393333333,2,341.03978218553164,341.97537769795775,189165a3ebfc25a50f6c29f2ff77fabb0e5ef554,v0.1.0-3-g7ff331c,1375.8709457343969,162.96190476190475,91.11904761904762,476ccbc833c5,8d1c46a1ab1d,73.02796104304116,0.0015555680001853034,256-1024-1024-16,True,1.4293898059986532,train,65536,"{""profile"": true}",58.037503,96,5369.989792,31900128,427822080,0.034368,104.203776,16295.216499,,6,10504.451551,182.172405,1944,1.220128,0.088512,0.0,0,75.018464,7885.524904,8102.510036,45848.93478669579,1,1.317427262,49745.4408985807,11.193587594408152,,,16,2026-09-04T00:07:22+00:00,0.1.0,sweep-w1024-d2-b4096
cudann,32,cublas,True,nvcc 12.9.86 /usr/local/cuda-12.9/bin/nvcc / host GNU 13.3.0,NVIDIA GeForce GTX 1080 Ti,gpu,13.0,float,80.963126,270.8175615,0.03285866666666667,74.45787349999999,2314.9385431666665,1187.6853655,14.146124833333333,27.350949666666665,0.017152,0.0,659.4675315000001,0.025993666666666665,2205.077827166667,2,586.5232100102497,625.1497129229381,189165a3ebfc25a50f6c29f2ff77fabb0e5ef554,v0.1.0-3-g7ff331c,1867.9551228809494,140.11575757575756,62.303030303030305,476ccbc833c5,58ace2e1da7c,14.855026354527755,0.0498782232607482,256-1024-1024-1024-1024-16,True,2.2371024480089545,train,65536,"{""profile"": true}",485.778756,12288,1624.905369,41140512,214106112,0.197152,446.747241,13889.631259,,6,7126.112193,84.876749,417816,164.105698,0.102912,0.0,0,3956.805189,0.155962,13230.466963,29295.037452722718,1,2.126659738,30816.401340081233,915.4699203975849,,,16,2026-09-04T00:07:41+00:00,0.1.0,sweep-w1024-d4-b32
cudann,32,cublas,True,nvcc 12.9.86 /usr/local/cuda-12.9/bin/nvcc / host GNU 13.3.0,NVIDIA GeForce GTX 1080 Ti,gpu,13.0,double,102.87857066666668,1053.6120891666667,0.008266666666666667,78.29105066666666,18068.56709483333,14460.482283833333,28.669311833333335,44.73565333333334,0.014437333333333335,0.0,2299.8754313333334,174.10946833333333,14039.797991833335,2,96.23217733508385,102.56971422141267,189165a3ebfc25a50f6c29f2ff77fabb0e5ef554,v0.1.0-3-g7ff331c,10912.91826594175,129.23048192771085,96.1156626506024,476ccbc833c5,18aa7e9e4492,7.427513177263878,0.776426518757944,256-1024-1024-1024-1024-16,True,13.634862530016107,train,65536,"{""profile"": true}",617.271424,12288,6321.672535,82280928,428212224,0.0496,469.746304,108411.402569,,6,86762.893703,172.015871,417816,268.41392,0.086624,0.0,0,13799.252588,1044.65681,84238.787951,4806.502438563462,1,13.600192933,4818.755169346244,150.2032012051082,,,16,2026-09-04T00:09:25+00:00,0.1.0,sweep-w1024-d4-b32
cudann,256,cublas,True,nvcc 12.9.86 /usr/local/cuda-12.9/bin/nvcc / host GNU 13.3.0,NVIDIA GeForce GTX 1080 Ti,gpu,13.0,double,30.07544,672.9297036666667,0.005909333333333333,27.201306666666667,7477.1380545,5785.810358833333,31.330754833333334,1.7244266666666668,0.015503999999999999,0.0,928.0446505,467.19757849999996,4639.1424615000005,2,277.97510335449016,280.663057096972,189165a3ebfc25a50f6c29f2ff77fabb0e5ef554,v0.1.0-3-g7ff331c,4209.153005234096,149.4486330935252,96.06474820143885,476ccbc833c5,06d3a5f37c80,39.58896481903316,0.008577279499149881,256-1024-1024-1024-1024-16,True,4.720251897000708,train,65536,"{""profile"": true}",180.45264,1536,4037.578222,82280928,427868160,0.035456,163.20784,44862.828327,,6,34714.862153,187.984529,52248,10.34656,0.093024,0.0,0,5568.267903,2803.185471,27834.854769,13884.0048010239,1,4.591147026,14274.42850966542,54.23439375399961,,,16,2026-09-04T00:10:07+00:00,0.1.0,sweep-w1024-d4-b256
cudann,4096,cublas,True,nvcc 12.9.86 /usr/local/cuda-12.9/bin/nvcc / host GNU 13.3.0,NVIDIA GeForce GTX 1080 Ti,gpu,13.0,float,9.875312,14.056592,0.006261333333333333,41.478954333333334,304.25571633333334,173.09620216666667,15.210351833333334,0.20521599999999998,0.010970666666666665,0.0,50.315856,138.33092266666668,175.528539,2,6015.213416217446,6028.1143875283005,189165a3ebfc25a50f6c29f2ff77fabb0e5ef554,v0.1.0-3-g7ff331c,263.4890761650892,212.23714285714286,59.142857142857146,476ccbc833c5,d852082e84a7,188.48139780087362,0.02586844324832782,256-1024-1024-1024-1024-16,True,0.218132328503998,train,65536,"{""profile"": true}",59.251872,96,84.339552,41140512,213911040,0.037568,248.873726,1825.534298,,6,1038.577213,91.262111,3288,1.231296,0.065824,0.0,0,301.895136,829.985536,1053.171234,300441.48178062856,1,0.153063924,428160.981943727,73.34997113784877,,,16,2026-09-04T00:10:12+00:00,0.1.0,sweep-w1024-d4-b4096
cudann,4096,cublas,True,nvcc 12.9.86 /usr/local/cuda-12.9/bin/nvcc / host GNU 13.3.0,NVIDIA GeForce GTX 1080 Ti,gpu,13.0,double,19.109338666666666,725.709712,0.0072106666666666664,18.571072,6923.756227499999,4778.0788295,27.427755333333334,0.21913066666666667,0.012885333333333334,0.0,1354.6202933333334,3491.5310633333333,3532.089963666667,2,365.55973303630054,366.3437576921158,189165a3ebfc25a50f6c29f2ff77fabb0e5ef554,v0.1.0-3-g7ff331c,3479.777820584453,162.5682075471698,97.02830188679245,476ccbc833c5,4a4a796e4f1d,94.24069890043681,0.022051141000702046,256-1024-1024-1024-1024-16,True,3.5893245080078486,train,65536,"{""profile"": true}",114.656032,96,4354.258272,82280928,427822080,0.043264,111.426432,41542.537365,,6,28668.472977,164.566532,3288,1.314784,0.077312,0.0,0,8127.72176,20949.18638,21192.539782,18258.588727151302,1,3.493339398,18760.272774389043,4.457663263464673,,,16,2026-09-04T00:10:40+00:00,0.1.0,sweep-w1024-d4-b4096
cudann,32,cublas,True,nvcc 12.9.86 /usr/local/cuda-12.9/bin/nvcc / host GNU 13.3.0,NVIDIA GeForce GTX 1080 Ti,gpu,13.0,float,160.43366,831.4046315,0.005818666666666666,231.736212,5238.540999166667,2391.7579968333334,14.499582833333333,21.978784333333333,0.015450666666666666,0.0,1586.7088623333332,10.142081833333334,3883.2768921666666,2,738.3398017382553,786.1446746591037,189165a3ebfc25a50f6c29f2ff77fabb0e5ef554,v0.1.0-3-g7ff331c,3630.4095751508103,156.50904347826088,72.31304347826087,476ccbc833c5,3157a890eb61,14.967840410421658,0.28825930099992547,256-1024-1024-1024-1024-1024-1024-1024-1024-16,True,4.010863214498386,train,65536,"{""profile"": true}",962.60196,12288,4988.427789,91521312,214106112,0.034912,1390.417272,31431.245995,,6,14350.547981,86.997497,761880,131.872706,0.092704,0.0,0,9520.253174,60.852491,23299.661353,16339.62478777681,1,3.809395395,17203.77991899158,510.6132746180253,,,16,2026-09-04T00:11:12+00:00,0.1.0,sweep-w1024-d8-b32
cudann,32,cublas,True,nvcc 12.9.86 /usr/local/cuda-12.9/bin/nvcc / host GNU 13.3.0,NVIDIA GeForce GTX 1080 Ti,gpu,13.0,double,187.49035733333335,1721.4048566666668,0.006672,172.13765850000001,34602.45229466666,27442.793222166667,27.561300666666668,12.877194666666666,0.014719999999999999,0.0,5038.166312666667,216.60156116666667,26444.7646325,2,112.84006820896681,120.14606079992537,189165a3ebfc25a50f6c29f2ff77fabb0e5ef554,v0.1.0-3-g7ff331c,22243.98451790508,139.91807445442873,96.62772785622593,476ccbc833c5,2907116d886f,7.483920205210829,0.41455069900257513,256-1024-1024-1024-1024-1024-1024-1024-1024-16,True,26.24404608749319,train,65536,"{""profile"": true}",1124.942144,12288,10328.42914,183042528,428212224,0.040032,1032.825951,207614.713768,,6,164656.759333,165.367804,761880,77.263168,0.08832,0.0,0,30228.997876,1299.609367,158668.587795,2497.175922550742,1,26.164277475,2504.7892135611132,78.03674757971069,,,16,2026-09-04T00:14:23+00:00,0.1.0,sweep-w1024-d8-b32
cudann,256,cublas,True,nvcc 12.9.86 /usr/local/cuda-12.9/bin/nvcc / host GNU 13.3.0,NVIDIA GeForce GTX 1080 Ti,gpu,13.0,float,32.44904533333334,147.08663466666667,0.008197333333333333,37.0162985,1159.7226336666665,661.1365795,14.667729166666668,1.7033759999999998,0.013552,0.0,265.64122116666664,44.170836666666666,761.5367378333334,2,3693.8881582270824,3728.4807522007914,189165a3ebfc25a50f6c29f2ff77fabb0e5ef554,v0.1.0-3-g7ff331c,972.4405708950966,214.25608695652176,78.34782608695652,476ccbc833c5,ae60f4130935,82.49187989251081,0.005081316237919964,256-1024-1024-1024-1024-1024-1024-1024-1024-16,True,0.8016972425102722,train,65536,"{""profile"": true}",194.694272,1536,882.519808,91521312,213934080,0.049184,222.097791,6958.335802,,6,3966.819477,88.006375,95256,10.220256,0.081312,0.0,0,1593.847327,265.02502,4569.220427,81746.57030725696,1,0.729412762,89847.6190906021,319.3225402627225,,,16,2026-09-04T00:14:33+00:00,0.1.0,sweep-w1024-d8-b256
cudann,256,cublas,True,nvcc 12.9.86 /usr/local/cuda-12.9/bin/nvcc / host GNU 13.3.0,NVIDIA GeForce GTX 1080 Ti,gpu,13.0,double,57.75485333333333,2111.6931836666668,0.008794666666666668,210.01817000000003,16674.924375666666,12095.6267665,29.41182016666667,1.726432,0.015162666666666666,0.0,2168.6691926666667,633.2350848333333,9637.216609166668,2,305.09380523432174,307.95095349552685,189165a3ebfc25a50f6c29f2ff77fabb0e5ef554,v0.1.0-3-g7ff331c,9018.23197897423,155.51160839160838,97.26223776223776,476ccbc833c5,b7cffeb143cf,41.245939946255405,0.025459120501182042,256-1024-1024-1024-1024-1024-1024-1024-1024-16,True,9.706457160995342,train,65536,"{""profile"": true}",346.52912,1536,12670.159102,183042528,427868160,0.052768,1260.10902,100049.546254,,6,72573.760599,176.470921,95256,10.358592,0.090976,0.0,0,13012.015156,3799.410509,57823.299655,6751.794080269722,1,9.582070708,6839.44024179288,26.374195626053602,,,16,2026-09-04T00:15:45+00:00,0.1.0,sweep-w1024-d8-b256
cudann,4096,cublas,True,nvcc 12.9.86 /usr/local/cuda-12.9/bin/nvcc / host GNU 13.3.0,NVIDIA GeForce GTX 1080 Ti,gpu,13.0,float,19.841744000000002,65.888447,0.009130666666666667,51.01441066666666,641.9386481666667,372.84478916666666,14.9059515,0.20976533333333333,0.015248,0.0,117.20916183333333,314.4812621666667,362.2881693333333,2,7434.476007920124,7448.955673984703,189165a3ebfc25a50f6c29f2ff77fabb0e5ef554,v0.1.0-3-g7ff331c,614.5262580916723,268.7708333333333,81.58333333333333,476ccbc833c5,65fa573a265d,208.41207290974836,0.016668477255734615,256-1024-1024-1024-1024-1024-1024-1024-1024-16,True,0.39833068900043145,train,65536,"{""profile"": true}",119.050464,96,395.330682,91521312,213911040,0.054784,306.086464,3851.631889,,6,2237.068735,89.435709,5976,1.258592,0.091488,0.0,0,703.254971,1886.887573,2173.729016,164526.61522127665,1,0.334803068,195744.92071261426,40.167630669256994,,,16,2026-09-04T00:15:51+00:00,0.1.0,sweep-w1024-d8-b4096
cudann,4096,cublas,True,nvcc 12.9.86 /usr/local/cuda-12.9/bin/nvcc / host GNU 13.3.0,NVIDIA GeForce GTX 1080 Ti,gpu,13.0,double,37.64900266666667,2131.3386293333333,0.007578666666666667,594.7080053333333,14309.869913333334,9639.597148333332,28.448556999999997,0.24265599999999998,0.013328,0.0,1877.865008,7791.455507666667,7866.178580833333,2,373.3916826076371,374.1189143412105,189165a3ebfc25a50f6c29f2ff77fabb0e5ef554,v0.1.0-3-g7ff331c,7837.478529497537,165.72280172413795,98.29310344827586,476ccbc833c5,59b188f8c902,104.20603645487418,0.015025184024125338,256-1024-1024-1024-1024-1024-1024-1024-1024-16,True,7.931028163002338,train,65536,"{""profile"": true}",225.894016,96,12788.031776,183042528,427822080,0.045472,3568.248032,85859.21948,,6,57837.58289,170.691342,5976,1.455936,0.079968,0.0,0,11267.190048,46748.733046,47197.071485,8263.241367080325,1,7.807968064,8393.47695364754,2.017392911884845,,,16,2026-09-04T00:16:50+00:00,0.1.0,sweep-w1024-d8-b4096
cudann,32,cublas,True,nvcc 12.9.86 /usr/local/cuda-12.9/bin/nvcc / host GNU 13.3.0,NVIDIA GeForce GTX 1080 Ti,gpu,13.0,float,59.629391999999996,3007.0670716666664,0.0073813333333333335,42.906298666666665,8899.842734666667,2292.404023166667,13.8006455,11.56424,0.020138666666666666,0.0,3472.4435436666668,115.12946516666666,5006.761483166667,2,1368.046576916868,1456.1466636456657,189165a3ebfc25a50f6c29f2ff77fabb0e5ef554,v0.1.0-3-g7ff331c,6525.8291346987935,215.97255033557047,94.63758389261746,476ccbc833c5,15d6aae9d0c9,15.568173427367823,0.01849212775414344,256-4096-4096-16,True,5.042019470507512,train,65536,"{""profile"": true}",357.776352,12288,18042.40243,214794528,214106112,0.044288,257.437792,53399.056408,,6,13754.424139,82.803873,245784,69.38544,0.120832,0.0,0,20834.661262,690.776791,30040.568899,12997.966466282483,1,4.978754986,13163.130176978746,406.1864520713276,,,16,2026-09-04T00:17:30+00:00,0.1.0,sweep-w4096-d2-b32
cudann,32,cublas,True,nvcc 12.9.86 /usr/local/cuda-12.9/bin/nvcc / host GNU 13.3.0,NVIDIA GeForce GTX 1080 Ti,gpu,13.0,double,68.76424533333333,12659.398126833332,0.007290666666666667,68.74309866666667,52724.99466883333,26738.544914666665,27.3997375,11.029946666666667,0.022032,0.0,13151.0852765,601.1628535,28006.386474166666,2,241.54576130879528,257.1009352914217,189165a3ebfc25a50f6c29f2ff77fabb0e5ef554,v0.1.0-3-g7ff331c,32091.02146210012,190.59606537530266,99.10169491525424,476ccbc833c5,ecac24cdc1dd,7.784086713683911,0.8356443472584942,256-4096-4096-16,True,28.556566010520328,train,65536,"{""profile"": true}",412.585472,12288,75956.388761,429588960,428212224,0.043744,412.458592,316349.968013,,6,160431.269488,164.398425,245784,66.17968,0.132192,0.0,0,78906.511659,3606.977121,168038.318845,2294.9538111780084,1,28.463769647,2302.4357213664885,71.71730659931276,,,16,2026-09-04T00:20:53+00:00,0.1.0,sweep-w4096-d2-b32
cudann,256,cublas,True,nvcc 12.9.86 /usr/local/cuda-12.9/bin/nvcc / host GNU 13.3.0,NVIDIA GeForce GTX 1080 Ti,gpu,13.0,float,23.233210666666665,646.6683306666666,0.005461333333333333,21.549381333333333,2384.3208643333332,1086.681018,13.8741185,1.5909866666666668,0.017877333333333332,0.0,590.7004798333334,239.19008,1329.001436,2,5080.973041300708,5124.64757628091,189165a3ebfc25a50f6c29f2ff77fabb0e5ef554,v0.1.0-3-g7ff331c,2014.4683868571747,252.10725000000002,94.5,476ccbc833c5,23263ba3995a,104.75469775144914,0.00741661450592801,256-4096-4096-16,True,1.3575583694910165,train,65536,"{""profile"": true}",139.399264,1536,3880.009984,214794528,213934080,0.032768,129.296288,14305.925186,,6,6520.086108,83.244711,30744,9.54592,0.107264,0.0,0,3544.202879,1435.14048,7974.008616,48274.904028304234,1,1.282309864,51107.77187314844,188.57384386056341,,,16,2026-09-04T00:21:07+00:00,0.1.0,sweep-w4096-d2-b256
cudann,256,cublas,True,nvcc 12.9.86 /usr/local/cuda-12.9/bin/nvcc / host GNU 13.3.0,NVIDIA GeForce GTX 1080 Ti,gpu,13.0,double,41.96363733333333,5297.30808,0.007162666666666667,40.155872,37348.801816666666,25495.5547545,28.844525,1.467632,0.016288,0.0,6443.483865166666,3892.461895666667,20819.967279833334,2,330.292944699138,333.13204473956716,189165a3ebfc25a50f6c29f2ff77fabb0e5ef554,v0.1.0-3-g7ff331c,20434.864420180085,163.31237012987012,99.03896103896103,476ccbc833c5,2bdfd30d7c98,52.37734887572457,0.022878155490616336,256-4096-4096-16,True,20.883635536505608,train,65536,"{""profile"": true}",251.781824,1536,31783.84848,429588960,427868160,0.042976,240.935232,224092.8109,,6,152973.328527,173.06715,30744,8.805792,0.097728,0.0,0,38660.903191,23354.771374,124919.803679,3138.150916560476,1,20.729337056,3161.5096914559044,12.25840201781436,,,16,2026-09-04T00:23:43+00:00,0.1.0,sweep-w4096-d2-b256
cudann,4096,cublas,True,nvcc 12.9.86 /usr/local/cuda-12.9/bin/nvcc / host GNU 13.3.0,NVIDIA GeForce GTX 1080 Ti,gpu,13.0,float,18.502005333333333,195.59736,0.007744,18.058666666666667,1522.56614,866.404832,13.85366,0.19146666666666667,0.011007999999999999,0.0,409.9393973333333,700.3042931666668,749.555896,2,8854.623810629975,8864.559761203423,189165a3ebfc25a50f6c29f2ff77fabb0e5ef554,v0.1.0-3-g7ff331c,1137.10516590036,254.82227272727275,89.36363636363636,476ccbc833c5,78142a5df92a,450.06677613574163,0.006151180758024566,256-4096-4096-16,True,0.7789961069938727,train,65536,"{""profile"": true}",111.012032,96,1173.58416,214794528,213911040,0.046464,108.352,9135.39684,,6,5198.428992,83.12196,1944,1.1488,0.066048,0.0,0,2459.636384,4201.825759,4497.335376,84128.79013337032,1,0.702164336,93334.2760945922,20.539255403654863,,,16,2026-09-04T00:23:51+00:00,0.1.0,sweep-w4096-d2-b4096
cudann,4096,cublas,True,nvcc 12.9.86 /usr/local/cuda-12.9/bin/nvcc / host GNU 13.3.0,NVIDIA GeForce GTX 1080 Ti,gpu,13.0,double,37.22165866666666,5341.369791833334,0.008474666666666667,84.96173766666666,39227.48834616667,22626.071818666667,27.11267266666667,0.20875200000000002,0.014533333333333334,0.0,11110.518906666666,17247.114677,17341.97062516667,2,396.1514479117018,396.5959773790435,189165a3ebfc25a50f6c29f2ff77fabb0e5ef554,v0.1.0-3-g7ff331c,18388.56039411748,176.3767641325536,99.58089668615985,476ccbc833c5,44232c437273,225.03338806787082,0.0073753110045799986,256-4096-4096-16,True,17.41181942849653,train,65536,"{""profile"": true}",223.329952,96,32048.218751,429588960,427822080,0.050848,509.770426,235364.930077,,6,135756.430912,162.676036,1944,1.252512,0.0872,0.0,0,66663.11344,103482.688062,104051.823751,3763.8800625707436,1,17.253467468,3798.4248743940657,0.9189160309010604,,,16,2026-09-04T00:25:58+00:00,0.1.0,sweep-w4096-d2-b4096
cudann,32,cublas,True,nvcc 12.9.86 /usr/local/cuda-12.9/bin/nvcc / host GNU 13.3.0,NVIDIA GeForce GTX 1080 Ti,gpu,13.0,float,120.83446933333333,8942.347861166667,0.008554666666666667,97.78755733333333,30011.250838166667,11437.023287166667,15.870116166666667,12.913344,0.011530666666666666,0.0,9384.454117666666,168.5239445,13612.5535675,2,1472.3954473738345,1565.7093097857194,189165a3ebfc25a50f6c29f2ff77fabb0e5ef554,v0.1.0-3-g7ff331c,18078.05268228905,220.71575682382132,96.06203473945409,476ccbc833c5,9fb217d06b45,15.689605816943157,0.08248872148396913,256-4096-4096-4096-4096-16,True,13.645693516999017,train,65536,"{""profile"": true}",725.006816,12288,53654.087167,617546016,214106112,0.051328,586.725344,180067.505029,,6,68622.139723,95.220697,417816,77.480064,0.069184,0.0,0,56306.724706,1011.143667,81675.321405,4802.6873766700855,1,13.488859409,4858.527916472556,150.08398052094017,,,16,2026-09-04T00:27:43+00:00,0.1.0,sweep-w4096-d4-b32
cudann,32,cublas,True,nvcc 12.9.86 /usr/local/cuda-12.9/bin/nvcc / host GNU 13.3.0,NVIDIA GeForce GTX 1080 Ti,gpu,13.0,double,144.5422665,25980.853100166667,0.005088,124.62397866666667,149822.51534366666,90993.61068600001,28.379095833333334,13.001685333333334,0.013754666666666667,0.0,32537.4856885,932.6644398333333,80943.4389985,2,244.92760368920904,260.4500238055521,189165a3ebfc25a50f6c29f2ff77fabb0e5ef554,v0.1.0-3-g7ff331c,93542.22653876717,192.48268425460637,99.428391959799,476ccbc833c5,791b7777d3be,7.8448029084715785,1.585515645740088,256-4096-4096-4096-4096-16,True,82.03181963998941,train,65536,"{""profile"": true}",867.253599,12288,155885.118601,1235091936,428212224,0.030528,747.743872,898935.092062,,6,545961.664116,170.274575,417816,78.010112,0.082528,0.0,0,195224.914131,5595.986639,485660.633991,798.9094998454975,1,81.678095676,802.3693434279818,24.965921870171798,,,16,2026-09-04T00:37:26+00:00,0.1.0,sweep-w4096-d4-b32
cudann,256,cublas,True,nvcc 12.9.86 /usr/local/cuda-12.9/bin/nvcc / host GNU 13.3.0,NVIDIA GeForce GTX 1080 Ti,gpu,13.0,double,84.61792,16720.64824,0.007594666666666666,89.94228183333333,111311.32529933333,75671.19609283334,28.8017735,1.6873813333333334,0.019296,0.0,18714.404719166665,5868.485614833334,60332.084305833334,2,332.42806528443975,335.1860214226665,189165a3ebfc25a50f6c29f2ff77fabb0e5ef554,v0.1.0-3-g7ff331c,58388.782096789626,161.14769014084507,99.4630985915493,476ccbc833c5,b1e5abf7dd3a,55.25494267192655,0.061403683241223916,256-4096-4096-4096-4096-16,True,60.43971345649334,train,65536,"{""profile"": true}",507.70752,1536,100323.88944,1235091936,427868160,0.045568,539.653691,667867.951796,,6,454027.176557,172.810641,52248,10.124288,0.115776,0.0,0,112286.428315,35210.913689,361992.505835,1084.3201638799158,1,60.102012061,1090.4127458076582,4.235625640155921,,,16,2026-09-04T00:45:19+00:00,0.1.0,sweep-w4096-d4-b256
cudann,4096,cublas,True,nvcc 12.9.86 /usr/local/cuda-12.9/bin/nvcc / host GNU 13.3.0,NVIDIA GeForce GTX 1080 Ti,gpu,13.0,float,37.294672,602.1983466666667,0.008602666666666666,36.52419733333333,3645.1299151666667,2504.683957333333,14.0748005,0.21456533333333336,0.011701333333333334,0.0,450.119072,1968.0182811666666,2099.1529021666665,2,9406.661273010832,9415.312849537846,189165a3ebfc25a50f6c29f2ff77fabb0e5ef554,v0.1.0-3-g7ff331c,3187.634213424753,252.78290322580648,94.1774193548387,476ccbc833c5,1ee828ed2f9b,579.7956911159525,0.031869655242189765,256-4096-4096-4096-4096-16,True,2.1359179870050866,train,65536,"{""profile"": true}",223.768032,96,3613.19008,617546016,213911040,0.051616,219.145184,21870.779491,,6,15028.103744,84.448803,3288,1.287392,0.070208,0.0,0,2700.714432,11808.109687,12594.917413,30682.8260254938,1,1.976558116,33156.62690082015,7.490924322630322,,,16,2026-09-04T00:45:40+00:00,0.1.0,sweep-w4096-d4-b4096
cudann,4096,cublas,True,nvcc 12.9.86 /usr/local/cuda-12.9/bin/nvcc / host GNU 13.3.0,NVIDIA GeForce GTX 1080 Ti,gpu,13.0,double,74.587312,15981.682864,0.006634666666666667,73.11884266666667,93356.30704500001,66050.66757866666,27.920122333333335,0.218352,0.019338666666666667,0.0,11148.086000000001,49916.063000166665,50152.919656666665,2,400.24063744554223,400.6087502544956,189165a3ebfc25a50f6c29f2ff77fabb0e5ef554,v0.1.0-3-g7ff331c,51347.67138107175,170.42081506849317,99.52328767123288,476ccbc833c5,5954c543cd11,289.89784555797627,0.040646277004270814,256-4096-4096-4096-4096-16,True,50.199442862474825,train,65536,"{""profile"": true}",447.523872,96,95890.097184,1235091936,427822080,0.039808,438.713056,560137.84227,,6,396304.005472,167.520734,3288,1.310112,0.116032,0.0,0,66888.516,299496.378001,300917.51794,1305.5124970119855,1,49.933936241,1312.4541130444545,0.31872863696581677,,,16,2026-09-04T00:52:05+00:00,0.1.0,sweep-w4096-d4-b4096
cudann,32,cublas,True,nvcc 12.9.86 /usr/local/cuda-12.9/bin/nvcc / host GNU 13.3.0,NVIDIA GeForce GTX 1080 Ti,gpu,13.0,float,232.83941866666666,18296.232399666667,0.0077866666666666666,2224.064229166667,70422.58058916667,23901.61835416667,14.132515,12.851941333333334,0.019407999999999998,0.0,25740.8145365,249.84038833333332,30689.325598833337,2,1514.6748628579985,1610.208346326995,189165a3ebfc25a50f6c29f2ff77fabb0e5ef554,v0.1.0-3-g7ff331c,41398.88121536323,224.63033222591363,96.29900332225914,476ccbc833c5,7ccf43167c31,15.72601270089048,0.10907784399751108,256-4096-4096-4096-4096-4096-4096-4096-4096-16,True,30.686543506511953,train,65536,"{""profile"": true}",1397.036512,12288,109777.394398,1423048992,214106112,0.04672,13344.385375,422535.483535,,6,143409.710125,84.79509,761880,77.111648,0.116448,0.0,0,154444.887219,1499.04233,184135.953593,2135.6592340252555,1,30.367737419,2158.0797770925296,66.73935106328923,,,16,2026-09-04T00:56:00+00:00,0.1.0,sweep-w4096-d8-b32
cudann,32,cublas,True,nvcc 12.9.86 /usr/local/cuda-12.9/bin/nvcc / host GNU 13.3.0,NVIDIA GeForce GTX 1080 Ti,gpu,13.0,double,271.5019251666667,54399.73084416666,0.005344000000000001,14135.260521833334,340109.356935,191052.34764116665,26.126699000000002,12.736816,0.011509333333333335,0.0,80211.63563433333,1364.6543031666668,186986.35843999998,2,246.66025112796314,262.21759191536415,189165a3ebfc25a50f6c29f2ff77fabb0e5ef554,v0.1.0-3-g7ff331c,216876.67234511135,193.2976903599204,99.732501356484,476ccbc833c5,1aa9c2eacb94,7.86300635044524,2.253909269493306,256-4096-4096-4096-4096-4096-4096-4096-4096-16,True,188.43788516698987,train,65536,"{""profile"": true}",1629.011551,12288,326398.385065,2846097888,428212224,0.032064,84811.563131,2040656.14161,,6,1146314.085847,156.760194,761880,76.420896,0.069056,0.0,0,481269.813806,8187.925819,1121918.15064,347.785690451383,1,188.030955856,348.53835477063427,10.868302826605719,,,16,2026-09-04T01:18:34+00:00,0.1.0,sweep-w4096-d8-b32
cudann,256,cublas,True,nvcc 12.9.86 /usr/local/cuda-12.9/bin/nvcc / host GNU 13.3.0,NVIDIA GeForce GTX 1080 Ti,gpu,13.0,float,91.16013333333332,3189.9765279999997,0.008277333333333333,799.6329036666666,16433.091770833333,8094.752767166666,13.347373666666668,1.6655360000000001,0.009434666666666666,0.0,4242.538817,530.5226108333333,8206.985061166666,2,5646.049353919196,5692.389675491879,189165a3ebfc25a50f6c29f2ff77fabb0e5ef554,v0.1.0-3-g7ff331c,12985.472826378353,263.38139917695474,96.76131687242798,476ccbc833c5,dbfc702e21a1,112.34175765132852,0.006292415244388394,256-4096-4096-4096-4096-4096-4096-4096-4096-16,True,8.232329043501522,train,65536,"{""profile"": true}",546.9608,1536,19139.859168,1423048992,213934080,0.049664,4797.797422,98598.550625,,6,48568.516603,80.084242,95256,9.993216,0.056608,0.0,0,25455.232902,3183.135665,49241.910367,7960.809104409297,1,8.025468114,8166.003411773071,31.096910564098817,,,16,2026-09-04T01:19:42+00:00,0.1.0,sweep-w4096-d8-b256
cudann,256,cublas,True,nvcc 12.9.86 /usr/local/cuda-12.9/bin/nvcc / host GNU 13.3.0,NVIDIA GeForce GTX 1080 Ti,gpu,13.0,double,167.04245333333333,34253.22520533333,0.006298666666666667,8206.919834666667,243606.73141133334,162135.63270699998,26.410956166666665,1.697808,0.015386666666666667,0.0,38815.7807615,8818.222520166666,140198.66075916667,2,331.4095590740771,334.1296248363598,189165a3ebfc25a50f6c29f2ff77fabb0e5ef554,v0.1.0-3-g7ff331c,133364.17111580694,158.52554992764112,99.73396044380125,476ccbc833c5,5e7e613e0ce2,56.17087882566426,0.013334773262613453,256-4096-4096-4096-4096-4096-4096-4096-4096-16,True,140.2498353009869,train,65536,"{""profile"": true}",1002.25472,1536,205519.351232,2846097888,427868160,0.037792,49241.519008,1461640.388468,,6,972813.796242,158.465737,95256,10.186848,0.09232,0.0,0,232894.684569,52909.335121,841191.964555,467.2804061363404,1,139.882369486,468.5079344939115,1.8253140864700796,,,16,2026-09-04T01:36:34+00:00,0.1.0,sweep-w4096-d8-b256
cudann,4096,cublas,True,nvcc 12.9.86 /usr/local/cuda-12.9/bin/nvcc / host GNU 13.3.0,NVIDIA GeForce GTX 1080 Ti,gpu,13.0,float,73.656944,1472.9497226666665,0.008250666666666667,476.98443733333335,8214.412049333334,5398.787194666666,13.23398,0.21706666666666666,0.008976,0.0,778.5654773333334,4533.570696833333,4724.799360666667,2,9787.54026338376,9795.954204737287,189165a3ebfc25a50f6c29f2ff77fabb0e5ef554,v0.1.0-3-g7ff331c,7322.445109246587,258.0465693430657,96.21897810218978,476ccbc833c5,8d765d678674,634.038677194187,0.00418752699624747,256-4096-4096-4096-4096-4096-4096-4096-4096-16,True,4.748908798996126,train,65536,"{""profile"": true}",441.941664,96,8837.698336,1423048992,213911040,0.049504,2861.906624,49286.472296,,6,32392.723168,79.40388,5976,1.3024,0.053856,0.0,0,4671.392864,27201.424181,28348.796164,13800.222908861439,1,4.54676345,14413.76942537004,3.3691950461087496,,,16,2026-09-04T01:37:18+00:00,0.1.0,sweep-w4096-d8-b4096
cudann,4096,cublas,True,nvcc 12.9.86 /usr/local/cuda-12.9/bin/nvcc / host GNU 13.3.0,NVIDIA GeForce GTX 1080 Ti,gpu,13.0,double,158.29722666666666,51870.183300833334,0.008117333333333332,11633.618064,238198.07080949997,153719.18250116668,40.18120116666667,0.229424,0.018592,0.0,20776.352382333334,124317.17998866667,124742.05056266667,2,370.7456992449043,371.06441390523514,0a73be8afed3a477e4841fd11669a6a91cc7edb9,v0.1.0-3-g7ff331c,127945.94192323157,170.90071796261176,99.69683012733677,ae544bda0502,93cfa746fea3,317.0193385970935,3.038280845998088,256-4096-4096-4096-4096-4096-4096-4096-4096-16,True,125.36931964950054,train,65536,"{""profile"": true}",949.78336,96,311221.099805,2846097888,427822080,0.048704,69801.708384,1429188.424857,,6,922315.095007,241.087207,5976,1.376544,0.111552,0.0,0,124658.114294,745903.079932,748452.303376,522.7435243584421,1,122.201356489,536.2951924833932,0.12762293075157277,,,16,2026-09-04T08:49:48+00:00,0.1.0,sweep-w4096-d8-b4096
syclnn,32,auto,True,Clang 22.1.0 /opt/sycl/bin/clang++,NVIDIA GeForce GTX 1080 Ti,gpu,CUDA 13.0,float,36.67476166666667,148.16397333333333,0.156413,25.724933833333335,565.676034,241.61654833333333,31.393429166666667,26.736655666666667,0.007365,0.0,55.201954,0.02831866666666667,1723.7790265,2,25.630884213004073,27.708312131188514,189165a3ebfc25a50f6c29f2ff77fabb0e5ef554,v0.2.0-4-gb5c4569,658.5203814537564,63.6476923076923,22.634615384615383,a025193bac5c,ea0111fe5ba7,12.141714285714286,0.04262658298830502,256-256-256-16,True,1.7385387615067884,train,65536,"{""profile"": true}",220.04857,12288,888.98384,1628448,213909504,0.938478,154.349603,3394.056204,,6,1449.69929,188.360575,245796,160.419934,0.04419,0.0,0,331.211724,0.169912,10342.674159,37696.024644972575,1,1.64902686,39742.22712175835,1178.000770155393,,,16,2026-09-04T02:50:56+00:00,0.2.0,sweep-w256-d2-b32
syclnn,32,auto,True,Clang 22.1.0 /opt/sycl/bin/clang++,NVIDIA GeForce GTX 1080 Ti,gpu,CUDA 13.0,double,25.936202166666664,149.98696850000002,0.23535150000000002,22.58756133333333,856.5104383333334,467.0741983333333,63.5628795,25.127941333333336,0.0068358333333333335,0.0,101.99249983333334,0.027904833333333334,1824.7544378333332,2,23.711052487677087,25.63287469240795,189165a3ebfc25a50f6c29f2ff77fabb0e5ef554,v0.2.0-4-gb5c4569,1049.4483300097736,93.82589285714286,32.357142857142854,a025193bac5c,84b00fafb71f,6.070857142857143,0.02847480049240403,256-256-256-16,True,1.8793044180201832,train,65536,"{""profile"": true}",155.617213,12288,899.921811,3256800,427819008,1.412109,135.525368,5139.06263,,6,2802.44519,381.377277,245796,150.767648,0.041015,0.0,0,611.954999,0.167429,10948.526627,34872.476950296914,1,1.748400247,37483.40811118634,1089.7649046967786,,,16,2026-09-04T02:51:10+00:00,0.2.0,sweep-w256-d2-b32
syclnn,256,auto,True,Clang 22.1.0 /opt/sycl/bin/clang++,NVIDIA GeForce GTX 1080 Ti,gpu,CUDA 13.0,float,5.150388666666667,18.2874375,0.1487625,3.375652166666667,105.910321,33.27245366666667,32.309423333333335,6.20117,0.005533833333333334,0.0,7.159499333333333,0.020647833333333334,231.886442,2,169.90443345486915,172.54938232066155,189165a3ebfc25a50f6c29f2ff77fabb0e5ef554,v0.2.0-4-gb5c4569,132.44606944211117,92.60625,22.25,a025193bac5c,48ff011d2748,36.136054421768705,0.0032531604956602678,256-256-256-16,True,0.2622667624964379,train,65536,"{""profile"": true}",30.902332,1536,109.724625,1628448,213909504,0.892575,20.253913,635.461926,,6,199.634722,193.85654,30756,37.20702,0.033203,0.0,0,42.956996,0.123887,1391.318652,249882.97936110038,1,0.200163864,327411.74500907917,976.1053881292984,,,16,2026-09-04T02:51:14+00:00,0.2.0,sweep-w256-d2-b256
syclnn,256,auto,True,Clang 22.1.0 /opt/sycl/bin/clang++,NVIDIA GeForce GTX 1080 Ti,gpu,CUDA 13.0,double,4.092774666666666,8.688475333333333,0.2552085,2.913406333333333,257.9022145,160.37661916666667,64.062058,6.0175765000000006,0.0052085000000000005,0.0,11.4908875,0.021977,324.1068755,2,115.60213481701287,117.4017449222351,189165a3ebfc25a50f6c29f2ff77fabb0e5ef554,v0.2.0-4-gb5c4569,243.14533689518225,119.61636363636363,53.72727272727273,a025193bac5c,1a5fe57209ff,18.068027210884352,0.004387382738059387,256-256-256-16,True,0.38546248100465164,train,65536,"{""profile"": true}",24.556648,1536,52.130852,3256800,427819008,1.531251,17.480438,1547.413287,,6,962.259715,384.372348,30756,36.105459,0.031251,0.0,0,68.945325,0.131862,1944.641253,170019.14123831195,1,0.260871981,251219.00691971977,664.137270462156,,,16,2026-09-04T02:51:17+00:00,0.2.0,sweep-w256-d2-b256
syclnn,4096,auto,True,Clang 22.1.0 /opt/sycl/bin/clang++,NVIDIA GeForce GTX 1080 Ti,gpu,CUDA 13.0,float,1.3548181666666668,1.1822906666666666,0.14388,1.1731761666666667,45.07618166666666,8.6412765,31.755220833333336,0.43815116666666665,0.006510333333333333,0.0,0.3808578333333333,0.027449333333333336,48.483756666666665,2,562.4964403767108,566.3197467852868,189165a3ebfc25a50f6c29f2ff77fabb0e5ef554,v0.2.0-4-gb5c4569,19.278904958063507,95.30000000000001,15.5,a025193bac5c,24899b076fbb,49.1425267418329,0.000811082252766937,256-256-256-16,True,0.07921878699562512,train,65536,"{""profile"": true}",8.128909,96,7.093744,1628448,213909504,0.86328,7.039057,270.45709,,6,51.847659,190.531325,1956,2.628907,0.039062,0.0,0,2.285147,0.164696,290.90254,827278.5091195507,1,0.0163812,4000683.7105950727,201.9722922655153,,,16,2026-09-04T02:51:19+00:00,0.2.0,sweep-w256-d2-b4096
syclnn,4096,auto,True,Clang 22.1.0 /opt/sycl/bin/clang++,NVIDIA GeForce GTX 1080 Ti,gpu,CUDA 13.0,double,2.4921883333333334,1.671877,0.222005,2.3489575,212.73326416666666,144.56705833333334,60.43248,0.40885383333333336,0.004557333333333333,0.0,0.5852868333333333,34.20810166666667,216.5245345,2,161.96962677157788,163.07053953756042,189165a3ebfc25a50f6c29f2ff77fabb0e5ef554,v0.2.0-4-gb5c4569,177.32540924472644,123.4425,50.375,a025193bac5c,9e4d0e1d261b,24.57126337091645,0.006012710742652416,256-256-256-16,True,0.2751150730182417,train,65536,"{""profile"": true}",14.95313,96,10.031262,3256800,427819008,1.33203,14.093745,1276.399585,,6,867.40235,362.59488,1956,2.453123,0.027344,0.0,0,3.511721,205.24861,1299.147207,238213.04765680575,1,0.154657194,423750.09079758683,58.15748233808734,,,16,2026-09-04T02:51:22+00:00,0.2.0,sweep-w256-d2-b4096
syclnn,32,auto,True,Clang 22.1.0 /opt/sycl/bin/clang++,NVIDIA GeForce GTX 1080 Ti,gpu,CUDA 13.0,float,61.03645983333333,246.79362700000001,0.27604233333333333,49.275364833333335,948.7470263333333,424.99674733333336,31.191704166666668,27.916017166666666,0.0078125,0.0,107.25325116666666,0.034617666666666665,2814.0544363333333,2,33.86409006380779,36.37092803110272,189165a3ebfc25a50f6c29f2ff77fabb0e5ef554,v0.2.0-4-gb5c4569,1157.63881455348,68.75333333333333,25.69047619047619,a025193bac5c,8b87a68cd4fb,12.486103542234332,0.014948392738006078,256-256-256-256-256-16,True,2.837811175995739,train,65536,"{""profile"": true}",366.218759,12288,1480.761762,3207456,213909504,1.656254,295.652189,5692.482158,,6,2549.980484,187.150225,417840,167.496103,0.046875,0.0,0,643.519507,0.207706,16884.326618,23093.855064900345,1,2.776980212,23599.736043059715,721.6829707781358,,,16,2026-09-04T02:51:43+00:00,0.2.0,sweep-w256-d4-b32
syclnn,32,auto,True,Clang 22.1.0 /opt/sycl/bin/clang++,NVIDIA GeForce GTX 1080 Ti,gpu,CUDA 13.0,double,43.199871,244.40166866666667,0.4440106666666667,38.362632166666664,1479.732712,865.9329036666667,62.2536035,25.417972333333335,0.0065105,0.0,199.7135395,0.03191683333333333,3007.6599336666663,2,31.14931891151172,33.455192040115584,189165a3ebfc25a50f6c29f2ff77fabb0e5ef554,v0.2.0-4-gb5c4569,1780.6799481347175,97.34252747252748,36.54945054945055,a025193bac5c,239305bdf7fd,6.243051771117166,0.03288355050608516,256-256-256-256-256-16,True,3.0851362599933054,train,65536,"{""profile"": true}",259.199226,12288,1466.410012,6414816,427819008,2.664064,230.175793,8878.396272,,6,5195.597422,373.521621,417840,152.507834,0.039063,0.0,0,1198.281237,0.191501,18045.959602,21242.49773011394,1,2.941058469,22283.134011369428,663.8280540660606,,,16,2026-09-04T02:52:06+00:00,0.2.0,sweep-w256-d4-b32
syclnn,256,auto,True,Clang 22.1.0 /opt/sycl/bin/clang++,NVIDIA GeForce GTX 1080 Ti,gpu,CUDA 13.0,double,7.076820333333333,9.230474333333333,0.4401043333333334,5.552078166666667,434.5216833333333,323.61979816666667,61.506055,6.6419265,0.007812666666666667,0.0,20.446613833333334,0.09630983333333333,529.1221721666667,2,163.71146990065765,166.0391117396035,189165a3ebfc25a50f6c29f2ff77fabb0e5ef554,v0.2.0-4-gb5c4569,448.79984525346805,137.35882352941175,63.8235294117647,a025193bac5c,aac65ea04109,19.68384879725086,0.001376595493638888,256-256-256-256-256-16,True,0.587007699010428,train,65536,"{""profile"": true}",42.460922,1536,55.382846,6414816,427819008,2.640626,33.312469,2607.1301,,6,1941.718789,369.03633,52272,39.851559,0.046876,0.0,0,122.679683,0.577859,3174.733033,111644.19156764036,1,0.467345872,140230.18908787964,436.11012331109515,,,16,2026-09-04T02:52:16+00:00,0.2.0,sweep-w256-d4-b256
syclnn,4096,auto,True,Clang 22.1.0 /opt/sycl/bin/clang++,NVIDIA GeForce GTX 1080 Ti,gpu,CUDA 13.0,float,2.7213538333333336,2.0260391666666666,0.23828166666666664,2.3294271666666666,57.05978316666667,16.171879999999998,32.58451983333333,0.4075526666666667,0.0039061666666666667,0.0,0.5768226666666666,0.0756245,62.605972,2,1084.6629928823015,1091.3964581978196,189165a3ebfc25a50f6c29f2ff77fabb0e5ef554,v0.2.0-4-gb5c4569,33.198621242507066,82.14999999999999,26.0,a025193bac5c,72ff13d6fc87,55.317941753432926,0.0028944307268830016,256-256-256-256-256-16,True,0.08859884948469698,train,65536,"{""profile"": true}",16.328123,96,12.156235,3207456,213909504,1.42969,13.976563,342.358699,,6,97.03128,195.507119,3312,2.445316,0.023437,0.0,0,3.460936,0.453747,375.635832,739693.5782029488,1,0.029470959,2223748.4704858093,180.5892524909543,,,16,2026-09-04T02:52:18+00:00,0.2.0,sweep-w256-d4-b4096
syclnn,4096,auto,True,Clang 22.1.0 /opt/sycl/bin/clang++,NVIDIA GeForce GTX 1080 Ti,gpu,CUDA 13.0,double,4.9023449999999995,2.9309893333333332,0.43098983333333335,4.70052,384.30475083333334,310.97525866666666,58.87766833333333,0.41015700000000005,0.003906333333333334,0.0,1.0729163333333334,114.0637355,389.8414156666667,2,216.71789679100877,218.0632570096851,189165a3ebfc25a50f6c29f2ff77fabb0e5ef554,v0.2.0-4-gb5c4569,340.66679630900506,138.39307692307693,70.53846153846153,a025193bac5c,427c45450457,27.658970876716463,0.0012920012522954494,256-256-256-256-256-16,True,0.4434331205266062,train,65536,"{""profile"": true}",29.41407,96,17.585936,6414816,427819008,2.585939,28.20312,2305.828505,,6,1865.851552,353.26601,3312,2.460942,0.023438,0.0,0,6.437498,684.382413,2339.048494,147792.29824369377,1,0.329250852,199045.8023173164,36.0821040634018,,,16,2026-09-04T02:52:22+00:00,0.2.0,sweep-w256-d4-b4096
syclnn,32,auto,True,Clang 22.1.0 /opt/sycl/bin/clang++,NVIDIA GeForce GTX 1080 Ti,gpu,CUDA 13.0,float,109.43357866666666,435.7200921666667,0.4843755,98.2760275,1670.3742478333334,767.196599,35.112528000000005,25.011722000000002,0.010416666666666666,0.0,199.12890833333333,0.0502215,5299.363848666667,2,37.31229172032023,39.9571003447716,189165a3ebfc25a50f6c29f2ff77fabb0e5ef554,v0.2.0-4-gb5c4569,2742.623892809838,86.08487341772152,22.341772151898734,a025193bac5c,4f83e66ef9e6,12.646604527296937,0.019271604003733955,256-256-256-256-256-256-256-256-256-16,True,5.338163354987046,train,65536,"{""profile"": true}",656.601472,12288,2614.320553,6365472,213909504,2.906253,589.656165,10022.245487,,6,4603.179594,210.675168,761928,150.070332,0.0625,0.0,0,1194.77345,0.301329,31796.183092,12276.88169916618,1,5.281190976,12409.322120298948,383.65255309894314,,,16,2026-09-04T02:53:01+00:00,0.2.0,sweep-w256-d8-b32
syclnn,32,auto,True,Clang 22.1.0 /opt/sycl/bin/clang++,NVIDIA GeForce GTX 1080 Ti,gpu,CUDA 13.0,double,89.953125,441.4609375,0.9270833333333334,77.7734375,2779.83993,1693.2135416666667,62.1914925,25.0546875,0.0078125,0.0,389.2578125,0.05523583333333334,5732.3021481666665,2,35.470954170482536,37.98524319381048,189165a3ebfc25a50f6c29f2ff77fabb0e5ef554,v0.2.0-4-gb5c4569,3439.2961842534137,99.69222222222221,38.01754385964912,a025193bac5c,93d9eeaea2ab,6.323302263648468,0.2652086337475339,256-256-256-256-256-256-256-256-256-16,True,5.615273482486373,train,65536,"{""profile"": true}",539.71875,12288,2648.765625,12730848,427819008,5.5625,466.640625,16679.03958,,6,10159.28125,373.148955,761928,150.328125,0.046875,0.0,0,2335.546875,0.331415,34393.812889,11671.025499363832,1,5.42512665,12080.086646456446,364.71954685511975,,,16,2026-09-04T02:53:43+00:00,0.2.0,sweep-w256-d8-b32
syclnn,256,auto,True,Clang 22.1.0 /opt/sycl/bin/clang++,NVIDIA GeForce GTX 1080 Ti,gpu,CUDA 13.0,float,17.783854166666668,53.466145833333336,0.4739583333333333,13.776041666666666,260.0906493333333,111.53645833333333,33.47346183333333,6.075520833333333,0.0078125,0.0,23.497395833333332,0.050230666666666667,631.854215,2,300.10988751534654,304.1956472692089,189165a3ebfc25a50f6c29f2ff77fabb0e5ef554,v0.2.0-4-gb5c4569,379.9982760725124,97.655,26.8,a025193bac5c,57290f166dd5,41.008635578583764,0.007387318997643888,256-256-256-256-256-256-256-256-256-16,True,0.663687258027494,train,65536,"{""profile"": true}",106.703125,1536,320.796875,6365472,213909504,2.84375,82.65625,1560.543896,,6,669.21875,200.840771,95304,36.453125,0.046875,0.0,0,140.984375,0.301384,3791.12529,98745.30391735365,1,0.591174856,110857.21818994278,385.7238434271627,,,16,2026-09-04T02:53:49+00:00,0.2.0,sweep-w256-d8-b256
syclnn,256,auto,True,Clang 22.1.0 /opt/sycl/bin/clang++,NVIDIA GeForce GTX 1080 Ti,gpu,CUDA 13.0,double,13.971354166666666,16.0546875,0.8229166666666666,11.2890625,810.4672623333332,654.6041666666666,63.63132483333334,7.153645833333333,0.010416666666666666,0.0,42.9296875,0.16460883333333334,966.1669251666667,2,194.40794383061504,197.05465487139557,189165a3ebfc25a50f6c29f2ff77fabb0e5ef554,v0.2.0-4-gb5c4569,878.6015185892694,148.42166666666665,73.2,a025193bac5c,d09806454804,20.504317789291882,0.0020995360100641847,256-256-256-256-256-256-256-256-256-16,True,1.0245420245046262,train,65536,"{""profile"": true}",83.828125,1536,96.328125,12730848,427819008,4.9375,67.734375,4862.803574,,6,3927.625,381.787949,95304,42.921875,0.0625,0.0,0,257.578125,0.987653,5797.001551,63966.1413905273,1,0.895460092,73186.95783932267,249.86773980674727,,,16,2026-09-04T02:53:58+00:00,0.2.0,sweep-w256-d8-b256
syclnn,4096,auto,True,Clang 22.1.0 /opt/sycl/bin/clang++,NVIDIA GeForce GTX 1080 Ti,gpu,CUDA 13.0,float,5.515625,3.6015625,0.453125,4.625,79.78749633333334,31.278645833333332,32.80312133333333,0.46875,0.0026041666666666665,0.0,1.0390625,0.11689616666666668,88.884666,2,1688.3078462136712,1698.3436212677395,189165a3ebfc25a50f6c29f2ff77fabb0e5ef554,v0.2.0-4-gb5c4569,75.29914152618555,132.015,40.75,a025193bac5c,21214c47765d,58.61359253259276,0.001952557999175042,256-256-256-256-256-256-256-256-256-16,True,0.11797558650141582,train,65536,"{""profile"": true}",33.09375,96,21.609375,6365472,213909504,2.71875,27.75,478.724978,,6,187.671875,196.818728,6024,2.8125,0.015625,0.0,0,6.234375,0.701377,533.307996,555504.7611415223,1,0.054645826,1199286.4743228513,135.62127957556697,,,16,2026-09-04T02:54:00+00:00,0.2.0,sweep-w256-d8-b4096
syclnn,4096,auto,True,Clang 22.1.0 /opt/sycl/bin/clang++,NVIDIA GeForce GTX 1080 Ti,gpu,CUDA 13.0,double,9.888020833333334,5.536458333333333,0.828125,9.5078125,734.5023426666667,642.4947916666666,63.4059885,0.4348958333333333,0.013020833333333334,0.0,2.3932291666666665,170.73380899999998,745.1279123333334,2,246.72189219871353,248.18847627967565,189165a3ebfc25a50f6c29f2ff77fabb0e5ef554,v0.2.0-4-gb5c4569,693.0538173610706,147.28458333333333,86.04166666666667,a025193bac5c,c725f12a485e,29.30679626629638,0.0022505852539325133,256-256-256-256-256-256-256-256-256-16,True,0.807302127010189,train,65536,"{""profile"": true}",59.328125,96,33.21875,12730848,427819008,4.96875,57.046875,4407.014056,,6,3854.96875,380.435931,6024,2.609375,0.078125,0.0,0,14.359375,1024.402854,4470.767474,81179.02555603308,1,0.679310652,96474.27109681183,19.81909803614089,,,16,2026-09-04T02:54:07+00:00,0.2.0,sweep-w256-d8-b4096
syclnn,32,auto,True,Clang 22.1.0 /opt/sycl/bin/clang++,NVIDIA GeForce GTX 1080 Ti,gpu,CUDA 13.0,float,32.697916666666664,110.9375,0.8020833333333334,23.440104166666668,879.7277388333333,407.6328125,30.8162805,26.057291666666668,0.010416666666666666,0.0,247.33333333333334,0.04785133333333333,1787.9649958333332,2,266.92589839714475,285.40496298626925,189165a3ebfc25a50f6c29f2ff77fabb0e5ef554,v0.2.0-4-gb5c4569,1188.654374984004,110.11888888888889,41.46296296296296,a025193bac5c,908e92e14641,14.522554042234162,0.01164376875385642,256-1024-1024-16,True,1.8262701035127975,train,65536,"{""profile"": true}",196.1875,12288,665.625,15950112,213909504,4.8125,140.640625,5278.366433,,6,2445.796875,184.897683,245796,156.34375,0.0625,0.0,0,1484.0,0.287108,10727.789975,35885.16281022325,1,1.767607941,37076.095032093996,1121.4113378194766,,,16,2026-09-04T02:54:21+00:00,0.2.0,sweep-w1024-d2-b32
syclnn,32,auto,True,Clang 22.1.0 /opt/sycl/bin/clang++,NVIDIA GeForce GTX 1080 Ti,gpu,CUDA 13.0,double,25.986979166666668,48.052083333333336,1.4088541666666667,18.549479166666668,5073.909063,4306.630208333333,61.252813,29.411458333333332,0.0078125,0.0,582.609375,1.1232736666666667,5583.6883935000005,2,86.178820341313,92.1449105441163,189165a3ebfc25a50f6c29f2ff77fabb0e5ef554,v0.2.0-4-gb5c4569,4294.0045504184045,127.22598802395211,88.20359281437126,a025193bac5c,3e8776c12c1e,7.261277021117081,0.058032295244629495,256-1024-1024-16,True,5.656596205022652,train,65536,"{""profile"": true}",155.921875,12288,288.3125,31900128,427819008,8.453125,111.296875,30443.454378,,6,25839.78125,367.516878,245796,176.46875,0.046875,0.0,0,3495.65625,6.739642,33502.130361,11585.766002142549,1,5.546911987,11814.862062638313,362.05518756695466,,,16,2026-09-04T02:55:02+00:00,0.2.0,sweep-w1024-d2-b32
syclnn,256,auto,True,Clang 22.1.0 /opt/sycl/bin/clang++,NVIDIA GeForce GTX 1080 Ti,gpu,CUDA 13.0,float,4.856770833333333,7.299479166666667,0.7942708333333334,4.3515625,184.37060799999998,95.546875,35.78727466666667,6.328125,0.0078125,0.0,29.3984375,0.024734833333333334,257.04793816666665,2,1695.4478762448332,1713.4128742497662,189165a3ebfc25a50f6c29f2ff77fabb0e5ef554,v0.2.0-4-gb5c4569,234.8555489128054,138.48333333333332,54.77777777777778,a025193bac5c,7b8168151758,70.56709168184578,0.006908584487973712,256-1024-1024-16,True,0.2875221320136916,train,65536,"{""profile"": true}",29.140625,1536,43.796875,15950112,213909504,4.765625,26.109375,1106.223648,,6,573.28125,214.723648,30756,37.96875,0.046875,0.0,0,176.390625,0.148409,1542.287629,227933.75779809264,1,0.221428588,295969.0101081257,890.3662413987994,,,16,2026-09-04T02:55:06+00:00,0.2.0,sweep-w1024-d2-b256
syclnn,256,auto,True,Clang 22.1.0 /opt/sycl/bin/clang++,NVIDIA GeForce GTX 1080 Ti,gpu,CUDA 13.0,double,10.265625,7.302083333333333,1.4739583333333333,9.109375,1921.8653958333334,1758.265625,60.43310416666667,6.473958333333333,0.0,0.0,68.54166666666667,25.548301,1979.0662798333333,2,239.43142502919886,241.96844497138352,189165a3ebfc25a50f6c29f2ff77fabb0e5ef554,v0.2.0-4-gb5c4569,1727.9092211117272,143.92733333333334,91.0,a025193bac5c,cc07782abc9e,35.28354584092289,0.0037028340011602268,256-1024-1024-16,True,2.0359849925152957,train,65536,"{""profile"": true}",61.59375,1536,43.8125,31900128,427819008,8.84375,54.65625,11531.192375,,6,10549.59375,362.598625,30756,38.84375,0.0,0.0,0,411.25,153.289806,11874.397679,32188.842374046944,1,1.914172349,34237.251433622085,125.73766552362088,,,16,2026-09-04T02:55:21+00:00,0.2.0,sweep-w1024-d2-b256
syclnn,4096,auto,True,Clang 22.1.0 /opt/sycl/bin/clang++,NVIDIA GeForce GTX 1080 Ti,gpu,CUDA 13.0,float,4.75,3.3229166666666665,0.7708333333333334,4.510416666666667,95.85512299999999,48.458333333333336,31.865539666666667,0.3802083333333333,0.010416666666666666,0.0,1.7864583333333333,7.080973166666666,100.29542866666667,2,3768.7847883879613,3779.123928627611,189165a3ebfc25a50f6c29f2ff77fabb0e5ef554,v0.2.0-4-gb5c4569,113.38683976646047,189.4375,52.0,a025193bac5c,db9b1ab6696a,146.05592208608232,0.0008201302553061396,256-1024-1024-16,True,0.12934641150059178,train,65536,"{""profile"": true}",28.5,96,19.9375,15950112,213909504,4.625,27.0625,575.130738,,6,290.75,191.193238,1956,2.28125,0.0625,0.0,0,10.71875,42.485839,601.772572,506670.4150481992,1,0.066583348,984270.1211119633,123.69883179887675,,,16,2026-09-04T02:55:24+00:00,0.2.0,sweep-w1024-d2-b4096
syclnn,4096,auto,True,Clang 22.1.0 /opt/sycl/bin/clang++,NVIDIA GeForce GTX 1080 Ti,gpu,CUDA 13.0,double,9.239583333333334,4.255208333333333,1.4739583333333333,9.005208333333334,1473.8858378333334,1383.859375,61.59417116666666,0.4583333333333333,0.0,0.0,4.0,1398.373847,1479.2319688333334,2,317.00585388627445,317.87551563778084,189165a3ebfc25a50f6c29f2ff77fabb0e5ef554,v0.2.0-4-gb5c4569,1410.799102693393,157.32066666666668,92.66666666666667,a025193bac5c,60de0a58310b,73.02796104304116,0.004728280735434964,256-1024-1024-16,True,1.537759578000987,train,65536,"{""profile"": true}",55.4375,96,25.53125,31900128,427819008,8.84375,54.03125,8843.315027,,6,8303.15625,369.565027,1956,2.75,0.0,0.0,0,24.0,8390.243082,8875.391813,42617.84542756263,1,1.413738299,46356.52867744796,10.404747418838532,,,16,2026-09-04T02:55:36+00:00,0.2.0,sweep-w1024-d2-b4096
syclnn,32,auto,True,Clang 22.1.0 /opt/sycl/bin/clang++,NVIDIA GeForce GTX 1080 Ti,gpu,CUDA 13.0,float,52.401041666666664,135.46354166666666,1.890625,42.3125,1640.6010688333333,751.4427083333334,33.663568833333336,26.307291666666668,0.015625,0.0,597.1041666666666,0.03959083333333333,2908.0770606666665,2,442.15868650248774,471.2778134194947,189165a3ebfc25a50f6c29f2ff77fabb0e5ef554,v0.2.0-4-gb5c4569,2159.895190769316,123.47137931034483,48.724137931034484,a025193bac5c,0a716f592f66,14.855026354527755,0.05042876800871454,256-1024-1024-1024-1024-16,True,2.967514941992704,train,65536,"{""profile"": true}",314.40625,12288,812.78125,41140512,213909504,11.34375,253.875,9843.606413,,6,4508.65625,201.981413,417840,157.84375,0.09375,0.0,0,3582.625,0.237545,17448.462364,22084.47178230287,1,2.803053175,23380.220034534308,690.1397431969647,,,16,2026-09-04T02:55:58+00:00,0.2.0,sweep-w1024-d4-b32
syclnn,32,auto,True,Clang 22.1.0 /opt/sycl/bin/clang++,NVIDIA GeForce GTX 1080 Ti,gpu,CUDA 13.0,double,43.901041666666664,64.23958333333333,3.5989583333333335,36.213541666666664,11966.230463666667,10252.833333333334,63.33983866666667,29.890625,0.005208333333333333,0.0,1472.2083333333333,8.327550333333333,12716.716120333333,2,102.29741698685399,109.03439074639908,189165a3ebfc25a50f6c29f2ff77fabb0e5ef554,v0.2.0-4-gb5c4569,10184.901649855023,133.07822751322752,92.84920634920636,a025193bac5c,9119e016ddc2,7.427513177263878,0.12468117200478446,256-1024-1024-1024-1024-16,True,12.826448092004284,train,65536,"{""profile"": true}",263.40625,12288,385.4375,82280928,427819008,21.59375,217.28125,71797.382782,,6,61517.0,380.039032,417840,179.34375,0.03125,0.0,0,8833.25,49.965302,76300.296722,5109.442577548312,1,12.655696444,5178.379577132658,159.67008054838476,,,16,2026-09-04T02:57:30+00:00,0.2.0,sweep-w1024-d4-b32
syclnn,256,auto,True,Clang 22.1.0 /opt/sycl/bin/clang++,NVIDIA GeForce GTX 1080 Ti,gpu,CUDA 13.0,double,19.520833333333332,12.833333333333334,3.609375,19.322916666666668,4783.424507666667,4489.71875,62.976591000000006,6.817708333333333,0.005208333333333333,0.0,168.61979166666666,53.118503000000004,4877.291889666666,2,265.6265023355988,268.1950480162701,189165a3ebfc25a50f6c29f2ff77fabb0e5ef554,v0.2.0-4-gb5c4569,4274.242844381476,144.9623287671233,96.52054794520548,a025193bac5c,ba245e2fb193,39.58896481903316,0.008328802738105878,256-1024-1024-1024-1024-16,True,4.939689742517658,train,65536,"{""profile"": true}",117.125,1536,77.0,82280928,427819008,21.65625,115.9375,28700.547046,,6,26938.3125,377.859546,52272,40.90625,0.03125,0.0,0,1011.71875,318.711018,29263.751338,13267.2300116156,1,4.808987748,13627.815963402201,51.82511723287344,,,16,2026-09-04T02:58:12+00:00,0.2.0,sweep-w1024-d4-b256
syclnn,4096,auto,True,Clang 22.1.0 /opt/sycl/bin/clang++,NVIDIA GeForce GTX 1080 Ti,gpu,CUDA 13.0,float,9.427083333333334,6.328125,1.8854166666666667,9.052083333333334,192.17943533333334,125.18229166666667,35.372143666666666,0.5,0.0,0.0,4.432291666666667,16.099193333333336,201.05333083333335,2,5684.1748714424875,5696.365856511222,189165a3ebfc25a50f6c29f2ff77fabb0e5ef554,v0.2.0-4-gb5c4569,274.6049967125402,219.01857142857145,70.42857142857143,a025193bac5c,ff67617c0bd7,188.48139780087362,0.002124635750078596,256-1024-1024-1024-1024-16,True,0.23083605599822477,train,65536,"{""profile"": true}",56.5625,96,37.96875,41140512,213909504,11.3125,54.3125,1153.076612,,6,751.09375,212.232862,3312,3.0,0.0,0.0,0,26.59375,96.59516,1206.319985,283907.1206471488,1,0.160678037,407871.5499866357,69.31326187674532,,,16,2026-09-04T02:58:15+00:00,0.2.0,sweep-w1024-d4-b4096
syclnn,4096,auto,True,Clang 22.1.0 /opt/sycl/bin/clang++,NVIDIA GeForce GTX 1080 Ti,gpu,CUDA 13.0,double,18.609375,8.114583333333334,4.015625,18.010416666666668,3802.2987288333334,3666.6979166666665,75.9966455,0.4270833333333333,0.005208333333333333,0.0,10.421875,1308.4099386666667,3814.8366371666666,2,339.7918322572058,340.5205918832225,189165a3ebfc25a50f6c29f2ff77fabb0e5ef554,v0.2.0-4-gb5c4569,3628.688864122235,155.9735652173913,95.50434782608696,a025193bac5c,c82c1837b1f3,94.24069890043681,0.03744863699830603,256-1024-1024-1024-1024-16,True,3.861518683988834,train,65536,"{""profile"": true}",111.65625,96,48.6875,82280928,427819008,24.09375,108.0625,22813.792373,,6,22000.1875,455.979873,3312,2.5625,0.03125,0.0,0,62.53125,7850.459632,22889.019823,16971.561026425818,1,3.733182707,17554.993994029555,4.143447516217241,,,16,2026-09-04T02:58:44+00:00,0.2.0,sweep-w1024-d4-b4096
syclnn,32,auto,True,Clang 22.1.0 /opt/sycl/bin/clang++,NVIDIA GeForce GTX 1080 Ti,gpu,CUDA 13.0,float,94.84895833333333,181.88020833333334,4.078125,85.78645833333333,3195.9662898333336,1466.8645833333333,31.981914833333335,25.932291666666668,0.015625,0.0,1304.578125,0.05548033333333333,5351.437272,2,547.7579659166219,583.2233436334651,189165a3ebfc25a50f6c29f2ff77fabb0e5ef554,v0.2.0-4-gb5c4569,4265.978232343064,132.89327044025157,57.069182389937104,a025193bac5c,b43389803c9b,14.967840410421658,0.08800242075813003,256-1024-1024-1024-1024-1024-1024-1024-1024-16,True,5.406365831004223,train,65536,"{""profile"": true}",569.09375,12288,1091.28125,91521312,213909504,24.46875,514.71875,19175.797739,,6,8801.1875,191.891489,761928,155.59375,0.09375,0.0,0,7827.46875,0.332882,32108.623632,12122.00617726729,1,5.196811531,12610.809456734174,378.81269303960283,,,16,2026-09-04T02:59:24+00:00,0.2.0,sweep-w1024-d8-b32
syclnn,32,auto,True,Clang 22.1.0 /opt/sycl/bin/clang++,NVIDIA GeForce GTX 1080 Ti,gpu,CUDA 13.0,double,76.36458333333333,106.89583333333333,7.59375,71.375,25825.8064765,22075.583333333332,63.34814316666667,30.5,0.020833333333333332,0.0,3394.125,10.962314166666667,27091.681364499997,2,108.74322242291517,115.78395883817056,189165a3ebfc25a50f6c29f2ff77fabb0e5ef554,v0.2.0-4-gb5c4569,22276.444305682075,136.88652552926527,94.30510585305106,a025193bac5c,0e1ec7eeb394,7.483920205210829,0.13936284824740142,256-1024-1024-1024-1024-1024-1024-1024-1024-16,True,27.232777221506694,train,65536,"{""profile"": true}",458.1875,12288,641.375,183042528,427819008,45.5625,428.25,154954.838859,,6,132453.5,380.088859,761928,183.0,0.125,0.0,0,20364.75,65.773885,162550.088187,2406.511809902513,1,27.021156555,2425.358806037975,75.20349405945353,,,16,2026-09-04T03:02:39+00:00,0.2.0,sweep-w1024-d8-b32
syclnn,256,auto,True,Clang 22.1.0 /opt/sycl/bin/clang++,NVIDIA GeForce GTX 1080 Ti,gpu,CUDA 13.0,float,15.375,23.677083333333332,4.229166666666667,14.020833333333334,695.2088303333334,437.5208333333333,35.58383033333333,5.03125,0.010416666666666666,0.0,159.76041666666666,0.42457833333333334,850.0140096666668,2,3370.9496888318995,3402.518022494587,189165a3ebfc25a50f6c29f2ff77fabb0e5ef554,v0.2.0-4-gb5c4569,1017.1717270171521,197.2626923076923,75.11538461538461,a025193bac5c,774d11d6beb3,82.49187989251081,0.003988190757809207,256-1024-1024-1024-1024-1024-1024-1024-1024-16,True,0.8785001925134566,train,65536,"{""profile"": true}",92.25,1536,142.0625,91521312,213909504,25.375,84.125,4171.252982,,6,2625.125,213.502982,95304,30.1875,0.0625,0.0,0,958.5625,2.54747,5100.084058,74599.86982187956,1,0.804985855,81412.61066009663,291.40574149171704,,,16,2026-09-04T03:02:47+00:00,0.2.0,sweep-w1024-d8-b256
syclnn,256,auto,True,Clang 22.1.0 /opt/sycl/bin/clang++,NVIDIA GeForce GTX 1080 Ti,gpu,CUDA 13.0,double,38.239583333333336,27.1875,7.572916666666667,36.375,10510.932714166667,9933.645833333334,69.19313083333334,6.4375,0.0,0.0,392.28125,125.5040545,10676.935093833334,2,275.87772691593636,278.46127189207147,189165a3ebfc25a50f6c29f2ff77fabb0e5ef554,v0.2.0-4-gb5c4569,9450.76098414444,147.35842271293376,96.94321766561514,a025193bac5c,36c96599f538,41.245939946255405,0.004157248753472231,256-1024-1024-1024-1024-1024-1024-1024-1024-16,True,10.73439303599298,train,65536,"{""profile"": true}",229.4375,1536,163.125,183042528,427819008,45.4375,218.25,63065.596285,,6,59601.875,415.158785,95304,38.625,0.0,0.0,0,2353.6875,753.024327,64061.610563,6105.235739017043,1,10.584693443,6191.582245902556,23.848577105535323,,,16,2026-09-04T03:04:05+00:00,0.2.0,sweep-w1024-d8-b256
syclnn,4096,auto,True,Clang 22.1.0 /opt/sycl/bin/clang++,NVIDIA GeForce GTX 1080 Ti,gpu,CUDA 13.0,float,18.645833333333332,12.666666666666666,4.125,18.177083333333332,374.4158491666667,278.8229166666667,31.697099166666664,0.4583333333333333,0.020833333333333332,0.0,9.802083333333334,24.626929166666667,389.38922299999996,2,7045.262747341453,7058.984366970066,189165a3ebfc25a50f6c29f2ff77fabb0e5ef554,v0.2.0-4-gb5c4569,567.7209649950295,221.66692307692307,79.76923076923077,a025193bac5c,b5d702a01ea0,208.41207290974836,0.0012877667468274012,256-1024-1024-1024-1024-1024-1024-1024-1024-16,True,0.42033633901155554,train,65536,"{""profile"": true}",111.875,96,76.0,91521312,213909504,24.75,109.0625,2246.495095,,6,1672.9375,190.182595,6024,2.75,0.125,0.0,0,58.8125,147.761575,2336.335338,155913.23879850973,1,0.346518288,189127.10315595233,38.064755566042415,,,16,2026-09-04T03:04:10+00:00,0.2.0,sweep-w1024-d8-b4096
syclnn,4096,auto,True,Clang 22.1.0 /opt/sycl/bin/clang++,NVIDIA GeForce GTX 1080 Ti,gpu,CUDA 13.0,double,36.739583333333336,15.854166666666666,7.666666666666667,36.03125,8406.5048215,8220.864583333334,65.29648816666666,0.5,0.010416666666666666,0.0,23.541666666666668,2163.6465416666665,8428.349718833333,2,349.10206034850404,349.7819846970281,189165a3ebfc25a50f6c29f2ff77fabb0e5ef554,v0.2.0-4-gb5c4569,7989.869157802204,157.27537848605579,98.14342629482071,a025193bac5c,221810a25455,104.20603645487418,0.010906438503297977,256-1024-1024-1024-1024-1024-1024-1024-1024-16,True,8.482848676503636,train,65536,"{""profile"": true}",220.4375,96,95.125,183042528,427819008,46.0,216.1875,50439.028929,,6,49325.1875,391.778929,6024,3.0,0.0625,0.0,0,141.25,12981.87925,50570.098313,7725.706599190672,1,8.335232193,7862.52841942876,1.8861588376930352,,,16,2026-09-04T03:05:12+00:00,0.2.0,sweep-w1024-d8-b4096
syclnn,32,auto,True,Clang 22.1.0 /opt/sycl/bin/clang++,NVIDIA GeForce GTX 1080 Ti,gpu,CUDA 13.0,float,30.614583333333332,52.791666666666664,10.270833333333334,23.333333333333332,4768.717731166666,1702.8958333333333,32.6135645,31.0625,0.0,0.0,2885.1354166666665,1.9436790000000002,5261.778495333333,2,1302.4495102207716,1386.3252471630988,189165a3ebfc25a50f6c29f2ff77fabb0e5ef554,v0.2.0-4-gb5c4569,6419.796915479668,202.3459872611465,89.88535031847134,a025193bac5c,92367d2efafd,15.568173427367823,0.01167197324684821,256-4096-4096-16,True,5.295957673020894,train,65536,"{""profile"": true}",183.6875,12288,316.75,214794528,213909504,61.625,140.0,28612.306387,,6,10217.375,195.681387,245796,186.375,0.0,0.0,0,17310.8125,11.662074,31570.670972,12374.721258415437,1,5.208734076,12581.943912622964,386.7100393254824,,,16,2026-09-04T03:05:52+00:00,0.2.0,sweep-w4096-d2-b32
syclnn,32,auto,True,Clang 22.1.0 /opt/sycl/bin/clang++,NVIDIA GeForce GTX 1080 Ti,gpu,CUDA 13.0,double,40.541666666666664,51.84375,20.53125,32.791666666666664,28370.301682833335,20723.25,63.10376616666667,35.770833333333336,0.0,0.0,7402.46875,77.58761433333333,28883.0437375,2,234.6629148894354,249.77484419259108,189165a3ebfc25a50f6c29f2ff77fabb0e5ef554,v0.2.0-4-gb5c4569,32336.65957581218,186.32341121495327,97.88200934579439,a025193bac5c,9899982f61e5,7.784086713683911,0.7871197569911601,256-4096-4096-16,True,29.394152376509737,train,65536,"{""profile"": true}",243.25,12288,311.0625,429588960,427819008,123.1875,196.75,170221.810097,,6,124339.5,378.622597,245796,214.625,0.0,0.0,0,44414.8125,465.525686,173298.262425,2229.559102795321,1,29.294481611,2237.144895419191,69.67372196235378,,,16,2026-09-04T03:09:20+00:00,0.2.0,sweep-w4096-d2-b32
syclnn,256,auto,True,Clang 22.1.0 /opt/sycl/bin/clang++,NVIDIA GeForce GTX 1080 Ti,gpu,CUDA 13.0,float,19.75,10.5,10.020833333333334,19.895833333333332,1287.6595896666665,828.7291666666666,31.722089666666665,7.333333333333333,0.020833333333333332,0.0,359.6875,10.417576,1355.847762,2,4983.480436572733,5026.316954082484,189165a3ebfc25a50f6c29f2ff77fabb0e5ef554,v0.2.0-4-gb5c4569,2030.3158405073154,247.86951219512196,93.70731707317073,a025193bac5c,a9075f8532aa,104.75469775144914,0.0015766360011184588,256-4096-4096-16,True,1.3841164955229033,train,65536,"{""profile"": true}",118.5,1536,63.0,214794528,213909504,60.125,119.375,7725.957538,,6,4972.375,190.332538,30756,44.0,0.125,0.0,0,2158.125,62.505456,8135.086572,47348.61567793197,1,1.297078995,50525.83555252162,184.95552999192176,,,16,2026-09-04T03:09:33+00:00,0.2.0,sweep-w4096-d2-b256
syclnn,256,auto,True,Clang 22.1.0 /opt/sycl/bin/clang++,NVIDIA GeForce GTX 1080 Ti,gpu,CUDA 13.0,double,38.5,14.645833333333334,20.291666666666668,37.916666666666664,21664.020350666666,20713.479166666668,63.49951733333333,7.729166666666667,0.0,0.0,767.9583333333334,401.617537,21755.958286166668,2,315.6553698975215,318.36864969298927,189165a3ebfc25a50f6c29f2ff77fabb0e5ef554,v0.2.0-4-gb5c4569,20516.190812151926,156.9571472868217,99.31937984496125,a025193bac5c,df71757992a5,52.37734887572457,0.061734998496831395,256-4096-4096-16,True,21.85205174749717,train,65536,"{""profile"": true}",231.0,1536,87.875,429588960,427819008,121.75,227.5,129984.122104,,6,124280.875,380.997104,30756,46.375,0.0,0.0,0,4607.75,2409.705222,130535.749717,2999.077649882747,1,21.669639855,3024.3234515445065,11.715147069854481,,,16,2026-09-04T03:12:11+00:00,0.2.0,sweep-w4096-d2-b256
syclnn,4096,auto,True,Clang 22.1.0 /opt/sycl/bin/clang++,NVIDIA GeForce GTX 1080 Ti,gpu,CUDA 13.0,float,17.645833333333332,6.458333333333333,10.333333333333334,17.833333333333332,743.6999028333333,636.3958333333334,31.84573616666667,0.6041666666666666,0.0,0.0,22.583333333333332,575.7520141666666,764.5029989999999,2,8686.393021922817,8696.140197361683,189165a3ebfc25a50f6c29f2ff77fabb0e5ef554,v0.2.0-4-gb5c4569,1177.3259849404021,257.2226086956522,89.30434782608695,a025193bac5c,d0f5592c745d,450.06677613574163,0.001169873750768602,256-4096-4096-16,True,0.7940830514999107,train,65536,"{""profile"": true}",105.875,96,38.75,214794528,213909504,62.0,107.0,4462.199417,,6,3818.375,191.074417,1956,3.625,0.0,0.0,0,135.5,3454.512085,4587.017994,82530.41023380584,1,0.705602357,92879.50833758341,20.149025935987755,,,16,2026-09-04T03:12:19+00:00,0.2.0,sweep-w4096-d2-b4096
syclnn,4096,auto,True,Clang 22.1.0 /opt/sycl/bin/clang++,NVIDIA GeForce GTX 1080 Ti,gpu,CUDA 13.0,double,37.145833333333336,12.583333333333334,18.395833333333332,36.270833333333336,17440.982932,17225.583333333332,62.46209866666666,0.3958333333333333,0.0,0.0,48.145833333333336,17347.448407333333,17478.5465765,2,393.3936625673046,393.83509746852354,189165a3ebfc25a50f6c29f2ff77fabb0e5ef554,v0.2.0-4-gb5c4569,17989.056572966823,171.08025048169554,99.09055876685935,a025193bac5c,6634a44a5c63,225.03338806787082,0.017396730254404247,256-4096-4096-16,True,17.53388052151422,train,65536,"{""profile"": true}",222.875,96,75.5,429588960,427819008,110.375,217.625,104645.897592,,6,103353.5,374.772592,1956,2.375,0.0,0.0,0,288.875,104084.690444,104871.279459,3737.678029663016,1,17.360141288,3775.084483056656,0.9125190502106972,,,16,2026-09-04T03:14:27+00:00,0.2.0,sweep-w4096-d2-b4096
syclnn,32,auto,True,Clang 22.1.0 /opt/sycl/bin/clang++,NVIDIA GeForce GTX 1080 Ti,gpu,CUDA 13.0,float,50.083333333333336,74.60416666666667,25.979166666666668,45.541666666666664,12997.499943333334,4390.5,31.708276666666666,42.354166666666664,0.0,0.0,8336.729166666666,14.845975166666667,13758.502341166668,2,1457.3880884788568,1549.7508513572645,189165a3ebfc25a50f6c29f2ff77fabb0e5ef554,v0.2.0-4-gb5c4569,17443.375420955002,210.9924019607843,94.58823529411765,a025193bac5c,3f019261064c,15.689605816943157,0.004178791001322679,256-4096-4096-4096-4096-16,True,13.786209156998666,train,65536,"{""profile"": true}",300.5,12288,447.625,617546016,213909504,155.875,273.25,77984.99966,,6,26343.0,190.24966,417840,254.125,0.0,0.0,0,50020.375,89.075851,82551.014047,4753.7360889908,1,13.627270297,4809.180310632536,148.5542527809625,,,16,2026-09-04T03:16:10+00:00,0.2.0,sweep-w4096-d4-b32
syclnn,32,auto,True,Clang 22.1.0 /opt/sycl/bin/clang++,NVIDIA GeForce GTX 1080 Ti,gpu,CUDA 13.0,double,76.25,75.83333333333333,52.4375,73.5,81857.10955083334,59631.833333333336,62.255384166666666,31.916666666666668,0.0,0.0,21853.083333333332,220.97620966666668,82705.096053,2,239.98783601277015,255.1971956655482,189165a3ebfc25a50f6c29f2ff77fabb0e5ef554,v0.2.0-4-gb5c4569,93855.51086582514,189.02893790849674,98.80596405228758,a025193bac5c,8311f37c3911,7.8448029084715785,1.4429110779892653,256-4096-4096-4096-4096-16,True,83.7203140979982,train,65536,"{""profile"": true}",457.5,12288,455.0,1235091936,427819008,314.625,441.0,491142.657305,,6,357791.0,373.532305,417840,191.5,0.0,0.0,0,131118.5,1325.857258,496230.576318,782.796872014686,1,83.456202385,785.2741692902517,24.462402250458936,,,16,2026-09-04T03:26:04+00:00,0.2.0,sweep-w4096-d4-b32
syclnn,256,auto,True,Clang 22.1.0 /opt/sycl/bin/clang++,NVIDIA GeForce GTX 1080 Ti,gpu,CUDA 13.0,double,75.875,31.25,53.291666666666664,74.08333333333333,62568.516322999996,59960.958333333336,62.016323,7.958333333333333,0.041666666666666664,0.0,2303.0416666666665,886.1460918333333,62758.20879316667,2,319.8583771006682,322.512050080214,189165a3ebfc25a50f6c29f2ff77fabb0e5ef554,v0.2.0-4-gb5c4569,58302.43168372618,154.7563240043057,99.51883745963401,a025193bac5c,7f0dce00e903,55.25494267192655,0.014654556754976511,256-4096-4096-4096-4096-16,True,62.81485322600929,train,65536,"{""profile"": true}",455.25,1536,187.5,1235091936,427819008,319.75,444.5,375411.097938,,6,359765.75,372.097938,52272,47.75,0.25,0.0,0,13818.25,5316.876551,376549.252759,1043.3201167278057,1,62.542379411,1047.8654732549794,4.075469205967991,,,16,2026-09-04T03:34:09+00:00,0.2.0,sweep-w4096-d4-b256
syclnn,4096,auto,True,Clang 22.1.0 /opt/sycl/bin/clang++,NVIDIA GeForce GTX 1080 Ti,gpu,CUDA 13.0,float,36.375,12.833333333333334,25.791666666666668,36.208333333333336,2056.3564708333333,1849.375,30.856470833333333,0.2916666666666667,0.041666666666666664,0.0,64.58333333333333,675.925649,2108.776417833333,2,9404.719346339834,9413.369136821117,189165a3ebfc25a50f6c29f2ff77fabb0e5ef554,v0.2.0-4-gb5c4569,3250.7355508703663,256.4832258064516,95.2258064516129,a025193bac5c,db268ccff7ac,579.7956911159525,0.0031650629971409217,256-4096-4096-4096-4096-16,True,2.1363590204855427,train,65536,"{""profile"": true}",218.25,96,77.0,617546016,213909504,154.75,217.25,12338.138825,,6,11096.25,185.138825,3312,1.75,0.25,0.0,0,387.5,4055.553894,12652.658507,30676.491812272852,1,2.008279994,32632.899892344394,7.489377883855677,,,16,2026-09-04T03:34:29+00:00,0.2.0,sweep-w4096-d4-b4096
syclnn,4096,auto,True,Clang 22.1.0 /opt/sycl/bin/clang++,NVIDIA GeForce GTX 1080 Ti,gpu,CUDA 13.0,double,73.66666666666667,25.541666666666668,52.958333333333336,72.375,50301.051601499996,49877.375,60.301601500000004,0.5416666666666666,0.0,0.0,138.29166666666666,18450.315892333332,50400.61255783334,2,398.206987326368,398.57322972890137,189165a3ebfc25a50f6c29f2ff77fabb0e5ef554,v0.2.0-4-gb5c4569,50098.398080049534,165.59964477211798,99.60455764075067,a025193bac5c,0c692f0a0f5f,289.89784555797627,0.00545203298679553,256-4096-4096-4096-4096-16,True,50.455812304018764,train,65536,"{""profile"": true}",442.0,96,153.25,1235091936,427819008,317.75,434.25,301806.309609,,6,299264.25,361.809609,3312,3.25,0.0,0.0,0,829.75,110701.895354,302403.675347,1298.8790985093328,1,50.191731103,1305.7130838048113,0.3171091549095051,,,16,2026-09-04T03:40:35+00:00,0.2.0,sweep-w4096-d4-b4096
syclnn,32,auto,True,Clang 22.1.0 /opt/sycl/bin/clang++,NVIDIA GeForce GTX 1080 Ti,gpu,CUDA 13.0,float,95.45833333333333,130.95833333333334,60.083333333333336,95.20833333333333,29472.077942499996,9863.5,32.2029425,40.041666666666664,0.0,0.0,19154.625,25.51059533333333,30791.094569666664,2,1507.9256324786186,1603.0334288878455,189165a3ebfc25a50f6c29f2ff77fabb0e5ef554,v0.2.0-4-gb5c4569,39567.618049552475,214.0480811403509,95.74780701754386,a025193bac5c,edc983f86a97,15.72601270089048,0.03205007899668999,256-4096-4096-4096-4096-4096-4096-4096-4096-16,True,30.823891494510463,train,65536,"{""profile"": true}",572.75,12288,785.75,1423048992,213909504,360.5,571.25,176832.467655,,6,59181.0,193.217655,761928,240.25,0.0,0.0,0,114927.75,153.063572,184746.567418,2126.142963216424,1,30.531510974,2146.5036583289016,66.44196760051325,,,16,2026-09-04T03:44:24+00:00,0.2.0,sweep-w4096-d8-b32
syclnn,32,auto,True,Clang 22.1.0 /opt/sycl/bin/clang++,NVIDIA GeForce GTX 1080 Ti,gpu,CUDA 13.0,double,145.54166666666666,146.95833333333334,121.08333333333333,152.0,190001.4954306667,137377.625,60.66209733333333,30.0,0.0,0.0,51967.625,303.647803,191492.32738200002,2,240.9716522792771,256.1702020961544,189165a3ebfc25a50f6c29f2ff77fabb0e5ef554,v0.2.0-4-gb5c4569,217543.67642948654,189.3174673490999,99.33321567243205,a025193bac5c,3f4191b987b9,7.86300635044524,2.166691653255839,256-4096-4096-4096-4096-4096-4096-4096-4096-16,True,192.88632350598346,train,65536,"{""profile"": true}",873.25,12288,881.75,2846097888,427819008,726.5,912.0,1140008.972584,,6,824265.75,363.972584,761928,180.0,0.0,0.0,0,311805.75,1821.886818,1148953.964292,339.7648874673431,1,192.344476081,340.7220281824029,10.617652733354472,,,16,2026-09-04T04:07:24+00:00,0.2.0,sweep-w4096-d8-b32
syclnn,256,auto,True,Clang 22.1.0 /opt/sycl/bin/clang++,NVIDIA GeForce GTX 1080 Ti,gpu,CUDA 13.0,float,76.66666666666667,37.25,59.083333333333336,76.75,8015.596659333333,5353.083333333333,32.013326,7.416666666666667,0.0,0.0,2373.3333333333335,66.03101283333334,8268.583596666665,2,5599.245015535967,5645.201187421723,189165a3ebfc25a50f6c29f2ff77fabb0e5ef554,v0.2.0-4-gb5c4569,12800.415013864886,257.14689795918366,95.40408163265306,a025193bac5c,721548078df2,112.34175765132852,0.01294965525448788,256-4096-4096-4096-4096-4096-4096-4096-4096-16,True,8.30114344850881,train,65536,"{""profile"": true}",460.0,1536,223.5,1423048992,213909504,354.5,460.5,48093.579956,,6,32118.5,192.079956,95304,44.5,0.0,0.0,0,14240.0,396.186077,49611.50158,7894.815986076312,1,8.070252381,8120.68779339455,30.839124945610592,,,16,2026-09-04T04:08:33+00:00,0.2.0,sweep-w4096-d8-b256
syclnn,256,auto,True,Clang 22.1.0 /opt/sycl/bin/clang++,NVIDIA GeForce GTX 1080 Ti,gpu,CUDA 13.0,double,154.75,61.833333333333336,127.08333333333333,151.41666666666666,144901.46251050002,138602.08333333334,62.879177166666665,5.75,0.0,0.0,5735.666666666667,2331.483505,145314.40301916667,2,319.8096096864754,322.4344681009025,189165a3ebfc25a50f6c29f2ff77fabb0e5ef554,v0.2.0-4-gb5c4569,134833.10239814507,154.6193023255814,99.62930232558139,a025193bac5c,d92a674be48c,56.17087882566426,0.06879976449999958,256-4096-4096-4096-4096-4096-4096-4096-4096-16,True,145.33689629551372,train,65536,"{""profile"": true}",928.5,1536,371.0,2846097888,427819008,762.5,908.5,869408.775063,,6,831612.5,377.275063,95304,34.5,0.0,0.0,0,34414.0,13988.90103,871886.418115,450.9247250384758,1,144.873442723,452.36724390753744,1.761424707181546,,,16,2026-09-04T04:26:02+00:00,0.2.0,sweep-w4096-d8-b256
syclnn,4096,auto,True,Clang 22.1.0 /opt/sycl/bin/clang++,NVIDIA GeForce GTX 1080 Ti,gpu,CUDA 13.0,float,72.5,24.583333333333332,59.0,72.33333333333333,4690.327869,4280.25,30.744535666666668,0.25,0.0,0.0,150.66666666666666,1172.7743098333333,4807.210547166666,2,9618.49179476696,9626.760412181828,189165a3ebfc25a50f6c29f2ff77fabb0e5ef554,v0.2.0-4-gb5c4569,7259.961105026824,250.20142857142855,95.18571428571428,a025193bac5c,a866cdf5cd34,634.038677194187,0.010994612501235679,256-4096-4096-4096-4096-4096-4096-4096-4096-16,True,4.832372586999554,train,65536,"{""profile"": true}",435.0,96,147.5,1423048992,213909504,354.0,434.0,28141.967214,,6,25681.5,184.467214,6024,1.5,0.0,0.0,0,904.0,7036.645859,28843.263283,13561.8681755439,1,4.610517331,14214.456924248358,3.3110029725448973,,,16,2026-09-04T04:26:46+00:00,0.2.0,sweep-w4096-d8-b4096
syclnn,4096,auto,True,Clang 22.1.0 /opt/sycl/bin/clang++,NVIDIA GeForce GTX 1080 Ti,gpu,CUDA 13.0,double,149.82291666666666,50.739583333333336,136.20572916666666,146.9140625,118045.315556,117149.78125,62.880660166666665,0.5885416666666666,0.0078125,0.0,348.375,30866.010948,118295.63344983333,2,392.7219296380887,393.0595363498159,0a73be8afed3a477e4841fd11669a6a91cc7edb9,v0.2.0-4-gb5c4569,119703.17019449563,168.5815538417595,99.62010854041702,cab5fbc6dfa3,9f0fa9028eea,317.0193385970935,0.034231975238071755,256-4096-4096-4096-4096-4096-4096-4096-4096-16,True,118.35380855901167,train,65536,"{""profile"": true}",898.9375,96,304.4375,2846097888,427819008,817.234375,881.484375,708271.893336,,6,702898.6875,377.283961,6024,3.53125,0.046875,0.0,0,2090.25,185196.065688,709773.800699,553.7295402481577,1,117.852488904,556.0849890356084,0.13518787603714788,,,16,2026-09-04T09:05:20+00:00,0.2.0,sweep-w4096-d8-b4096
ompnn,40,openblas,True,Clang 22.1.8 /usr/bin/clang++-22,"Intel(R) Xeon(R) CPU E5-2643 v2 @ 3.50GHz (OpenMP host, 16 threads)",cpu,202011,float,0.59225956,0.003725,0.0,0.29364444,2.1758182,0.03499112,0.00016668,0.63195704,0.0,0.00053752,0.61853684,0.0,2.18442568,5,0.015453395798195628,0.01909781041320166,189165a3ebfc25a50f6c29f2ff77fabb0e5ef554,v0.1.0-4-g3137817,,,,476ccbc833c5,9e434e97d3f2,1.2191103789126854,9.614740265533354e-05,17-4-1,True,0.002375141391530633,train,124,"{""profile"": true}",14.806489,100,0.093125,0,44640,0.0,7.341111,54.395455,,25,0.874778,0.004167,1360,15.798926,0.0,0.013438,0,15.463421,0.0,54.610642,52207.418237147394,1,0.002349093,52786.33072424123,1684.110265714432,,,16,2026-09-04T01:54:54+00:00,0.1.0,monk
ompnn,40,openblas,True,Clang 22.1.8 /usr/bin/clang++-22,"Intel(R) Xeon(R) CPU E5-2643 v2 @ 3.50GHz (OpenMP host, 16 threads)",cpu,202011,double,0.05302788,0.00266984,0.0,0.02366968,0.19799616,0.027048839999999998,0.00026628,0.03596188,0.0,0.00038188,0.05496988,0.0,0.20601672000000001,5,0.17272096835334008,0.21345420456918882,189165a3ebfc25a50f6c29f2ff77fabb0e5ef554,v0.1.0-4-g3137817,,,,476ccbc833c5,6fe8572e6803,0.6095551894563427,2.194207627326261e-06,17-4-1,True,0.00021250459831207992,train,124,"{""profile"": true}",1.325697,100,0.066746,0,89280,0.0,0.591742,4.949904,,25,0.676221,0.006657,1360,0.899047,0.0,0.009547,0,1.374247,0.0,5.150418,583516.7849775002,1,0.0001966665,630509.0089059398,18823.122096048395,,,16,2026-09-04T01:54:54+00:00,0.1.0,monk
ompnn,40,openblas,True,Clang 22.1.8 /usr/bin/clang++-22,"Intel(R) Xeon(R) CPU E5-2643 v2 @ 3.50GHz (OpenMP host, 16 threads)",cpu,202011,float,0.9854722800000001,0.056693600000000004,0.0,0.456269,4.99086748,2.37306328,0.0010580000000000001,0.25065287999999997,0.0,0.0035025200000000003,0.8641559200000001,0.0,5.063237480000001,5,5.762607463548927,6.283663230765169,189165a3ebfc25a50f6c29f2ff77fabb0e5ef554,v0.1.0-4-g3137817,,,,476ccbc833c5,e4a75d889468,6.563354603463993,0.0002057709963992245,12-64-64-3,True,0.004997737600933761,train,1000,"{""profile"": true}",24.636807,625,1.41734,0,300000,0.0,11.406725,124.771687,,25,59.326582,0.02645,12585,6.266322,0.0,0.087563,0,21.603898,0.0,126.580937,200090.5369287822,1,0.004976447,200946.5789548246,5002.263423219555,,,16,2026-09-04T01:54:54+00:00,0.1.0,cup
ompnn,40,openblas,True,Clang 22.1.8 /usr/bin/clang++-22,"Intel(R) Xeon(R) CPU E5-2643 v2 @ 3.50GHz (OpenMP host, 16 threads)",cpu,202011,double,1.30097928,0.050384599999999995,0.0,0.3788142,5.77973596,2.74328828,0.00187856,0.23377164,0.0,0.00438992,1.0662294799999998,0.0,5.84224692,5,6.3211366604293495,6.892694715201019,189165a3ebfc25a50f6c29f2ff77fabb0e5ef554,v0.1.0-4-g3137817,,,,476ccbc833c5,14bb9c54861b,3.2816773017319965,0.0002227848046459256,12-64-64-3,True,0.004556142596993595,train,1000,"{""profile"": true}",32.524482,625,1.259615,0,600000,0.0,9.470355,144.493399,,25,68.582207,0.046964,12585,5.844291,0.0,0.109748,0,26.655737,0.0,146.056173,219483.91182046355,1,0.004453986,224517.99354555673,5487.097795511589,,,16,2026-09-04T01:54:54+00:00,0.1.0,cup
ompnn,64,openblas,True,Clang 22.1.8 /usr/bin/clang++-22,"Intel(R) Xeon(R) CPU E5-2643 v2 @ 3.50GHz (OpenMP host, 16 threads)",cpu,202011,float,436.99331755555556,127.996116,0.0,180.71860022222222,5370.407465666667,3263.5708384444447,41.25850477777778,129.66123022222223,0.0,0.0,1190.2088584444443,0.0,5374.4527682222215,3,26.638469023498438,27.819599670791117,189165a3ebfc25a50f6c29f2ff77fabb0e5ef554,v0.1.0-4-g3137817,,,,476ccbc833c5,bbc3f5deea20,24.563545832993224,0.09101586249501725,784-512-256-10,True,5.422437748677718,train,60000,"{""profile"": true}",3932.939858,8442,1151.965044,0,571680000,0.0,1626.467402,48333.667191,,9,29372.137546,371.326543,168846,1166.951072,0.0,0.0,0,10711.879726,0.0,48370.074914,11065.13394545308,1,5.271771715,11381.372950820198,172.98492734724982,,,16,2026-09-04T01:55:50+00:00,0.1.0,mnist-512-256
ompnn,256,openblas,True,Clang 22.1.8 /usr/bin/clang++-22,"Intel(R) Xeon(R) CPU E5-2643 v2 @ 3.50GHz (OpenMP host, 16 threads)",cpu,202011,float,191.59133,57.759085444444445,0.0,81.90640166666667,2571.6735922222224,1845.8376533333333,39.59791055555556,34.250827666666666,0.0,0.0,320.7303835555556,0.0,2573.253900333333,3,55.25758965705725,55.97848459008284,189165a3ebfc25a50f6c29f2ff77fabb0e5ef554,v0.1.0-4-g3137817,,,,476ccbc833c5,445a2ba0cc91,57.89303578299346,0.05947255116188899,784-512-256-10,True,2.614038015347129,train,60000,"{""profile"": true}",1724.32197,2115,519.831769,0,571680000,0.0,737.157615,23145.06233,,9,16612.53888,356.381195,42306,308.257449,0.0,0.0,0,2886.573452,0.0,23159.285103,22952.994427677575,1,2.6384629855000004,22740.51230952923,89.89922817507049,,,16,2026-09-04T01:56:19+00:00,0.1.0,mnist-512-256
ompnn,1024,openblas,True,Clang 22.1.8 /usr/bin/clang++-22,"Intel(R) Xeon(R) CPU E5-2643 v2 @ 3.50GHz (OpenMP host, 16 threads)",cpu,202011,float,123.0113141111111,34.71198488888889,0.0,38.562731444444445,1962.7265859999998,1617.7260964444445,40.661265444444446,16.96904111111111,0.0,0.0,91.08415255555556,0.0,1963.6284167777776,3,71.67786362256042,72.05142359356962,189165a3ebfc25a50f6c29f2ff77fabb0e5ef554,v0.1.0-4-g3137817,,,,476ccbc833c5,18a4e80bffe2,87.61278113399811,0.10013920666339482,784-512-256-10,True,2.015202919001846,train,60000,"{""profile"": true}",1107.101827,531,312.407864,0,571680000,0.0,347.064583,17664.539274,,9,14559.534868,365.951389,10626,152.72137,0.0,0.0,0,819.757373,0.0,17672.655751,29773.676603107895,1,1.935065992,31006.69447349783,29.277448659722765,,,16,2026-09-04T01:56:41+00:00,0.1.0,mnist-512-256
ompnn,64,openblas,True,Clang 22.1.8 /usr/bin/clang++-22,"Intel(R) Xeon(R) CPU E5-2643 v2 @ 3.50GHz (OpenMP host, 16 threads)",cpu,202011,double,529.2067486666667,204.58267344444445,0.0,235.7607081111111,8057.17685,5684.126649444444,78.74422466666667,130.13246433333333,0.0,0.0,1194.6233813333333,0.0,8062.543326444444,3,17.979119096133,18.776300366461832,189165a3ebfc25a50f6c29f2ff77fabb0e5ef554,v0.1.0-4-g3137817,,,,476ccbc833c5,5a088e5f4a1d,12.281772916496612,0.4213576754943169,784-512-256-10,True,8.034066587337293,train,60000,"{""profile"": true}",4762.860738,8442,1841.244061,0,1143360000,0.0,2121.846373,72514.59165,,9,51157.139845,708.698022,168846,1171.192179,0.0,0.0,0,10751.610432,0.0,72562.889938,7468.197997582894,1,7.791377991,7700.820069223619,116.7528286955459,,,16,2026-09-04T01:58:04+00:00,0.1.0,mnist-512-256
ompnn,256,openblas,True,Clang 22.1.8 /usr/bin/clang++-22,"Intel(R) Xeon(R) CPU E5-2643 v2 @ 3.50GHz (OpenMP host, 16 threads)",cpu,202011,double,231.68329822222222,71.96683411111111,0.0,99.45822688888889,3428.4483835555557,2530.3806945555557,80.59286233333334,53.90604166666667,0.0,0.0,360.4604257777778,0.0,3430.695486111111,3,41.206971725043566,41.74456117305016,189165a3ebfc25a50f6c29f2ff77fabb0e5ef554,v0.1.0-4-g3137817,,,,476ccbc833c5,05df6e739710,28.94651789149673,0.10975255049803945,784-512-256-10,True,3.5053641156603894,train,60000,"{""profile"": true}",2085.149684,2115,647.701507,0,1143360000,0.0,895.124042,30856.035452,,9,22773.426251,725.335761,42306,485.154375,0.0,0.0,0,3244.143832,0.0,30876.259375,17116.624128131796,1,3.3333182040000002,18000.081698770813,67.0401111685162,,,16,2026-09-04T01:58:42+00:00,0.1.0,mnist-512-256
ompnn,1024,openblas,True,Clang 22.1.8 /usr/bin/clang++-22,"Intel(R) Xeon(R) CPU E5-2643 v2 @ 3.50GHz (OpenMP host, 16 threads)",cpu,202011,double,147.72354766666666,45.255215666666665,0.0,52.26056388888889,2455.3217568888886,1992.2437902222223,78.49213166666667,24.310941666666665,0.0,0.0,115.03556611111111,0.0,2457.1299714444444,3,56.56215375288627,56.856935927581226,189165a3ebfc25a50f6c29f2ff77fabb0e5ef554,v0.1.0-4-g3137817,,,,476ccbc833c5,e9b33c02a4d2,43.806390566999056,0.26773257716558874,784-512-256-10,True,2.55374716866451,train,60000,"{""profile"": true}",1329.511929,531,407.296941,0,1143360000,0.0,470.345075,22097.895812,,9,17930.194112,706.429185,10626,218.798475,0.0,0.0,0,1035.320095,0.0,22114.169743,23494.88654798086,1,2.387707065,25128.710669539356,23.10330510551451,,,16,2026-09-04T01:59:10+00:00,0.1.0,mnist-512-256
ompnn,64,openblas,True,Clang 22.1.8 /usr/bin/clang++-22,"Intel(R) Xeon(R) CPU E5-2643 v2 @ 3.50GHz (OpenMP host, 16 threads)",cpu,202011,float,1740.969612111111,439.34787966666664,0.0,793.3363822222223,19779.576983555555,12418.37344111111,40.565623333333335,302.69344377777776,0.0,0.0,4044.290601333333,0.0,19786.12137311111,3,27.726221677315618,28.787512445296276,189165a3ebfc25a50f6c29f2ff77fabb0e5ef554,v0.1.0-4-g3137817,,,,476ccbc833c5,ba77c8310db0,27.300586878582358,2.747370765331045,784-1024-1024-10,True,20.696999637332436,train,60000,"{""profile"": true}",15668.726509,8442,3954.130917,0,571680000,0.0,7140.02744,178016.192852,,9,111765.36097,365.09061,168846,2724.240994,0.0,0.0,0,36398.615412,0.0,178075.092358,2898.970916140635,1,20.510026535999998,2925.398457904755,45.32057865566526,,,16,2026-09-04T02:02:32+00:00,0.1.0,mnist
ompnn,256,openblas,True,Clang 22.1.8 /usr/bin/clang++-22,"Intel(R) Xeon(R) CPU E5-2643 v2 @ 3.50GHz (OpenMP host, 16 threads)",cpu,202011,float,432.92769066666665,106.86271988888889,0.0,174.73248055555555,6788.5803510000005,5089.270668555556,39.68684988888889,54.32605955555555,0.0,0.0,890.7738818888888,0.0,6791.472010111112,3,83.45018998602103,84.35812254914808,189165a3ebfc25a50f6c29f2ff77fabb0e5ef554,v0.1.0-4-g3137817,,,,476ccbc833c5,733686ffce2f,75.80495846807432,0.07708543866950368,784-1024-1024-10,True,6.876552349325114,train,60000,"{""profile"": true}",3896.349216,2115,961.764479,0,571680000,0.0,1572.592325,61097.223159,,9,45803.436017,357.181649,42306,488.934536,0.0,0.0,0,8016.964937,0.0,61123.248091,8725.302586533582,1,6.8636578020000005,8741.694549882222,34.17410179725653,,,16,2026-09-04T02:03:43+00:00,0.1.0,mnist
ompnn,1024,openblas,True,Clang 22.1.8 /usr/bin/clang++-22,"Intel(R) Xeon(R) CPU E5-2643 v2 @ 3.50GHz (OpenMP host, 16 threads)",cpu,202011,float,256.3624051111111,92.71675033333332,0.0,93.13636155555555,5588.089683666667,4856.208243666667,41.280409222222225,18.527382444444445,0.0,0.0,229.85813133333335,0.0,5591.0673917777785,3,107.32804769090791,107.75959194003755,189165a3ebfc25a50f6c29f2ff77fabb0e5ef554,v0.1.0-4-g3137817,,,,476ccbc833c5,a7dbe333ab5e,136.3814738763404,0.5109334684966598,784-1024-1024-10,True,5.346688142997057,train,60000,"{""profile"": true}",2307.261646,531,834.450753,0,571680000,0.0,838.227254,50292.807153,,9,43705.874193,371.523683,10626,166.746442,0.0,0.0,0,2068.723182,0.0,50319.606526,11221.900061365337,1,5.3557665895,11202.878056267467,11.034868393675916,,,16,2026-09-04T02:04:42+00:00,0.1.0,mnist
ompnn,64,openblas,True,Clang 22.1.8 /usr/bin/clang++-22,"Intel(R) Xeon(R) CPU E5-2643 v2 @ 3.50GHz (OpenMP host, 16 threads)",cpu,202011,double,1295.0536825555555,369.01158388888894,0.0,616.3185157777777,22380.330378333332,16186.295467444443,83.074545,202.9959272222222,0.0,0.0,3627.5806564444447,0.0,22389.093639555555,3,25.209348448751175,26.17429957288348,189165a3ebfc25a50f6c29f2ff77fabb0e5ef554,v0.1.0-4-g3137817,,,,476ccbc833c5,9f584bac9cbc,13.650293439291179,1.0741617556680794,784-1024-1024-10,True,22.763364994005922,train,60000,"{""profile"": true}",11655.483143,8442,3321.104255,0,1143360000,0.0,5546.866642,201422.973405,,9,145676.659207,747.670905,168846,1826.963345,0.0,0.0,0,32648.225908,0.0,201501.842756,2635.814169644922,1,22.0666078035,2719.040485709968,41.20656151878228,,,16,2026-09-04T02:08:34+00:00,0.1.0,mnist
ompnn,256,openblas,True,Clang 22.1.8 /usr/bin/clang++-22,"Intel(R) Xeon(R) CPU E5-2643 v2 @ 3.50GHz (OpenMP host, 16 threads)",cpu,202011,double,613.2114934444445,191.76727477777777,0.0,279.47606633333334,11188.222332,8885.00461088889,81.22050144444444,77.44479633333333,0.0,0.0,1060.0975887777777,0.0,11193.063644888889,3,51.0511377277291,51.60657073915127,189165a3ebfc25a50f6c29f2ff77fabb0e5ef554,v0.1.0-4-g3137817,,,,476ccbc833c5,dbc7d5a92629,37.90247923403716,0.42371407266667305,784-1024-1024-10,True,11.240681903320365,train,60000,"{""profile"": true}",5518.903441,2115,1725.905473,0,1143360000,0.0,2515.284597,100694.000988,,9,79965.041498,730.984513,42306,697.003167,0.0,0.0,0,9540.878299,0.0,100737.572804,5337.7544633014395,1,11.233752603,5341.0469431182655,20.906204981263972,,,16,2026-09-04T02:10:30+00:00,0.1.0,mnist
ompnn,1024,openblas,True,Clang 22.1.8 /usr/bin/clang++-22,"Intel(R) Xeon(R) CPU E5-2643 v2 @ 3.50GHz (OpenMP host, 16 threads)",cpu,202011,double,241.96849644444444,115.22829777777777,0.0,124.26259044444444,8035.162884333333,7162.328071666667,79.56439744444444,14.70676488888889,0.0,0.0,297.10426566666666,0.0,8040.808214888889,3,69.8928212207711,70.17384603862796,189165a3ebfc25a50f6c29f2ff77fabb0e5ef554,v0.1.0-4-g3137817,,,,476ccbc833c5,c7f3b36a7b49,68.1907369381702,0.09247678982986507,784-1024-1024-10,True,8.21042261532663,train,60000,"{""profile"": true}",2177.716468,531,1037.05468,0,1143360000,0.0,1118.363314,72316.465959,,9,64460.952645,716.079577,10626,132.360884,0.0,0.0,0,2673.938391,0.0,72367.273934,7307.784606360736,1,8.2055456645,7312.127974569752,7.185988196254724,,,16,2026-09-04T02:11:55+00:00,0.1.0,mnist
ompnn,256,openblas,True,Clang 22.1.8 /usr/bin/clang++-22,"Intel(R) Xeon(R) CPU E5-2643 v2 @ 3.50GHz (OpenMP host, 1 threads)",cpu,202011,float,175.44984788888888,7.030290222222223,0.0,17.345423111111113,4901.9026613333335,3809.480217777778,40.716120555555555,1.3042873333333334,0.0,0.0,850.5764744444444,0.0,4902.806185333333,3,29.23450434717954,29.615900028464104,189165a3ebfc25a50f6c29f2ff77fabb0e5ef554,v0.1.0-4-g3137817,,,,476ccbc833c5,0ec699c30bbe,57.89303578299346,0.02815271633638261,784-512-256-10,True,4.940923173679039,train,60000,"{""profile"": true}",1579.048631,2115,63.272612,0,571680000,0.0,156.108808,44117.123952,,9,34285.32196,366.445085,42306,11.738586,0.0,0.0,0,7655.18827,0.0,44125.255668,12143.479647614853,1,4.873777483,12310.779515331436,47.561961953158175,,1,1,2026-09-04T02:12:47+00:00,0.1.0,mnist-512-256
ompnn,256,openblas,True,Clang 22.1.8 /usr/bin/clang++-22,"Intel(R) Xeon(R) CPU E5-2643 v2 @ 3.50GHz (OpenMP host, 2 threads)",cpu,202011,float,101.66102611111111,10.191578999999999,0.0,16.819383000000002,2857.3703275555554,2217.4726837777775,40.64181011111111,1.5538454444444445,0.0,0.0,469.0300001111111,0.0,2858.4268165555554,3,49.83594692455649,50.486110672982974,189165a3ebfc25a50f6c29f2ff77fabb0e5ef554,v0.1.0-4-g3137817,,,,476ccbc833c5,d588a171b3be,57.89303578299346,0.015761133826648344,784-512-256-10,True,2.89841869000035,train,60000,"{""profile"": true}",914.949235,2115,91.724211,0,571680000,0.0,151.374447,25716.332948,,9,19957.254154,365.776291,42306,13.984609,0.0,0.0,0,4221.270001,0.0,25725.841349,20700.942968316544,1,2.8015314005,21416.857933233077,81.07869329257313,,2,2,2026-09-04T02:13:18+00:00,0.1.0,mnist-512-256
ompnn,256,openblas,True,Clang 22.1.8 /usr/bin/clang++-22,"Intel(R) Xeon(R) CPU E5-2643 v2 @ 3.50GHz (OpenMP host, 4 threads)",cpu,202011,float,75.09135322222222,6.605758666666667,0.0,11.373114111111112,2339.4421724444446,1899.2852493333335,41.022886444444445,1.7654322222222223,0.0,0.0,304.29837844444444,0.0,2340.9990837777777,3,59.5857313172813,60.36309153248146,189165a3ebfc25a50f6c29f2ff77fabb0e5ef554,v0.1.0-4-g3137817,,,,476ccbc833c5,66f2282813f7,57.89303578299346,0.04135313200337487,784-512-256-10,True,2.4241615703407056,train,60000,"{""profile"": true}",675.822179,2115,59.451828,0,571680000,0.0,102.358027,21054.979552,,9,17093.567244,369.205978,42306,15.88889,0.0,0.0,0,2738.685406,0.0,21068.991754,24750.82549533497,1,2.3236935375,25820.960910599424,96.94073319006198,,4,4,2026-09-04T02:13:45+00:00,0.1.0,mnist-512-256
ompnn,256,openblas,True,Clang 22.1.8 /usr/bin/clang++-22,"Intel(R) Xeon(R) CPU E5-2643 v2 @ 3.50GHz (OpenMP host, 8 threads)",cpu,202011,float,44.89122866666666,11.601043777777779,0.0,9.689673111111112,1380.0615125555555,1102.0609915555556,41.03851044444444,2.889340888888889,0.0,0.0,167.89072411111113,0.0,1381.2986974444443,3,97.84885819857259,99.1254022265599,189165a3ebfc25a50f6c29f2ff77fabb0e5ef554,v0.1.0-4-g3137817,,,,476ccbc833c5,4cce1df28497,57.89303578299346,0.06473218367318623,784-512-256-10,True,1.4762097653389599,train,60000,"{""profile"": true}",404.021058,2115,104.409394,0,571680000,0.0,87.207058,12420.553613,,9,9918.548924,369.346594,42306,26.004068,0.0,0.0,0,1511.016517,0.0,12431.688277,40644.63019334051,1,1.3808723625,43450.793592083355,159.19146825725034,,8,8,2026-09-04T02:14:01+00:00,0.1.0,mnist-512-256
ompnn,256,openblas,True,Clang 22.1.8 /usr/bin/clang++-22,"Intel(R) Xeon(R) CPU E5-2643 v2 @ 3.50GHz (OpenMP host, 16 threads)",cpu,202011,float,292.94891577777776,48.286621999999994,0.0,106.22852788888889,2737.4240553333334,1804.7125376666668,41.36968344444445,55.25621266666666,0.0,0.0,388.6215558888889,0.0,2739.0831265555553,3,51.35324004994435,52.023198525806365,189165a3ebfc25a50f6c29f2ff77fabb0e5ef554,v0.1.0-4-g3137817,,,,476ccbc833c5,16d03d38b7d2,57.89303578299346,0.3354389353286633,784-512-256-10,True,2.812781430334629,train,60000,"{""profile"": true}",2636.540242,2115,434.579598,0,571680000,0.0,956.056751,24636.816498,,9,16242.412839,372.327151,42306,497.305914,0.0,0.0,0,3497.594003,0.0,24651.748139,21331.198845714065,1,2.6515382880000002,22628.373978810898,83.54719547904676,,16,16,2026-09-04T02:14:31+00:00,0.1.0,mnist-512-256
ompnn,256,openblas,True,Clang 22.1.8 /usr/bin/clang++-22,"Intel(R) Xeon(R) CPU E5-2643 v2 @ 3.50GHz (OpenMP host, 32 threads)",cpu,202011,float,383.421821,61.439367999999995,0.0,149.83043488888887,3709.0449013333327,2480.3238581111113,41.621662666666666,97.86355133333333,0.0,0.0,494.5442053333333,0.0,3710.9675444444447,3,37.208201448430295,37.69362261966923,189165a3ebfc25a50f6c29f2ff77fabb0e5ef554,v0.1.0-4-g3137817,,,,476ccbc833c5,3093f49813aa,57.89303578299346,0.28049672016641125,784-512-256-10,True,3.882086055683127,train,60000,"{""profile"": true}",3450.796389,2115,552.954312,0,571680000,0.0,1348.473914,33381.404112,,9,22322.914723,374.594964,42306,880.771962,0.0,0.0,0,4450.897848,0.0,33398.7079,15455.607923004132,1,3.8064372165,15762.771480878306,60.53446436509952,,32,32,2026-09-04T02:15:13+00:00,0.1.0,mnist-512-256
ompnn,40,omp,True,Clang 22.1.8 /usr/bin/clang++-22,"Intel(R) Xeon(R) CPU E5-2643 v2 @ 3.50GHz (OpenMP host, 16 threads)",cpu,202011,float,0.058626333333333336,0.04349111111111111,0.0,0.024031,0.36519866666666667,0.14061522222222222,0.00047766666666666666,0.034452666666666666,0.0,0.015893,0.04761166666666667,0.0,0.3764814444444444,3,0.09380215070896734,0.1159237564341423,189165a3ebfc25a50f6c29f2ff77fabb0e5ef554,v0.1.0-4-g3137817,,,,476ccbc833c5,dd99208d8b37,1.2191103789126854,1.2839989115794482e-05,17-4-1,True,0.00039129166786248487,train,124,"{""blas"": ""omp"", ""profile"": true}",0.527637,36,0.39142,0,26784,0.0,0.216279,3.286788,,9,1.265537,0.004299,492,0.310074,0.0,0.143037,0,0.428505,0.0,3.388333,316899.15780056536,1,0.0003695905,335506.4591757635,10222.553477437592,,,16,2026-09-04T02:15:13+00:00,0.1.0,monk
ompnn,40,omp,True,Clang 22.1.8 /usr/bin/clang++-22,"Intel(R) Xeon(R) CPU E5-2643 v2 @ 3.50GHz (OpenMP host, 16 threads)",cpu,202011,float,0.9128943333333334,0.612488888888889,0.0,0.36057555555555554,6.723600333333334,3.682251,0.0028093333333333334,0.25557777777777774,0.0,0.031130666666666664,0.8658727777777778,0.0,6.811160555555556,3,4.229064954495905,4.611457595051556,189165a3ebfc25a50f6c29f2ff77fabb0e5ef554,v0.1.0-4-g3137817,,,,476ccbc833c5,13a575418e75,6.563354603463993,4.3295673094689846e-05,12-64-64-3,True,0.006810015998780727,train,1000,"{""blas"": ""omp"", ""profile"": true}",8.216049,225,5.5124,0,180000,0.0,3.24518,60.512403,,9,33.140259,0.025284,4533,2.3002,0.0,0.280176,0,7.792855,0.0,61.300445,146842.53314221892,1,0.0067740215,147622.7968866057,3671.0633285554727,,,16,2026-09-04T02:15:13+00:00,0.1.0,cup
ompnn,256,omp,True,Clang 22.1.8 /usr/bin/clang++-22,"Intel(R) Xeon(R) CPU E5-2643 v2 @ 3.50GHz (OpenMP host, 16 threads)",cpu,202011,float,30.219635444444446,45.796095333333334,0.0,6.610448777777778,49722.76061344444,49495.35511711111,41.24631866666667,3.032124555555556,0.0,0.0,100.50087355555556,0.0,49724.316417333335,3,2.9012440658923984,2.93909392795755,189165a3ebfc25a50f6c29f2ff77fabb0e5ef554,v0.1.0-4-g3137817,,,,476ccbc833c5,2596a21df2f6,57.89303578299346,0.009736568162530546,784-512-256-10,True,49.787414198663704,train,60000,"{""blas"": ""omp"", ""profile"": true}",271.976719,2115,412.164858,0,571680000,0.0,59.494039,447504.845521,,9,445458.196054,371.216868,42306,27.289121,0.0,0.0,0,904.507862,0.0,447518.847756,1205.1238443632687,1,49.6395767945,1208.712964020433,4.720068390422803,,,16,2026-09-04T02:23:38+00:00,0.1.0,mnist-512-256
ompnn,64,cublas,True,Clang 18.1.3 /usr/bin/clang++-18,NVIDIA GeForce GTX 1080 Ti,gpu,13.0,float,154.1697907777778,146.0225082222222,0.0,102.09054944444443,1289.0920893333334,395.1780218888889,28.319989777777778,90.55179811111111,0.0,0.0,372.7594311111111,0.0,1294.8054798888888,3,108.03375981447729,112.82389938843612,189165a3ebfc25a50f6c29f2ff77fabb0e5ef554,v0.1.0-8-ge91146e,1164.0892085073858,98.8806779661017,36.76271186440678,d58212944fee,da306bc6f7eb,24.563545832993224,0.056963574830054764,784-512-256-10,True,1.3370398313272744,train,60000,"{""profile"": true}",1387.528117,8442,1314.202574,0,571680000,0.0,918.814945,11601.828804,,9,3556.602197,254.879908,168846,814.966183,0.0,0.0,0,3354.83488,0.0,11653.249319,44875.25247504274,1,1.2307855315,48749.354346793436,701.5497803598348,,,16,2026-09-04T08:17:51+00:00,0.1.0,mnist-512-256
ompnn,256,cublas,True,Clang 18.1.3 /usr/bin/clang++-18,NVIDIA GeForce GTX 1080 Ti,gpu,13.0,float,42.746805111111115,38.542775444444445,0.0,29.897868,367.7425876666667,116.79257155555554,24.87743888888889,22.983038444444443,0.0,0.0,91.90209022222223,0.0,369.9044798888889,3,343.6641689633365,348.1476391907875,189165a3ebfc25a50f6c29f2ff77fabb0e5ef554,v0.1.0-8-ge91146e,411.01702298443945,118.11833333333334,34.22222222222222,d58212944fee,ba842048b4bc,57.89303578299346,0.005720814001203223,784-512-256-10,True,0.4203098636547414,train,60000,"{""profile"": true}",384.721246,2115,346.884979,0,571680000,0.0,269.080812,3309.683289,,9,1051.133144,223.89695,42306,206.847346,0.0,0.0,0,827.118812,0.0,3329.140319,142751.8247568092,1,0.343794963,174522.6267320269,559.111313630836,,,16,2026-09-04T08:17:57+00:00,0.1.0,mnist-512-256
ompnn,1024,cublas,True,Clang 18.1.3 /usr/bin/clang++-18,NVIDIA GeForce GTX 1080 Ti,gpu,13.0,float,13.63131211111111,12.029781,0.0,9.970184,130.4293471111111,49.024896,16.76952477777778,6.610191888888888,0.0,0.0,22.39345733333333,0.0,131.76232344444443,3,794.5010817811097,798.6417437104299,189165a3ebfc25a50f6c29f2ff77fabb0e5ef554,v0.1.0-8-ge91146e,170.19103805625025,118.54625,34.5,d58212944fee,33416b6d50a2,87.61278113399811,0.0032148123330746903,784-512-256-10,True,0.18180647366292155,train,60000,"{""profile"": true}",122.681809,531,108.268029,0,571680000,0.0,89.731656,1173.864124,,9,441.224064,150.925723,10626,59.491727,0.0,0.0,0,201.541116,0.0,1185.860911,330021.2516702956,1,0.1148158365,522575.9949935129,324.52089747579066,,,16,2026-09-04T08:18:00+00:00,0.1.0,mnist-512-256
ompnn,64,cublas,True,Clang 18.1.3 /usr/bin/clang++-18,NVIDIA GeForce GTX 1080 Ti,gpu,13.0,double,209.83448099999998,177.51071133333332,0.0,104.29016655555556,2709.5953503333335,1482.5547323333333,56.76036611111111,98.46999199999999,0.0,0.0,580.174901,0.0,2716.7281545555556,3,50.90272668672952,53.15971714918529,189165a3ebfc25a50f6c29f2ff77fabb0e5ef554,v0.1.0-8-ge91146e,2884.6734445995658,114.26744000000001,56.416,d58212944fee,7322aa1bc60a,12.281772916496612,0.05585991133314838,784-512-256-10,True,2.8376758850063197,train,60000,"{""profile"": true}",1888.510329,8442,1597.596402,0,1143360000,0.0,938.611499,24386.358153,,9,13342.992591,510.843295,168846,886.229928,0.0,0.0,0,5221.574109,0.0,24450.553391,21144.063815401656,1,2.6627326890000003,22533.241976509944,330.5521976474459,,,16,2026-09-04T08:18:30+00:00,0.1.0,mnist-512-256
ompnn,256,cublas,True,Clang 18.1.3 /usr/bin/clang++-18,NVIDIA GeForce GTX 1080 Ti,gpu,13.0,double,61.81180188888888,57.92834933333333,0.0,35.261825888888886,1081.4468955555556,702.4203262222222,48.83932111111111,27.325758999999998,0.0,0.0,147.85951211111112,0.0,1085.1544068888888,3,122.62602260902071,124.2258115050721,189165a3ebfc25a50f6c29f2ff77fabb0e5ef554,v0.1.0-8-ge91146e,1306.4415272978886,128.16647058823528,62.15686274509804,d58212944fee,88eb3476e8f0,28.94651789149673,0.02471609166241251,784-512-256-10,True,1.1779346416587941,train,60000,"{""profile"": true}",556.306217,2115,521.355144,0,1143360000,0.0,317.356433,9733.02206,,9,6321.782936,439.55389,42306,245.931831,0.0,0.0,0,1330.735609,0.0,9766.389662,50936.61216678936,1,1.0419207725000001,57585.952390636296,199.50173098659167,,,16,2026-09-04T08:18:44+00:00,0.1.0,mnist-512-256
ompnn,1024,cublas,True,Clang 18.1.3 /usr/bin/clang++-18,NVIDIA GeForce GTX 1080 Ti,gpu,13.0,double,22.251403333333332,24.05200911111111,0.0,14.813828555555554,696.3659311111111,551.861567,34.42671722222222,7.6940638888888895,0.0,0.0,41.266342,0.0,699.5695335555555,3,181.0449457550103,181.98848873005954,189165a3ebfc25a50f6c29f2ff77fabb0e5ef554,v0.1.0-8-ge91146e,950.3865089126734,140.01088235294117,73.88235294117646,d58212944fee,e50a7f6262bb,43.806390566999056,0.0104186069996407,784-512-256-10,True,0.7978429853295287,train,60000,"{""profile"": true}",200.26263,531,216.468082,0,1143360000,0.0,133.324457,6267.29338,,9,4966.754103,309.840455,10626,69.246575,0.0,0.0,0,371.397078,0.0,6296.125802,75202.76683916514,1,0.665691356,90131.85984647216,73.94938739184572,,,16,2026-09-04T08:18:53+00:00,0.1.0,mnist-512-256
ompnn,64,cublas,True,Clang 18.1.3 /usr/bin/clang++-18,NVIDIA GeForce GTX 1080 Ti,gpu,13.0,float,172.50414488888887,157.25409144444444,0.0,112.4506928888889,1815.960156,516.6106578888889,16.83229888888889,94.61113622222223,0.0,0.0,745.6971337777778,0.0,1824.0793835555555,3,301.67011912238263,313.21730056406284,189165a3ebfc25a50f6c29f2ff77fabb0e5ef554,v0.1.0-8-ge91146e,2058.8086108469565,123.50795180722892,44.83132530120482,d58212944fee,404afad244bb,27.300586878582358,0.07347581066035969,784-1024-1024-10,True,1.9022420969946932,train,60000,"{""profile"": true}",1552.537304,8442,1415.286823,0,571680000,0.0,1012.056236,16343.641404,,9,4649.495921,151.49069,168846,851.500226,0.0,0.0,0,6711.274204,0.0,16416.714452,31541.726520926313,1,1.867522927,32128.119624418407,493.1023246104814,,,16,2026-09-04T08:19:14+00:00,0.1.0,mnist
ompnn,256,cublas,True,Clang 18.1.3 /usr/bin/clang++-18,NVIDIA GeForce GTX 1080 Ti,gpu,13.0,float,49.75163577777778,46.173756,0.0,34.782088333333334,562.0068293333334,198.52699877777778,16.971985888888888,23.878874,0.0,0.0,191.92149055555558,0.0,566.1433596666667,3,935.7589593001064,945.9399550597177,189165a3ebfc25a50f6c29f2ff77fabb0e5ef554,v0.1.0-8-ge91146e,711.3088301652728,134.12962962962962,49.851851851851855,d58212944fee,6ea7f507cafd,75.80495846807432,0.0009531871667908254,784-1024-1024-10,True,0.6132451036634544,train,60000,"{""profile"": true}",447.764722,2115,415.563804,0,571680000,0.0,313.038795,5058.061464,,9,1786.742989,152.747873,42306,214.909866,0.0,0.0,0,1727.293415,0.0,5095.290237,97840.16153014028,1,0.5419079635,110719.90825246471,383.2072993263828,,,16,2026-09-04T08:19:22+00:00,0.1.0,mnist
ompnn,1024,cublas,True,Clang 18.1.3 /usr/bin/clang++-18,NVIDIA GeForce GTX 1080 Ti,gpu,13.0,float,20.64970222222222,16.34912222222222,0.0,13.836885555555556,219.77402777777777,98.73786055555556,16.729211555555555,6.325285,0.0,0.0,47.14596066666667,0.0,222.5598611111111,3,2143.628872832795,2152.247968514134,189165a3ebfc25a50f6c29f2ff77fabb0e5ef554,v0.1.0-8-ge91146e,401.9433256246071,178.1291666666667,53.583333333333336,d58212944fee,bd74427960e8,136.3814738763404,0.0002598395027841316,784-1024-1024-10,True,0.2677000703212495,train,60000,"{""profile"": true}",185.84732,531,147.1421,0,571680000,0.0,124.53197,1977.96625,,9,888.640745,150.562904,10626,56.927565,0.0,0.0,0,424.313646,0.0,2003.03875,224131.43159804886,1,0.2051180245,292514.5176600509,220.39590773808138,,,16,2026-09-04T08:19:26+00:00,0.1.0,mnist
ompnn,64,cublas,True,Clang 18.1.3 /usr/bin/clang++-18,NVIDIA GeForce GTX 1080 Ti,gpu,13.0,double,323.7016425555555,237.4605818888889,0.0,169.71451911111112,5969.473893444444,3659.292574777778,33.29728544444444,134.99864566666668,0.0,0.0,1411.008644,0.0,5979.309180555556,3,94.97680920124297,98.61228510382541,189165a3ebfc25a50f6c29f2ff77fabb0e5ef554,v0.1.0-8-ge91146e,6810.055385370079,125.09371747211895,73.65799256505576,d58212944fee,7ea61cf73935,13.650293439291179,0.09520398633321747,784-1024-1024-10,True,6.041997039341368,train,60000,"{""profile"": true}",2913.314783,8442,2137.145237,0,1143360000,0.0,1527.430672,53725.265041,,9,32933.633173,299.675569,168846,1214.987811,0.0,0.0,0,12699.077796,0.0,53813.782625,9930.491459913152,1,5.969585022,10050.94990336499,155.24668315664226,,,16,2026-09-04T08:20:29+00:00,0.1.0,mnist
ompnn,256,cublas,True,Clang 18.1.3 /usr/bin/clang++-18,NVIDIA GeForce GTX 1080 Ti,gpu,13.0,double,87.650257,82.12929533333335,0.0,53.29238877777778,2821.7982292222223,2179.0961063333334,33.55935211111111,33.90807066666667,0.0,0.0,352.162759,0.0,2826.7315283333332,3,194.32421007245185,196.43844466147164,189165a3ebfc25a50f6c29f2ff77fabb0e5ef554,v0.1.0-8-ge91146e,3609.165238634984,138.65976744186048,82.45736434108527,d58212944fee,ab667866a755,37.90247923403716,0.055638959670128774,784-1024-1024-10,True,2.9530525289980383,train,60000,"{""profile"": true}",788.852313,2115,739.163658,0,1143360000,0.0,479.631499,25396.184063,,9,19611.864957,302.034169,42306,305.172636,0.0,0.0,0,3169.464831,0.0,25440.583755,20317.95892921614,1,2.7349447265,21938.28614473829,79.57867247276322,,,16,2026-09-04T08:21:00+00:00,0.1.0,mnist
ompnn,1024,cublas,True,Clang 18.1.3 /usr/bin/clang++-18,NVIDIA GeForce GTX 1080 Ti,gpu,13.0,double,33.60812877777778,27.495090444444443,0.0,21.99979011111111,2204.9112233333335,1981.2300886666667,41.28891911111111,9.21448,0.0,0.0,90.07472622222222,0.0,2209.630189777778,3,246.1250114380211,247.1146300469324,189165a3ebfc25a50f6c29f2ff77fabb0e5ef554,v0.1.0-8-ge91146e,3082.9886850749845,149.60617647058822,90.45098039215686,d58212944fee,076fc6e4eb0c,68.1907369381702,0.05582884999845783,784-1024-1024-10,True,2.3315371186666503,train,60000,"{""profile"": true}",302.473159,531,247.455814,0,1143360000,0.0,197.998111,19844.20101,,9,17831.070798,371.600272,10626,82.93032,0.0,0.0,0,810.672536,0.0,19886.671708,25734.095983130883,1,2.171909917,27625.455149114274,25.305194383412037,,,16,2026-09-04T08:21:25+00:00,0.1.0,mnist
ompnn,40,omp,True,Clang 18.1.3 /usr/bin/clang++-18,NVIDIA GeForce GTX 1080 Ti,gpu,13.0,float,0.34204,0.2547177777777778,0.0,0.17244866666666667,2.519468222222222,0.7655004444444444,0.047176222222222224,0.3706885555555555,0.0,0.1798048888888889,0.38709166666666667,0.0,2.6057404444444447,3,0.013893040222678558,0.01716947211477494,189165a3ebfc25a50f6c29f2ff77fabb0e5ef554,v0.1.0-8-ge91146e,,,,d58212944fee,6689074fd929,1.2191103789126854,0.00030083267483860254,17-4-1,True,0.0026418983470648527,train,124,"{""blas"": ""omp"", ""profile"": true}",3.07836,36,2.29246,0,26784,0.0,1.552038,22.675214,,9,6.889504,0.424586,492,3.336197,0.0,1.618244,0,3.483825,0.0,23.451664,46935.946698238375,1,0.0024402785,50813.87226908732,1514.062796717367,,,16,2026-09-04T08:21:26+00:00,0.1.0,monk
ompnn,40,omp,True,Clang 18.1.3 /usr/bin/clang++-18,NVIDIA GeForce GTX 1080 Ti,gpu,13.0,float,3.2261932222222223,2.5795964444444444,0.0,2.4804174444444445,26.789133666666668,11.868456222222223,0.047849333333333334,2.4900825555555555,0.0,0.29559077777777776,3.8009476666666666,0.0,27.11344411111111,3,1.0410291889235317,1.1351591927733848,189165a3ebfc25a50f6c29f2ff77fabb0e5ef554,v0.1.0-8-ge91146e,22.413520762836853,110.83500000000001,17.0,d58212944fee,d7d742bd3141,6.563354603463993,0.000857945667424552,12-64-64-3,True,0.027664930346266676,train,1000,"{""blas"": ""omp"", ""profile"": true}",29.035739,225,23.216368,0,180000,0.0,22.323757,241.102203,,9,106.816106,0.430644,4533,22.410743,0.0,2.660317,0,34.208529,0.0,244.020997,36146.84683762263,1,0.0260487375,38389.57646219899,903.6711709405658,,,16,2026-09-04T08:21:26+00:00,0.1.0,cup
ompnn,256,omp,True,Clang 18.1.3 /usr/bin/clang++-18,NVIDIA GeForce GTX 1080 Ti,gpu,13.0,float,73.17506311111111,72.66363866666667,0.0,40.45112788888889,1319.0874547777778,988.5012676666668,16.585856333333332,30.40439777777778,0.0,0.0,97.30610333333333,0.0,1321.1361675555554,3,105.8935236866921,107.27501906388346,189165a3ebfc25a50f6c29f2ff77fabb0e5ef554,v0.1.0-8-ge91146e,2240.3808050423368,186.36566666666667,71.98333333333333,d58212944fee,9b22aff9e359,57.89303578299346,0.008105987653834745,784-512-256-10,True,1.3640630226582289,train,60000,"{""blas"": ""omp"", ""profile"": true}",658.575568,2115,653.972748,0,571680000,0.0,364.060151,11871.787093,,9,8896.511409,149.272707,42306,273.63958,0.0,0.0,0,875.75493,0.0,11890.225508,43986.23744163559,1,1.303233887,46039.31849724838,172.27942997973938,,,16,2026-09-04T08:21:41+00:00,0.1.0,mnist-512-256
ompnn,64,cublas,True,GNU 14.2.0 /usr/bin/g++-14,NVIDIA GeForce GTX 1080 Ti,gpu,13.0,float,847.8054343333333,66.86018922222223,0.0,558.1600124444444,2894.147214444444,184.07495766666665,16.301626777777777,293.5875775555556,0.0,0.0,927.3574164444445,0.0,2897.338549444444,3,49.1312557068985,51.30970041422013,189165a3ebfc25a50f6c29f2ff77fabb0e5ef554,v0.1.0-4-g3137817,2395.3856499253066,91.48784615384615,82.93846153846154,476ccbc833c5,da306bc6f7eb,24.563545832993224,0.0016265246667899191,784-512-256-10,True,2.939990804666498,train,60000,"{""profile"": true}",7630.248909,8442,601.741703,0,571680000,0.0,5023.440112,26047.32493,,9,1656.674619,146.714641,168846,2642.288198,0.0,0.0,0,8346.216748,0.0,26076.046945,20408.227095392627,1,2.8792593065,20838.692737590012,319.04861692463805,,,16,2026-09-04T01:46:05+00:00,0.1.0,mnist-512-256
ompnn,256,cublas,True,GNU 14.2.0 /usr/bin/g++-14,NVIDIA GeForce GTX 1080 Ti,gpu,13.0,float,215.62343455555555,17.264166666666668,0.0,141.03485899999998,754.3687412222222,57.111066888888885,16.364858555555557,74.22670533333333,0.0,0.0,232.74365022222224,0.0,755.7060072222223,3,180.6166232358413,182.97296214455955,189165a3ebfc25a50f6c29f2ff77fabb0e5ef554,v0.1.0-4-g3137817,663.2971924264566,96.01742857142858,78.97142857142858,476ccbc833c5,ba842048b4bc,57.89303578299346,0.001714071676057527,784-512-256-10,True,0.7997350266668946,train,60000,"{""profile"": true}",1940.610911,2115,155.3775,0,571680000,0.0,1269.313731,6789.318671,,9,513.999602,147.283727,42306,668.040348,0.0,0.0,0,2094.692852,0.0,6801.354065,75024.84948054074,1,0.737065531,81403.88808929392,293.8473271321179,,,16,2026-09-04T01:46:15+00:00,0.1.0,mnist-512-256
ompnn,1024,cublas,True,GNU 14.2.0 /usr/bin/g++-14,NVIDIA GeForce GTX 1080 Ti,gpu,13.0,float,55.486371,5.110535111111111,0.0,38.589134888888886,220.13564744444446,28.187701444444443,16.27550955555556,18.445609555555553,0.0,0.0,58.04078588888889,0.0,220.83502755555554,3,549.2434622160591,552.1059271592503,189165a3ebfc25a50f6c29f2ff77fabb0e5ef554,v0.1.0-4-g3137817,218.02335636605278,106.66545454545454,71.72727272727273,476ccbc833c5,33416b6d50a2,87.61278113399811,0.00027278349928866463,784-512-256-10,True,0.2629898213393365,train,60000,"{""profile"": true}",499.377339,531,45.994816,0,571680000,0.0,347.302214,1981.220827,,9,253.689313,146.479586,10626,166.010486,0.0,0.0,0,522.367073,0.0,1987.515248,228145.71185468746,1,0.203677491,294583.36169311905,224.34328332377598,,,16,2026-09-04T01:46:19+00:00,0.1.0,mnist-512-256
ompnn,64,cublas,True,GNU 14.2.0 /usr/bin/g++-14,NVIDIA GeForce GTX 1080 Ti,gpu,13.0,double,852.8382738888889,71.02575822222222,0.0,567.7776294444444,3818.5754215555553,1060.4369222222222,32.67319388888889,292.4460571111111,0.0,0.0,941.3775867777778,0.0,3822.931847888889,3,36.916392136375514,38.553238537018295,189165a3ebfc25a50f6c29f2ff77fabb0e5ef554,v0.1.0-4-g3137817,3414.4245951346393,97.7435838150289,84.9364161849711,476ccbc833c5,7322aa1bc60a,12.281772916496612,0.01059933832342086,784-512-256-10,True,3.9127723929899125,train,60000,"{""profile"": true}",7675.544465,8442,639.231824,0,1143360000,0.0,5109.998665,34367.178794,,9,9543.9323,294.058745,168846,2632.014514,0.0,0.0,0,8472.398281,0.0,34406.386631,15334.39565958282,1,3.7910149244999998,15826.896278419017,239.7277188114781,,,16,2026-09-04T01:47:00+00:00,0.1.0,mnist-512-256
ompnn,256,cublas,True,GNU 14.2.0 /usr/bin/g++-14,NVIDIA GeForce GTX 1080 Ti,gpu,13.0,double,218.61908644444443,19.82829388888889,0.0,145.73429644444445,1287.0630227777776,558.1694808888889,32.65446777777778,75.03365433333335,0.0,0.0,237.023743,0.0,1288.7485051111112,3,105.1073999632318,106.47863950746896,189165a3ebfc25a50f6c29f2ff77fabb0e5ef554,v0.1.0-4-g3137817,1361.0646972548832,113.07683333333333,83.35,476ccbc833c5,88eb3476e8f0,28.94651789149673,0.0017550849976637473,784-512-256-10,True,1.3742651806678623,train,60000,"{""profile"": true}",1967.571778,2115,178.454645,0,1143360000,0.0,1311.608668,11583.567205,,9,5023.525328,293.89021,42306,675.302889,0.0,0.0,0,2133.213687,0.0,11598.736546,43659.695991745444,1,1.2553010765,47797.29829220776,171.00047596766967,,,16,2026-09-04T01:47:15+00:00,0.1.0,mnist-512-256
ompnn,1024,cublas,True,GNU 14.2.0 /usr/bin/g++-14,NVIDIA GeForce GTX 1080 Ti,gpu,13.0,double,58.060147666666666,6.600593444444445,0.0,40.17732888888889,708.7532991111111,493.2027551111111,32.481361444444445,18.82404511111111,0.0,0.0,59.407067444444436,0.0,709.7742956666666,3,181.733353388712,182.68048410372296,189165a3ebfc25a50f6c29f2ff77fabb0e5ef554,v0.1.0-4-g3137817,860.933109258921,127.52588235294118,84.41176470588235,476ccbc833c5,e50a7f6262bb,43.806390566999056,0.0022026666750509794,784-512-256-10,True,0.7948207486770116,train,60000,"{""profile"": true}",522.541329,531,59.405341,0,1143360000,0.0,361.59596,6378.779692,,9,4438.824796,292.332253,10626,169.416406,0.0,0.0,0,534.663607,0.0,6387.968661,75488.71880844921,1,0.676421438,88702.09699060426,74.23057349497505,,,16,2026-09-04T01:47:25+00:00,0.1.0,mnist-512-256
ompnn,64,cublas,True,GNU 14.2.0 /usr/bin/g++-14,NVIDIA GeForce GTX 1080 Ti,gpu,13.0,float,848.174518,68.98806666666667,0.0,555.737306,3124.9982836666663,253.89193255555554,16.323555222222225,296.1212771111111,0.0,0.0,1085.7616281111111,0.0,3129.560226888889,3,180.9090630864794,187.83381182189024,189165a3ebfc25a50f6c29f2ff77fabb0e5ef554,v0.1.0-4-g3137817,2845.9598910036643,100.14248226950355,82.80141843971631,476ccbc833c5,404afad244bb,27.300586878582358,0.003252067001691117,784-1024-1024-10,True,3.172033452661708,train,60000,"{""profile"": true}",7633.570662,8442,620.8926,0,571680000,0.0,5001.635754,28124.984553,,9,2285.027393,146.911997,168846,2665.091494,0.0,0.0,0,9771.854653,0.0,28166.042042,18915.31123344647,1,3.111858509,19281.082294220723,295.7093656162132,,,16,2026-09-04T01:47:58+00:00,0.1.0,mnist
ompnn,256,cublas,True,GNU 14.2.0 /usr/bin/g++-14,NVIDIA GeForce GTX 1080 Ti,gpu,13.0,float,220.4759458888889,19.179150555555555,0.0,149.63974622222224,868.27182,116.93168044444444,16.291858333333334,74.25643055555555,0.0,0.0,271.497008,0.0,870.2459177777778,3,627.9443552372802,634.7763484064658,189165a3ebfc25a50f6c29f2ff77fabb0e5ef554,v0.1.0-4-g3137817,884.9456483192386,111.56800000000001,79.25,476ccbc833c5,6ea7f507cafd,75.80495846807432,0.0018225774983875453,784-1024-1024-10,True,0.9138542216581603,train,60000,"{""profile"": true}",1984.283513,2115,172.612355,0,571680000,0.0,1346.757716,7814.44638,,9,1052.385124,146.626725,42306,668.307875,0.0,0.0,0,2443.473072,0.0,7832.21326,65655.98601835186,1,0.8526205714999999,70371.27886140853,257.1526119052115,,,16,2026-09-04T01:48:09+00:00,0.1.0,mnist
ompnn,1024,cublas,True,GNU 14.2.0 /usr/bin/g++-14,NVIDIA GeForce GTX 1080 Ti,gpu,13.0,float,61.92425433333334,7.100045111111111,0.0,45.04314111111111,287.70910933333334,70.14991822222221,16.260792,18.795538555555556,0.0,0.0,68.43542,0.0,289.0840622222222,3,1731.4567687421725,1738.4186042291935,189165a3ebfc25a50f6c29f2ff77fabb0e5ef554,v0.1.0-4-g3137817,390.57510926775115,145.95000000000002,71.07142857142857,476ccbc833c5,bd74427960e8,136.3814738763404,0.0007632705091964453,784-1024-1024-10,True,0.33142588966681313,train,60000,"{""profile"": true}",557.318289,531,63.900406,0,571680000,0.0,405.38827,2589.381984,,9,631.349264,146.347128,10626,169.159847,0.0,0.0,0,615.91878,0.0,2601.75656,181035.94761507257,1,0.271415014,221063.6733603838,178.018681821488,,,16,2026-09-04T01:48:14+00:00,0.1.0,mnist
ompnn,64,cublas,True,GNU 14.2.0 /usr/bin/g++-14,NVIDIA GeForce GTX 1080 Ti,gpu,13.0,double,864.1730604444444,75.85325033333334,0.0,577.8158792222223,6031.5225820000005,3058.5618634444445,32.48152977777778,297.192973,0.0,0.0,1125.4440257777778,0.0,6037.49161188889,3,93.77123589688742,97.36056545349717,189165a3ebfc25a50f6c29f2ff77fabb0e5ef554,v0.1.0-4-g3137817,6110.773126837371,111.47,89.09225092250922,476ccbc833c5,7ea61cf73935,13.650293439291179,0.007065134831161224,784-1024-1024-10,True,6.119676193998505,train,60000,"{""profile"": true}",7777.557544,8442,682.679253,0,1143360000,0.0,5200.342913,54283.703238,,9,27527.056771,292.333768,168846,2674.736757,0.0,0.0,0,10128.996232,0.0,54337.424507,9804.440316440483,1,6.000972938,9998.3786995708,153.27608361368624,,,16,2026-09-04T01:49:17+00:00,0.1.0,mnist
ompnn,256,cublas,True,GNU 14.2.0 /usr/bin/g++-14,NVIDIA GeForce GTX 1080 Ti,gpu,13.0,double,225.6452847777778,22.99929088888889,0.0,154.67224544444446,2798.7950405555553,2006.3957142222223,32.96971922222222,74.11640977777778,0.0,0.0,281.9963762222222,0.0,2801.873236777778,3,198.68562615806934,200.84731266644533,189165a3ebfc25a50f6c29f2ff77fabb0e5ef554,v0.1.0-4-g3137817,3397.26253878905,132.69314960629922,91.91338582677166,476ccbc833c5,ab667866a755,37.90247923403716,0.0028331118325395366,784-1024-1024-10,True,2.888229063653853,train,60000,"{""profile"": true}",2030.807563,2115,206.993618,0,1143360000,0.0,1392.050209,25189.155365,,9,18057.561428,296.727473,42306,667.047688,0.0,0.0,0,2537.967386,0.0,25216.859131,20773.97556691537,1,2.7668477585,21685.327577447915,81.36473763708521,,,16,2026-09-04T01:49:48+00:00,0.1.0,mnist
ompnn,1024,cublas,True,GNU 14.2.0 /usr/bin/g++-14,NVIDIA GeForce GTX 1080 Ti,gpu,13.0,double,64.47911755555555,9.273363555555555,0.0,47.884834222222224,2112.7720317777776,1869.0480615555555,32.411417444444446,18.665054222222224,0.0,0.0,71.01018322222222,0.0,2115.1593613333334,3,260.7983783597147,261.84699559244024,189165a3ebfc25a50f6c29f2ff77fabb0e5ef554,v0.1.0-4-g3137817,2838.498726931259,145.12938144329897,92.49484536082474,476ccbc833c5,076fc6e4eb0c,68.1907369381702,0.0040065239979103495,784-1024-1024-10,True,2.2003572399844415,train,60000,"{""profile"": true}",580.312058,531,83.460272,0,1143360000,0.0,430.963508,19014.948286,,9,16821.432554,291.702757,10626,167.985488,0.0,0.0,0,639.091649,0.0,19036.434252,27268.299396885322,1,2.080586191,28838.026638618594,26.81382774027057,,,16,2026-09-04T01:50:12+00:00,0.1.0,mnist
ompnn,40,omp,True,GNU 14.2.0 /usr/bin/g++-14,NVIDIA GeForce GTX 1080 Ti,gpu,13.0,float,2.2524436666666663,0.8375028888888889,0.0,1.1078427777777777,11.456073444444444,3.6477549999999996,0.007567444444444444,1.1788015555555555,0.0,0.32039622222222225,2.103763888888889,0.0,11.497195444444445,3,0.0032176333036025256,0.003976456153318727,189165a3ebfc25a50f6c29f2ff77fabb0e5ef554,v0.1.0-4-g3137817,,87.87,1.0,476ccbc833c5,6689074fd929,1.2191103789126854,0.00020265000057406723,17-4-1,True,0.011407142000583312,train,124,"{""blas"": ""omp"", ""profile"": true}",20.271993,36,7.537526,0,26784,0.0,9.970585,103.104661,,9,32.829795,0.068107,492,10.609214,0.0,2.883566,0,18.933875,0.0,103.474759,10870.382782440964,1,0.0112734985,10999.24748293531,350.65750911099883,,,16,2026-09-04T01:50:12+00:00,0.1.0,monk
ompnn,40,omp,True,GNU 14.2.0 /usr/bin/g++-14,NVIDIA GeForce GTX 1080 Ti,gpu,13.0,float,22.648516,12.801684777777778,0.0,14.508859222222222,123.12613466666666,42.382777777777775,0.016068555555555555,7.613401777777778,0.0,0.6583508888888888,22.496475666666665,0.0,123.27054844444446,3,0.2335559247455937,0.25467408389941315,189165a3ebfc25a50f6c29f2ff77fabb0e5ef554,v0.1.0-4-g3137817,91.3777511350601,90.21666666666665,84.83333333333333,476ccbc833c5,d7d742bd3141,6.563354603463993,0.0004104438315456205,12-64-64-3,True,0.1233109373327655,train,1000,"{""blas"": ""omp"", ""profile"": true}",203.836644,225,115.215163,0,180000,0.0,130.579733,1108.135212,,9,381.445,0.144617,4533,68.520616,0.0,5.925158,0,202.468281,0.0,1109.434936,8109.580720333114,1,0.12324475400000001,8113.935624391768,202.73951800832785,,,16,2026-09-04T01:50:14+00:00,0.1.0,cup
ompnn,256,omp,True,GNU 14.2.0 /usr/bin/g++-14,NVIDIA GeForce GTX 1080 Ti,gpu,13.0,float,217.00374577777777,142.96072266666667,0.0,144.83670877777777,1982.9598767777777,1160.0263337777778,16.292402444444445,74.806982,0.0,0.0,227.03298133333334,0.0,1984.3527595555554,3,71.18977042005925,72.1185178572454,189165a3ebfc25a50f6c29f2ff77fabb0e5ef554,v0.1.0-4-g3137817,2306.8172029493794,127.49622222222222,88.0111111111111,476ccbc833c5,9b22aff9e359,57.89303578299346,0.0004079658344080528,784-512-256-10,True,2.0290196069981903,train,60000,"{""blas"": ""omp"", ""profile"": true}",1953.033712,2115,1286.646504,0,571680000,0.0,1303.530379,17846.638891,,9,10440.237004,146.631622,42306,673.262838,0.0,0.0,0,2043.296832,0.0,17859.174836,29570.93159329609,1,1.9676665020000002,30492.972228278548,115.81948207374302,,,16,2026-09-04T01:50:36+00:00,0.1.0,mnist-512-256
syclnn,124,auto,True,Clang 22.1.0 /opt/sycl/bin/clang++,NVIDIA GeForce GTX 1080 Ti,gpu,CUDA 13.0,float,0.012152777777777778,0.0,0.007192444444444444,0.0,0.08039366666666667,0.043402777777777776,0.017645666666666667,0.0,0.0,0.0,0.0,0.004085,0.22906633333333332,3,0.06424831771186627,0.0731716951718477,189165a3ebfc25a50f6c29f2ff77fabb0e5ef554,v0.2.0-4-gb5c4569,,,,a025193bac5c,9810afdb4b88,1.354368932038835,8.203331769133571e-06,17-4-1,True,0.00027792167384177446,infer,124,"{""profile"": true}",0.109375,0,0.0,4464,75888,0.064732,0.0,0.723543,,0,0.390625,0.158811,54,0.0,0.0,0.0,0,0.0,0.036765,2.061597,446168.8729990713,1,,,3598.136072573156,,,16,2026-09-04T02:34:33+00:00,0.2.0,monk
syclnn,124,auto,True,Clang 22.1.0 /opt/sycl/bin/clang++,NVIDIA GeForce GTX 1080 Ti,gpu,CUDA 13.0,double,0.013888888888888888,0.0,0.0037034444444444445,0.0,0.08607411111111112,0.046875,0.021606777777777777,0.0,0.0,0.0,0.0,0.0038637777777777776,0.23348855555555556,3,0.06362304823385852,0.0724595827107833,189165a3ebfc25a50f6c29f2ff77fabb0e5ef554,v0.2.0-4-gb5c4569,,,,a025193bac5c,f5096d50b6eb,0.6771844660194175,8.635329625879653e-06,17-4-1,True,0.000280653010122478,infer,124,"{""profile"": true}",0.125,0,0.0,8928,151776,0.033331,0.0,0.774667,,0,0.421875,0.194461,54,0.0,0.0,0.0,0,0.0,0.034774,2.101397,441826.7238462397,1,,,3563.1187406954814,,,16,2026-09-04T02:34:33+00:00,0.2.0,monk
syclnn,1,auto,True,Clang 22.1.0 /opt/sycl/bin/clang++,NVIDIA GeForce GTX 1080 Ti,gpu,CUDA 13.0,float,17.36111111111111,0.0,5.655812999999999,0.0,97.25756222222222,74.19618055555556,0.044457555555555556,0.0,0.0,0.0,0.0,0.010143,243.93990077777778,3,0.04126670950932175,0.04340513472519246,189165a3ebfc25a50f6c29f2ff77fabb0e5ef554,v0.2.0-4-gb5c4569,149.98069670491535,73.94727272727272,18.727272727272727,a025193bac5c,e3e27ad8393c,0.4745635442087479,0.0008828516680902398,12-64-64-3,True,0.24504013332383087,infer,1000,"{""profile"": true}",156.25,0,0.0,108000,432000,50.902317,0.0,875.31806,,0,667.765625,0.400118,63009,0.0,0.0,0.0,0,0.0,0.091287,2195.459107,4080.9641524250146,1,,,4080.9641524250146,,,16,2026-09-04T02:34:36+00:00,0.2.0,cup
syclnn,1000,auto,True,Clang 22.1.0 /opt/sycl/bin/clang++,NVIDIA GeForce GTX 1080 Ti,gpu,CUDA 13.0,float,0.029513888888888888,0.0,0.007873666666666666,0.0,0.10906022222222223,0.043402777777777776,0.02826988888888889,0.0,0.0,0.0,0.0,0.005064444444444444,0.28548733333333337,3,30.118543832169244,31.679275336130548,189165a3ebfc25a50f6c29f2ff77fabb0e5ef554,v0.2.0-4-gb5c4569,,,,a025193bac5c,ab62045a0c9d,9.157562233749674,1.0064327701305332e-05,12-64-64-3,True,0.0003357400031139453,infer,1000,"{""profile"": true}",0.265625,0,0.0,108000,432000,0.070863,0.0,0.981542,,0,0.390625,0.254429,72,0.0,0.0,0.0,0,0.0,0.04558,2.569386,2978495.2365673697,1,,,2978.49523656737,,,16,2026-09-04T02:34:36+00:00,0.2.0,cup
syclnn,1,auto,True,Clang 22.1.0 /opt/sycl/bin/clang++,NVIDIA GeForce GTX 1080 Ti,gpu,CUDA 13.0,double,17.57986111111111,0.0,5.320506222222223,0.0,96.4181378888889,73.453125,0.06464555555555557,0.0,0.0,0.0,0.0,0.017079777777777777,242.97237333333337,3,0.04156718936893587,0.04372118533702551,189165a3ebfc25a50f6c29f2ff77fabb0e5ef554,v0.2.0-4-gb5c4569,127.61821275817812,62.80181818181818,21.545454545454547,a025193bac5c,76db89d61a6c,0.23728177210437396,0.0022165689927836074,12-64-64-3,True,0.2432687933323905,infer,1000,"{""profile"": true}",158.21875,0,0.0,216000,864000,47.884556,0.0,867.763241,,0,661.078125,0.58181,63009,0.0,0.0,0.0,0,0.0,0.153718,2186.75136,4110.6793284153355,1,,,4110.6793284153355,,,16,2026-09-04T02:34:39+00:00,0.2.0,cup
syclnn,1000,auto,True,Clang 22.1.0 /opt/sycl/bin/clang++,NVIDIA GeForce GTX 1080 Ti,gpu,CUDA 13.0,double,0.03298611111111111,0.0,0.010355555555555555,0.0,0.18473622222222222,0.10590277777777778,0.035491777777777775,0.0,0.0,0.0,0.0,0.006906,0.3020535555555555,3,27.69831689425837,29.133633157370646,189165a3ebfc25a50f6c29f2ff77fabb0e5ef554,v0.2.0-4-gb5c4569,,,,a025193bac5c,6a9e68b0c853,4.578781116874837,7.503830905382868e-06,12-64-64-3,True,0.0003650763343709211,infer,1000,"{""profile"": true}",0.296875,0,0.0,216000,864000,0.0932,0.0,1.662626,,0,0.953125,0.319426,72,0.0,0.0,0.0,0,0.0,0.062154,2.718482,2739153.1738783987,1,,,2739.153173878399,,,16,2026-09-04T02:34:39+00:00,0.2.0,cup
syclnn,4096,auto,True,Clang 22.1.0 /opt/sycl/bin/clang++,NVIDIA GeForce GTX 1080 Ti,gpu,CUDA 13.0,float,1.8368055555555556,0.0,0.7762530000000001,0.0,168.96001055555556,8.95486111111111,157.3920908888889,0.0,0.0,0.0,0.0,28.143050000000002,172.15940266666667,3,198.51087554140423,199.08818363489712,189165a3ebfc25a50f6c29f2ff77fabb0e5ef554,v0.2.0-4-gb5c4569,170.87683071073727,64.92142857142856,14.857142857142858,a025193bac5c,33f21a8101ba,108.72034544069088,0.0019122994951127348,784-512-256-10,True,0.3234321536535087,infer,60000,"{""profile"": true}",16.53125,0,0.0,21600000,1693440000,6.986277,0.0,1520.640095,,0,80.59375,1416.528818,954,0.0,0.0,0.0,0,0.0,253.28745,1549.434624,185510.31281904553,1,,,46.377578204761384,,,16,2026-09-04T02:38:12+00:00,0.2.0,mnist-512-256
syclnn,4096,auto,True,Clang 22.1.0 /opt/sycl/bin/clang++,NVIDIA GeForce GTX 1080 Ti,gpu,CUDA 13.0,double,3.4652777777777777,0.0,1.7272172222222222,0.0,496.55101399999995,179.11805555555554,312.24046344444446,0.0,0.0,0.0,0.0,219.11880688888888,501.202889,3,80.42889192460359,80.66279472782333,189165a3ebfc25a50f6c29f2ff77fabb0e5ef554,v0.2.0-4-gb5c4569,716.1476391013624,99.07542857142857,25.62857142857143,a025193bac5c,a5a062bc03e3,54.36017272034544,0.02310092916983797,784-512-256-10,True,0.7982803003202813,infer,60000,"{""profile"": true}",31.1875,0,0.0,43200000,3386880000,15.544955,0.0,4468.959126,,0,1612.0625,2810.164171,954,0.0,0.0,0.0,0,0.0,1972.069262,4510.826001,75161.56915801023,1,,,18.79039228950256,,,16,2026-09-04T02:41:55+00:00,0.2.0,mnist-512-256
syclnn,4096,auto,True,Clang 22.1.0 /opt/sycl/bin/clang++,NVIDIA GeForce GTX 1080 Ti,gpu,CUDA 13.0,float,4.25,0.0,0.685184,0.0,188.7851077777778,26.416666666666668,157.43325711111112,0.0,0.0,0.0,0.0,48.243698111111115,191.73459433333335,3,656.6117747561664,658.0635192818817,189165a3ebfc25a50f6c29f2ff77fabb0e5ef554,v0.2.0-4-gb5c4569,186.02717941457493,65.316,14.533333333333333,a025193bac5c,3cebe8bad439,174.16334549536907,0.0023450999966977415,784-1024-1024-10,True,0.3402251506728741,infer,60000,"{""profile"": true}",38.25,0,0.0,21600000,1693440000,6.166656,0.0,1699.06597,,0,237.75,1416.899314,954,0.0,0.0,0.0,0,0.0,434.193283,1725.611349,176353.80535899856,1,,,44.08845133974964,,,16,2026-09-04T02:45:32+00:00,0.2.0,mnist
syclnn,4096,auto,True,Clang 22.1.0 /opt/sycl/bin/clang++,NVIDIA GeForce GTX 1080 Ti,gpu,CUDA 13.0,double,8.680555555555555,0.0,1.7954613333333331,0.0,933.6767626666666,615.375,307.8257457777778,0.0,0.0,0.0,0.0,660.0693888888889,938.5656868888889,3,181.39341628092487,181.7944704642502,189165a3ebfc25a50f6c29f2ff77fabb0e5ef554,v0.2.0-4-gb5c4569,1393.3446511979619,125.61777777777777,53.51851851851852,a025193bac5c,c994c255068a,87.08167274768454,0.002198137663071975,784-1024-1024-10,True,1.2315542900081102,infer,60000,"{""profile"": true}",78.125,0,0.0,43200000,3386880000,16.159152,0.0,8403.090864,,0,5538.375,2770.431712,954,0.0,0.0,0.0,0,0.0,5940.6245,8447.091182,48718.924116292816,1,,,12.179731029073205,,,16,2026-09-04T02:49:21+00:00,0.2.0,mnist
syclnn,40,auto,True,Clang 22.1.0 /opt/sycl/bin/clang++,NVIDIA GeForce GTX 1080 Ti,gpu,CUDA 13.0,float,0.08401673333333333,0.2049802,0.015136733333333334,0.031901,1.0942859333333332,0.4265296,0.018700933333333333,0.04296866666666667,0.008365666666666667,0.198047,0.0636394,0.06545226666666666,2.7550934666666667,5,0.012972129634563475,0.016031380782034636,189165a3ebfc25a50f6c29f2ff77fabb0e5ef554,v0.2.0-4-gb5c4569,,82.81,1.0,a025193bac5c,248d42ee0a7a,1.2191103789126854,0.00010343850008212065,17-4-1,True,0.0028294506017118694,train,124,"{""memory"": ""shared"", ""profile"": true}",1.260251,60,3.074703,1164,26784,0.227051,0.478515,16.414289,,15,6.397944,0.280514,873,0.64453,0.125485,2.970705,0,0.954591,0.981784,41.326402,43824.76227893066,1,0.0026425055,46925.16250202696,1413.7020089977634,,,16,2026-09-04T02:49:28+00:00,0.2.0,monk
syclnn,40,auto,True,Clang 22.1.0 /opt/sycl/bin/clang++,NVIDIA GeForce GTX 1080 Ti,gpu,CUDA 13.0,float,0.4778310666666667,1.9625977333333333,0.022656,0.3572275333333333,6.895841399999999,2.946027866666667,0.010850533333333334,0.26728466666666667,0.0085938,0.2943683333333333,0.5484038666666666,0.08848326666666666,21.2056366,5,1.3672777768510853,1.4909072233336518,189165a3ebfc25a50f6c29f2ff77fabb0e5ef554,v0.2.0-4-gb5c4569,16.56168193131394,81.81,7.0,a025193bac5c,f9f67247ff82,6.563354603463993,0.0005556827993132216,12-64-64-3,True,0.021063751995097846,train,1000,"{""memory"": ""shared"", ""profile"": true}",7.167466,375,29.438966,62484,180000,0.33984,5.358413,103.437621,,15,44.190418,0.162758,7614,4.00927,0.128907,4.415525,0,8.226058,1.327249,318.084549,47474.922807329356,1,0.0202782945,49313.811869139194,1186.873070183234,,,16,2026-09-04T02:49:28+00:00,0.2.0,cup
syclnn,256,auto,True,Clang 22.1.0 /opt/sycl/bin/clang++,NVIDIA GeForce GTX 1080 Ti,gpu,CUDA 13.0,float,4.947535444444444,15.851668666666667,0.27951377777777775,3.5830587777777776,150.57211955555556,52.66650655555556,56.50697066666666,5.719506888888889,0.005913777777777778,0.0,11.011445,0.014248222222222221,250.13712,3,472.99102994172665,479.16170873839025,189165a3ebfc25a50f6c29f2ff77fabb0e5ef554,v0.2.0-4-gb5c4569,253.819612565102,103.24153846153847,25.53846153846154,a025193bac5c,f65db116f59c,57.89303578299346,0.006414187334788379,784-512-256-10,True,0.3053872713353485,train,60000,"{""memory"": ""shared"", ""profile"": true}",44.527819,2115,142.665018,6429960,571680000,2.515624,32.247529,1355.149076,,9,473.998559,508.562736,42342,51.475562,0.053224,0.0,0,99.103005,0.128234,2251.23408,196471.84290832301,1,0.1932099935,310542.94300775905,769.5147180575984,,,16,2026-09-04T02:49:33+00:00,0.2.0,mnist-512-256
syclnn,40,auto,True,Clang 22.1.0 /opt/sycl/bin/clang++,NVIDIA GeForce GTX 1080 Ti,gpu,CUDA 13.0,float,0.06276066666666666,0.22089813333333333,0.02558593333333333,0.030924666666666666,0.9493690666666667,0.4367841333333333,0.010306466666666668,0.028776266666666668,0.010156266666666667,0.05084626666666667,0.07233026666666667,0.008237666666666666,2.5082519333333333,5,0.014093191221212133,0.01741682524504638,189165a3ebfc25a50f6c29f2ff77fabb0e5ef554,v0.2.0-4-gb5c4569,,81.62,1.0,a025193bac5c,a7fdccfeb7ce,1.2191103789126854,0.000196683598915115,17-4-1,True,0.0026043782010674475,train,124,"{""loss_reduction"": false, ""profile"": true}",0.94141,60,3.313472,1224,26784,0.383789,0.46387,14.240536,,15,6.551762,0.154597,903,0.431644,0.152344,0.762694,0,1.084954,0.123565,37.623779,47612.13250409505,1,0.0022903085,54141.177924284,1535.8752420675821,,,16,2026-09-04T02:49:33+00:00,0.2.0,monk
syclnn,40,auto,True,Clang 22.1.0 /opt/sycl/bin/clang++,NVIDIA GeForce GTX 1080 Ti,gpu,CUDA 13.0,float,0.4760418,1.9089202666666667,0.0288414,0.2985683333333334,6.3894856,2.8751949333333333,0.008818466666666667,0.14947933333333333,0.007942733333333334,0.06731766666666666,0.5683606666666667,0.009751666666666665,17.9832418,5,1.5870203243321586,1.7305189224777617,189165a3ebfc25a50f6c29f2ff77fabb0e5ef554,v0.2.0-4-gb5c4569,16.60741799735348,82.09,12.5,a025193bac5c,2d5088a54c64,6.563354603463993,0.0004653381009120487,12-64-64-3,True,0.018147215608041733,train,1000,"{""loss_reduction"": false, ""profile"": true}",7.140627,375,28.633804,62544,180000,0.432621,4.478525,95.842284,,15,43.127924,0.132277,7644,2.24219,0.119141,1.009765,0,8.52541,0.146275,269.748627,55104.87237264439,1,0.017667138,56602.26347923473,1377.6218093161099,,,16,2026-09-04T02:49:34+00:00,0.2.0,cup
syclnn,256,auto,True,Clang 22.1.0 /opt/sycl/bin/clang++,NVIDIA GeForce GTX 1080 Ti,gpu,CUDA 13.0,float,5.0581584444444445,15.645288333333333,0.27875377777777777,3.367293111111111,144.15625899999998,52.141711666666666,54.374905444444444,2.3834630000000003,0.011827333333333334,0.0,10.894857888888888,0.018266666666666667,225.1586391111111,3,526.197940902215,533.0627613136579,189165a3ebfc25a50f6c29f2ff77fabb0e5ef554,v0.2.0-4-gb5c4569,248.466361327082,110.6275,26.75,a025193bac5c,82244a6d812f,57.89303578299346,0.005052033161822067,784-512-256-10,True,0.27450780166933936,train,60000,"{""loss_reduction"": false, ""profile"": true}",45.523426,2115,140.807595,6429996,571680000,2.508784,30.305638,1297.406331,,9,469.275405,489.374149,42360,21.451167,0.106446,0.0,0,98.053721,0.1644,2026.427752,218573.0228253166,1,0.16580442499999998,361872.12735727656,856.0776727324901,,,16,2026-09-04T02:49:38+00:00,0.2.0,mnist-512-256
syclnn,40,auto,True,Clang 22.1.0 /opt/sycl/bin/clang++,NVIDIA GeForce GTX 1080 Ti,gpu,CUDA 13.0,float,0.056444999999999995,0.05638,0.0157552,0.03033853333333333,0.7079748666666668,0.3931639333333333,0.006412666666666666,0.04010433333333333,0.004622466666666667,0.04765646666666667,0.057096266666666666,0.007073466666666667,2.3102788,5,0.015615675971577163,0.019298361542903774,189165a3ebfc25a50f6c29f2ff77fabb0e5ef554,v0.2.0-4-gb5c4569,,81.53,1.0,a025193bac5c,f0bbc0128fff,1.2191103789126854,3.8574705831706003e-05,17-4-1,True,0.0023504586075432598,train,124,"{""bias_gemv"": false, ""profile"": true}",0.846675,60,0.8457,1164,26784,0.236328,0.455078,10.619623,,15,5.897459,0.09619,873,0.601565,0.069337,0.714847,0,0.856444,0.106102,34.654182,52755.66206613906,1,0.002259521,54878.888047510954,1701.795550520615,,,16,2026-09-04T02:49:38+00:00,0.2.0,monk
syclnn,40,auto,True,Clang 22.1.0 /opt/sycl/bin/clang++,NVIDIA GeForce GTX 1080 Ti,gpu,CUDA 13.0,float,0.45677226666666665,0.5029961333333334,0.022786466666666668,0.3447922,5.036054933333333,2.8912758000000003,0.009099,0.24661513333333335,0.006510333333333334,0.06744766666666666,0.4877599333333333,0.011141733333333332,18.557051066666666,5,1.5770903268182304,1.7196910532094578,189165a3ebfc25a50f6c29f2ff77fabb0e5ef554,v0.2.0-4-gb5c4569,16.583845469462684,81.97,8.0,a025193bac5c,5675a79a0b1f,6.563354603463993,0.0008068323018960641,12-64-64-3,True,0.018261477805208415,train,1000,"{""bias_gemv"": false, ""profile"": true}",6.851584,375,7.544942,62484,180000,0.341797,5.171883,75.540824,,15,43.369137,0.136485,7614,3.699227,0.097655,1.011715,0,7.316399,0.167126,278.355766,54760.08079229967,1,0.0178592575,55993.369265211615,1369.0020198074917,,,16,2026-09-04T02:49:39+00:00,0.2.0,cup
syclnn,256,auto,True,Clang 22.1.0 /opt/sycl/bin/clang++,NVIDIA GeForce GTX 1080 Ti,gpu,CUDA 13.0,float,4.949002666666667,7.070960777777778,0.2801653333333334,3.5221312222222223,138.60349088888887,51.963980666666664,54.73761011111111,5.648002777777778,0.006727444444444444,0.0,10.42490988888889,0.015627444444444444,224.84808344444446,3,521.1804825251717,527.979844773435,189165a3ebfc25a50f6c29f2ff77fabb0e5ef554,v0.2.0-4-gb5c4569,246.99009343990332,109.93,30.5,a025193bac5c,e00a882d8faf,57.89303578299346,0.0018299889925401658,784-512-256-10,True,0.27715051665048424,train,60000,"{""bias_gemv"": false, ""profile"": true}",44.541024,2115,63.638647,6429960,571680000,2.521488,31.699181,1247.431418,,9,467.675826,492.638491,42342,50.832025,0.060547,0.0,0,93.824189,0.140647,2023.632751,216488.86217183666,1,0.1695696095,353836.9886969634,847.9147101730268,,,16,2026-09-04T02:49:43+00:00,0.2.0,mnist-512-256
syclnn,40,auto,True,Clang 22.1.0 /opt/sycl/bin/clang++,NVIDIA GeForce GTX 1080 Ti,gpu,CUDA 13.0,float,0.059244733333333334,0.22096373333333333,0.018229266666666667,0.0302084,0.9360125333333333,0.3941406666666667,0.006065066666666666,0.040364399999999995,0.0553384,0.04960933333333333,0.06184853333333333,0.0079052,2.798234733333333,5,0.012692308997371749,0.015685569314537448,189165a3ebfc25a50f6c29f2ff77fabb0e5ef554,v0.2.0-4-gb5c4569,,81.44,1.0,a025193bac5c,014642722816,1.2191103789126854,0.00017833319725468755,17-4-1,True,0.002891830005683005,train,124,"{""direct_input"": false, ""profile"": true}",0.888671,60,3.314456,1164,26784,0.273439,0.453126,14.040188,,15,5.91211,0.090976,933,0.605466,0.830076,0.74414,0,0.927728,0.118578,41.973521,42879.42228841807,1,0.0026374375,47015.33211687481,1383.2071705941312,,,16,2026-09-04T02:49:43+00:00,0.2.0,monk
syclnn,40,auto,True,Clang 22.1.0 /opt/sycl/bin/clang++,NVIDIA GeForce GTX 1080 Ti,gpu,CUDA 13.0,float,0.48698080000000005,1.9803394666666667,0.02630206666666667,0.34544173333333333,6.995076466666666,2.9562521333333334,0.0092654,0.2669272,0.2803384,0.06875,0.5744792666666666,0.009458333333333334,22.125377133333334,5,1.2674860483704715,1.3820923129038585,189165a3ebfc25a50f6c29f2ff77fabb0e5ef554,v0.2.0-4-gb5c4569,16.848448861225624,83.31,12.0,a025193bac5c,6662fc70bcfc,6.563354603463993,0.0010063386987894732,12-64-64-3,True,0.02272214359836653,train,1000,"{""direct_input"": false, ""profile"": true}",7.304712,375,29.705092,62484,180000,0.394531,5.181626,104.926147,,15,44.343782,0.138981,7989,4.003908,4.205076,1.03125,0,8.617189,0.141875,331.880657,44009.93223508582,1,0.0208635775,47930.41845292352,1100.2483058771454,,,16,2026-09-04T02:49:44+00:00,0.2.0,cup
syclnn,256,auto,True,Clang 22.1.0 /opt/sycl/bin/clang++,NVIDIA GeForce GTX 1080 Ti,gpu,CUDA 13.0,float,5.177300888888889,15.699658,0.2513021111111111,3.675564777777778,154.0986318888889,52.790366,56.67740188888889,5.698566777777778,3.2133276666666664,0.0,10.915143777777779,0.015518,253.09415955555556,3,484.6434068568234,490.96610349443756,189165a3ebfc25a50f6c29f2ff77fabb0e5ef554,v0.2.0-4-gb5c4569,242.4449061843366,99.2176923076923,30.46153846153846,a025193bac5c,2fd0ab3c3561,57.89303578299346,0.008539777831174433,784-512-256-10,True,0.29804478500348824,train,60000,"{""direct_input"": false, ""profile"": true}",46.595708,2115,141.296922,6429960,571680000,2.261719,33.080083,1386.887687,,9,475.113294,510.096617,44457,51.287101,28.919949,0.0,0,98.236294,0.139662,2277.847436,201312.02765147452,1,0.19471796000000002,308137.9858334588,788.4721083016085,,,16,2026-09-04T02:49:48+00:00,0.2.0,mnist-512-256
syclnn,40,auto,True,Clang 22.1.0 /opt/sycl/bin/clang++,NVIDIA GeForce GTX 1080 Ti,gpu,CUDA 13.0,float,0.06953113333333333,0.24140673333333332,0.0240888,0.03671853333333333,1.0515576,0.48619846666666666,0.005983266666666666,0.047135666666666666,0.0053385333333333335,0.06184886666666667,0.0733076,0.016990933333333333,3.2535522666666665,5,0.010964812022813795,0.013550672225229777,189165a3ebfc25a50f6c29f2ff77fabb0e5ef554,v0.2.0-4-gb5c4569,,81.53,1.0,a025193bac5c,22af020920da,1.2191103789126854,0.0006928584945853802,17-4-1,True,0.0033474354073405265,train,124,"{""fine_deps"": false, ""profile"": true}",1.042967,60,3.621101,1164,26784,0.361332,0.550778,15.773364,,15,7.292977,0.089749,873,0.707035,0.080078,0.927733,0,1.099614,0.254864,48.803284,37043.28386085742,1,0.003282811,37772.50655002679,1194.94464067282,,,16,2026-09-04T02:49:49+00:00,0.2.0,monk
syclnn,40,auto,True,Clang 22.1.0 /opt/sycl/bin/clang++,NVIDIA GeForce GTX 1080 Ti,gpu,CUDA 13.0,float,0.4738272,1.9519541999999999,0.023697799999999998,0.355078,6.690360733333334,2.9757791333333334,0.008593133333333334,0.29140653333333333,0.005078,0.07421886666666667,0.5307278666666667,0.01928673333333333,20.957609733333335,5,1.3522942901300223,1.4745689276622302,189165a3ebfc25a50f6c29f2ff77fabb0e5ef554,v0.2.0-4-gb5c4569,16.549770430507486,81.85,11.0,a025193bac5c,a0a8561c74b0,6.563354603463993,0.0008136568008922027,12-64-64-3,True,0.021297139395028353,train,1000,"{""fine_deps"": false, ""profile"": true}",7.107408,375,29.279313,62484,180000,0.355467,5.32617,100.355411,,15,44.636687,0.128897,7614,4.371098,0.07617,1.113283,0,7.960918,0.289301,314.364146,46954.66285173689,1,0.019978211,50054.53190978912,1173.866571293422,,,16,2026-09-04T02:49:49+00:00,0.2.0,cup
syclnn,256,auto,True,Clang 22.1.0 /opt/sycl/bin/clang++,NVIDIA GeForce GTX 1080 Ti,gpu,CUDA 13.0,float,4.9550862222222225,15.509118888888887,0.277561,3.592234111111111,148.74947477777778,53.43359588888889,54.425890777777774,5.601779111111111,0.005425333333333334,0.0,10.948783444444445,0.017787666666666667,241.77024855555555,3,488.39936333928097,494.7710604854891,189165a3ebfc25a50f6c29f2ff77fabb0e5ef554,v0.2.0-4-gb5c4569,254.17245927903713,103.1676923076923,34.76923076923077,a025193bac5c,03b8c8a75f78,57.89303578299346,0.0042529533287355425,784-512-256-10,True,0.29575271968496963,train,60000,"{""fine_deps"": false, ""profile"": true}",44.595776,2115,139.58207,6429960,571680000,2.498049,32.330107,1338.745273,,9,480.902363,489.833017,42342,50.416012,0.048828,0.0,0,98.539051,0.160089,2175.932237,202872.18343726778,1,0.1882451275,318733.3494196284,794.5827184626322,,,16,2026-09-04T02:49:54+00:00,0.2.0,mnist-512-256
syclnn,40,auto,True,Clang 22.1.0 /opt/sycl/bin/clang++,NVIDIA GeForce GTX 1080 Ti,gpu,CUDA 13.0,float,0.05299486666666667,0.21132866666666666,0.0184898,0.030859,0.9095036000000001,0.3861985333333333,0.0059876,0.043749666666666666,0.05494793333333334,0.04804686666666667,0.05690066666666667,0.007157466666666667,2.7692213333333333,5,0.013481825410651297,0.016661279441672377,189165a3ebfc25a50f6c29f2ff77fabb0e5ef554,v0.2.0-4-gb5c4569,,81.44,2.0,a025193bac5c,6094760b9f3c,1.2191103789126854,0.0001932750979904089,17-4-1,True,0.002722479996737093,train,124,"{""fine_deps"": false, ""join_kernels"": true, ""profile"": true}",0.794923,60,3.16993,1164,26784,0.277347,0.462885,13.642554,,15,5.792978,0.089814,993,0.656245,0.824219,0.720703,0,0.85351,0.107362,41.53832,45546.70746841654,1,0.0025980674999999996,47727.7822843325,1469.248628013437,,,16,2026-09-04T02:49:54+00:00,0.2.0,monk
syclnn,40,auto,True,Clang 22.1.0 /opt/sycl/bin/clang++,NVIDIA GeForce GTX 1080 Ti,gpu,CUDA 13.0,float,0.46106726666666664,1.8954425333333333,0.023307333333333333,0.3464852666666667,6.7428092,2.9144550666666666,0.009603066666666667,0.27018206666666666,0.2805992666666667,0.06601553333333333,0.47565179999999996,0.0101776,21.348534466666667,5,1.3476631353785338,1.4695190232548963,189165a3ebfc25a50f6c29f2ff77fabb0e5ef554,v0.2.0-4-gb5c4569,16.67301725910947,82.475,13.0,a025193bac5c,793d936bc04d,6.563354603463993,0.0009186713024973842,12-64-64-3,True,0.021370325598400085,train,1000,"{""fine_deps"": false, ""join_kernels"": true, ""profile"": true}",6.916009,375,28.431638,62484,180000,0.34961,5.197279,101.142138,,15,43.716826,0.144046,8364,4.052731,4.208989,0.990233,0,7.134777,0.152664,320.228017,46793.8588673102,1,0.020393880500000003,49034.31693639667,1169.846471682755,,,16,2026-09-04T02:49:55+00:00,0.2.0,cup
syclnn,256,auto,True,Clang 22.1.0 /opt/sycl/bin/clang++,NVIDIA GeForce GTX 1080 Ti,gpu,CUDA 13.0,float,5.111544111111112,15.727869333333334,0.25303811111111113,3.677082888888889,154.2569397777778,54.88672211111111,55.276036000000005,5.9309897777777785,2.683590555555556,0.0,10.710066888888889,0.016440666666666666,256.47300277777777,3,466.667777109188,472.75596224379535,189165a3ebfc25a50f6c29f2ff77fabb0e5ef554,v0.2.0-4-gb5c4569,255.77436251711077,94.80357142857143,31.357142857142858,a025193bac5c,5b4757f5ce17,57.89303578299346,0.001910771660429078,784-512-256-10,True,0.30952520633582026,train,60000,"{""fine_deps"": false, ""join_kernels"": true, ""profile"": true}",46.003897,2115,141.550824,6429960,571680000,2.277343,33.093746,1388.312458,,9,493.980499,497.484324,46572,53.378908,24.152315,0.0,0,96.390602,0.147966,2308.257025,193845.27906558546,1,0.202398241,296445.26406729,759.2273430068764,,,16,2026-09-04T02:49:59+00:00,0.2.0,mnist-512-256
syclnn,40,auto,True,Clang 22.1.0 /opt/sycl/bin/clang++,NVIDIA GeForce GTX 1080 Ti,gpu,CUDA 13.0,float,0.0536462,0.20312533333333332,0.021093733333333333,0.031770733333333336,0.8628382,0.3872394,0.007889866666666667,0.04062493333333333,0.0049478000000000005,0.04895853333333333,0.06354166666666666,0.007172466666666667,2.5535154,5,0.014675337686751382,0.018136260829093358,189165a3ebfc25a50f6c29f2ff77fabb0e5ef554,v0.2.0-4-gb5c4569,,81.25,1.0,a025193bac5c,5418e3eb8abd,1.2191103789126854,0.00011967960163019632,17-4-1,True,0.002501066809054464,train,124,"{""profile"": true, ""queue"": ""in_order""}",0.804693,60,3.04688,1164,26784,0.316406,0.476561,12.942573,,15,5.808591,0.118348,873,0.609374,0.074217,0.734378,0,0.953125,0.107587,38.302731,49578.84353632224,1,0.0024481155,50651.20497786971,1599.3175334297496,,,16,2026-09-04T02:50:00+00:00,0.2.0,monk
syclnn,40,auto,True,Clang 22.1.0 /opt/sycl/bin/clang++,NVIDIA GeForce GTX 1080 Ti,gpu,CUDA 13.0,float,0.4713532666666667,1.9377615333333333,0.020833333333333332,0.3348969333333333,6.5881338,2.9401048,0.008964933333333334,0.26953106666666665,0.004687666666666667,0.06302046666666666,0.5369798,0.009250133333333332,20.646448866666667,5,1.3916084174720327,1.5174378438588005,189165a3ebfc25a50f6c29f2ff77fabb0e5ef554,v0.2.0-4-gb5c4569,16.600950699369424,82.12,9.5,a025193bac5c,5093149e5318,6.563354603463993,0.0003981884976383271,12-64-64-3,True,0.020695477002300323,train,1000,"{""profile"": true, ""queue"": ""in_order""}",7.070299,375,29.066423,62484,180000,0.3125,5.023454,98.822007,,15,44.101572,0.134474,7614,4.042966,0.070315,0.945307,0,8.054697,0.138752,309.696733,48319.73671777891,1,0.0199747905,50063.103290119616,1207.9934179444729,,,16,2026-09-04T02:50:00+00:00,0.2.0,cup
syclnn,256,auto,True,Clang 22.1.0 /opt/sycl/bin/clang++,NVIDIA GeForce GTX 1080 Ti,gpu,CUDA 13.0,float,5.021264222222222,16.057291222222222,0.24566,3.6011293333333336,149.20995722222222,52.76605622222222,54.85361677777777,5.682727666666667,0.005642555555555556,0.0,10.976569222222222,0.017217222222222224,246.558503,3,487.164242473695,493.51982613433125,189165a3ebfc25a50f6c29f2ff77fabb0e5ef554,v0.2.0-4-gb5c4569,248.92419941175177,101.61923076923077,26.23076923076923,a025193bac5c,57fb2279a2f5,57.89303578299346,0.0037772716702116904,784-512-256-10,True,0.29650254966691136,train,60000,"{""profile"": true, ""queue"": ""in_order""}",45.191378,2115,144.515621,6429960,571680000,2.21094,32.410164,1342.889615,,9,474.894506,493.682551,42342,51.144549,0.050783,0.0,0,98.789123,0.154955,2219.026527,202359.13676763835,1,0.19071149650000002,314611.34279338,792.5732856732502,,,16,2026-09-04T02:50:04+00:00,0.2.0,mnist-512-256
syclnn,40,auto,True,Clang 22.1.0 /opt/sycl/bin/clang++,NVIDIA GeForce GTX 1080 Ti,gpu,CUDA 13.0,float,0.05807253333333333,0.21145833333333333,0.015624866666666666,0.03229133333333333,0.9143475999999999,0.42239493333333333,0.0078388,0.05182253333333333,0.005208533333333334,0.04375,0.06588573333333334,0.014043,2.6549205999999996,5,0.013725689183808907,0.01696265424415791,189165a3ebfc25a50f6c29f2ff77fabb0e5ef554,v0.2.0-4-gb5c4569,,83.9,0.0,a025193bac5c,d9807bf21d1d,1.2191103789126854,0.00011123979929834578,17-4-1,True,0.0026741098030470313,train,124,"{""profile"": true, ""specialized_kernels"": false}",0.871088,60,3.171875,1164,26784,0.234373,0.48437,13.715214,,15,6.335924,0.117582,873,0.777338,0.078128,0.65625,0,0.988286,0.210645,39.823809,46370.57156692198,1,0.002624,47256.097560975606,1495.8248892555478,,,16,2026-09-04T02:50:05+00:00,0.2.0,monk
syclnn,40,auto,True,Clang 22.1.0 /opt/sycl/bin/clang++,NVIDIA GeForce GTX 1080 Ti,gpu,CUDA 13.0,float,0.4781264,1.9419275333333335,0.022656266666666664,0.3632808666666667,6.667819933333333,2.9434882,0.008965,0.2695312,0.0049478000000000005,0.06692726666666667,0.5679694000000001,0.011820333333333332,21.107123666666666,5,1.3925993573330646,1.5185183846396975,189165a3ebfc25a50f6c29f2ff77fabb0e5ef554,v0.2.0-4-gb5c4569,16.53348926360195,81.75,8.5,a025193bac5c,e0ca2699c853,6.563354603463993,0.0010039945016615086,12-64-64-3,True,0.0206807506037876,train,1000,"{""profile"": true, ""specialized_kernels"": false}",7.171896,375,29.128913,62484,180000,0.339844,5.449213,100.017299,,15,44.152323,0.134475,7614,4.042968,0.074217,1.003909,0,8.519541,0.177305,316.606855,48354.14435184252,1,0.0205327645,48702.64790695865,1208.853608796063,,,16,2026-09-04T02:50:06+00:00,0.2.0,cup
syclnn,256,auto,True,Clang 22.1.0 /opt/sycl/bin/clang++,NVIDIA GeForce GTX 1080 Ti,gpu,CUDA 13.0,float,5.082893444444444,15.867186666666665,0.2556426666666667,3.938369333333333,150.02693888888888,52.832019555555554,55.44449311111111,5.785589333333333,0.006076111111111111,0.0,10.814668666666668,0.015166,248.7615548888889,3,481.4171218519795,487.6977281174489,189165a3ebfc25a50f6c29f2ff77fabb0e5ef554,v0.2.0-4-gb5c4569,251.38192516884095,102.26846153846154,25.615384615384617,a025193bac5c,c3ebe09f68cc,57.89303578299346,0.003799890837399289,784-512-256-10,True,0.3000421743296708,train,60000,"{""profile"": true, ""specialized_kernels"": false}",45.746041,2115,142.80468,6429960,571680000,2.300784,35.445324,1350.24245,,9,475.488176,499.000438,42342,52.070304,0.054685,0.0,0,97.332018,0.136494,2238.853994,199971.88773227297,1,0.194882536,307877.7669436732,783.2232269514025,,,16,2026-09-04T02:50:10+00:00,0.2.0,mnist-512-256
syclnn,40,auto,True,Clang 22.1.0 /opt/sycl/bin/clang++,NVIDIA GeForce GTX 1080 Ti,gpu,CUDA 13.0,float,0.05572953333333333,0.204948,0.017187266666666666,0.035676933333333334,0.8963706666666666,0.4049478,0.010433466666666667,0.044270533333333334,0.005208333333333333,0.048697866666666666,0.06927093333333333,0.008027333333333334,2.658275466666667,5,0.013660753760734829,0.01688240493098659,189165a3ebfc25a50f6c29f2ff77fabb0e5ef554,v0.2.0-4-gb5c4569,,81.53,1.0,a025193bac5c,c9c9393ff8d4,1.2191103789126854,8.42619978357103e-05,17-4-1,True,0.0026868209941312672,train,124,"{""derivative_from_output"": false, ""profile"": true}",0.835943,60,3.07422,1164,26784,0.257809,0.535154,13.44556,,15,6.074217,0.156502,873,0.664058,0.078125,0.730468,0,1.039064,0.12041,39.874132,46151.195137617666,1,0.0025198085,49210.08878254042,1488.748230245731,,,16,2026-09-04T02:50:10+00:00,0.2.0,monk
syclnn,40,auto,True,Clang 22.1.0 /opt/sycl/bin/clang++,NVIDIA GeForce GTX 1080 Ti,gpu,CUDA 13.0,float,0.47395746666666666,1.9614577333333334,0.024739733333333333,0.35338506666666664,6.7024184,2.9822908666666668,0.008672466666666667,0.27447839999999996,0.004687666666666667,0.0656252,0.5531237999999999,0.009050733333333333,21.492701066666665,5,1.3806182823067952,1.5054539791455148,189165a3ebfc25a50f6c29f2ff77fabb0e5ef554,v0.2.0-4-gb5c4569,16.557181069856163,81.805,10.5,a025193bac5c,891e5b5307c2,6.563354603463993,0.0015627943968866027,12-64-64-3,True,0.020860219199676067,train,1000,"{""derivative_from_output"": false, ""profile"": true}",7.109362,375,29.421866,62484,180000,0.371096,5.300776,100.536276,,15,44.734363,0.130087,7614,4.117176,0.070315,0.984378,0,8.296857,0.135761,322.390516,47938.13480231928,1,0.020588345,48571.169756481155,1198.4533700579818,,,16,2026-09-04T02:50:11+00:00,0.2.0,cup
syclnn,256,auto,True,Clang 22.1.0 /opt/sycl/bin/clang++,NVIDIA GeForce GTX 1080 Ti,gpu,CUDA 13.0,float,4.965713666666667,15.7309,0.25868033333333335,3.5568563333333336,148.90381555555555,52.794268,54.932901,5.776909333333333,0.0060765555555555555,0.0,10.881510333333333,0.014838222222222221,246.03540677777775,3,484.2676153238866,490.58540935511405,189165a3ebfc25a50f6c29f2ff77fabb0e5ef554,v0.2.0-4-gb5c4569,242.70596669158698,99.14076923076922,28.076923076923077,a025193bac5c,25de61d009bb,57.89303578299346,0.0009396936705646786,784-512-256-10,True,0.2982760676726078,train,60000,"{""derivative_from_output"": false, ""profile"": true}",44.691423,2115,141.5781,6429960,571680000,2.328123,32.011707,1340.13434,,9,475.148412,494.396109,42342,51.992184,0.054689,0.0,0,97.933593,0.133544,2214.318661,201155.93070596896,1,0.190281301,315322.62857504847,787.8607285983784,,,16,2026-09-04T02:50:15+00:00,0.2.0,mnist-512-256
syclnn,40,auto,True,Clang 22.1.0 /opt/sycl/bin/clang++,NVIDIA GeForce GTX 1080 Ti,gpu,CUDA 13.0,float,0.052864666666666664,0.19947913333333334,0.015624866666666666,0.034375,0.8813614666666666,0.4020837333333333,0.006882066666666667,0.04661453333333333,0.004687666666666667,0.04635386666666667,0.07239593333333333,0.008396800000000001,2.688699733333333,5,0.014430598791672763,0.01783380452240291,189165a3ebfc25a50f6c29f2ff77fabb0e5ef554,v0.2.0-4-gb5c4569,,81.82,3.0,a025193bac5c,1d82e6823542,1.2191103789126854,0.0002578030980657786,17-4-1,True,0.0025434841983951626,train,124,"{""host_adam_correction"": false, ""profile"": true}",0.79297,60,2.992187,1164,26784,0.234373,0.515625,13.220422,,15,6.031256,0.103231,873,0.699218,0.070315,0.695308,0,1.085939,0.125952,40.330496,48752.02294484041,1,0.0024767384999999998,50065.84263942278,1572.645901446465,,,16,2026-09-04T02:50:16+00:00,0.2.0,monk
syclnn,40,auto,True,Clang 22.1.0 /opt/sycl/bin/clang++,NVIDIA GeForce GTX 1080 Ti,gpu,CUDA 13.0,float,0.47526086666666667,1.8468764,0.024479333333333336,0.3265632666666667,6.474270266666666,2.8489594666666664,0.010724333333333334,0.26354246666666664,0.005989466666666667,0.0682292,0.6036454666666666,0.0095372,20.225635066666666,5,1.4192375199865697,1.5475651736600775,189165a3ebfc25a50f6c29f2ff77fabb0e5ef554,v0.2.0-4-gb5c4569,16.500889717892278,81.62,14.5,a025193bac5c,56bbe994661a,6.563354603463993,0.00014323260402307122,12-64-64-3,True,0.02029258640250191,train,1000,"{""host_adam_correction"": false, ""profile"": true}",7.128913,375,27.703146,62484,180000,0.36719,4.898449,97.114054,,15,42.734392,0.160865,7614,3.953137,0.089842,1.023438,0,9.054682,0.143058,303.384526,49279.080555089226,1,0.0198742465,50316.37300060659,1231.9770138772308,,,16,2026-09-04T02:50:16+00:00,0.2.0,cup
syclnn,256,auto,True,Clang 22.1.0 /opt/sycl/bin/clang++,NVIDIA GeForce GTX 1080 Ti,gpu,CUDA 13.0,float,5.121095777777778,16.079862777777777,0.26736099999999996,3.6905366666666666,149.186618,53.104180444444445,54.28730477777778,5.704858555555556,0.006510444444444445,0.0,10.924907555555556,0.01771388888888889,250.47046699999999,3,473.51509376383245,479.69260953902307,189165a3ebfc25a50f6c29f2ff77fabb0e5ef554,v0.2.0-4-gb5c4569,248.29366378098405,101.43615384615386,32.92307692307692,a025193bac5c,5e7458df153a,57.89303578299346,0.0065718344994820654,784-512-256-10,True,0.3050492833329675,train,60000,"{""host_adam_correction"": false, ""profile"": true}",46.089862,2115,144.718765,6429960,571680000,2.406249,33.21483,1342.679562,,9,477.937624,488.585743,42342,51.343727,0.058594,0.0,0,98.324168,0.159425,2254.234203,196689.52945714278,1,0.197114643,304391.3891267834,770.3673237071425,,,16,2026-09-04T02:50:21+00:00,0.2.0,mnist-512-256
syclnn,40,auto,True,Clang 22.1.0 /opt/sycl/bin/clang++,NVIDIA GeForce GTX 1080 Ti,gpu,CUDA 13.0,float,0.054687266666666665,0.1963546,0.013801933333333332,0.030729,0.8384522666666666,0.3906246666666667,0.008504733333333332,0.025260133333333334,0.0052084666666666665,0.05026033333333334,0.06302113333333333,0.008851466666666667,2.529084666666667,5,0.014574426675224923,0.018011551710663758,189165a3ebfc25a50f6c29f2ff77fabb0e5ef554,v0.2.0-4-gb5c4569,,81.53,1.0,a025193bac5c,6a62cdec5107,1.2191103789126854,5.7405000552535404e-05,17-4-1,True,0.0025183837977238,train,124,"{""profile"": true, ""workgroup_size"": 256}",0.820309,60,2.945319,1164,26784,0.207029,0.460935,12.576784,,15,5.85937,0.127571,873,0.378902,0.078127,0.753905,0,0.945317,0.132772,37.93627,49237.927956840955,1,0.0024695265000000003,50212.05482103553,1588.320256672289,,,16,2026-09-04T02:50:21+00:00,0.2.0,monk
syclnn,40,auto,True,Clang 22.1.0 /opt/sycl/bin/clang++,NVIDIA GeForce GTX 1080 Ti,gpu,CUDA 13.0,float,0.45963593333333336,1.9559901333333334,0.02083326666666667,0.35494913333333333,6.5576061999999995,2.9380203333333332,0.008647133333333333,0.18333326666666666,0.005468666666666667,0.06927093333333333,0.5614574,0.008832,19.804840066666667,5,1.5036613684273457,1.639622638202403,189165a3ebfc25a50f6c29f2ff77fabb0e5ef554,v0.2.0-4-gb5c4569,16.506352680372075,81.48,12.5,a025193bac5c,89b1e4ab4867,6.563354603463993,0.0011344263039063662,12-64-64-3,True,0.019153248600196092,train,1000,"{""profile"": true, ""workgroup_size"": 256}",6.894539,375,29.339852,62484,180000,0.312499,5.324237,98.364093,,15,44.070305,0.129707,7614,2.749999,0.08203,1.039064,0,8.421861,0.13248,297.072601,52210.46418150506,1,0.0187774975,53255.23275931737,1305.2616045376265,,,16,2026-09-04T02:50:22+00:00,0.2.0,cup
syclnn,256,auto,True,Clang 22.1.0 /opt/sycl/bin/clang++,NVIDIA GeForce GTX 1080 Ti,gpu,CUDA 13.0,float,4.945747444444445,15.992615666666666,0.24652799999999997,3.408856777777778,143.01244044444445,52.21787722222222,53.815836222222224,1.6605875555555556,0.006944555555555555,0.0,10.717447,0.014917555555555554,236.87962788888888,3,503.74284028639124,510.3147096597054,189165a3ebfc25a50f6c29f2ff77fabb0e5ef554,v0.2.0-4-gb5c4569,249.46140648804572,100.53384615384616,32.92307692307692,a025193bac5c,853c1d61672b,57.89303578299346,0.0015283025083287494,784-512-256-10,True,0.28674440299316,train,60000,"{""profile"": true, ""workgroup_size"": 256}",44.511727,2115,143.933541,6429960,571680000,2.218752,30.679711,1287.111964,,9,469.960895,484.342526,42342,14.945288,0.062501,0.0,0,96.457023,0.134258,2131.916651,209245.5837801697,1,0.181675418,330259.3199482827,819.5452031389979,,,16,2026-09-04T02:50:26+00:00,0.2.0,mnist-512-256
syclnn,40,auto,True,Clang 22.1.0 /opt/sycl/bin/clang++,NVIDIA GeForce GTX 1080 Ti,gpu,CUDA 13.0,float,0.05859386666666667,0.2106774,0.015104533333333333,0.030208266666666667,0.9021919333333333,0.40494786666666666,0.0066179333333333335,0.05130213333333333,0.007291733333333333,0.0502604,0.06718779999999999,0.008430066666666668,2.780262,5,0.012977108657454437,0.016037534020873292,189165a3ebfc25a50f6c29f2ff77fabb0e5ef554,v0.2.0-4-gb5c4569,,82.64,1.0,a025193bac5c,eb74f7549a62,1.2191103789126854,9.079529554583115e-05,17-4-1,True,0.0028283650055527685,train,124,"{""persistent_workspace"": false, ""profile"": true}",0.878908,60,3.160161,1164,26784,0.226568,0.453124,13.532879,,15,6.074218,0.099269,882,0.769532,0.109376,0.753906,0,1.007817,0.126451,41.70393,43841.58330221094,1,0.0025995775000000002,47700.05895188737,1414.2446226519658,,,16,2026-09-04T02:50:27+00:00,0.2.0,monk
syclnn,40,auto,True,Clang 22.1.0 /opt/sycl/bin/clang++,NVIDIA GeForce GTX 1080 Ti,gpu,CUDA 13.0,float,0.4526034666666667,1.8804695333333332,0.027083533333333333,0.33671866666666667,6.488170800000001,2.8630193333333334,0.008483933333333334,0.25338493333333334,0.008333333333333333,0.06796880000000001,0.5901052666666666,0.0146258,20.3967024,5,1.4179012013876564,1.5461080249478507,189165a3ebfc25a50f6c29f2ff77fabb0e5ef554,v0.2.0-4-gb5c4569,16.582954000669705,82.035,12.0,a025193bac5c,ebaa2bfc315d,6.563354603463993,0.00020831360598094761,12-64-64-3,True,0.020311711402609945,train,1000,"{""persistent_workspace"": false, ""profile"": true}",6.789052,375,28.207043,62484,180000,0.406253,5.05078,97.322562,,15,42.94529,0.127259,7623,3.800774,0.125,1.019532,0,8.851579,0.219387,305.950536,49232.68060373807,1,0.020120486,49700.58874323413,1230.8170150934518,,,16,2026-09-04T02:50:27+00:00,0.2.0,cup
syclnn,256,auto,True,Clang 22.1.0 /opt/sycl/bin/clang++,NVIDIA GeForce GTX 1080 Ti,gpu,CUDA 13.0,float,5.065098,15.892356333333332,0.25434033333333333,3.603299,148.53567677777778,52.960931333333335,54.036554888888894,5.807293888888889,0.01475688888888889,0.0,10.90104611111111,0.019912,246.77905822222223,3,486.11566636730726,492.45757022021604,189165a3ebfc25a50f6c29f2ff77fabb0e5ef554,v0.2.0-4-gb5c4569,246.93272708254372,100.7823076923077,34.0,a025193bac5c,fca8cd338f14,57.89303578299346,0.004890686832368374,784-512-256-10,True,0.2971421206796852,train,60000,"{""persistent_workspace"": false, ""profile"": true}",45.585882,2115,143.031207,6429960,571680000,2.289063,32.429691,1336.821091,,9,476.648382,486.328994,42351,52.265645,0.132812,0.0,0,98.109415,0.179208,2221.011524,201923.57738699423,1,0.195621346,306714.99418064527,790.8673447657275,,,16,2026-09-04T02:50:31+00:00,0.2.0,mnist-512-256
syclnn,40,auto,True,Clang 22.1.0 /opt/sycl/bin/clang++,NVIDIA GeForce GTX 1080 Ti,gpu,CUDA 13.0,float,0.06093766666666667,0.1973954,0.014062400000000001,0.030208733333333335,0.8625007333333333,0.3911466,0.0036459333333333332,0.044791866666666666,0.005729333333333334,0.049479199999999994,0.0651036,0.009117533333333334,2.6228848,5,0.014533974357728477,0.01796155941768101,189165a3ebfc25a50f6c29f2ff77fabb0e5ef554,v0.2.0-4-gb5c4569,,81.72,1.0,a025193bac5c,9371fbfa23ff,1.2191103789126854,0.0001830163062550125,17-4-1,True,0.002525393199175596,train,124,"{""pinned_host"": false, ""profile"": true}",0.914065,60,2.960931,1164,26784,0.210936,0.453131,12.937511,,15,5.867199,0.054689,873,0.671878,0.08594,0.742188,0,0.976554,0.136763,39.343272,49101.26472205567,1,0.002486164,49876.03392213869,1583.9117652276022,,,16,2026-09-04T02:50:32+00:00,0.2.0,monk
syclnn,40,auto,True,Clang 22.1.0 /opt/sycl/bin/clang++,NVIDIA GeForce GTX 1080 Ti,gpu,CUDA 13.0,float,0.4718756,1.9348965999999999,0.026041666666666668,0.3479162,6.5697932,2.8979168,0.008854133333333335,0.2661464666666667,0.006249866666666667,0.06666659999999999,0.5432292666666666,0.009277800000000001,20.690463066666666,5,1.3955561826660643,1.5217425665299773,189165a3ebfc25a50f6c29f2ff77fabb0e5ef554,v0.2.0-4-gb5c4569,16.508283711904078,81.66499999999999,13.0,a025193bac5c,aec8a45c6014,6.563354603463993,0.00024546969798393617,12-64-64-3,True,0.020636933401692658,train,1000,"{""pinned_host"": false, ""profile"": true}",7.078134,375,29.023449,62484,180000,0.390625,5.218743,98.546898,,15,43.468752,0.132812,7614,3.992197,0.093748,0.999999,0,8.148439,0.139167,310.356946,48456.81189812723,1,0.020357601500000003,49121.70031425361,1211.4202974531806,,,16,2026-09-04T02:50:32+00:00,0.2.0,cup
syclnn,256,auto,True,Clang 22.1.0 /opt/sycl/bin/clang++,NVIDIA GeForce GTX 1080 Ti,gpu,CUDA 13.0,float,5.179682666666667,16.420141777777776,0.2526044444444444,3.612842222222222,123.93489222222222,53.85417077777778,27.79513888888889,5.724826222222222,0.009548555555555555,0.0,11.085936666666667,0.014339,225.0393482222222,3,541.4306585643504,548.4942062284114,189165a3ebfc25a50f6c29f2ff77fabb0e5ef554,v0.2.0-4-gb5c4569,241.58295000337554,107.60666666666667,31.916666666666668,a025193bac5c,fb3d8fd50ce3,57.89303578299346,0.003509570165382059,784-512-256-10,True,0.26678474466704455,train,60000,"{""pinned_host"": false, ""profile"": true}",46.617144,2115,147.781276,6429960,571680000,2.27344,32.51558,1115.41403,,9,484.687537,250.15625,42342,51.523436,0.085937,0.0,0,99.77343,0.129051,2025.354134,224900.41578232602,1,0.199228771,301161.3217249631,880.8599618141102,,,16,2026-09-04T02:50:36+00:00,0.2.0,mnist-512-256
syclnn,40,auto,True,Clang 22.1.0 /opt/sycl/bin/clang++,NVIDIA GeForce GTX 1080 Ti,gpu,CUDA 13.0,float,0.051563066666666664,0.05364626666666667,0.0182292,0.02552053333333333,1.0088547333333333,0.36875026666666666,0.015104133333333334,0.0239582,0.1739584,0.21718753333333335,0.06093713333333333,0.05913013333333333,2.4465727333333334,5,0.014811924741608515,0.018305059565152635,189165a3ebfc25a50f6c29f2ff77fabb0e5ef554,v0.2.0-4-gb5c4569,,81.44,0.0,a025193bac5c,e7eb0c59f966,1.2191103789126854,1.8406799063086857e-05,17-4-1,True,0.0024780034087598323,train,124,"{""bias_gemv"": false, ""derivative_from_output"": false, ""direct_input"": false, ""fine_deps"": false, ""host_adam_correction"": false, ""join_kernels"": true, ""loss_reduction"": false, ""memory"": ""shared"", ""persistent_workspace"": false, ""pinned_host"": false, ""profile"": true, ""specialized_kernels"": false}",0.773446,60,0.804694,1224,26784,0.273438,0.382808,15.132821,,15,5.531254,0.226562,1092,0.359373,2.609376,3.257813,0,0.914057,0.886952,36.698591,50040.28628921796,1,0.002286759,54225.215687354896,1614.20278352316,,,16,2026-09-04T02:50:37+00:00,0.2.0,monk
syclnn,40,auto,True,Clang 22.1.0 /opt/sycl/bin/clang++,NVIDIA GeForce GTX 1080 Ti,gpu,CUDA 13.0,float,0.4645846,0.4947937333333333,0.021874933333333336,0.3213542,5.5843756,2.8124984,0.010937533333333332,0.14687406666666666,0.5479164666666667,0.2531250666666667,0.5104166,0.06060253333333333,17.5270928,5,1.6461435429907472,1.7949880707790182,189165a3ebfc25a50f6c29f2ff77fabb0e5ef554,v0.2.0-4-gb5c4569,16.51565912530408,81.66499999999999,17.0,a025193bac5c,bd91dbb1f021,6.563354603463993,0.0005927191057708107,12-64-64-3,True,0.01749543660553172,train,1000,"{""bias_gemv"": false, ""derivative_from_output"": false, ""direct_input"": false, ""fine_deps"": false, ""host_adam_correction"": false, ""join_kernels"": true, ""loss_reduction"": false, ""memory"": ""shared"", ""persistent_workspace"": false, ""pinned_host"": false, ""profile"": true, ""specialized_kernels"": false}",6.968769,375,7.421906,62544,180000,0.328124,4.820313,83.765634,,15,42.187476,0.164063,8778,2.203111,8.218747,3.796876,0,7.656249,0.909038,262.906392,57157.76190940094,1,0.0168942015,59191.90676161877,1428.9440477350236,,,16,2026-09-04T02:50:38+00:00,0.2.0,cup
syclnn,256,auto,True,Clang 22.1.0 /opt/sycl/bin/clang++,NVIDIA GeForce GTX 1080 Ti,gpu,CUDA 13.0,float,4.997392777777778,7.089412777777778,0.2664927777777778,3.5164861111111114,115.95918166666667,52.927946,28.00260422222222,2.4531221111111114,6.0269055555555555,0.0,10.678819333333333,0.023033444444444447,193.33132133333334,3,604.2805464489727,612.164038775811,189165a3ebfc25a50f6c29f2ff77fabb0e5ef554,v0.2.0-4-gb5c4569,197.3918157626165,106.725,40.6,a025193bac5c,e4dbee70a142,57.89303578299346,0.0008109449991025031,784-512-256-10,True,0.23903705133125186,train,60000,"{""bias_gemv"": false, ""derivative_from_output"": false, ""direct_input"": false, ""fine_deps"": false, ""host_adam_correction"": false, ""join_kernels"": true, ""loss_reduction"": false, ""memory"": ""shared"", ""persistent_workspace"": false, ""pinned_host"": false, ""profile"": true, ""specialized_kernels"": false}",44.976535,2115,63.804715,6429996,571680000,2.398435,31.648375,1043.632635,,9,476.351514,252.023438,48714,22.078099,54.24215,0.0,0,96.109374,0.207301,1739.981892,251007.11235286042,1,0.1660648405,361304.65557518177,983.1111900487033,,,16,2026-09-04T02:50:41+00:00,0.2.0,mnist-512-256
